{
  "hamiltonian": {
    "IIII": -0.38516031932237216,
    "IIZZ": 0.1589063683810482,
    "ZZII": 0.1517839391689262,
    "ZIIZ": 0.15141099181828455,
    "IZZI": 0.15141099181828455,
    "ZIII": 0.12531579577949103,
    "IZII": 0.125315795779491,
    "IIZI": -0.10201156859786074,
    "IIIZ": -0.10201156859786073,
    "ZIZI": 0.10040569874063354,
    "IZIZ": 0.10040569874063354,
    "YXXY": 0.051005293077651,
    "YYXX": -0.051005293077651,
    "XXYY": -0.051005293077651,
    "XYYX": 0.051005293077651
  },
  "data": {
    "molecule_id": "D2_singlet_Dooh",
    "qubit_encoding": "JW",
    "basis": "sto-3g",
    "charge": 0,
    "multiplicity": 1,
    "geometry": "H 0.0000000000 0.0000000000 -0.1853750000\nH 0.0000000000 0.0000000000 0.9268750000",
    "n_qubits": 4,
    "alpha": 1.5,
    "energies": {
      "HF": -1.0327581216449375,
      "MP2": -1.0575187489653508,
      "CISD": -1.0764361744027553,
      "CCSD": -1.0764361744614073,
      "FCI": -1.0764361744027555
    },
    "converged": {
      "HF": true,
      "MP2": false,
      "CISD": true,
      "CCSD": true,
      "FCI": true
    },
    "fci_spin_matches_target": true,
    "fci_multiplicity": 1.0,
    "hf_method_fallback": "standard",
    "generation_time_s": 0.027,
    "timestamp": "2026-02-25T23:52:28.391467+00:00"
  }
}