{
  "hamiltonian": {
    "IIIIIIII": 2.401207902765503,
    "IIIIIIZI": -0.9613034902851987,
    "IIIIIIIZ": -0.9613034902851985,
    "IIIIZIII": -0.8889516720949557,
    "IIIIIZII": -0.8889516720949554,
    "IIIZIIII": -0.40726495936679463,
    "IIZIIIII": -0.4072649593667946,
    "ZIIIIIII": -0.2981184963984141,
    "IZIIIIII": -0.2981184963984141,
    "IIIIIIZZ": 0.15335563526746954,
    "IIIIZIIZ": 0.13843723347822373,
    "IIIIIZZI": 0.13843723347822373,
    "ZIIIIIIZ": 0.13778392517845622,
    "IZIIIIZI": 0.13778392517845622,
    "ZZIIIIII": 0.13722907637299064,
    "IZIIZIII": 0.1289552246712381,
    "ZIIIIZII": 0.1289552246712381,
    "IIIIZZII": 0.1287183634300311,
    "IIZIIIIZ": 0.11701111512439208,
    "IIIZIIZI": 0.11701111512439208,
    "IZZIIIII": 0.11418487197034806,
    "ZIIZIIII": 0.11418487197034806,
    "ZIIIIIZI": 0.11344918701312787,
    "IZIIIIIZ": 0.11344918701312787,
    "IIZIIZII": 0.10918586224517254,
    "IIIZZIII": 0.10918586224517254,
    "IZIIIZII": 0.10682901660759181,
    "ZIIIZIII": 0.10682901660759181,
    "IIZZIIII": 0.10665431422162919,
    "IIZIZIII": 0.09776856981379607,
    "IIIZIZII": 0.09776856981379607,
    "IIIZIIIZ": 0.09546086365004072,
    "IIZIIIZI": 0.09546086365004072,
    "IIIIZIZI": 0.08761775632543684,
    "IIIIIZIZ": 0.08761775632543684,
    "IZIZIIII": 0.08325825789307618,
    "ZIZIIIII": 0.08325825789307618,
    "YZZZYIII": 0.08071835516944538,
    "XZZZXIII": 0.08071835516944538,
    "IYZZZYII": 0.08071835516944538,
    "IXZZZXII": 0.08071835516944538,
    "IIIXZZZX": -0.06413152870680072,
    "IIIYZZZY": -0.06413152870680072,
    "IIYZZZYI": -0.06413152870680071,
    "IIXZZZXI": -0.06413152870680071,
    "IIIIXYYX": 0.0508194771527869,
    "IIIIXXYY": -0.0508194771527869,
    "IIIIYYXX": -0.0508194771527869,
    "IIIIYXXY": 0.0508194771527869,
    "XZZZXIIZ": -0.039722206642775884,
    "IXZZZXZI": -0.039722206642775884,
    "IYZZZYZI": -0.039722206642775884,
    "YZZZYIIZ": -0.039722206642775884,
    "IIIYZZIY": 0.03959883902389437,
    "IIIXZZIX": 0.03959883902389437,
    "IIXZZZXZ": 0.03959883902389437,
    "IIYZZZYZ": 0.03959883902389437,
    "IXZXXZXI": -0.035221320594120246,
    "XZXIIYZY": -0.035221320594120246,
    "IYZYXZXI": -0.035221320594120246,
    "IYZYYZYI": -0.035221320594120246,
    "YZYIIYZY": -0.035221320594120246,
    "YZYIIXZX": -0.035221320594120246,
    "IXZXYZYI": -0.035221320594120246,
    "XZXIIXZX": -0.035221320594120246,
    "IIXZZIXI": 0.03283001278810169,
    "IIYZZIYI": 0.03283001278810169,
    "IIIYIZZY": 0.03283001278810169,
    "IIIXIZZX": 0.03283001278810169,
    "ZIIXZZZX": 0.03243535693179712,
    "IZXZZZXI": 0.03243535693179712,
    "IZYZZZYI": 0.03243535693179712,
    "ZIIYZZZY": 0.03243535693179712,
    "IYZZXIXY": -0.03108485607368916,
    "IXZZYIYX": -0.03108485607368916,
    "IXZZXIXX": -0.03108485607368916,
    "YZZZZXXY": 0.03108485607368916,
    "YZZZZYXX": -0.03108485607368916,
    "XZZZZXYY": -0.03108485607368916,
    "XZZZZYYX": 0.03108485607368916,
    "IYZZYIYY": -0.03108485607368916,
    "IYZZIYII": -0.030971890323043316,
    "IXZZIXII": -0.030971890323043316,
    "YZZZYZII": -0.030971890323043316,
    "XZZZXZII": -0.030971890323043316,
    "YYXXIIII": -0.030926614077271878,
    "YXXYIIII": 0.030926614077271878,
    "XYYXIIII": 0.030926614077271878,
    "XXYYIIII": -0.030926614077271878,
    "YIZZYIII": -0.029676222174623883,
    "XIZZXIII": -0.029676222174623883,
    "ZYZZZYII": -0.029676222174623883,
    "ZXZZZXII": -0.029676222174623883,
    "YYIIIIXX": -0.024334738165328343,
    "XYIIIIYX": 0.024334738165328343,
    "YXIIIIXY": 0.024334738165328343,
    "XXIIIIYY": -0.024334738165328343,
    "YXIIXYII": 0.022126208063646305,
    "XYIIYXII": 0.022126208063646305,
    "YYIIXXII": -0.022126208063646305,
    "XXIIYYII": -0.022126208063646305,
    "IIXYIIYX": 0.021550251474351353,
    "IIXXIIYY": -0.021550251474351353,
    "IIYYIIXX": -0.021550251474351353,
    "IIYXIIXY": 0.021550251474351353,
    "IYYIIXXI": 0.020421253727118244,
    "YZZXXZZY": -0.020421253727118244,
    "YZZYXZZX": 0.020421253727118244,
    "XZZXYZZY": 0.020421253727118244,
    "XZZYYZZX": -0.020421253727118244,
    "IXXIIYYI": 0.020421253727118244,
    "IXYIIYXI": -0.020421253727118244,
    "IYXIIXYI": -0.020421253727118244,
    "XZXIXZXI": -0.02019071324578116,
    "IXZXIXZX": -0.02019071324578116,
    "YZYIYZYI": -0.02019071324578116,
    "IYZYIYZY": -0.02019071324578116,
    "IIZXZZZX": 0.019919345517412316,
    "IIZYZZZY": 0.019919345517412316,
    "IIXIZZXI": 0.019919345517412316,
    "IIYIZZYI": 0.019919345517412316,
    "YXXZZZZY": -0.01936328494868568,
    "YYXZZZZX": 0.01936328494868568,
    "YYIYZZYI": 0.01936328494868568,
    "YXIXZZYI": 0.01936328494868568,
    "XXYZZZZY": 0.01936328494868568,
    "XXIXZZXI": 0.01936328494868568,
    "XYYZZZZX": -0.01936328494868568,
    "XYIYZZXI": 0.01936328494868568,
    "YZZIYIII": -0.019124241276508813,
    "XZZIXIII": -0.019124241276508813,
    "IXIZZXII": -0.019124241276508813,
    "IYIZZYII": -0.019124241276508813,
    "IIIXZIZX": 0.017290762558123902,
    "IIIYZIZY": 0.017290762558123902,
    "IIXZIZXI": 0.017290762558123902,
    "IIYZIZYI": 0.017290762558123902,
    "IIXZXYZY": -0.015539250229977786,
    "IIXZXXZX": -0.015539250229977786,
    "IIYZYXZX": -0.015539250229977786,
    "IIYZYYZY": -0.015539250229977786,
    "IIIYXXYI": -0.015539250229977784,
    "IIIXYYXI": -0.015539250229977784,
    "IIIXXYYI": 0.015539250229977784,
    "IIIYYXXI": 0.015539250229977784,
    "IXXIXZZX": 0.01503060734833909,
    "XZZXIXXI": 0.01503060734833909,
    "YZZYIYYI": 0.01503060734833909,
    "YZZXIXYI": 0.01503060734833909,
    "IYXIXZZY": 0.01503060734833909,
    "IYYIYZZY": 0.01503060734833909,
    "IXYIYZZX": 0.01503060734833909,
    "XZZYIYXI": 0.01503060734833909,
    "XZXIYZYI": -0.014800066867002004,
    "YZYIXZXI": -0.014800066867002004,
    "IXZXIYZY": -0.014800066867002004,
    "IYZYIXZX": -0.014800066867002004,
    "IZIYZZZY": 0.013072071983111437,
    "IZIXZZZX": 0.013072071983111437,
    "ZIXZZZXI": 0.013072071983111437,
    "ZIYZZZYI": 0.013072071983111437,
    "IXZIZXII": -0.011938884021882593,
    "XZIZXIII": -0.011938884021882593,
    "YZIZYIII": -0.011938884021882593,
    "IYZIZYII": -0.011938884021882593,
    "IIYXXYII": 0.011417292431376482,
    "IIXYYXII": 0.011417292431376482,
    "IIYYXXII": -0.011417292431376482,
    "IIXXYYII": -0.011417292431376482,
    "XZZZXIZI": -0.00863735056908672,
    "IYZZZYIZ": -0.00863735056908672,
    "IXZZZXIZ": -0.00863735056908672,
    "YZZZYIZI": -0.00863735056908672,
    "XZXXZXII": 0.00718535725462622,
    "XZXYZYII": 0.00718535725462622,
    "YZYXZXII": 0.00718535725462622,
    "YZYYZYII": 0.00718535725462622,
    "IYXXYIII": 0.007185357254626219,
    "IXXYYIII": -0.007185357254626219,
    "IXYYXIII": 0.007185357254626219,
    "IYYXXIII": -0.007185357254626219,
    "XZYIYZXI": -0.0053906463787791545,
    "YZXIXZYI": -0.0053906463787791545,
    "IYZXIXZY": -0.0053906463787791545,
    "IXZYIYZX": -0.0053906463787791545
  },
  "data": {
    "molecule_id": "D2_singlet_Dooh",
    "qubit_encoding": "JW",
    "basis": "3-21g",
    "charge": 0,
    "multiplicity": 1,
    "geometry": "H 0.0000000000 0.0000000000 -0.1853750000\nH 0.0000000000 0.0000000000 0.9268750000",
    "n_qubits": 8,
    "alpha": 1.5,
    "energies": {
      "HF": -1.0695961240329979,
      "MP2": -1.0914137272840014,
      "CISD": -1.1057521501016165,
      "CCSD": -1.1057521134935224,
      "FCI": -1.1057521501016154
    },
    "converged": {
      "HF": true,
      "MP2": false,
      "CISD": true,
      "CCSD": true,
      "FCI": true
    },
    "fci_spin_matches_target": true,
    "fci_multiplicity": 1.0000000000000002,
    "hf_method_fallback": "standard",
    "generation_time_s": 0.059,
    "timestamp": "2026-02-25T23:51:51.267623+00:00"
  }
}