{
  "hamiltonian": {
    "IIIIIIII": 2.251275406786255,
    "IIIIIIIZ": -0.905551279612728,
    "IIIIIIZI": -0.905551279612728,
    "IIIIIZII": -0.8639459931536603,
    "IIIIZIII": -0.8639459931536603,
    "IIZIIIII": -0.31862693992310037,
    "IIIZIIII": -0.3186269399231003,
    "ZIIIIIII": -0.27587543250777163,
    "IZIIIIII": -0.2758754325077716,
    "IIIIZZII": 0.12943374676578293,
    "IIIIIZZI": 0.12379495922477171,
    "IIIIZIIZ": 0.12379495922477171,
    "IIIIIIZZ": 0.1198724922908209,
    "IIIZZIII": 0.11065558191438493,
    "IIZIIZII": 0.11065558191438493,
    "IZIIZIII": 0.10967664696761666,
    "ZIIIIZII": 0.10967664696761666,
    "IIZIIIIZ": 0.1069128077768784,
    "IIIZIIZI": 0.1069128077768784,
    "IZIIIIZI": 0.10465755525484718,
    "ZIIIIIIZ": 0.10465755525484718,
    "IIZZIIII": 0.10412119353070189,
    "ZZIIIIII": 0.10339742859928086,
    "IZZIIIII": 0.10275277762818086,
    "ZIIZIIII": 0.10275277762818086,
    "IZIIIZII": 0.09138543893661745,
    "ZIIIZIII": 0.09138543893661745,
    "IIZIZIII": 0.08886877484528098,
    "IIIZIZII": 0.08886877484528098,
    "ZIIIIIZI": 0.08850041646776584,
    "IZIIIIIZ": 0.08850041646776584,
    "IIZIIIZI": 0.08723672758325857,
    "IIIZIIIZ": 0.08723672758325857,
    "IIIIYXXY": 0.06703810574703643,
    "IIIIYYXX": -0.06703810574703643,
    "IIIIXXYY": -0.06703810574703643,
    "IIIIXYYX": 0.06703810574703643,
    "IXZZZXII": 0.06264375164373087,
    "IYZZZYII": 0.06264375164373087,
    "XZZZXIII": 0.06264375164373086,
    "YZZZYIII": 0.06264375164373086,
    "IIYZZZYI": 0.06106708660470913,
    "IIXZZZXI": 0.06106708660470913,
    "IIIXZZZX": 0.06106708660470912,
    "IIIYZZZY": 0.06106708660470912,
    "IZIZIIII": 0.05769392706067589,
    "ZIZIIIII": 0.05769392706067589,
    "IIIIZIZI": 0.05675685347773527,
    "IIIIIZIZ": 0.05675685347773527,
    "IXZXYZYI": 0.050279088934827736,
    "XZXIIXZX": 0.050279088934827736,
    "XZXIIYZY": 0.050279088934827736,
    "YZYIIXZX": 0.050279088934827736,
    "YZYIIYZY": 0.050279088934827736,
    "IYZYXZXI": 0.050279088934827736,
    "IYZYYZYI": 0.050279088934827736,
    "IXZXXZXI": 0.050279088934827736,
    "XYYXIIII": 0.04505885056750497,
    "XXYYIIII": -0.04505885056750497,
    "YYXXIIII": -0.04505885056750497,
    "YXXYIIII": 0.04505885056750497,
    "IIXZZIXI": -0.033711772237766405,
    "IIIXIZZX": -0.033711772237766405,
    "IIIYIZZY": -0.033711772237766405,
    "IIYZZIYI": -0.033711772237766405,
    "IIIYXXYI": 0.03370237339222003,
    "IIXZXXZX": 0.03370237339222003,
    "IIXZXYZY": 0.03370237339222003,
    "IIYZYXZX": 0.03370237339222003,
    "IIYZYYZY": 0.03370237339222003,
    "IIIYYXXI": -0.03370237339222003,
    "IIIXXYYI": -0.03370237339222003,
    "IIIXYYXI": 0.03370237339222003,
    "IXZXIYZY": 0.03216005212344218,
    "XZXIYZYI": 0.03216005212344218,
    "YZYIXZXI": 0.03216005212344218,
    "IYZYIXZX": 0.03216005212344218,
    "IXZXIXZX": 0.031872961405967515,
    "XZXIXZXI": 0.031872961405967515,
    "YZYIYZYI": 0.031872961405967515,
    "IYZYIYZY": 0.031872961405967515,
    "IIIYZZIY": -0.03114659358973592,
    "IIIXZZIX": -0.03114659358973592,
    "IIXZZZXZ": -0.031146593589735917,
    "IIYZZZYZ": -0.031146593589735917,
    "XZZZXZII": -0.03000301557473759,
    "YZZZYZII": -0.03000301557473759,
    "IXZZIXII": -0.030003015574737585,
    "IYZZIYII": -0.030003015574737585,
    "IXZZZXZI": -0.029014370148478793,
    "YZZZYIIZ": -0.029014370148478793,
    "XZZZXIIZ": -0.029014370148478793,
    "IYZZZYZI": -0.029014370148478793,
    "IXZZYIYX": -0.02615504064941504,
    "IXZZXIXX": -0.02615504064941504,
    "XZZZZXYY": -0.02615504064941504,
    "XZZZZYYX": 0.02615504064941504,
    "YZZZZXXY": 0.02615504064941504,
    "YZZZZYXX": -0.02615504064941504,
    "IYZZYIYY": -0.02615504064941504,
    "IYZZXIXY": -0.02615504064941504,
    "IYYXXIII": -0.02281500395454321,
    "IXYYXIII": 0.02281500395454321,
    "IYXXYIII": 0.02281500395454321,
    "IXXYYIII": -0.02281500395454321,
    "YZYYZYII": 0.02281500395454321,
    "YZYXZXII": 0.02281500395454321,
    "XZXYZYII": 0.02281500395454321,
    "XZXXZXII": 0.02281500395454321,
    "IIXIZZXI": -0.022385182049015177,
    "IIZYZZZY": -0.022385182049015177,
    "IIZXZZZX": -0.022385182049015177,
    "IIYIZZYI": -0.022385182049015177,
    "IIYYXXII": -0.02178680706910396,
    "IIXYYXII": 0.02178680706910396,
    "IIXXYYII": -0.02178680706910396,
    "IIYXXYII": 0.02178680706910396,
    "IZYZZZYI": -0.021185859957304654,
    "ZIIYZZZY": -0.021185859957304654,
    "IZXZZZXI": -0.021185859957304654,
    "ZIIXZZZX": -0.021185859957304654,
    "XZZIXIII": -0.020735858764312134,
    "YZZIYIII": -0.020735858764312134,
    "IXIZZXII": -0.020735858764312134,
    "IYIZZYII": -0.020735858764312134,
    "IIYXIIXY": 0.019676080193619817,
    "IIYYIIXX": -0.019676080193619817,
    "IIXXIIYY": -0.019676080193619817,
    "IIXYIIYX": 0.019676080193619817,
    "YZZXIXYI": -0.01840612752886021,
    "YZZYIYYI": -0.01840612752886021,
    "IXYIYZZX": -0.01840612752886021,
    "XZZXIXXI": -0.01840612752886021,
    "XZZYIYXI": -0.01840612752886021,
    "IXXIXZZX": -0.01840612752886021,
    "IYYIYZZY": -0.01840612752886021,
    "IYXIXZZY": -0.01840612752886021,
    "YXIIXYII": 0.018291208030999206,
    "XYIIYXII": 0.018291208030999206,
    "XXIIYYII": -0.018291208030999206,
    "YYIIXXII": -0.018291208030999206,
    "IXXIIYYI": -0.018119036811385554,
    "IXYIIYXI": 0.018119036811385554,
    "IYYIIXXI": -0.018119036811385554,
    "YZZYXZZX": -0.018119036811385554,
    "YZZXXZZY": 0.018119036811385554,
    "IYXIIXYI": 0.018119036811385554,
    "XZZXYZZY": -0.018119036811385554,
    "XZZYYZZX": 0.018119036811385554,
    "YIZZYIII": -0.01788968856900483,
    "ZYZZZYII": -0.01788968856900483,
    "ZXZZZXII": -0.01788968856900483,
    "XIZZXIII": -0.01788968856900483,
    "XXYZZZZY": -0.016185860586968238,
    "XYYZZZZX": 0.016185860586968238,
    "YYIYZZYI": -0.016185860586968238,
    "YYXZZZZX": -0.016185860586968238,
    "XYIYZZXI": -0.016185860586968238,
    "XXIXZZXI": -0.016185860586968238,
    "YXIXZZYI": -0.016185860586968238,
    "YXXZZZZY": 0.016185860586968238,
    "XYIIIIYX": 0.01615713878708135,
    "XXIIIIYY": -0.01615713878708135,
    "YYIIIIXX": -0.01615713878708135,
    "YXIIIIXY": 0.01615713878708135,
    "IZIXZZZX": -0.0049999993703364175,
    "ZIXZZZXI": -0.0049999993703364175,
    "ZIYZZZYI": -0.0049999993703364175,
    "IZIYZZZY": -0.0049999993703364175,
    "IYZZZYIZ": -0.002859329499063752,
    "XZZZXIZI": -0.002859329499063752,
    "YZZZYIZI": -0.002859329499063752,
    "IXZZZXIZ": -0.002859329499063752,
    "XZIZXIII": 0.0020791451902310715,
    "IYZIZYII": 0.0020791451902310715,
    "IXZIZXII": 0.0020791451902310715,
    "YZIZYIII": 0.0020791451902310715,
    "YZXIXZYI": -0.0002870907174746546,
    "XZYIYZXI": -0.0002870907174746546,
    "IYZXIXZY": -0.0002870907174746546,
    "IXZYIYZX": -0.0002870907174746546,
    "IIIXZIZX": -9.39884554637671e-06,
    "IIXZIZXI": -9.39884554637671e-06,
    "IIYZIZYI": -9.39884554637671e-06,
    "IIIYZIZY": -9.39884554637671e-06
  },
  "data": {
    "molecule_id": "D2_singlet_Dooh",
    "qubit_encoding": "JW",
    "basis": "3-21g",
    "charge": 0,
    "multiplicity": 1,
    "geometry": "H 0.0000000000 0.0000000000 -0.7415000000\nH 0.0000000000 0.0000000000 1.4830000000",
    "n_qubits": 8,
    "alpha": 3.0,
    "energies": {
      "HF": -0.87727940737738,
      "MP2": -0.9367628543174816,
      "CISD": -1.0019410423456803,
      "CCSD": -1.001941041978752,
      "FCI": -1.0019410423456798
    },
    "converged": {
      "HF": true,
      "MP2": false,
      "CISD": true,
      "CCSD": true,
      "FCI": true
    },
    "fci_spin_matches_target": true,
    "fci_multiplicity": 1.0,
    "hf_method_fallback": "standard",
    "generation_time_s": 0.071,
    "timestamp": "2026-02-25T23:51:51.465763+00:00"
  }
}