{
  "hamiltonian": {
    "IIII": -0.5270438687826791,
    "IIZZ": 0.13673802448143457,
    "ZIIZ": 0.132305801874536,
    "IZZI": 0.132305801874536,
    "ZZII": 0.12988305541636586,
    "ZIII": 0.07352201026032162,
    "IZII": 0.07352201026032158,
    "ZIZI": 0.06952842813066869,
    "IZIZ": 0.06952842813066869,
    "YXXY": 0.06277737374386728,
    "YYXX": -0.06277737374386728,
    "XXYY": -0.06277737374386728,
    "XYYX": 0.06277737374386728,
    "IIZI": -0.002413298710477574,
    "IIIZ": -0.00241329871047756
  },
  "data": {
    "molecule_id": "D2_singlet_Dooh",
    "qubit_encoding": "JW",
    "basis": "sto-3g",
    "charge": 0,
    "multiplicity": 1,
    "geometry": "H 0.0000000000 0.0000000000 -0.5561250000\nH 0.0000000000 0.0000000000 1.2976250000",
    "n_qubits": 4,
    "alpha": 2.5,
    "energies": {
      "HF": -0.8159618668368864,
      "MP2": -0.8899772466057807,
      "CISD": -0.957554471566883,
      "CCSD": -0.9575544730824197,
      "FCI": -0.9575544715668827
    },
    "converged": {
      "HF": true,
      "MP2": false,
      "CISD": true,
      "CCSD": true,
      "FCI": true
    },
    "fci_spin_matches_target": true,
    "fci_multiplicity": 1.0,
    "hf_method_fallback": "standard",
    "generation_time_s": 0.027,
    "timestamp": "2026-02-25T23:52:28.446520+00:00"
  }
}