{
  "hamiltonian": {
    "IIIIIIII": 2.5798394452578783,
    "IIIIIIIZ": -1.1216936839315998,
    "IIIIIIZI": -1.1216936839315998,
    "IIIIIZII": -0.7889229557620516,
    "IIIIZIII": -0.7889229557620516,
    "IIZIIIII": -0.44060425061133546,
    "IIIZIIII": -0.4406042506113354,
    "ZIIIIIII": -0.2988662894672392,
    "IZIIIIII": -0.29886628946723914,
    "IIIIIIZZ": 0.18695152012437335,
    "ZIIIIIIZ": 0.16676198420608623,
    "IZIIIIZI": 0.16676198420608623,
    "ZZIIIIII": 0.1630585461694572,
    "IIIIIZZI": 0.14651512029256367,
    "IIIIZIIZ": 0.14651512029256367,
    "IZIIZIII": 0.14014995310919887,
    "ZIIIIZII": 0.14014995310919887,
    "ZIIIIIZI": 0.1339918285506726,
    "IZIIIIIZ": 0.1339918285506726,
    "IIIIZZII": 0.12674451429672862,
    "IIIZIIZI": 0.1169428946483497,
    "IIZIIIIZ": 0.1169428946483497,
    "IZZIIIII": 0.11389394809929371,
    "ZIIZIIII": 0.11389394809929371,
    "IZIIIZII": 0.11160628705535652,
    "ZIIIZIII": 0.11160628705535652,
    "IIIIZIZI": 0.11113215891062588,
    "IIIIIZIZ": 0.11113215891062588,
    "IIZZIIII": 0.10254684133585275,
    "IIZIIZII": 0.10229424598826357,
    "IIIZZIII": 0.10229424598826357,
    "IIIZIIIZ": 0.09899855533682321,
    "IIZIIIZI": 0.09899855533682321,
    "YZZZYIII": 0.09380110115502455,
    "XZZZXIII": 0.09380110115502455,
    "IYZZZYII": 0.09380110115502453,
    "IXZZZXII": 0.09380110115502453,
    "IIZIZIII": 0.09345007304854908,
    "IIIZIZII": 0.09345007304854908,
    "ZIZIIIII": 0.09160856471582224,
    "IZIZIIII": 0.09160856471582224,
    "IIIXZZZX": -0.05797105089604216,
    "IIIYZZZY": -0.05797105089604216,
    "IIXZZZXI": -0.05797105089604214,
    "IIYZZZYI": -0.05797105089604214,
    "XZZZXIIZ": -0.05082161055901223,
    "IXZZZXZI": -0.05082161055901223,
    "IYZZZYZI": -0.05082161055901223,
    "YZZZYIIZ": -0.05082161055901223,
    "IIIYZZIY": 0.042628816348868344,
    "IIIXZZIX": 0.042628816348868344,
    "IIYZZZYZ": 0.04262881634886834,
    "IIXZZZXZ": 0.04262881634886834,
    "ZXZZZXII": -0.04160610562788585,
    "YIZZYIII": -0.04160610562788585,
    "ZYZZZYII": -0.04160610562788585,
    "XIZZXIII": -0.04160610562788585,
    "IZXZZZXI": 0.03586196789167222,
    "IZYZZZYI": 0.03586196789167222,
    "ZIIXZZZX": 0.03586196789167222,
    "ZIIYZZZY": 0.03586196789167222,
    "IIIIYYXX": -0.035382961381937784,
    "IIIIXXYY": -0.035382961381937784,
    "IIIIXYYX": 0.035382961381937784,
    "IIIIYXXY": 0.035382961381937784,
    "YZZZYZII": -0.03317370276940222,
    "IXZZIXII": -0.03317370276940222,
    "IYZZIYII": -0.03317370276940222,
    "XZZZXZII": -0.03317370276940222,
    "XYIIIIYX": 0.03277015565541361,
    "YXIIIIXY": 0.03277015565541361,
    "XXIIIIYY": -0.03277015565541361,
    "YYIIIIXX": -0.03277015565541361,
    "IYZZYIYY": -0.031418152181647646,
    "IXZZYIYX": -0.031418152181647646,
    "IXZZXIXX": -0.031418152181647646,
    "YZZZZXXY": 0.031418152181647646,
    "YZZZZYXX": -0.031418152181647646,
    "XZZZZXYY": -0.031418152181647646,
    "XZZZZYYX": 0.031418152181647646,
    "IYZZXIXY": -0.031418152181647646,
    "YXIIXYII": 0.028543666053842346,
    "YYIIXXII": -0.028543666053842346,
    "XXIIYYII": -0.028543666053842346,
    "XYIIYXII": 0.028543666053842346,
    "IIXZZIXI": 0.027077529510456763,
    "IIYZZIYI": 0.027077529510456763,
    "IIIYIZZY": 0.027077529510456763,
    "IIIXIZZX": 0.027077529510456763,
    "IIXZIZXI": 0.025235956016349446,
    "IIYZIZYI": 0.025235956016349446,
    "IIIXZIZX": 0.025235956016349446,
    "IIIYZIZY": 0.025235956016349446,
    "IXZXYZYI": -0.023353067999789236,
    "IYZYXZXI": -0.023353067999789236,
    "IYZYYZYI": -0.023353067999789236,
    "IXZXXZXI": -0.023353067999789236,
    "XZXIIXZX": -0.023353067999789236,
    "XZXIIYZY": -0.023353067999789236,
    "YZYIIXZX": -0.023353067999789236,
    "YZYIIYZY": -0.023353067999789236,
    "XYYXIIII": 0.022285383383471483,
    "YYXXIIII": -0.022285383383471483,
    "YXXYIIII": 0.022285383383471483,
    "XXYYIIII": -0.022285383383471483,
    "YXXZZZZY": -0.020025481286111747,
    "YXIXZZYI": 0.020025481286111747,
    "YYIYZZYI": 0.020025481286111747,
    "XYYZZZZX": -0.020025481286111747,
    "XYIYZZXI": 0.020025481286111747,
    "XXIXZZXI": 0.020025481286111747,
    "YYXZZZZX": 0.020025481286111747,
    "XXYZZZZY": 0.020025481286111747,
    "YZZXXZZY": -0.01940428110032044,
    "YZZYXZZX": 0.01940428110032044,
    "XZZXYZZY": 0.01940428110032044,
    "IXYIIYXI": -0.01940428110032044,
    "IYYIIXXI": 0.01940428110032044,
    "IYXIIXYI": -0.01940428110032044,
    "XZZYYZZX": -0.01940428110032044,
    "IXXIIYYI": 0.01940428110032044,
    "IYZZZYIZ": -0.01940345837736459,
    "IXZZZXIZ": -0.01940345837736459,
    "YZZZYIZI": -0.01940345837736459,
    "XZZZXIZI": -0.01940345837736459,
    "YZIZYIII": -0.018084122660649574,
    "XZIZXIII": -0.018084122660649574,
    "IXZIZXII": -0.018084122660649574,
    "IYZIZYII": -0.018084122660649574,
    "IIXYIIYX": 0.017944339311526475,
    "IIXXIIYY": -0.017944339311526475,
    "IIYYIIXX": -0.017944339311526475,
    "IIYXIIXY": 0.017944339311526475,
    "YZYIYZYI": -0.016595781206115674,
    "XZXIXZXI": -0.016595781206115674,
    "IXZXIXZX": -0.016595781206115674,
    "IYZYIYZY": -0.016595781206115674,
    "IZIYZZZY": 0.01583648660556047,
    "ZIYZZZYI": 0.01583648660556047,
    "IZIXZZZX": 0.01583648660556047,
    "ZIXZZZXI": 0.01583648660556047,
    "IIYIZZYI": 0.0147271662442432,
    "IIXIZZXI": 0.0147271662442432,
    "IIZYZZZY": 0.0147271662442432,
    "IIZXZZZX": 0.0147271662442432,
    "IYIZZYII": -0.01392435519152953,
    "IXIZZXII": -0.01392435519152953,
    "XZZIXIII": -0.01392435519152953,
    "YZZIYIII": -0.01392435519152953,
    "IXZYIYZX": -0.012646994306646873,
    "XZYIYZXI": -0.012646994306646873,
    "IYZXIXZY": -0.012646994306646873,
    "YZXIXZYI": -0.012646994306646873,
    "IIXXYYII": -0.0088441729397145,
    "IIYYXXII": -0.0088441729397145,
    "IIYXXYII": 0.0088441729397145,
    "IIXYYXII": 0.0088441729397145,
    "IXXIXZZX": 0.0067572867936735665,
    "IXYIYZZX": 0.0067572867936735665,
    "YZZXIXYI": 0.0067572867936735665,
    "YZZYIYYI": 0.0067572867936735665,
    "XZZXIXXI": 0.0067572867936735665,
    "XZZYIYXI": 0.0067572867936735665,
    "IYYIYZZY": 0.0067572867936735665,
    "IYXIXZZY": 0.0067572867936735665,
    "IXXYYIII": 0.004159767469120045,
    "YZYYZYII": -0.004159767469120045,
    "YZYXZXII": -0.004159767469120045,
    "XZXYZYII": -0.004159767469120045,
    "XZXXZXII": -0.004159767469120045,
    "IYXXYIII": -0.004159767469120045,
    "IYYXXIII": 0.004159767469120045,
    "IXYYXIII": -0.004159767469120045,
    "IYZYIXZX": -0.003948786899468797,
    "IXZXIYZY": -0.003948786899468797,
    "XZXIYZYI": -0.003948786899468797,
    "YZYIXZXI": -0.003948786899468797,
    "IIIXYYXI": -0.0018415734941073171,
    "IIIXXYYI": 0.0018415734941073171,
    "IIIYYXXI": 0.0018415734941073171,
    "IIIYXXYI": -0.0018415734941073171,
    "IIYZYYZY": -0.0018415734941073171,
    "IIYZYXZX": -0.0018415734941073171,
    "IIXZXXZX": -0.0018415734941073171,
    "IIXZXYZY": -0.0018415734941073171
  },
  "data": {
    "molecule_id": "D2_singlet_Dooh",
    "qubit_encoding": "JW",
    "basis": "3-21g",
    "charge": 0,
    "multiplicity": 1,
    "geometry": "H 0.0000000000 0.0000000000 0.0000000000\nH 0.0000000000 0.0000000000 0.7415000000",
    "n_qubits": 8,
    "alpha": 1.0,
    "energies": {
      "HF": -1.1229273695137156,
      "MP2": -1.1402545064400689,
      "CISD": -1.1478314426079577,
      "CCSD": -1.147831618160456,
      "FCI": -1.1478314426079568
    },
    "converged": {
      "HF": true,
      "MP2": false,
      "CISD": true,
      "CCSD": true,
      "FCI": true
    },
    "fci_spin_matches_target": true,
    "fci_multiplicity": 1.0,
    "hf_method_fallback": "standard",
    "generation_time_s": 0.07,
    "timestamp": "2026-02-25T23:51:51.125152+00:00"
  }
}