{
  "hamiltonian": {
    "IIIIIIII": 2.8107033981290925,
    "IIIIIIZI": -1.235474474069994,
    "IIIIIIIZ": -1.2354744740699939,
    "IIIIIZII": -0.750361574332696,
    "IIIIZIII": -0.750361574332696,
    "IIZIIIII": -0.45244320128040105,
    "IIIZIIII": -0.452443201280401,
    "IZIIIIII": -0.294928042273984,
    "ZIIIIIII": -0.29492804227398395,
    "IIIIIIZZ": 0.20281811331290844,
    "IZIIIIZI": 0.1818309135255074,
    "ZIIIIIIZ": 0.1818309135255074,
    "ZZIIIIII": 0.1776120822692558,
    "IIIIIZZI": 0.14940295276042836,
    "IIIIZIIZ": 0.14940295276042836,
    "ZIIIIIZI": 0.14533130430027846,
    "IZIIIIIZ": 0.14533130430027846,
    "IZIIZIII": 0.14490171037999602,
    "ZIIIIZII": 0.14490171037999602,
    "IIIIZZII": 0.12596735980935095,
    "IIIIIZIZ": 0.12119629442358754,
    "IIIIZIZI": 0.12119629442358754,
    "IIZIIIIZ": 0.11576333297145464,
    "IIIZIIZI": 0.11576333297145464,
    "ZIIIZIII": 0.11401824283463564,
    "IZIIIZII": 0.11401824283463564,
    "IZZIIIII": 0.11287846624286005,
    "ZIIZIIII": 0.11287846624286005,
    "IIZZIIII": 0.10093245204714228,
    "IIIZIIIZ": 0.10026590559969387,
    "IIZIIIZI": 0.10026590559969387,
    "IIIZZIII": 0.1000467558479379,
    "IIZIIZII": 0.1000467558479379,
    "IXZZZXII": 0.09653834066690695,
    "IYZZZYII": 0.09653834066690695,
    "YZZZYIII": 0.09653834066690693,
    "XZZZXIII": 0.09653834066690693,
    "ZIZIIIII": 0.09460857912797652,
    "IZIZIIII": 0.09460857912797652,
    "IIIZIZII": 0.08998221588574744,
    "IIZIZIII": 0.08998221588574744,
    "IXZZZXZI": -0.0549527430228095,
    "YZZZYIIZ": -0.0549527430228095,
    "XZZZXIIZ": -0.0549527430228095,
    "IYZZZYZI": -0.0549527430228095,
    "IIIXZZZX": -0.05124094258327162,
    "IIIYZZZY": -0.05124094258327162,
    "IIXZZZXI": -0.051240942583271616,
    "IIYZZZYI": -0.051240942583271616,
    "ZYZZZYII": -0.04697590152527647,
    "ZXZZZXII": -0.04697590152527647,
    "YIZZYIII": -0.04697590152527647,
    "XIZZXIII": -0.04697590152527647,
    "IIIYZZIY": 0.042014424303257414,
    "IIIXZZIX": 0.042014424303257414,
    "IIYZZZYZ": 0.04201442430325741,
    "IIXZZZXZ": 0.04201442430325741,
    "YYIIIIXX": -0.03649960922522893,
    "XXIIIIYY": -0.03649960922522893,
    "XYIIIIYX": 0.03649960922522893,
    "YXIIIIXY": 0.03649960922522893,
    "IZYZZZYI": 0.036048005082772686,
    "IZXZZZXI": 0.036048005082772686,
    "ZIIYZZZY": 0.036048005082772686,
    "ZIIXZZZX": 0.036048005082772686,
    "IXZZIXII": -0.03341015928257653,
    "XZZZXZII": -0.03341015928257653,
    "YZZZYZII": -0.03341015928257653,
    "IYZZIYII": -0.03341015928257653,
    "XXIIYYII": -0.030883467545360397,
    "YYIIXXII": -0.030883467545360397,
    "YXIIXYII": 0.030883467545360397,
    "XYIIYXII": 0.030883467545360397,
    "XZZZZYYX": 0.029729260899240228,
    "YZZZZXXY": 0.029729260899240228,
    "YZZZZYXX": -0.029729260899240228,
    "XZZZZXYY": -0.029729260899240228,
    "IXZZYIYX": -0.029729260899240228,
    "IYZZYIYY": -0.029729260899240228,
    "IYZZXIXY": -0.029729260899240228,
    "IXZZXIXX": -0.029729260899240228,
    "IIIIYXXY": 0.02820665833684082,
    "IIIIYYXX": -0.02820665833684082,
    "IIIIXXYY": -0.02820665833684082,
    "IIIIXYYX": 0.02820665833684082,
    "IIYZIZYI": 0.025703745987818154,
    "IIXZIZXI": 0.025703745987818154,
    "IIIYZIZY": 0.025703745987818154,
    "IIIXZIZX": 0.025703745987818154,
    "YZZZYIZI": -0.02522348212356928,
    "XZZZXIZI": -0.02522348212356928,
    "IYZZZYIZ": -0.02522348212356928,
    "IXZZZXIZ": -0.02522348212356928,
    "IIXZZIXI": 0.023958045827685973,
    "IIYZZIYI": 0.023958045827685973,
    "IIIYIZZY": 0.023958045827685973,
    "IIIXIZZX": 0.023958045827685973,
    "YYIYZZYI": 0.019220460622124933,
    "YXIXZZYI": 0.019220460622124933,
    "XYIYZZXI": 0.019220460622124933,
    "XYYZZZZX": -0.019220460622124933,
    "XXYZZZZY": 0.019220460622124933,
    "YYXZZZZX": 0.019220460622124933,
    "YXXZZZZY": -0.019220460622124933,
    "XXIXZZXI": 0.019220460622124933,
    "YZIZYIII": -0.018596795423115528,
    "XZIZXIII": -0.018596795423115528,
    "IYZIZYII": -0.018596795423115528,
    "IXZIZXII": -0.018596795423115528,
    "XXYYIIII": -0.018269887114883546,
    "YYXXIIII": -0.018269887114883546,
    "YXXYIIII": 0.018269887114883546,
    "XYYXIIII": 0.018269887114883546,
    "IXZXYZYI": -0.017871508492704347,
    "YZYIIYZY": -0.017871508492704347,
    "YZYIIXZX": -0.017871508492704347,
    "XZXIIYZY": -0.017871508492704347,
    "XZXIIXZX": -0.017871508492704347,
    "IYZYYZYI": -0.017871508492704347,
    "IXZXXZXI": -0.017871508492704347,
    "IYZYXZXI": -0.017871508492704347,
    "IYYIIXXI": 0.017623991515468704,
    "IXYIIYXI": -0.017623991515468704,
    "IXXIIYYI": 0.017623991515468704,
    "YZZYXZZX": 0.017623991515468704,
    "IYXIIXYI": -0.017623991515468704,
    "XZZYYZZX": -0.017623991515468704,
    "XZZXYZZY": 0.017623991515468704,
    "YZZXXZZY": -0.017623991515468704,
    "IZIXZZZX": 0.016827544460647756,
    "IZIYZZZY": 0.016827544460647756,
    "ZIXZZZXI": 0.016827544460647756,
    "ZIYZZZYI": 0.016827544460647756,
    "IIYXIIXY": 0.015497427371760759,
    "IIXXIIYY": -0.015497427371760759,
    "IIXYIIYX": 0.015497427371760759,
    "IIYYIIXX": -0.015497427371760759,
    "IXZXIXZX": -0.01529438123418869,
    "XZXIXZXI": -0.01529438123418869,
    "IYZYIYZY": -0.01529438123418869,
    "YZYIYZYI": -0.01529438123418869,
    "XZYIYZXI": -0.015046864256953053,
    "YZXIXZYI": -0.015046864256953053,
    "IXZYIYZX": -0.015046864256953053,
    "IYZXIXZY": -0.015046864256953053,
    "IIZYZZZY": 0.012440263831167395,
    "IIXIZZXI": 0.012440263831167395,
    "IIYIZZYI": 0.012440263831167395,
    "IIZXZZZX": 0.012440263831167395,
    "IYIZZYII": -0.011331075053113648,
    "XZZIXIII": -0.011331075053113648,
    "YZZIYIII": -0.011331075053113648,
    "IXIZZXII": -0.011331075053113648,
    "IIXYYXII": 0.010064539962190458,
    "IIYYXXII": -0.010064539962190458,
    "IIYXXYII": 0.010064539962190458,
    "IIXXYYII": -0.010064539962190458,
    "IYYXXIII": 0.007265720370001879,
    "IXXYYIII": 0.007265720370001879,
    "IYXXYIII": -0.007265720370001879,
    "IXYYXIII": -0.007265720370001879,
    "YZYYZYII": -0.007265720370001878,
    "YZYXZXII": -0.007265720370001878,
    "XZXYZYII": -0.007265720370001878,
    "XZXXZXII": -0.007265720370001878,
    "YZZXIXYI": 0.002577127258515655,
    "YZZYIYYI": 0.002577127258515655,
    "XZZXIXXI": 0.002577127258515655,
    "XZZYIYXI": 0.002577127258515655,
    "IXXIXZZX": 0.002577127258515655,
    "IYYIYZZY": 0.002577127258515655,
    "IXYIYZZX": 0.002577127258515655,
    "IYXIXZZY": 0.002577127258515655,
    "IIXZXXZX": 0.0017457001601321764,
    "IIIXYYXI": 0.0017457001601321764,
    "IIIXXYYI": -0.0017457001601321764,
    "IIIYYXXI": -0.0017457001601321764,
    "IIIYXXYI": 0.0017457001601321764,
    "IIYZYYZY": 0.0017457001601321764,
    "IIYZYXZX": 0.0017457001601321764,
    "IIXZXYZY": 0.0017457001601321764,
    "IYZYIXZX": -0.00024751697723564097,
    "IXZXIYZY": -0.00024751697723564097,
    "XZXIYZYI": -0.00024751697723564097,
    "YZYIXZXI": -0.00024751697723564097
  },
  "data": {
    "molecule_id": "D2_singlet_Dooh",
    "qubit_encoding": "JW",
    "basis": "3-21g",
    "charge": 0,
    "multiplicity": 1,
    "geometry": "H 0.0000000000 0.0000000000 0.0741500000\nH 0.0000000000 0.0000000000 0.6673500000",
    "n_qubits": 8,
    "alpha": 0.8,
    "energies": {
      "HF": -1.1024925270952701,
      "MP2": -1.118444847465366,
      "CISD": -1.1245798448139797,
      "CCSD": -1.1245798181932878,
      "FCI": -1.1245798448137312
    },
    "converged": {
      "HF": true,
      "MP2": false,
      "CISD": true,
      "CCSD": true,
      "FCI": true
    },
    "fci_spin_matches_target": true,
    "fci_multiplicity": 1.0,
    "hf_method_fallback": "standard",
    "generation_time_s": 0.113,
    "timestamp": "2026-02-25T23:51:51.641322+00:00"
  }
}