{
  "hamiltonian": {
    "IIII": -0.2508998871738086,
    "IIZZ": 0.1678019371251257,
    "IIZI": -0.16413503087489428,
    "IIIZ": -0.16413503087489428,
    "ZZII": 0.1616111665591699,
    "ZIIZ": 0.15967617824539598,
    "IZZI": 0.15967617824539598,
    "ZIII": 0.1503714282546178,
    "IZII": 0.1503714282546178,
    "ZIZI": 0.11218820593757346,
    "IZIZ": 0.11218820593757346,
    "YXXY": 0.04748797230782252,
    "YYXX": -0.04748797230782252,
    "XXYY": -0.04748797230782252,
    "XYYX": 0.04748797230782252
  },
  "data": {
    "molecule_id": "D2_singlet_Dooh",
    "qubit_encoding": "JW",
    "basis": "sto-3g",
    "charge": 0,
    "multiplicity": 1,
    "geometry": "H 0.0000000000 0.0000000000 -0.0741500000\nH 0.0000000000 0.0000000000 0.8156500000",
    "n_qubits": 4,
    "alpha": 1.2,
    "energies": {
      "HF": -1.094228470114476,
      "MP2": -1.1112860583837127,
      "CISD": -1.122284019794121,
      "CCSD": -1.1222840197958597,
      "FCI": -1.1222840197941206
    },
    "converged": {
      "HF": true,
      "MP2": false,
      "CISD": true,
      "CCSD": true,
      "FCI": true
    },
    "fci_spin_matches_target": true,
    "fci_multiplicity": 1.0,
    "hf_method_fallback": "standard",
    "generation_time_s": 0.027,
    "timestamp": "2026-02-25T23:52:28.364530+00:00"
  }
}