{
  "hamiltonian": {
    "IIIIIIII": 2.9973226932272317,
    "IIIIIIZI": -1.3113945887699578,
    "IIIIIIIZ": -1.3113945887699574,
    "IIIIZIII": -0.7311354527749725,
    "IIIIIZII": -0.7311354527749723,
    "IIIZIIII": -0.45779591599387753,
    "IIZIIIII": -0.4577959159938775,
    "ZIIIIIII": -0.2911762840216833,
    "IZIIIIII": -0.29117628402168316,
    "IIIIIIZZ": 0.21093503188028748,
    "IZIIIIZI": 0.1900549305018641,
    "ZIIIIIIZ": 0.1900549305018641,
    "ZZIIIIII": 0.18597531101484058,
    "IZIIIIIZ": 0.1517838144991309,
    "ZIIIIIZI": 0.1517838144991309,
    "IIIIIZZI": 0.1503884821564327,
    "IIIIZIIZ": 0.1503884821564327,
    "IZIIZIII": 0.14691860283791636,
    "ZIIIIZII": 0.14691860283791636,
    "IIIIIZIZ": 0.12559189925068456,
    "IIIIZIZI": 0.12559189925068456,
    "IIIIZZII": 0.12500129077049776,
    "IZIIIZII": 0.11523556373730327,
    "ZIIIZIII": 0.11523556373730327,
    "IIIZIIZI": 0.11508241621898725,
    "IIZIIIIZ": 0.11508241621898725,
    "IZZIIIII": 0.11233927301327695,
    "ZIIZIIII": 0.11233927301327695,
    "IIZIIIZI": 0.10085667400163124,
    "IIIZIIIZ": 0.10085667400163124,
    "IIZZIIII": 0.10026779198629879,
    "IIIZZIII": 0.09911734495450761,
    "IIZIIZII": 0.09911734495450761,
    "IXZZZXII": 0.09682273291599387,
    "IYZZZYII": 0.09682273291599387,
    "XZZZXIII": 0.09682273291599386,
    "YZZZYIII": 0.09682273291599386,
    "IZIZIIII": 0.09602616876010804,
    "ZIZIIIII": 0.09602616876010804,
    "IIIZIZII": 0.08811153759124653,
    "IIZIZIII": 0.08811153759124653,
    "YZZZYIIZ": -0.05672046672758831,
    "IYZZZYZI": -0.05672046672758831,
    "XZZZXIIZ": -0.05672046672758831,
    "IXZZZXZI": -0.05672046672758831,
    "XIZZXIII": -0.04959384372376549,
    "ZXZZZXII": -0.04959384372376549,
    "YIZZYIII": -0.04959384372376549,
    "ZYZZZYII": -0.04959384372376549,
    "IIIXZZZX": -0.0470705433404727,
    "IIIYZZZY": -0.0470705433404727,
    "IIXZZZXI": -0.047070543340472684,
    "IIYZZZYI": -0.047070543340472684,
    "IIYZZZYZ": 0.04128918889497466,
    "IIXZZZXZ": 0.04128918889497466,
    "IIIYZZIY": 0.04128918889497466,
    "IIIXZZIX": 0.04128918889497466,
    "YYIIIIXX": -0.038271116002733196,
    "XYIIIIYX": 0.038271116002733196,
    "YXIIIIXY": 0.038271116002733196,
    "XXIIIIYY": -0.038271116002733196,
    "IZYZZZYI": 0.03586183794589758,
    "IZXZZZXI": 0.03586183794589758,
    "ZIIYZZZY": 0.03586183794589758,
    "ZIIXZZZX": 0.03586183794589758,
    "IXZZIXII": -0.03295839347730932,
    "IYZZIYII": -0.03295839347730932,
    "YZZZYZII": -0.03295839347730931,
    "XZZZXZII": -0.03295839347730931,
    "XXIIYYII": -0.03168303910061306,
    "XYIIYXII": 0.03168303910061306,
    "YXIIXYII": 0.03168303910061306,
    "YYIIXXII": -0.03168303910061306,
    "IYZZXIXY": -0.028493597201975744,
    "IXZZYIYX": -0.028493597201975744,
    "IYZZYIYY": -0.028493597201975744,
    "IXZZXIXX": -0.028493597201975744,
    "YZZZZXXY": 0.028493597201975744,
    "YZZZZYXX": -0.028493597201975744,
    "XZZZZXYY": -0.028493597201975744,
    "XZZZZYYX": 0.028493597201975744,
    "XZZZXIZI": -0.02822686952561257,
    "YZZZYIZI": -0.02822686952561257,
    "IYZZZYIZ": -0.02822686952561257,
    "IXZZZXIZ": -0.02822686952561257,
    "IIIYZIZY": 0.025215411208028272,
    "IIYZIZYI": 0.025215411208028272,
    "IIXZIZXI": 0.025215411208028272,
    "IIIXZIZX": 0.025215411208028272,
    "IIIIYXXY": 0.024796582905748085,
    "IIIIYYXX": -0.024796582905748085,
    "IIIIXXYY": -0.024796582905748085,
    "IIIIXYYX": 0.024796582905748085,
    "IIIXIZZX": 0.02229804913669723,
    "IIIYIZZY": 0.02229804913669723,
    "IIXZZIXI": 0.02229804913669723,
    "IIYZZIYI": 0.02229804913669723,
    "XXYZZZZY": 0.018582588613195637,
    "YXXZZZZY": -0.018582588613195637,
    "XYYZZZZX": -0.018582588613195637,
    "XYIYZZXI": 0.018582588613195637,
    "XXIXZZXI": 0.018582588613195637,
    "YYIYZZYI": 0.018582588613195637,
    "YXIXZZYI": 0.018582588613195637,
    "YYXZZZZX": 0.018582588613195637,
    "IXZIZXII": -0.01840951444960942,
    "IYZIZYII": -0.01840951444960942,
    "YZIZYIII": -0.01840951444960942,
    "XZIZXIII": -0.01840951444960942,
    "IZIYZZZY": 0.01727924933270194,
    "ZIXZZZXI": 0.01727924933270194,
    "IZIXZZZX": 0.01727924933270194,
    "ZIYZZZYI": 0.01727924933270194,
    "IXYIIYXI": -0.01649697927167963,
    "YZZXXZZY": -0.01649697927167963,
    "IXXIIYYI": 0.01649697927167963,
    "XZZXYZZY": 0.01649697927167963,
    "XZZYYZZX": -0.01649697927167963,
    "YZZYXZZX": 0.01649697927167963,
    "IYYIIXXI": 0.01649697927167963,
    "IYXIIXYI": -0.01649697927167963,
    "YYXXIIII": -0.016313104253168908,
    "YXXYIIII": 0.016313104253168908,
    "XXYYIIII": -0.016313104253168908,
    "XYYXIIII": 0.016313104253168908,
    "YZXIXZYI": -0.015925784876556895,
    "XZYIYZXI": -0.015925784876556895,
    "IYZXIXZY": -0.015925784876556895,
    "IXZYIYZX": -0.015925784876556895,
    "IXZXXZXI": -0.015271684747236221,
    "XZXIIXZX": -0.015271684747236221,
    "XZXIIYZY": -0.015271684747236221,
    "YZYIIXZX": -0.015271684747236221,
    "YZYIIYZY": -0.015271684747236221,
    "IXZXYZYI": -0.015271684747236221,
    "IYZYXZXI": -0.015271684747236221,
    "IYZYYZYI": -0.015271684747236221,
    "YZYIYZYI": -0.014700490352113493,
    "IXZXIXZX": -0.014700490352113493,
    "XZXIXZXI": -0.014700490352113493,
    "IYZYIYZY": -0.014700490352113493,
    "IIYXIIXY": 0.01422574221735601,
    "IIYYIIXX": -0.01422574221735601,
    "IIXXIIYY": -0.01422574221735601,
    "IIXYIIYX": 0.01422574221735601,
    "IIYIZZYI": 0.011408964419836815,
    "IIZYZZZY": 0.011408964419836815,
    "IIZXZZZX": 0.011408964419836815,
    "IIXIZZXI": 0.011408964419836815,
    "IIXYYXII": 0.011005807363261082,
    "IIYYXXII": -0.011005807363261082,
    "IIXXYYII": -0.011005807363261082,
    "IIYXXYII": 0.011005807363261082,
    "IYIZZYII": -0.010101350002399243,
    "IXIZZXII": -0.010101350002399243,
    "XZZIXIII": -0.010101350002399243,
    "YZZIYIII": -0.010101350002399243,
    "IYYXXIII": 0.008308164447210177,
    "IXXYYIII": 0.008308164447210177,
    "YZYYZYII": -0.008308164447210177,
    "YZYXZXII": -0.008308164447210177,
    "XZXYZYII": -0.008308164447210177,
    "XZXXZXII": -0.008308164447210177,
    "IYXXYIII": -0.008308164447210177,
    "IXYYXIII": -0.008308164447210177,
    "IIXZXXZX": 0.0029173620713310424,
    "IIIXYYXI": 0.0029173620713310424,
    "IIXZXYZY": 0.0029173620713310424,
    "IIIYYXXI": -0.0029173620713310424,
    "IIIYXXYI": 0.0029173620713310424,
    "IIYZYXZX": 0.0029173620713310424,
    "IIYZYYZY": 0.0029173620713310424,
    "IIIXXYYI": -0.0029173620713310424,
    "YZYIXZXI": 0.001225294524443406,
    "XZXIYZYI": 0.001225294524443406,
    "IXZXIYZY": 0.001225294524443406,
    "IYZYIXZX": 0.001225294524443406,
    "IYYIYZZY": 0.0005711943951227301,
    "YZZXIXYI": 0.0005711943951227301,
    "XZZXIXXI": 0.0005711943951227301,
    "XZZYIYXI": 0.0005711943951227301,
    "IXYIYZZX": 0.0005711943951227301,
    "IYXIXZZY": 0.0005711943951227301,
    "YZZYIYYI": 0.0005711943951227301,
    "IXXIXZZX": 0.0005711943951227301
  },
  "data": {
    "molecule_id": "D2_singlet_Dooh",
    "qubit_encoding": "JW",
    "basis": "3-21g",
    "charge": 0,
    "multiplicity": 1,
    "geometry": "H 0.0000000000 0.0000000000 0.1112250000\nH 0.0000000000 0.0000000000 0.6302750000",
    "n_qubits": 8,
    "alpha": 0.7,
    "energies": {
      "HF": -1.065217226507311,
      "MP2": -1.080433981870379,
      "CISD": -1.0859755994200175,
      "CCSD": -1.0859755854131086,
      "FCI": -1.0859755994200204
    },
    "converged": {
      "HF": true,
      "MP2": false,
      "CISD": true,
      "CCSD": true,
      "FCI": true
    },
    "fci_spin_matches_target": true,
    "fci_multiplicity": 1.0,
    "hf_method_fallback": "standard",
    "generation_time_s": 0.094,
    "timestamp": "2026-02-25T23:51:51.740515+00:00"
  }
}