{
  "hamiltonian": {
    "IIII": -0.4890618220224618,
    "IIZZ": 0.1463594231031927,
    "ZIIZ": 0.14035093052957628,
    "IZZI": 0.14035093052957628,
    "ZZII": 0.1386675301342869,
    "ZIII": 0.09461056796285718,
    "IZII": 0.09461056796285718,
    "ZIZI": 0.08324152361109247,
    "IZIZ": 0.08324152361109247,
    "YXXY": 0.05710940691848381,
    "YYXX": -0.05710940691848381,
    "XXYY": -0.05710940691848381,
    "XYYX": 0.05710940691848381,
    "IIIZ": -0.03777115382027295,
    "IIZI": -0.03777115382027292
  },
  "data": {
    "molecule_id": "D2_singlet_Dooh",
    "qubit_encoding": "JW",
    "basis": "sto-3g",
    "charge": 0,
    "multiplicity": 1,
    "geometry": "H 0.0000000000 0.0000000000 -0.3707500000\nH 0.0000000000 0.0000000000 1.1122500000",
    "n_qubits": 4,
    "alpha": 2.0,
    "energies": {
      "HF": -0.9159832206325795,
      "MP2": -0.9602758523583454,
      "CISD": -1.000910255613219,
      "CCSD": -1.0009102558110627,
      "FCI": -1.0009102556132197
    },
    "converged": {
      "HF": true,
      "MP2": false,
      "CISD": true,
      "CCSD": true,
      "FCI": true
    },
    "fci_spin_matches_target": true,
    "fci_multiplicity": 1.0,
    "hf_method_fallback": "standard",
    "generation_time_s": 0.028,
    "timestamp": "2026-02-25T23:52:28.419598+00:00"
  }
}