{
  "hamiltonian": {
    "IIIIIIII": 2.4640244552507866,
    "IIIIIIZI": -1.0411351776951923,
    "IIIIIIIZ": -1.041135177695192,
    "IIIIIZII": -0.8293490103573768,
    "IIIIZIII": -0.8293490103573767,
    "IIIZIIII": -0.4276431886081609,
    "IIZIIIII": -0.42764318860816075,
    "IZIIIIII": -0.299605665984721,
    "ZIIIIIII": -0.29960566598472094,
    "IIIIIIZZ": 0.17217451945379236,
    "IZIIIIZI": 0.1536651929338828,
    "ZIIIIIIZ": 0.1536651929338828,
    "ZZIIIIII": 0.15110014648945563,
    "IIIIZIIZ": 0.14313282576176878,
    "IIIIIZZI": 0.14313282576176878,
    "IZIIZIII": 0.1352210629800143,
    "ZIIIIZII": 0.1352210629800143,
    "IIIIZZII": 0.12691601739869024,
    "ZIIIIIZI": 0.1245738273159529,
    "IZIIIIIZ": 0.1245738273159529,
    "IIIZIIZI": 0.11753764995759666,
    "IIZIIIIZ": 0.11753764995759666,
    "ZIIZIIII": 0.11448356484037897,
    "IZZIIIII": 0.11448356484037897,
    "ZIIIZIII": 0.10943210744671587,
    "IZIIIZII": 0.10943210744671587,
    "IIIZZIII": 0.10495779182854699,
    "IIZIIZII": 0.10495779182854699,
    "IIZZIIII": 0.10432722476381821,
    "IIIIIZIZ": 0.10075408003959857,
    "IIIIZIZI": 0.10075408003959857,
    "IIZIIIZI": 0.09762921712423081,
    "IIIZIIIZ": 0.09762921712423081,
    "IIIZIZII": 0.09605614047384935,
    "IIZIZIII": 0.09605614047384935,
    "YZZZYIII": 0.08904345130673932,
    "XZZZXIII": 0.08904345130673932,
    "IYZZZYII": 0.08904345130673932,
    "IXZZZXII": 0.08904345130673932,
    "IZIZIIII": 0.08837579008257922,
    "ZIZIIIII": 0.08837579008257922,
    "IIXZZZXI": -0.062067063378279747,
    "IIYZZZYI": -0.062067063378279747,
    "IIIXZZZX": -0.062067063378279747,
    "IIIYZZZY": -0.062067063378279747,
    "IXZZZXZI": -0.0463058986322495,
    "IYZZZYZI": -0.0463058986322495,
    "XZZZXIIZ": -0.0463058986322495,
    "YZZZYIIZ": -0.0463058986322495,
    "IIIIYXXY": 0.042378745722170215,
    "IIIIXYYX": 0.042378745722170215,
    "IIIIXXYY": -0.042378745722170215,
    "IIIIYYXX": -0.042378745722170215,
    "IIIXZZIX": 0.04205085762264457,
    "IIIYZZIY": 0.04205085762264457,
    "IIXZZZXZ": 0.042050857622644565,
    "IIYZZZYZ": 0.042050857622644565,
    "ZXZZZXII": -0.036438844078514575,
    "ZYZZZYII": -0.036438844078514575,
    "XIZZXIII": -0.03643884407851457,
    "YIZZYIII": -0.03643884407851457,
    "ZIIXZZZX": 0.03489248144824818,
    "ZIIYZZZY": 0.03489248144824818,
    "IZYZZZYI": 0.03489248144824818,
    "IZXZZZXI": 0.03489248144824818,
    "XZZZXZII": -0.03214595328115524,
    "IYZZIYII": -0.03214595328115524,
    "IXZZIXII": -0.03214595328115524,
    "YZZZYZII": -0.03214595328115524,
    "IXZZYIYX": -0.03198698959564962,
    "XZZZZYYX": 0.03198698959564962,
    "IXZZXIXX": -0.03198698959564962,
    "IYZZYIYY": -0.03198698959564962,
    "IYZZXIXY": -0.03198698959564962,
    "XZZZZXYY": -0.03198698959564962,
    "YZZZZXXY": 0.03198698959564962,
    "YZZZZYXX": -0.03198698959564962,
    "IIYZZIYI": 0.02975458939214746,
    "IIXZZIXI": 0.02975458939214746,
    "IIIYIZZY": 0.02975458939214746,
    "IIIXIZZX": 0.02975458939214746,
    "YXIIIIXY": 0.029091365617929913,
    "YYIIIIXX": -0.029091365617929913,
    "XXIIIIYY": -0.029091365617929913,
    "XYIIIIYX": 0.029091365617929913,
    "IXZXXZXI": -0.02867382316161118,
    "IXZXYZYI": -0.02867382316161118,
    "IYZYXZXI": -0.02867382316161118,
    "IYZYYZYI": -0.02867382316161118,
    "XZXIIYZY": -0.02867382316161118,
    "XZXIIXZX": -0.02867382316161118,
    "YZYIIXZX": -0.02867382316161118,
    "YZYIIYZY": -0.02867382316161118,
    "YXXYIIII": 0.02610777475779976,
    "YYXXIIII": -0.02610777475779976,
    "XXYYIIII": -0.02610777475779976,
    "XYYXIIII": 0.02610777475779976,
    "YXIIXYII": 0.025788955533298435,
    "YYIIXXII": -0.025788955533298435,
    "XXIIYYII": -0.025788955533298435,
    "XYIIYXII": 0.025788955533298435,
    "IIIXZIZX": 0.022869962720333314,
    "IIXZIZXI": 0.022869962720333314,
    "IIYZIZYI": 0.022869962720333314,
    "IIIYZIZY": 0.022869962720333314,
    "IXYIIYXI": -0.02038129119643925,
    "IXXIIYYI": 0.02038129119643925,
    "YZZXXZZY": -0.02038129119643925,
    "IYXIIXYI": -0.02038129119643925,
    "XZZYYZZX": -0.02038129119643925,
    "XZZXYZZY": 0.02038129119643925,
    "IYYIIXXI": 0.02038129119643925,
    "YZZYXZZX": 0.02038129119643925,
    "XYYZZZZX": -0.02014193671922688,
    "XXYZZZZY": 0.02014193671922688,
    "YYXZZZZX": 0.02014193671922688,
    "YXXZZZZY": -0.02014193671922688,
    "YXIXZZYI": 0.020141936719226875,
    "YYIYZZYI": 0.020141936719226875,
    "XXIXZZXI": 0.020141936719226875,
    "XYIYZZXI": 0.020141936719226875,
    "IIXYIIYX": 0.01990843283336584,
    "IIXXIIYY": -0.01990843283336584,
    "IIYYIIXX": -0.01990843283336584,
    "IIYXIIXY": 0.01990843283336584,
    "IXZXIXZX": -0.018004053634338865,
    "YZYIYZYI": -0.018004053634338865,
    "XZXIXZXI": -0.018004053634338865,
    "IYZYIYZY": -0.018004053634338865,
    "IIZXZZZX": 0.01703467144047797,
    "IIYIZZYI": 0.01703467144047797,
    "IIXIZZXI": 0.01703467144047797,
    "IIZYZZZY": 0.01703467144047797,
    "YZZIYIII": -0.016389744405168986,
    "IXIZZXII": -0.016389744405168986,
    "IYIZZYII": -0.016389744405168986,
    "XZZIXIII": -0.016389744405168986,
    "XZIZXIII": -0.016321801523607078,
    "YZIZYIII": -0.016321801523607078,
    "IYZIZYII": -0.016321801523607078,
    "IXZIZXII": -0.016321801523607078,
    "ZIYZZZYI": 0.014750544729021299,
    "IZIXZZZX": 0.014750544729021299,
    "ZIXZZZXI": 0.014750544729021299,
    "IZIYZZZY": 0.014750544729021299,
    "IYZZZYIZ": -0.014318909036599882,
    "XZZZXIZI": -0.014318909036599882,
    "IXZZZXIZ": -0.014318909036599882,
    "YZZZYIZI": -0.014318909036599882,
    "IXXIXZZX": 0.010669769527272319,
    "XZZYIYXI": 0.010669769527272319,
    "XZZXIXXI": 0.010669769527272319,
    "YZZYIYYI": 0.010669769527272319,
    "YZZXIXYI": 0.010669769527272319,
    "IYXIXZZY": 0.010669769527272319,
    "IYYIYZZY": 0.010669769527272319,
    "IXYIYZZX": 0.010669769527272319,
    "YZXIXZYI": -0.009711521669166931,
    "XZYIYZXI": -0.009711521669166931,
    "IXZYIYZX": -0.009711521669166931,
    "IYZXIXZY": -0.009711521669166931,
    "IIXXYYII": -0.008901651354697645,
    "IIYXXYII": 0.008901651354697645,
    "IIYYXXII": -0.008901651354697645,
    "IIXYYXII": 0.008901651354697645,
    "IXZXIYZY": -0.008292531965171927,
    "XZXIYZYI": -0.008292531965171927,
    "YZYIXZXI": -0.008292531965171927,
    "IYZYIXZX": -0.008292531965171927,
    "IIIXYYXI": -0.006884626671814146,
    "IIIXXYYI": 0.006884626671814146,
    "IIIYYXXI": 0.006884626671814146,
    "IIIYXXYI": -0.006884626671814146,
    "IIXZXXZX": -0.006884626671814145,
    "IIXZXYZY": -0.006884626671814145,
    "IIYZYXZX": -0.006884626671814145,
    "IIYZYYZY": -0.006884626671814145,
    "IYXXYIII": 6.794288156191134e-05,
    "IXYYXIII": 6.794288156191134e-05,
    "XZXXZXII": 6.794288156191134e-05,
    "XZXYZYII": 6.794288156191134e-05,
    "YZYXZXII": 6.794288156191134e-05,
    "YZYYZYII": 6.794288156191134e-05,
    "IXXYYIII": -6.794288156191134e-05,
    "IYYXXIII": -6.794288156191134e-05
  },
  "data": {
    "molecule_id": "D2_singlet_Dooh",
    "qubit_encoding": "JW",
    "basis": "3-21g",
    "charge": 0,
    "multiplicity": 1,
    "geometry": "H 0.0000000000 0.0000000000 -0.0741500000\nH 0.0000000000 0.0000000000 0.8156500000",
    "n_qubits": 8,
    "alpha": 1.2,
    "energies": {
      "HF": -1.1098687388233395,
      "MP2": -1.1287016597905803,
      "CISD": -1.1383279247214888,
      "CCSD": -1.1383279090548055,
      "FCI": -1.1383279247214877
    },
    "converged": {
      "HF": true,
      "MP2": false,
      "CISD": true,
      "CCSD": true,
      "FCI": true
    },
    "fci_spin_matches_target": true,
    "fci_multiplicity": 1.0,
    "hf_method_fallback": "standard",
    "generation_time_s": 0.082,
    "timestamp": "2026-02-25T23:51:51.207833+00:00"
  }
}