{
  "hamiltonian": {
    "IIIZ": -0.22273989123651125,
    "IIZI": -0.22273989123651122,
    "IIZZ": 0.17434384143022574,
    "IZII": 0.1711824002751662,
    "ZIII": 0.17118240027516615,
    "ZZII": 0.16861742098065213,
    "ZIIZ": 0.16586268100207213,
    "IZZI": 0.16586268100207213,
    "ZIZI": 0.1205390792720005,
    "IZIZ": 0.1205390792720005,
    "IIII": -0.09899206547328507,
    "YXXY": 0.045323601730071605,
    "YYXX": -0.045323601730071605,
    "XXYY": -0.045323601730071605,
    "XYYX": 0.045323601730071605
  },
  "data": {
    "molecule_id": "D2_singlet_Dooh",
    "qubit_encoding": "JW",
    "basis": "sto-3g",
    "charge": 0,
    "multiplicity": 1,
    "geometry": "H 0.0000000000 0.0000000000 0.0000000000\nH 0.0000000000 0.0000000000 0.7415000000",
    "n_qubits": 4,
    "alpha": 1.0,
    "energies": {
      "HF": -1.1166789066339073,
      "MP2": -1.1298520109723458,
      "CISD": -1.137269076067312,
      "CCSD": -1.1372692421807737,
      "FCI": -1.1372690760673123
    },
    "converged": {
      "HF": true,
      "MP2": false,
      "CISD": true,
      "CCSD": true,
      "FCI": true
    },
    "fci_spin_matches_target": true,
    "fci_multiplicity": 1.0,
    "hf_method_fallback": "standard",
    "generation_time_s": 0.031,
    "timestamp": "2026-02-25T23:52:28.337029+00:00"
  }
}