{
  "hamiltonian": {
    "IIIIIIII": 2.363971198033323,
    "IIIIIIIZ": -0.9323318646006171,
    "IIIIIIZI": -0.9323318646006169,
    "IIIIIZII": -0.9056939841955718,
    "IIIIZIII": -0.9056939841955718,
    "IIIZIIII": -0.37409448150601166,
    "IIZIIIII": -0.3740944815060116,
    "IZIIIIII": -0.29316964794969874,
    "ZIIIIIII": -0.2931696479496987,
    "IIIIIIZZ": 0.13399938663720498,
    "IIIIZZII": 0.1327303357239807,
    "IIIIIZZI": 0.1323491181541885,
    "IIIIZIIZ": 0.1323491181541885,
    "ZIIIIIIZ": 0.12175242019235942,
    "IZIIIIZI": 0.12175242019235942,
    "ZZIIIIII": 0.12168835721306526,
    "ZIIIIZII": 0.12008001169063759,
    "IZIIZIII": 0.12008001169063759,
    "IIZIIIIZ": 0.11383806594446341,
    "IIIZIIZI": 0.11383806594446341,
    "IIZIIZII": 0.11367272326535341,
    "IIIZZIII": 0.11367272326535341,
    "IZZIIIII": 0.1112766261049764,
    "ZIIZIIII": 0.1112766261049764,
    "IIZZIIII": 0.1081866133138483,
    "ZIIIIIZI": 0.1027868341263184,
    "IZIIIIIZ": 0.1027868341263184,
    "ZIIIZIII": 0.10079215764378563,
    "IZIIIZII": 0.10079215764378563,
    "IIZIIIZI": 0.09632671031289242,
    "IIIZIIIZ": 0.09632671031289242,
    "IIIZIZII": 0.09204478585355522,
    "IIZIZIII": 0.09204478585355522,
    "ZIZIIIII": 0.07455448715206545,
    "IZIZIIII": 0.07455448715206545,
    "IIIIIZIZ": 0.07394252624135497,
    "IIIIZIZI": 0.07394252624135497,
    "XZZZZZXI": 0.06975495652008377,
    "YZZZZZYI": 0.06975495652008377,
    "IXZZZZZX": 0.06975495652008377,
    "IYZZZZZY": 0.06975495652008377,
    "IIXZXIII": -0.06347364436592004,
    "IIYZYIII": -0.06347364436592004,
    "IIIXZXII": -0.06347364436592001,
    "IIIYZYII": -0.06347364436592001,
    "IIIIXYYX": 0.05840659191283353,
    "IIIIXXYY": -0.05840659191283353,
    "IIIIYYXX": -0.05840659191283353,
    "IIIIYXXY": 0.05840659191283353,
    "IYZYYZYI": -0.041929853688529764,
    "XZXIIXZX": -0.041929853688529764,
    "XZXIIYZY": -0.041929853688529764,
    "IYZYXZXI": -0.041929853688529764,
    "IXZXYZYI": -0.041929853688529764,
    "YZYIIXZX": -0.041929853688529764,
    "YZYIIYZY": -0.041929853688529764,
    "IXZXXZXI": -0.041929853688529764,
    "XYYXIIII": 0.03672213895291096,
    "XXYYIIII": -0.03672213895291096,
    "YYXXIIII": -0.03672213895291096,
    "YXXYIIII": 0.03672213895291096,
    "IIXZXIIZ": 0.03536750906456181,
    "IIYZYIIZ": 0.03536750906456181,
    "IIIXZXZI": 0.03536750906456181,
    "IIIYZYZI": 0.03536750906456181,
    "IIXZXZII": 0.034808016593439225,
    "IIIYIYII": 0.034808016593439225,
    "IIYZYZII": 0.034808016593439225,
    "IIIXIXII": 0.034808016593439225,
    "IYZZIZZY": -0.03203932862803517,
    "YZZZZIYI": -0.03203932862803517,
    "XZZZZIXI": -0.03203932862803517,
    "IXZZIZZX": -0.03203932862803517,
    "YZZZZZYZ": -0.03081429427649548,
    "IYZZZZIY": -0.03081429427649548,
    "IXZZZZIX": -0.03081429427649548,
    "XZZZZZXZ": -0.03081429427649548,
    "IYZZYXXI": -0.02807913116696886,
    "IYZZXXYI": 0.02807913116696886,
    "IXZZYYXI": 0.02807913116696886,
    "IXZZXYYI": -0.02807913116696886,
    "YZZZYYZY": 0.028079131166968856,
    "YZZZYXZX": 0.028079131166968856,
    "XZZZXYZY": 0.028079131166968856,
    "XZZZXXZX": 0.028079131166968856,
    "IZYZYIII": 0.02775910496582471,
    "IZXZXIII": 0.02775910496582471,
    "ZIIYZYII": 0.02775910496582471,
    "ZIIXZXII": 0.02775910496582471,
    "IIIYYIYY": 0.02657456589127604,
    "IIIXXIXX": 0.02657456589127604,
    "IIIXYIYX": 0.02657456589127604,
    "IIYZZXXY": -0.02657456589127604,
    "IIIYXIXY": 0.02657456589127604,
    "IIXZZXYY": 0.02657456589127604,
    "IIXZZYYX": -0.02657456589127604,
    "IIYZZYXX": 0.02657456589127604,
    "XZXIYZYI": -0.023938664969987727,
    "IXZXIYZY": -0.023938664969987727,
    "IYZYIXZX": -0.023938664969987727,
    "YZYIXZXI": -0.023938664969987727,
    "YZYIYZYI": -0.023022446694883833,
    "XZXIXZXI": -0.023022446694883833,
    "IXZXIXZX": -0.023022446694883833,
    "IYZYIYZY": -0.023022446694883833,
    "IIYIYIII": 0.02247211076259882,
    "IIXIXIII": 0.02247211076259882,
    "IIZYZYII": 0.02247211076259882,
    "IIZXZXII": 0.02247211076259882,
    "XIZZZZXI": -0.0220421678380205,
    "YIZZZZYI": -0.0220421678380205,
    "ZYZZZZZY": -0.0220421678380205,
    "ZXZZZZZX": -0.0220421678380205,
    "IIYXXYII": 0.02162793741179819,
    "IIYYXXII": -0.02162793741179819,
    "IIXXYYII": -0.02162793741179819,
    "IIXYYXII": 0.02162793741179819,
    "YZZIZZYI": -0.020743992614098504,
    "XZZIZZXI": -0.020743992614098504,
    "IYIZZZZY": -0.020743992614098504,
    "IXIZZZZX": -0.020743992614098504,
    "XYIIYXII": 0.019287854046851963,
    "XXIIYYII": -0.019287854046851963,
    "YYIIXXII": -0.019287854046851963,
    "YXIIXYII": 0.019287854046851963,
    "YYIIIIXX": -0.018965586066041026,
    "YXIIIIXY": 0.018965586066041026,
    "XXIIIIYY": -0.018965586066041026,
    "XYIIIIYX": 0.018965586066041026,
    "IYXIXZZY": 0.018907406993645938,
    "IYYIYZZY": 0.018907406993645938,
    "IXXIXZZX": 0.018907406993645938,
    "IXYIYZZX": 0.018907406993645938,
    "YZZXIXYI": 0.018907406993645938,
    "YZZYIYYI": 0.018907406993645938,
    "XZZXIXXI": 0.018907406993645938,
    "XZZYIYXI": 0.018907406993645938,
    "XZZYYZZX": -0.017991188718542047,
    "XZZXYZZY": 0.017991188718542047,
    "IXYIIYXI": -0.017991188718542047,
    "IXXIIYYI": 0.017991188718542047,
    "IYYIIXXI": 0.017991188718542047,
    "IYXIIXYI": -0.017991188718542047,
    "YZZYXZZX": 0.017991188718542047,
    "YZZXXZZY": -0.017991188718542047,
    "XYIYXIII": 0.017551284940245743,
    "XYYZZXII": -0.017551284940245743,
    "XXYZZYII": 0.017551284940245743,
    "YXIXYIII": 0.017551284940245743,
    "YXXZZYII": -0.017551284940245743,
    "YYXZZXII": 0.017551284940245743,
    "YYIYYIII": 0.017551284940245743,
    "XXIXXIII": 0.017551284940245743,
    "IIYYIIXX": -0.017511355631570993,
    "IIYXIIXY": 0.017511355631570993,
    "IIXYIIYX": 0.017511355631570993,
    "IIXXIIYY": -0.017511355631570993,
    "IYXXZZYI": 0.016504723499130625,
    "IYYXZZXI": -0.016504723499130625,
    "IXXYZZYI": -0.016504723499130625,
    "IXYYZZXI": 0.016504723499130625,
    "XZXXZZZX": 0.016504723499130625,
    "YZYYZZZY": 0.016504723499130625,
    "YZYXZZZX": 0.016504723499130625,
    "XZXYZZZY": 0.016504723499130625,
    "IZIYZYII": 0.010207820025578969,
    "ZIYZYIII": 0.010207820025578969,
    "ZIXZXIII": 0.010207820025578969,
    "IZIXZXII": 0.010207820025578969,
    "IIIXZXIZ": 0.008792943173285769,
    "IIIYZYIZ": 0.008792943173285769,
    "IIYZYIZI": 0.008792943173285769,
    "IIXZXIZI": 0.008792943173285769,
    "IXZIZZZX": -0.004239269114967881,
    "XZIZZZXI": -0.004239269114967881,
    "YZIZZZYI": -0.004239269114967881,
    "IYZIZZZY": -0.004239269114967881,
    "YZZZIZYI": -0.00396019746106632,
    "IYZZZIZY": -0.00396019746106632,
    "IXZZZIZX": -0.00396019746106632,
    "XZZZIZXI": -0.00396019746106632,
    "XZYIYZXI": 0.0009162182751038944,
    "YZXIXZYI": 0.0009162182751038944,
    "IYZXIXZY": 0.0009162182751038944,
    "IXZYIYZX": 0.0009162182751038944
  },
  "data": {
    "molecule_id": "D2_singlet_Dooh",
    "qubit_encoding": "JW",
    "basis": "3-21g",
    "charge": 0,
    "multiplicity": 1,
    "geometry": "H 0.0000000000 0.0000000000 -0.3707500000\nH 0.0000000000 0.0000000000 1.1122500000",
    "n_qubits": 8,
    "alpha": 2.0,
    "energies": {
      "HF": -0.9954626880602528,
      "MP2": -1.0251521686398226,
      "CISD": -1.0525051304951876,
      "CCSD": -1.052505100419695,
      "FCI": -1.052505130495187
    },
    "converged": {
      "HF": true,
      "MP2": false,
      "CISD": true,
      "CCSD": true,
      "FCI": true
    },
    "fci_spin_matches_target": true,
    "fci_multiplicity": 1.0,
    "hf_method_fallback": "standard",
    "generation_time_s": 0.061,
    "timestamp": "2026-02-25T23:51:51.329296+00:00"
  }
}