{
  "hamiltonian": {
    "IIIIIIII": 3.6203098318792657,
    "IIIIIIIZ": -1.5163515632736262,
    "IIIIIIZI": -1.5163515632736262,
    "IIIIIZII": -0.6927648379144867,
    "IIIIZIII": -0.6927648379144866,
    "IIZIIIII": -0.46710342131490606,
    "IIIZIIII": -0.46710342131490606,
    "IZIIIIII": -0.2788138729825809,
    "ZIIIIIII": -0.27881387298258087,
    "IIIIIIZZ": 0.22690829813388624,
    "ZIIIIIIZ": 0.2074295604175564,
    "IZIIIIZI": 0.2074295604175564,
    "ZZIIIIII": 0.20475163661812026,
    "ZIIIIIZI": 0.16603430526389754,
    "IZIIIIIZ": 0.16603430526389754,
    "IIIIZIIZ": 0.1509675142760178,
    "IIIIIZZI": 0.1509675142760178,
    "IZIIZIII": 0.14971056403842523,
    "ZIIIIZII": 0.14971056403842523,
    "IIIIZIZI": 0.13225316253851177,
    "IIIIIZIZ": 0.13225316253851177,
    "IIIIZZII": 0.12184096465736996,
    "ZIIIZIII": 0.11752902619072643,
    "IZIIIZII": 0.11752902619072643,
    "IIIZIIZI": 0.11385061669346103,
    "IIZIIIIZ": 0.11385061669346103,
    "IZZIIIII": 0.11148382141511534,
    "ZIIZIIII": 0.11148382141511534,
    "IIZIIIZI": 0.1019325276547955,
    "IIIZIIIZ": 0.1019325276547955,
    "IIZZIIII": 0.09930714548896225,
    "ZIZIIIII": 0.09872282880944917,
    "IZIZIIII": 0.09872282880944917,
    "IIZIIZII": 0.09768808716883456,
    "IIIZZIII": 0.09768808716883456,
    "IYZZZYII": -0.09481879114709017,
    "IXZZZXII": -0.09481879114709017,
    "YZZZYIII": -0.09481879114709015,
    "XZZZXIII": -0.09481879114709015,
    "IIIZIZII": 0.08453047819305469,
    "IIZIZIII": 0.08453047819305469,
    "IYZZZYZI": 0.059235349753523556,
    "IXZZZXZI": 0.059235349753523556,
    "XZZZXIIZ": 0.059235349753523556,
    "YZZZYIIZ": 0.059235349753523556,
    "YIZZYIII": 0.054230046983800316,
    "ZXZZZXII": 0.054230046983800316,
    "ZYZZZYII": 0.054230046983800316,
    "XIZZXIII": 0.054230046983800316,
    "YYIIIIXX": -0.04139525515365885,
    "XYIIIIYX": 0.04139525515365885,
    "XXIIIIYY": -0.04139525515365885,
    "YXIIIIXY": 0.04139525515365885,
    "IIIYZZIY": 0.03935674326152359,
    "IIXZZZXZ": 0.03935674326152359,
    "IIIXZZIX": 0.03935674326152359,
    "IIYZZZYZ": 0.03935674326152359,
    "IIXZZZXI": -0.0380632101070337,
    "IIYZZZYI": -0.0380632101070337,
    "IIIYZZZY": -0.0380632101070337,
    "IIIXZZZX": -0.0380632101070337,
    "IZXZZZXI": 0.035162213316187456,
    "ZIIYZZZY": 0.035162213316187456,
    "ZIIXZZZX": 0.035162213316187456,
    "IZYZZZYI": 0.035162213316187456,
    "XZZZXIZI": 0.03380450617025968,
    "YZZZYIZI": 0.03380450617025968,
    "IXZZZXIZ": 0.03380450617025968,
    "IYZZZYIZ": 0.03380450617025968,
    "YXIIXYII": 0.03218153784769882,
    "XXIIYYII": -0.03218153784769882,
    "XYIIYXII": 0.03218153784769882,
    "YYIIXXII": -0.03218153784769882,
    "YZZZYZII": 0.030708636233286412,
    "XZZZXZII": 0.030708636233286412,
    "IYZZIYII": 0.030708636233286412,
    "IXZZIXII": 0.030708636233286412,
    "IXZZYIYX": 0.02543084358326387,
    "IXZZXIXX": 0.02543084358326387,
    "IYZZYIYY": 0.02543084358326387,
    "IYZZXIXY": 0.02543084358326387,
    "XZZZZYYX": -0.02543084358326387,
    "XZZZZXYY": 0.02543084358326387,
    "YZZZZYXX": 0.02543084358326387,
    "YZZZZXXY": -0.02543084358326387,
    "IIXZIZXI": 0.023209402600153223,
    "IIYZIZYI": 0.023209402600153223,
    "IIIXZIZX": 0.023209402600153223,
    "IIIYZIZY": 0.023209402600153223,
    "IIYZZIYI": 0.019066138730101122,
    "IIIYIZZY": 0.019066138730101122,
    "IIIXIZZX": 0.019066138730101122,
    "IIXZZIXI": 0.019066138730101122,
    "IIIIYXXY": 0.018714351737506036,
    "IIIIYYXX": -0.018714351737506036,
    "IIIIXXYY": -0.018714351737506036,
    "IIIIXYYX": 0.018714351737506036,
    "ZIXZZZXI": 0.018143302006748345,
    "ZIYZZZYI": 0.018143302006748345,
    "IZIXZZZX": 0.018143302006748345,
    "IZIYZZZY": 0.018143302006748345,
    "XZIZXIII": 0.0173551144715863,
    "IXZIZXII": 0.0173551144715863,
    "IYZIZYII": 0.0173551144715863,
    "YZIZYIII": 0.0173551144715863,
    "YYXZZZZX": 0.01701891130943911,
    "YXXZZZZY": -0.01701891130943911,
    "XYIYZZXI": 0.01701891130943911,
    "XXIXZZXI": 0.01701891130943911,
    "XYYZZZZX": -0.01701891130943911,
    "YYIYZZYI": 0.01701891130943911,
    "YXIXZZYI": 0.01701891130943911,
    "XXYZZZZY": 0.01701891130943911,
    "YZXIXZYI": 0.016966296336132627,
    "IYZXIXZY": 0.016966296336132627,
    "IXZYIYZX": 0.016966296336132627,
    "XZYIYZXI": 0.016966296336132627,
    "XZZXYZZY": -0.014028592249396255,
    "XZZYYZZX": 0.014028592249396255,
    "YZZYXZZX": -0.014028592249396255,
    "YZZXXZZY": 0.014028592249396255,
    "IYXIIXYI": 0.014028592249396255,
    "IXXIIYYI": -0.014028592249396255,
    "IXYIIYXI": 0.014028592249396255,
    "IYYIIXXI": -0.014028592249396255,
    "IYZYIYZY": 0.013654697766008597,
    "YZYIYZYI": 0.013654697766008597,
    "IXZXIXZX": 0.013654697766008597,
    "XZXIXZXI": 0.013654697766008597,
    "IIYYXXII": -0.013157608975779864,
    "IIXYYXII": 0.013157608975779864,
    "IIXXYYII": -0.013157608975779864,
    "IIYXXYII": 0.013157608975779864,
    "YXXYIIII": 0.01276099260566618,
    "XYYXIIII": 0.01276099260566618,
    "XXYYIIII": -0.01276099260566618,
    "YYXXIIII": -0.01276099260566618,
    "IIXXIIYY": -0.011918089038665524,
    "IIYXIIXY": 0.011918089038665524,
    "IIYYIIXX": -0.011918089038665524,
    "IIXYIIYX": 0.011918089038665524,
    "XZXIIYZY": 0.010716993679272223,
    "XZXIIXZX": 0.010716993679272223,
    "IYZYYZYI": 0.010716993679272223,
    "IXZXXZXI": 0.010716993679272223,
    "YZYIIXZX": 0.010716993679272223,
    "YZYIIYZY": 0.010716993679272223,
    "IXZXYZYI": 0.010716993679272223,
    "IYZYXZXI": 0.010716993679272223,
    "IIZYZZZY": 0.009736330284842378,
    "IIXIZZXI": 0.009736330284842378,
    "IIZXZZZX": 0.009736330284842378,
    "IIYIZZYI": 0.009736330284842378,
    "IYYXXIII": -0.009409761366792883,
    "IXYYXIII": 0.009409761366792883,
    "IXXYYIII": -0.009409761366792883,
    "IYXXYIII": 0.009409761366792883,
    "YZYYZYII": 0.009409761366792882,
    "YZYXZXII": 0.009409761366792882,
    "XZXYZYII": 0.009409761366792882,
    "XZXXZXII": 0.009409761366792882,
    "IXIZZXII": 0.007945353104793417,
    "YZZIYIII": 0.007945353104793417,
    "XZZIXIII": 0.007945353104793417,
    "IYIZZYII": 0.007945353104793417,
    "IIYZYYZY": 0.004143263870052101,
    "IIIXYYXI": 0.004143263870052101,
    "IIYZYXZX": 0.004143263870052101,
    "IIIYYXXI": -0.004143263870052101,
    "IIIYXXYI": 0.004143263870052101,
    "IIXZXYZY": 0.004143263870052101,
    "IIXZXXZX": 0.004143263870052101,
    "IIIXXYYI": -0.004143263870052101,
    "YZYIXZXI": -0.003311598570124031,
    "XZXIYZYI": -0.003311598570124031,
    "IXZXIYZY": -0.003311598570124031,
    "IYZYIXZX": -0.003311598570124031,
    "IXYIYZZX": 0.002937704086736376,
    "YZZXIXYI": 0.002937704086736376,
    "YZZYIYYI": 0.002937704086736376,
    "XZZXIXXI": 0.002937704086736376,
    "XZZYIYXI": 0.002937704086736376,
    "IYXIXZZY": 0.002937704086736376,
    "IYYIYZZY": 0.002937704086736376,
    "IXXIXZZX": 0.002937704086736376
  },
  "data": {
    "molecule_id": "D2_singlet_Dooh",
    "qubit_encoding": "JW",
    "basis": "3-21g",
    "charge": 0,
    "multiplicity": 1,
    "geometry": "H 0.0000000000 0.0000000000 0.1853750000\nH 0.0000000000 0.0000000000 0.5561250000",
    "n_qubits": 8,
    "alpha": 0.5,
    "energies": {
      "HF": -0.8610694614842609,
      "MP2": -0.8745629073974684,
      "CISD": -0.8790020069217167,
      "CCSD": -0.8790020052905961,
      "FCI": -0.8790020069217734
    },
    "converged": {
      "HF": true,
      "MP2": false,
      "CISD": true,
      "CCSD": true,
      "FCI": true
    },
    "fci_spin_matches_target": true,
    "fci_multiplicity": 1.0,
    "hf_method_fallback": "standard",
    "generation_time_s": 0.068,
    "timestamp": "2026-02-25T23:51:51.809576+00:00"
  }
}