{
  "hamiltonian": {
    "IIZI": -0.3035127425286459,
    "IIIZ": -0.3035127425286459,
    "ZIII": 0.19604301534313465,
    "IZII": 0.19604301534313456,
    "IIZZ": 0.18146579459315332,
    "ZZII": 0.17565277289201453,
    "ZIIZ": 0.17251033502385787,
    "IZZI": 0.17251033502385787,
    "IIII": 0.14654489785986258,
    "ZIZI": 0.1291637442160432,
    "IZIZ": 0.1291637442160432,
    "YXXY": 0.043346590807814694,
    "YYXX": -0.043346590807814694,
    "XXYY": -0.043346590807814694,
    "XYYX": 0.043346590807814694
  },
  "data": {
    "molecule_id": "D2_singlet_Dooh",
    "qubit_encoding": "JW",
    "basis": "sto-3g",
    "charge": 0,
    "multiplicity": 1,
    "geometry": "H 0.0000000000 0.0000000000 0.0741500000\nH 0.0000000000 0.0000000000 0.6673500000",
    "n_qubits": 4,
    "alpha": 0.8,
    "energies": {
      "HF": -1.0987962088783325,
      "MP2": -1.1088737838133513,
      "CISD": -1.1137293922708391,
      "CCSD": -1.113729458921445,
      "FCI": -1.1137293922708391
    },
    "converged": {
      "HF": true,
      "MP2": false,
      "CISD": true,
      "CCSD": true,
      "FCI": true
    },
    "fci_spin_matches_target": true,
    "fci_multiplicity": 1.0,
    "hf_method_fallback": "standard",
    "generation_time_s": 0.022,
    "timestamp": "2026-02-25T23:52:28.516821+00:00"
  }
}