{
  "hamiltonian": {
    "IIII": 0.8779407276413665,
    "IIZI": -0.48074463395456074,
    "IIIZ": -0.48074463395456074,
    "IZII": 0.24195846100614848,
    "ZIII": 0.24195846100614846,
    "IIZZ": 0.1928352097200788,
    "ZZII": 0.18539045565448123,
    "ZIIZ": 0.18260009183990403,
    "IZZI": 0.18260009183990403,
    "ZIZI": 0.14176062016359278,
    "IZIZ": 0.14176062016359278,
    "YXXY": 0.040839471676311245,
    "YYXX": -0.040839471676311245,
    "XXYY": -0.040839471676311245,
    "XYYX": 0.040839471676311245
  },
  "data": {
    "molecule_id": "D2_singlet_Dooh",
    "qubit_encoding": "JW",
    "basis": "sto-3g",
    "charge": 0,
    "multiplicity": 1,
    "geometry": "H 0.0000000000 0.0000000000 0.1853750000\nH 0.0000000000 0.0000000000 0.5561250000",
    "n_qubits": 4,
    "alpha": 0.5,
    "energies": {
      "HF": -0.8379612209124854,
      "MP2": -0.8446783549114477,
      "CISD": -0.8471631751357211,
      "CCSD": -0.8471631887792409,
      "FCI": -0.8471631751357209
    },
    "converged": {
      "HF": true,
      "MP2": false,
      "CISD": true,
      "CCSD": true,
      "FCI": true
    },
    "fci_spin_matches_target": true,
    "fci_multiplicity": 1.0,
    "hf_method_fallback": "standard",
    "generation_time_s": 0.022,
    "timestamp": "2026-02-25T23:52:28.559511+00:00"
  }
}