{
  "hamiltonian": {
    "IIZI": -0.354707159432999,
    "IIIZ": -0.354707159432999,
    "IIII": 0.3255308803252365,
    "IZII": 0.21012610013683924,
    "ZIII": 0.2101261001368391,
    "IIZZ": 0.1852288826005845,
    "ZZII": 0.17906936829852038,
    "ZIIZ": 0.17593111690590071,
    "IZZI": 0.17593111690590071,
    "ZIZI": 0.13349090218026557,
    "IZIZ": 0.13349090218026557,
    "YXXY": 0.042440214725635125,
    "YYXX": -0.042440214725635125,
    "XXYY": -0.042440214725635125,
    "XYYX": 0.042440214725635125
  },
  "data": {
    "molecule_id": "D2_singlet_Dooh",
    "qubit_encoding": "JW",
    "basis": "sto-3g",
    "charge": 0,
    "multiplicity": 1,
    "geometry": "H 0.0000000000 0.0000000000 0.1112250000\nH 0.0000000000 0.0000000000 0.6302750000",
    "n_qubits": 4,
    "alpha": 0.7,
    "energies": {
      "HF": -1.058681426087668,
      "MP2": -1.0674742885993354,
      "CISD": -1.071365638413806,
      "CCSD": -1.071365672174747,
      "FCI": -1.0713656384138053
    },
    "converged": {
      "HF": true,
      "MP2": false,
      "CISD": true,
      "CCSD": true,
      "FCI": true
    },
    "fci_spin_matches_target": true,
    "fci_multiplicity": 1.0,
    "hf_method_fallback": "standard",
    "generation_time_s": 0.02,
    "timestamp": "2026-02-25T23:52:28.537581+00:00"
  }
}