{
  "hamiltonian": {
    "IIIZ": -0.25982382804539755,
    "IIZI": -0.2598238280453975,
    "IZII": 0.18308048285901937,
    "ZIII": 0.18308048285901934,
    "IIZZ": 0.1778301750056979,
    "ZZII": 0.17215227108864606,
    "ZIIZ": 0.16913942932195836,
    "IZZI": 0.16913942932195836,
    "ZIZI": 0.12482973632196143,
    "IZIZ": 0.12482973632196143,
    "YXXY": 0.04430969299999692,
    "YYXX": -0.04430969299999692,
    "XXYY": -0.04430969299999692,
    "XYYX": 0.04430969299999692,
    "IIII": 0.008518952505070385
  },
  "data": {
    "molecule_id": "D2_singlet_Dooh",
    "qubit_encoding": "JW",
    "basis": "sto-3g",
    "charge": 0,
    "multiplicity": 1,
    "geometry": "H 0.0000000000 0.0000000000 0.0370750000\nH 0.0000000000 0.0000000000 0.7044250000",
    "n_qubits": 4,
    "alpha": 0.9,
    "energies": {
      "HF": -1.115245554497259,
      "MP2": -1.1267800745353294,
      "CISD": -1.1328031357151542,
      "CCSD": -1.1328032633430571,
      "FCI": -1.1328031357151542
    },
    "converged": {
      "HF": true,
      "MP2": false,
      "CISD": true,
      "CCSD": true,
      "FCI": true
    },
    "fci_spin_matches_target": true,
    "fci_multiplicity": 1.0,
    "hf_method_fallback": "standard",
    "generation_time_s": 0.021,
    "timestamp": "2026-02-25T23:52:28.494953+00:00"
  }
}