{
  "hamiltonian": {
    "IIII": -1.254752199784781,
    "IZII": 0.8017193316112701,
    "ZIII": 0.80171933161127,
    "ZZII": 0.2382685237492435,
    "IIZZ": 0.1902542909308779,
    "IZZI": 0.17947983511898624,
    "ZIIZ": 0.17947983511898624,
    "IIIZ": 0.14590856703900038,
    "IIZI": 0.14590856703900032,
    "IZIZ": 0.1397389072213801,
    "ZIZI": 0.1397389072213801,
    "YZYI": 0.04525493570007554,
    "IXZX": 0.04525493570007554,
    "IYZY": 0.04525493570007554,
    "XZXI": 0.04525493570007554,
    "XIXI": 0.042625676875757475,
    "YIYI": 0.042625676875757475,
    "ZXZX": 0.042625676875757475,
    "ZYZY": 0.042625676875757475,
    "XXYY": -0.03974092789760611,
    "XYYX": 0.03974092789760611,
    "YXXY": 0.03974092789760611,
    "YYXX": -0.03974092789760611,
    "IXIX": -0.0026292477871509854,
    "XZXZ": -0.0026292477871509854,
    "YZYZ": -0.0026292477871509854,
    "IYIY": -0.0026292477871509854
  },
  "data": {
    "molecule_id": "HHe+_singlet_Coov",
    "qubit_encoding": "JW",
    "unit": "Angstrom",
    "basis": "sto-3g",
    "charge": 1,
    "multiplicity": 1,
    "spin": 0,
    "geometry": "He 0.1808200000 0.0000000000 0.0000000000\nH -0.4390200000 0.0000000000 0.0000000000",
    "n_qubits": 4,
    "n_particles": {
      "total": 2,
      "alpha": 1,
      "beta": 1
    },
    "hf_array": [
      1,
      1,
      0,
      0
    ],
    "hf_method": "pyscf.scf.hf_symm.SymAdaptedRHF",
    "convergence_threshold": 1e-06,
    "point_group": {
      "groupname": "Coov",
      "topgroup": "Coov"
    },
    "alpha": 0.8,
    "calculated_properties": {
      "HF": {
        "energy": -2.776288398929932,
        "converged": true
      },
      "MP2": {
        "energy": -2.7835855915817698,
        "converged": false
      },
      "CISD": {
        "energy": -2.786066999466107,
        "converged": true
      },
      "CCSD": {
        "energy": -2.7860670000899876,
        "converged": true,
        "t1_diagnostic": 0.005869039656260529
      },
      "FCI": {
        "energy": -2.7860669994661054,
        "converged": true,
        "spin_matches_target": true,
        "multiplicity": 1.0,
        "oscillatory_converged": false,
        "oscillation_energy_change": null
      }
    },
    "auxiliary_operators": {
      "number_operator": {
        "IIII": 2.0,
        "ZIII": -0.5,
        "IZII": -0.5,
        "IIZI": -0.5,
        "IIIZ": -0.5
      },
      "N_alpha": {
        "IIII": 1.0,
        "ZIII": -0.5,
        "IIZI": -0.5
      },
      "N_beta": {
        "IIII": 1.0,
        "IZII": -0.5,
        "IIIZ": -0.5
      },
      "S^2_operator": {
        "IIII": 0.75,
        "ZZII": -0.375,
        "IIZZ": -0.375,
        "YXYX": 0.125,
        "YXXY": -0.125,
        "XXYY": 0.125,
        "XXXX": 0.125,
        "YYYY": 0.125,
        "YYXX": 0.125,
        "XYYX": -0.125,
        "XYXY": 0.125,
        "ZIZI": 0.125,
        "ZIIZ": -0.125,
        "IZZI": -0.125,
        "IZIZ": 0.125
      },
      "UCCSD_operator": {
        "XXYX": 0.007697950620596488,
        "YYYX": -0.007697950620596488,
        "YXYY": 0.007697950620596488,
        "XYYY": 0.007697950620596488,
        "YXXX": -0.007697950620596488,
        "XYXX": -0.007697950620596488,
        "XXXY": 0.007697950620596488,
        "YYXY": -0.007697950620596488,
        "YZXI": 0.004151114304794142,
        "XZYI": -0.004151114304794142,
        "IYZX": 0.004151114304794142,
        "IXZY": -0.004151114304794142
      }
    },
    "hf_method_fallback": "standard",
    "generation_time_s": 0.015,
    "timestamp": "2026-04-03T21:43:52.964361+00:00",
    "formula_latex": "$\\mathrm{HHe^{+}}$"
  }
}