{
  "hamiltonian": {
    "IIII": -1.8955015025484105,
    "ZIII": 0.7014833123345646,
    "IZII": 0.7014833123345646,
    "ZZII": 0.24826135806312913,
    "IIZI": 0.21182740755381355,
    "IIIZ": 0.21182740755381355,
    "IIZZ": 0.1886237802356632,
    "IZZI": 0.10526788351586006,
    "ZIIZ": 0.10526788351586006,
    "IZIZ": 0.09016600024870725,
    "ZIZI": 0.09016600024870725,
    "YZYI": 0.05615609528297226,
    "IXZX": 0.05615609528297226,
    "IYZY": 0.05615609528297226,
    "XZXI": 0.05615609528297226,
    "XIXI": 0.037950594439201984,
    "YIYI": 0.037950594439201984,
    "ZXZX": 0.037950594439201984,
    "ZYZY": 0.037950594439201984,
    "IXIX": -0.01820546740065758,
    "XZXZ": -0.01820546740065758,
    "YZYZ": -0.01820546740065758,
    "IYIY": -0.01820546740065758,
    "XXYY": -0.015101883267152815,
    "XYYX": 0.015101883267152815,
    "YXXY": 0.015101883267152815,
    "YYXX": -0.015101883267152815
  },
  "data": {
    "molecule_id": "HHe+_singlet_Coov",
    "qubit_encoding": "JW",
    "unit": "Angstrom",
    "basis": "sto-3g",
    "charge": 1,
    "multiplicity": 1,
    "spin": 0,
    "geometry": "He 0.5682200000 0.0000000000 0.0000000000\nH -0.8264200000 0.0000000000 0.0000000000",
    "n_qubits": 4,
    "n_particles": {
      "total": 2,
      "alpha": 1,
      "beta": 1
    },
    "hf_array": [
      1,
      1,
      0,
      0
    ],
    "hf_method": "pyscf.scf.hf_symm.SymAdaptedRHF",
    "convergence_threshold": 1e-06,
    "point_group": {
      "groupname": "Coov",
      "topgroup": "Coov"
    },
    "alpha": 1.8,
    "calculated_properties": {
      "HF": {
        "energy": -2.828795941340255,
        "converged": true
      },
      "MP2": {
        "energy": -2.830852271695062,
        "converged": false
      },
      "CISD": {
        "energy": -2.830835262303782,
        "converged": true
      },
      "CCSD": {
        "energy": -2.8308352314287095,
        "converged": true,
        "t1_diagnostic": 0.00910178167061447
      },
      "FCI": {
        "energy": -2.8308352623037814,
        "converged": true,
        "spin_matches_target": true,
        "multiplicity": 1.0,
        "oscillatory_converged": false,
        "oscillation_energy_change": null
      }
    },
    "auxiliary_operators": {
      "number_operator": {
        "IIII": 2.0,
        "ZIII": -0.5,
        "IZII": -0.5,
        "IIZI": -0.5,
        "IIIZ": -0.5
      },
      "N_alpha": {
        "IIII": 1.0,
        "ZIII": -0.5,
        "IIZI": -0.5
      },
      "N_beta": {
        "IIII": 1.0,
        "IZII": -0.5,
        "IIIZ": -0.5
      },
      "S^2_operator": {
        "IIII": 0.75,
        "ZZII": -0.375,
        "IIZZ": -0.375,
        "YXYX": 0.125,
        "YXXY": -0.125,
        "XXYY": 0.125,
        "XXXX": 0.125,
        "YYYY": 0.125,
        "YYXX": 0.125,
        "XYYX": -0.125,
        "XYXY": 0.125,
        "ZIZI": 0.125,
        "ZIIZ": -0.125,
        "IZZI": -0.125,
        "IZIZ": 0.125
      },
      "UCCSD_operator": {
        "YZXI": 0.006436766787571914,
        "XZYI": -0.006436766787571914,
        "IYZX": 0.006436766787571914,
        "IXZY": -0.006436766787571914,
        "XXYX": 0.004240578364290397,
        "YYYX": -0.004240578364290397,
        "YXYY": 0.004240578364290397,
        "XYYY": 0.004240578364290397,
        "YXXX": -0.004240578364290397,
        "XYXX": -0.004240578364290397,
        "XXXY": 0.004240578364290397,
        "YYXY": -0.004240578364290397
      }
    },
    "hf_method_fallback": "standard",
    "generation_time_s": 0.016,
    "timestamp": "2026-04-03T21:43:52.736147+00:00",
    "formula_latex": "$\\mathrm{HHe^{+}}$"
  }
}