{
  "hamiltonian": {
    "IIII": -1.9346507488392095,
    "ZIII": 0.7007980597836394,
    "IZII": 0.7007980597836394,
    "ZZII": 0.26023556464102304,
    "IIZZ": 0.1925769515127784,
    "IIZI": 0.17464542201292851,
    "IIIZ": 0.17464542201292851,
    "IZZI": 0.07097680542194668,
    "ZIIZ": 0.07097680542194668,
    "IZIZ": 0.06769305262444746,
    "ZIZI": 0.06769305262444746,
    "YZYI": 0.030859252476937042,
    "XZXI": 0.030859252476937042,
    "IXZX": 0.030859252476937035,
    "IYZY": 0.030859252476937035,
    "ZXZX": 0.02033928316046291,
    "ZYZY": 0.02033928316046291,
    "YIYI": 0.020339283160462907,
    "XIXI": 0.020339283160462907,
    "IXIX": -0.010519865362416924,
    "XZXZ": -0.010519865362416924,
    "YZYZ": -0.010519865362416924,
    "IYIY": -0.010519865362416924,
    "XXYY": -0.003283752797499222,
    "XYYX": 0.003283752797499222,
    "YXXY": 0.003283752797499222,
    "YYXX": -0.003283752797499222
  },
  "data": {
    "molecule_id": "HHe+_singlet_Coov",
    "qubit_encoding": "JW",
    "unit": "Angstrom",
    "basis": "sto-3g",
    "charge": 1,
    "multiplicity": 1,
    "spin": 0,
    "geometry": "He 0.8394000000 0.0000000000 0.0000000000\nH -1.0976000000 0.0000000000 0.0000000000",
    "n_qubits": 4,
    "n_particles": {
      "total": 2,
      "alpha": 1,
      "beta": 1
    },
    "hf_array": [
      1,
      1,
      0,
      0
    ],
    "hf_method": "pyscf.scf.hf_symm.SymAdaptedRHF",
    "convergence_threshold": 1e-06,
    "point_group": {
      "groupname": "Coov",
      "topgroup": "Coov"
    },
    "alpha": 2.5,
    "calculated_properties": {
      "HF": {
        "energy": -2.811483224319618,
        "converged": true
      },
      "MP2": {
        "energy": -2.8116062200330645,
        "converged": false
      },
      "CISD": {
        "energy": -2.8115679604564674,
        "converged": true
      },
      "CCSD": {
        "energy": -2.8115679604348007,
        "converged": true
      },
      "FCI": {
        "energy": -2.8115679604564665,
        "converged": true,
        "spin_matches_target": true,
        "multiplicity": 1.0,
        "oscillatory_converged": false,
        "oscillation_energy_change": null
      }
    },
    "auxiliary_operators": {
      "number_operator": {
        "IIII": 2.0,
        "ZIII": -0.5,
        "IZII": -0.5,
        "IIZI": -0.5,
        "IIIZ": -0.5
      },
      "N_alpha": {
        "IIII": 1.0,
        "ZIII": -0.5,
        "IIZI": -0.5
      },
      "N_beta": {
        "IIII": 1.0,
        "IZII": -0.5,
        "IIIZ": -0.5
      },
      "S^2_operator": {
        "IIII": 0.75,
        "ZZII": -0.375,
        "IIZZ": -0.375,
        "YXYX": 0.125,
        "YXXY": -0.125,
        "XXYY": 0.125,
        "XXXX": 0.125,
        "YYYY": 0.125,
        "YYXX": 0.125,
        "XYYX": -0.125,
        "XYXY": 0.125,
        "ZIZI": 0.125,
        "ZIIZ": -0.125,
        "IZZI": -0.125,
        "IZIZ": 0.125
      },
      "UCCSD_operator": {
        "YZXI": 0.0008969110425727169,
        "XZYI": -0.0008969110425727169,
        "IYZX": 0.0008969110425727169,
        "IXZY": -0.0008969110425727169,
        "XXYX": 0.0008068048597855321,
        "YYYX": -0.0008068048597855321,
        "YXYY": 0.0008068048597855321,
        "XYYY": 0.0008068048597855321,
        "YXXX": -0.0008068048597855321,
        "XYXX": -0.0008068048597855321,
        "XXXY": 0.0008068048597855321,
        "YYXY": -0.0008068048597855321
      }
    },
    "hf_method_fallback": "standard",
    "generation_time_s": 0.017,
    "timestamp": "2026-04-03T21:43:52.850749+00:00"
  }
}