{
  "hamiltonian": {
    "IIII": -1.5458702237440072,
    "ZIII": 0.7582841397537895,
    "IZII": 0.7582841397537895,
    "ZZII": 0.2357714719386912,
    "IIZI": 0.19199555781172534,
    "IIIZ": 0.19199555781172534,
    "IIZZ": 0.18812537120562928,
    "IZZI": 0.16501438795697887,
    "ZIIZ": 0.16501438795697887,
    "IZIZ": 0.128678163527995,
    "ZIZI": 0.128678163527995,
    "YZYI": 0.052585631075139895,
    "XZXI": 0.052585631075139895,
    "IXZX": 0.05258563107513989,
    "IYZY": 0.05258563107513989,
    "ZXZX": 0.0432447843486047,
    "ZYZY": 0.0432447843486047,
    "YIYI": 0.043244784348604695,
    "XIXI": 0.043244784348604695,
    "XXYY": -0.036336224428983856,
    "XYYX": 0.036336224428983856,
    "YXXY": 0.036336224428983856,
    "YYXX": -0.036336224428983856,
    "IXIX": -0.009339374294952707,
    "XZXZ": -0.009339374294952707,
    "YZYZ": -0.009339374294952707,
    "IYIY": -0.009339374294952707
  },
  "data": {
    "molecule_id": "HHe+_singlet_Coov",
    "qubit_encoding": "JW",
    "unit": "Angstrom",
    "basis": "sto-3g",
    "charge": 1,
    "multiplicity": 1,
    "spin": 0,
    "geometry": "He 0.2583000000 0.0000000000 0.0000000000\nH -0.5165000000 0.0000000000 0.0000000000",
    "n_qubits": 4,
    "n_particles": {
      "total": 2,
      "alpha": 1,
      "beta": 1
    },
    "hf_array": [
      1,
      1,
      0,
      0
    ],
    "hf_method": "pyscf.scf.hf_symm.SymAdaptedRHF",
    "convergence_threshold": 1e-06,
    "point_group": {
      "groupname": "Coov",
      "topgroup": "Coov"
    },
    "alpha": 1.0,
    "calculated_properties": {
      "HF": {
        "energy": -2.8419356474537625,
        "converged": true
      },
      "MP2": {
        "energy": -2.8491724690565334,
        "converged": false
      },
      "CISD": {
        "energy": -2.851562662232365,
        "converged": true
      },
      "CCSD": {
        "energy": -2.851562666931454,
        "converged": true
      },
      "FCI": {
        "energy": -2.851562662232365,
        "converged": true,
        "spin_matches_target": true,
        "multiplicity": 0.9999999999999998,
        "oscillatory_converged": false,
        "oscillation_energy_change": null
      }
    },
    "auxiliary_operators": {
      "number_operator": {
        "IIII": 2.0,
        "ZIII": -0.5,
        "IZII": -0.5,
        "IIZI": -0.5,
        "IIIZ": -0.5
      },
      "N_alpha": {
        "IIII": 1.0,
        "ZIII": -0.5,
        "IIZI": -0.5
      },
      "N_beta": {
        "IIII": 1.0,
        "IZII": -0.5,
        "IIIZ": -0.5
      },
      "S^2_operator": {
        "IIII": 0.75,
        "ZZII": -0.375,
        "IIZZ": -0.375,
        "YXYX": 0.125,
        "YXXY": -0.125,
        "XXYY": 0.125,
        "XXXX": 0.125,
        "YYYY": 0.125,
        "YYXX": 0.125,
        "XYYX": -0.125,
        "XYXY": 0.125,
        "ZIZI": 0.125,
        "ZIIZ": -0.125,
        "IZZI": -0.125,
        "IZIZ": 0.125
      },
      "UCCSD_operator": {
        "XXYX": 0.008299575314271232,
        "YYYX": -0.008299575314271232,
        "YXYY": 0.008299575314271232,
        "XYYY": 0.008299575314271232,
        "YXXX": -0.008299575314271232,
        "XYXX": -0.008299575314271232,
        "XXXY": 0.008299575314271232,
        "YYXY": -0.008299575314271232,
        "YZXI": 0.006332457293984976,
        "XZYI": -0.006332457293984976,
        "IYZX": 0.006332457293984976,
        "IXZY": -0.006332457293984976
      }
    },
    "hf_method_fallback": "standard",
    "generation_time_s": 0.029,
    "timestamp": "2026-04-03T21:43:52.606358+00:00",
    "formula_latex": "$\\mathrm{HHe^{+}}$"
  }
}