{
  "hamiltonian": {
    "IIII": -1.9148030541316337,
    "ZIII": 0.7001778945678974,
    "IZII": 0.7001778945678974,
    "ZZII": 0.25271683442301635,
    "IIIZ": 0.20143927429268083,
    "IIZI": 0.20143927429268077,
    "IIZZ": 0.19004685134728277,
    "IZZI": 0.09318521634309887,
    "ZIIZ": 0.09318521634309887,
    "IZIZ": 0.08271007835231341,
    "ZIZI": 0.08271007835231341,
    "YZYI": 0.0499726304121102,
    "IXZX": 0.0499726304121102,
    "IYZY": 0.0499726304121102,
    "XZXI": 0.0499726304121102,
    "XIXI": 0.03331488035094174,
    "YIYI": 0.03331488035094174,
    "ZXZX": 0.03331488035094174,
    "ZYZY": 0.03331488035094174,
    "IXIX": -0.016657659479057427,
    "XZXZ": -0.016657659479057427,
    "YZYZ": -0.016657659479057427,
    "IYIY": -0.016657659479057427,
    "XXYY": -0.010475137990785461,
    "XYYX": 0.010475137990785461,
    "YXXY": 0.010475137990785461,
    "YYXX": -0.010475137990785461
  },
  "data": {
    "molecule_id": "HHe+_singlet_Coov",
    "qubit_encoding": "JW",
    "unit": "Angstrom",
    "basis": "sto-3g",
    "charge": 1,
    "multiplicity": 1,
    "spin": 0,
    "geometry": "He 0.6457000000 0.0000000000 0.0000000000\nH -0.9039000000 0.0000000000 0.0000000000",
    "n_qubits": 4,
    "n_particles": {
      "total": 2,
      "alpha": 1,
      "beta": 1
    },
    "hf_array": [
      1,
      1,
      0,
      0
    ],
    "hf_method": "pyscf.scf.hf_symm.SymAdaptedRHF",
    "convergence_threshold": 1e-06,
    "point_group": {
      "groupname": "Coov",
      "topgroup": "Coov"
    },
    "alpha": 2.0,
    "calculated_properties": {
      "HF": {
        "energy": -2.821307198302592,
        "converged": true
      },
      "MP2": {
        "energy": -2.8223835862760653,
        "converged": false
      },
      "CISD": {
        "energy": -2.8222590632886018,
        "converged": true
      },
      "CCSD": {
        "energy": -2.8222590557112484,
        "converged": true,
        "t1_diagnostic": 0.006083584526258586
      },
      "FCI": {
        "energy": -2.8222590632886027,
        "converged": true,
        "spin_matches_target": true,
        "multiplicity": 1.0,
        "oscillatory_converged": false,
        "oscillation_energy_change": null
      }
    },
    "auxiliary_operators": {
      "number_operator": {
        "IIII": 2.0,
        "ZIII": -0.5,
        "IZII": -0.5,
        "IIZI": -0.5,
        "IIIZ": -0.5
      },
      "N_alpha": {
        "IIII": 1.0,
        "ZIII": -0.5,
        "IIZI": -0.5
      },
      "N_beta": {
        "IIII": 1.0,
        "IZII": -0.5,
        "IIIZ": -0.5
      },
      "S^2_operator": {
        "IIII": 0.75,
        "ZZII": -0.375,
        "IIZZ": -0.375,
        "YXYX": 0.125,
        "YXXY": -0.125,
        "XXYY": 0.125,
        "XXXX": 0.125,
        "YYYY": 0.125,
        "YYXX": 0.125,
        "XYYX": -0.125,
        "XYXY": 0.125,
        "ZIZI": 0.125,
        "ZIIZ": -0.125,
        "IZZI": -0.125,
        "IZIZ": 0.125
      },
      "UCCSD_operator": {
        "YZXI": 0.004303753240923948,
        "XZYI": -0.004303753240923948,
        "IYZX": 0.004303753240923948,
        "IXZY": -0.004303753240923948,
        "XXYX": 0.0028489031160844236,
        "YYYX": -0.0028489031160844236,
        "YXYY": 0.0028489031160844236,
        "XYYY": 0.0028489031160844236,
        "YXXX": -0.0028489031160844236,
        "XYXX": -0.0028489031160844236,
        "XXXY": 0.0028489031160844236,
        "YYXY": -0.0028489031160844236
      }
    },
    "hf_method_fallback": "standard",
    "generation_time_s": 0.015,
    "timestamp": "2026-04-03T21:43:52.766677+00:00",
    "formula_latex": "$\\mathrm{HHe^{+}}$"
  }
}