{
  "hamiltonian": {
    "IIII": -1.7104282372083326,
    "ZIII": 0.7306424557474069,
    "IZII": 0.7306424557474069,
    "ZZII": 0.2363604666036322,
    "IIZI": 0.21462515709750427,
    "IIIZ": 0.21462515709750427,
    "IIZZ": 0.18678777594670734,
    "IZZI": 0.14961180212893183,
    "ZIIZ": 0.14961180212893183,
    "IZIZ": 0.11791521464735806,
    "ZIZI": 0.11791521464735806,
    "YZYI": 0.05805206193888619,
    "IXZX": 0.05805206193888619,
    "IYZY": 0.05805206193888619,
    "XZXI": 0.05805206193888619,
    "XIXI": 0.04384008439684084,
    "YIYI": 0.04384008439684084,
    "ZXZX": 0.04384008439684084,
    "ZYZY": 0.04384008439684084,
    "XXYY": -0.03169658748157376,
    "XYYX": 0.03169658748157376,
    "YXXY": 0.03169658748157376,
    "YYXX": -0.03169658748157376,
    "IXIX": -0.01421196865038486,
    "XZXZ": -0.01421196865038486,
    "YZYZ": -0.01421196865038486,
    "IYIY": -0.01421196865038486
  },
  "data": {
    "molecule_id": "HHe+_singlet_Coov",
    "qubit_encoding": "JW",
    "unit": "Angstrom",
    "basis": "sto-3g",
    "charge": 1,
    "multiplicity": 1,
    "spin": 0,
    "geometry": "He 0.3357800000 0.0000000000 0.0000000000\nH -0.5939800000 0.0000000000 0.0000000000",
    "n_qubits": 4,
    "n_particles": {
      "total": 2,
      "alpha": 1,
      "beta": 1
    },
    "hf_array": [
      1,
      1,
      0,
      0
    ],
    "hf_method": "pyscf.scf.hf_symm.SymAdaptedRHF",
    "convergence_threshold": 1e-06,
    "point_group": {
      "groupname": "Coov",
      "topgroup": "Coov"
    },
    "alpha": 1.2,
    "calculated_properties": {
      "HF": {
        "energy": -2.8543686255103786,
        "converged": true
      },
      "MP2": {
        "energy": -2.86076860438829,
        "converged": false
      },
      "CISD": {
        "energy": -2.862591143118564,
        "converged": true
      },
      "CCSD": {
        "energy": -2.8625911227428467,
        "converged": true
      },
      "FCI": {
        "energy": -2.8625911431185624,
        "converged": true,
        "spin_matches_target": true,
        "multiplicity": 1.0,
        "oscillatory_converged": false,
        "oscillation_energy_change": null
      }
    },
    "auxiliary_operators": {
      "number_operator": {
        "IIII": 2.0,
        "ZIII": -0.5,
        "IZII": -0.5,
        "IIZI": -0.5,
        "IIIZ": -0.5
      },
      "N_alpha": {
        "IIII": 1.0,
        "ZIII": -0.5,
        "IIZI": -0.5
      },
      "N_beta": {
        "IIII": 1.0,
        "IZII": -0.5,
        "IIIZ": -0.5
      },
      "S^2_operator": {
        "IIII": 0.75,
        "ZZII": -0.375,
        "IIZZ": -0.375,
        "YXYX": 0.125,
        "YXXY": -0.125,
        "XXYY": 0.125,
        "XXXX": 0.125,
        "YYYY": 0.125,
        "YYXX": 0.125,
        "XYYX": -0.125,
        "XYXY": 0.125,
        "ZIZI": 0.125,
        "ZIIZ": -0.125,
        "IZZI": -0.125,
        "IZIZ": 0.125
      },
      "UCCSD_operator": {
        "YZXI": 0.008191801421227413,
        "XZYI": -0.008191801421227413,
        "IYZX": 0.008191801421227413,
        "IXZY": -0.008191801421227413,
        "XXYX": 0.008140200149355147,
        "YYYX": -0.008140200149355147,
        "YXYY": 0.008140200149355147,
        "XYYY": 0.008140200149355147,
        "YXXX": -0.008140200149355147,
        "XYXX": -0.008140200149355147,
        "XXXY": 0.008140200149355147,
        "YYXY": -0.008140200149355147
      }
    },
    "hf_method_fallback": "standard",
    "generation_time_s": 0.016,
    "timestamp": "2026-04-03T21:43:52.639496+00:00",
    "formula_latex": "$\\mathrm{HHe^{+}}$"
  }
}