{
  "hamiltonian": {
    "IIII": -1.0271688629618134,
    "ZIII": 0.8311290338733549,
    "IZII": 0.8311290338733548,
    "ZZII": 0.2409167832321711,
    "IIZZ": 0.1912081122212446,
    "IZZI": 0.18603386306253944,
    "ZIIZ": 0.18603386306253944,
    "ZIZI": 0.1451331131043888,
    "IZIZ": 0.1451331131043888,
    "IIIZ": 0.11091962907198091,
    "IIZI": 0.11091962907198091,
    "XIXI": 0.04277065348370541,
    "YIYI": 0.04277065348370541,
    "ZXZX": 0.0427706534837054,
    "ZYZY": 0.0427706534837054,
    "IXZX": 0.041332502785599766,
    "IYZY": 0.041332502785599766,
    "XZXI": 0.04133250278559976,
    "YZYI": 0.04133250278559976,
    "XXYY": -0.04090074995815062,
    "XYYX": 0.04090074995815062,
    "YXXY": 0.04090074995815062,
    "YYXX": -0.04090074995815062,
    "IXIX": 0.0014381631517573136,
    "XZXZ": 0.0014381631517573136,
    "YZYZ": 0.0014381631517573136,
    "IYIY": 0.0014381631517573136
  },
  "data": {
    "molecule_id": "HHe+_singlet_Coov",
    "qubit_encoding": "JW",
    "unit": "Angstrom",
    "basis": "sto-3g",
    "charge": 1,
    "multiplicity": 1,
    "spin": 0,
    "geometry": "He 0.1420800000 0.0000000000 0.0000000000\nH -0.4002800000 0.0000000000 0.0000000000",
    "n_qubits": 4,
    "n_particles": {
      "total": 2,
      "alpha": 1,
      "beta": 1
    },
    "hf_array": [
      1,
      1,
      0,
      0
    ],
    "hf_method": "pyscf.scf.hf_symm.SymAdaptedRHF",
    "convergence_threshold": 1e-06,
    "point_group": {
      "groupname": "Coov",
      "topgroup": "Coov"
    },
    "alpha": 0.7,
    "calculated_properties": {
      "HF": {
        "energy": -2.6977967294450025,
        "converged": true
      },
      "MP2": {
        "energy": -2.7048372968833374,
        "converged": false
      },
      "CISD": {
        "energy": -2.707176412479012,
        "converged": true
      },
      "CCSD": {
        "energy": -2.707176411924939,
        "converged": true
      },
      "FCI": {
        "energy": -2.7071764124790105,
        "converged": true,
        "spin_matches_target": true,
        "multiplicity": 1.0,
        "oscillatory_converged": false,
        "oscillation_energy_change": null
      }
    },
    "auxiliary_operators": {
      "number_operator": {
        "IIII": 2.0,
        "ZIII": -0.5,
        "IZII": -0.5,
        "IIZI": -0.5,
        "IIIZ": -0.5
      },
      "N_alpha": {
        "IIII": 1.0,
        "ZIII": -0.5,
        "IIZI": -0.5
      },
      "N_beta": {
        "IIII": 1.0,
        "IZII": -0.5,
        "IIIZ": -0.5
      },
      "S^2_operator": {
        "IIII": 0.75,
        "ZZII": -0.375,
        "IIZZ": -0.375,
        "YXYX": 0.125,
        "YXXY": -0.125,
        "XXYY": 0.125,
        "XXXX": 0.125,
        "YYYY": 0.125,
        "YYXX": 0.125,
        "XYYX": -0.125,
        "XYXY": 0.125,
        "ZIZI": 0.125,
        "ZIIZ": -0.125,
        "IZZI": -0.125,
        "IZIZ": 0.125
      },
      "UCCSD_operator": {
        "XXYX": 0.007171532965344786,
        "YYYX": -0.007171532965344786,
        "YXYY": 0.007171532965344786,
        "XYYY": 0.007171532965344786,
        "YXXX": -0.007171532965344786,
        "XYXX": -0.007171532965344786,
        "XXXY": 0.007171532965344786,
        "YYXY": -0.007171532965344786,
        "YZXI": 0.0031737421780040362,
        "XZYI": -0.0031737421780040362,
        "IYZX": 0.0031737421780040362,
        "IXZY": -0.0031737421780040362
      }
    },
    "hf_method_fallback": "standard",
    "generation_time_s": 0.016,
    "timestamp": "2026-04-03T21:43:52.980689+00:00",
    "formula_latex": "$\\mathrm{HHe^{+}}$"
  }
}