{
  "hamiltonian": {
    "IIII": -1.9374325949801363,
    "ZIII": 0.7012071207011705,
    "IZII": 0.7012071207011705,
    "ZZII": 0.2617517661437269,
    "IIZZ": 0.19305627498697295,
    "IIZI": 0.16532210921712578,
    "IIIZ": 0.16532210921712578,
    "IZZI": 0.0648250472621689,
    "ZIIZ": 0.0648250472621689,
    "IZIZ": 0.06291561409634375,
    "ZIZI": 0.06291561409634375,
    "YZYI": 0.024040177991044305,
    "IXZX": 0.024040177991044305,
    "IYZY": 0.024040177991044305,
    "XZXI": 0.024040177991044305,
    "XIXI": 0.015852500852397197,
    "YIYI": 0.015852500852397197,
    "ZXZX": 0.015852500852397197,
    "ZYZY": 0.015852500852397197,
    "IXIX": -0.00818761642025633,
    "XZXZ": -0.00818761642025633,
    "YZYZ": -0.00818761642025633,
    "IYIY": -0.00818761642025633,
    "XXYY": -0.0019094331658251504,
    "XYYX": 0.0019094331658251504,
    "YXXY": 0.0019094331658251504,
    "YYXX": -0.0019094331658251504
  },
  "data": {
    "molecule_id": "HHe+_singlet_Coov",
    "qubit_encoding": "JW",
    "unit": "Angstrom",
    "basis": "sto-3g",
    "charge": 1,
    "multiplicity": 1,
    "spin": 0,
    "geometry": "He 0.9168800000 0.0000000000 0.0000000000\nH -1.1750800000 0.0000000000 0.0000000000",
    "n_qubits": 4,
    "n_particles": {
      "total": 2,
      "alpha": 1,
      "beta": 1
    },
    "hf_array": [
      1,
      1,
      0,
      0
    ],
    "hf_method": "pyscf.scf.hf_symm.SymAdaptedRHF",
    "convergence_threshold": 1e-06,
    "point_group": {
      "groupname": "Coov",
      "topgroup": "Coov"
    },
    "alpha": 2.7,
    "calculated_properties": {
      "HF": {
        "energy": -2.80987589953455,
        "converged": true
      },
      "MP2": {
        "energy": -2.809919231516613,
        "converged": false
      },
      "CISD": {
        "energy": -2.809903671463228,
        "converged": true
      },
      "CCSD": {
        "energy": -2.809903671465635,
        "converged": true
      },
      "FCI": {
        "energy": -2.8099036714632293,
        "converged": true,
        "spin_matches_target": true,
        "multiplicity": 0.9999999999999997,
        "oscillatory_converged": false,
        "oscillation_energy_change": null
      }
    },
    "auxiliary_operators": {
      "number_operator": {
        "IIII": 2.0,
        "ZIII": -0.5,
        "IZII": -0.5,
        "IIZI": -0.5,
        "IIIZ": -0.5
      },
      "N_alpha": {
        "IIII": 1.0,
        "ZIII": -0.5,
        "IIZI": -0.5
      },
      "N_beta": {
        "IIII": 1.0,
        "IZII": -0.5,
        "IIIZ": -0.5
      },
      "S^2_operator": {
        "IIII": 0.75,
        "ZZII": -0.375,
        "IIZZ": -0.375,
        "YXYX": 0.125,
        "YXXY": -0.125,
        "XXYY": 0.125,
        "XXXX": 0.125,
        "YYYY": 0.125,
        "YYXX": 0.125,
        "XYYX": -0.125,
        "XYXY": 0.125,
        "ZIZI": 0.125,
        "ZIIZ": -0.125,
        "IZZI": -0.125,
        "IZIZ": 0.125
      },
      "UCCSD_operator": {
        "XXYX": 0.0004546047498073915,
        "YYYX": -0.0004546047498073915,
        "YXYY": 0.0004546047498073915,
        "XYYY": 0.0004546047498073915,
        "YXXX": -0.0004546047498073915,
        "XYXX": -0.0004546047498073915,
        "XXXY": 0.0004546047498073915,
        "YYXY": -0.0004546047498073915,
        "YZXI": 0.00040727034883827407,
        "XZYI": -0.00040727034883827407,
        "IYZX": 0.00040727034883827407,
        "IXZY": -0.00040727034883827407
      }
    },
    "hf_method_fallback": "standard",
    "generation_time_s": 0.016,
    "timestamp": "2026-04-03T21:43:52.886030+00:00"
  }
}