{
  "hamiltonian": {
    "IIIIIIIIII": -15.80752367530387,
    "IZIIIIIIII": 3.977170261095489,
    "ZIIIIIIIII": 3.9771702610954884,
    "ZZIIIIIIII": 0.7243233991555815,
    "IIZIIIIIII": 0.19716678433985224,
    "IIIZIIIIII": 0.1971667843398522,
    "ZIIZIIIIII": 0.18561967957915151,
    "IZZIIIIIII": 0.18561967957915151,
    "ZIIIIIIZII": 0.18552226547593348,
    "IZIIIIZIII": 0.18552226547593348,
    "IZIIIIIIZI": 0.18552226547593345,
    "ZIIIIZIIII": 0.18552226547593345,
    "IZIIZIIIII": 0.18552226547593345,
    "ZIIIIIIIIZ": 0.18552226547593345,
    "ZIIIZIIIII": 0.1801688176866467,
    "ZIIIIIIIZI": 0.1801688176866467,
    "ZIIIIIZIII": 0.1801688176866467,
    "IZIIIZIIII": 0.1801688176866467,
    "IZIIIIIZII": 0.1801688176866467,
    "IZIIIIIIIZ": 0.1801688176866467,
    "IZIZIIIIII": 0.17115716806140704,
    "ZIZIIIIIII": 0.17115716806140704,
    "IIIIIIZZII": 0.1466931859947331,
    "IIIIZZIIII": 0.14669318599473308,
    "IIIIIIIIZZ": 0.14669318599473308,
    "IIIZZIIIII": 0.13338097933982102,
    "IIIZIIZIII": 0.13338097933982102,
    "IIIZIIIIZI": 0.13338097933982102,
    "IIZIIIIIIZ": 0.13338097933982102,
    "IIZIIZIIII": 0.13338097933982102,
    "IIZIIIIZII": 0.13338097933982102,
    "IIZZIIIIII": 0.13147116349681595,
    "IIIIIIIZZI": 0.13087837036692285,
    "IIIIIIZIIZ": 0.13087837036692285,
    "IIIIZIIZII": 0.13087837036692285,
    "IIIIZIIIIZ": 0.13087837036692285,
    "IIIIIZIIZI": 0.13087837036692285,
    "IIIIIZZIII": 0.13087837036692285,
    "IIIIZIIIZI": 0.12297096255301776,
    "IIIIIZIZII": 0.12297096255301776,
    "IIIIZIZIII": 0.12297096255301776,
    "IIIIIIZIZI": 0.12297096255301776,
    "IIIIIIIZIZ": 0.12297096255301776,
    "IIIIIZIIIZ": 0.12297096255301776,
    "IIZIIIZIII": 0.10518811955315459,
    "IIZIIIIIZI": 0.10518811955315459,
    "IIIZIIIIIZ": 0.10518811955315459,
    "IIIZIZIIII": 0.10518811955315459,
    "IIIZIIIZII": 0.10518811955315459,
    "IIZIZIIIII": 0.10518811955315459,
    "ZXZXIIIIII": 0.08107580474131813,
    "ZYZYIIIIII": 0.08107580474131813,
    "XIXIIIIIII": 0.08107580474131813,
    "YIYIIIIIII": 0.08107580474131813,
    "IIIIIZIIII": 0.05012744644374567,
    "IIIIIIIIZI": 0.050127446443745616,
    "IIIIIIIZII": 0.050127446443745616,
    "IIIIIIZIII": 0.050127446443745616,
    "IIIIZIIIII": 0.05012744644374556,
    "IIIIIIIIIZ": 0.05012744644374553,
    "XZXIIIIIII": 0.0477878644456615,
    "YZYIIIIIII": 0.0477878644456615,
    "IXZXIIIIII": 0.0477878644456615,
    "IYZYIIIIII": 0.0477878644456615,
    "IIXYIIIIYX": 0.028192859786666448,
    "IIXXIIIIYY": -0.028192859786666448,
    "IIYYIIIIXX": -0.028192859786666448,
    "IIYXIIIIXY": 0.028192859786666448,
    "IIYXIIXYII": 0.028192859786666448,
    "IIXYIIYXII": 0.028192859786666448,
    "IIXYYXIIII": 0.028192859786666448,
    "IIXXYYIIII": -0.028192859786666448,
    "IIYYXXIIII": -0.028192859786666448,
    "IIYXXYIIII": 0.028192859786666448,
    "IIYYIIXXII": -0.028192859786666448,
    "IIXXIIYYII": -0.028192859786666448,
    "YXXYIIIIII": 0.014462511517744471,
    "YYXXIIIIII": -0.014462511517744471,
    "XXYYIIIIII": -0.014462511517744471,
    "XYYXIIIIII": 0.014462511517744471,
    "XZXIIIZIII": 0.009754478457956505,
    "YZYIIIZIII": 0.009754478457956505,
    "IYZYIIIZII": 0.009754478457956505,
    "IXZXIIIZII": 0.009754478457956505,
    "IXZXIZIIII": 0.009754478457956501,
    "IYZYIZIIII": 0.009754478457956501,
    "YZYIIIIIZI": 0.009754478457956501,
    "XZXIIIIIZI": 0.009754478457956501,
    "YZYIZIIIII": 0.009754478457956501,
    "IXZXIIIIIZ": 0.009754478457956501,
    "IYZYIIIIIZ": 0.009754478457956501,
    "XZXIZIIIII": 0.009754478457956501,
    "IIIIYXXYII": 0.007907407813905082,
    "IIIIYYXXII": -0.007907407813905082,
    "IIIIXXYYII": -0.007907407813905082,
    "IIIIXYYXII": 0.007907407813905082,
    "IIIIYYIIXX": -0.007907407813905082,
    "IIIIXXIIYY": -0.007907407813905082,
    "IIIIXYIIYX": 0.007907407813905082,
    "IIIIIIYXXY": 0.007907407813905082,
    "IIIIIIYYXX": -0.007907407813905082,
    "IIIIIIXXYY": -0.007907407813905082,
    "IIIIIIXYYX": 0.007907407813905082,
    "IIIIYXIIXY": 0.007907407813905082,
    "IYXIIIXYII": -0.00687214100169462,
    "XZZYIIIIYX": 0.00687214100169462,
    "XZZXIIYYII": -0.00687214100169462,
    "XZZYIIYXII": 0.00687214100169462,
    "YZZXIIIIXY": 0.00687214100169462,
    "YZZYIIIIXX": -0.00687214100169462,
    "XZZXIIIIYY": -0.00687214100169462,
    "XZZYYXIIII": 0.00687214100169462,
    "XZZXYYIIII": -0.00687214100169462,
    "YZZYXXIIII": -0.00687214100169462,
    "YZZXXYIIII": 0.00687214100169462,
    "YZZYIIXXII": -0.00687214100169462,
    "IYYIYYIIII": -0.00687214100169462,
    "IXXIXXIIII": -0.00687214100169462,
    "IYXIXYIIII": -0.00687214100169462,
    "IYYIIIYYII": -0.00687214100169462,
    "IXYIIIIIYX": -0.00687214100169462,
    "IXXIIIIIXX": -0.00687214100169462,
    "IXYIYXIIII": -0.00687214100169462,
    "IYXIIIIIXY": -0.00687214100169462,
    "IYYIIIIIYY": -0.00687214100169462,
    "IXYIIIYXII": -0.00687214100169462,
    "IXXIIIXXII": -0.00687214100169462,
    "YZZXIIXYII": 0.00687214100169462,
    "XXIIIIIIYY": -0.005353447789286757,
    "XYIIIIIIYX": 0.005353447789286757,
    "YXIIIIIIXY": 0.005353447789286757,
    "XYIIIIYXII": 0.005353447789286757,
    "XXIIIIYYII": -0.005353447789286757,
    "YYIIIIXXII": -0.005353447789286757,
    "YXIIIIXYII": 0.005353447789286757,
    "XYIIYXIIII": 0.005353447789286757,
    "XXIIYYIIII": -0.005353447789286757,
    "YYIIIIIIXX": -0.005353447789286757,
    "YYIIXXIIII": -0.005353447789286757,
    "YXIIXYIIII": 0.005353447789286757,
    "IYIYIIIIII": 0.004622507446998452,
    "XZXZIIIIII": 0.004622507446998452,
    "YZYZIIIIII": 0.004622507446998452,
    "IXIXIIIIII": 0.004622507446998452,
    "IXZXIIZIII": 0.002882337456261884,
    "YZYIIIIZII": 0.002882337456261884,
    "XZXIIIIZII": 0.002882337456261884,
    "IYZYIIZIII": 0.002882337456261884,
    "IXZXZIIIII": 0.0028823374562618807,
    "YZYIIZIIII": 0.0028823374562618807,
    "IXZXIIIIZI": 0.0028823374562618807,
    "XZXIIIIIIZ": 0.0028823374562618807,
    "YZYIIIIIIZ": 0.0028823374562618807,
    "XZXIIZIIII": 0.0028823374562618807,
    "IYZYZIIIII": 0.0028823374562618807,
    "IYZYIIIIZI": 0.0028823374562618807
  },
  "data": {
    "molecule_id": "B+_singlet_Kh",
    "qubit_encoding": "JW",
    "basis": "sto-3g",
    "charge": 1,
    "multiplicity": 1,
    "geometry": "B 0.0000000000 0.0000000000 0.0000000000",
    "n_qubits": 10,
    "alpha": 1.0,
    "energies": {
      "HF": -23.94847036640804,
      "MP2": -23.97850134861997,
      "CISD": -24.009805385476337,
      "CCSD": -24.009810822320034,
      "FCI": -24.009814668969888
    },
    "converged": {
      "HF": true,
      "MP2": false,
      "CISD": true,
      "CCSD": true,
      "FCI": true
    },
    "fci_spin_matches_target": true,
    "fci_multiplicity": 1.000000000000001,
    "hf_method_fallback": "standard",
    "generation_time_s": 0.08,
    "timestamp": "2026-02-25T23:48:01.062507+00:00"
  }
}