{
  "hamiltonian": {
    "IIIIIIIIII": -9.009401659441375,
    "ZIIIIIIIII": 2.2432292442644055,
    "IZIIIIIIII": 2.2432292442644055,
    "ZZIIIIIIII": 0.5688334595598638,
    "IIIIIIIIIZ": -0.14843247624355171,
    "IIIIIIIIZI": -0.1484324762435517,
    "IIIIZIIIII": -0.14843247624355166,
    "IIIIIIZIII": -0.14843247624355166,
    "IIIIIIIZII": -0.14843247624355166,
    "IIIIIZIIII": -0.1484324762435516,
    "ZIIZIIIIII": 0.1428090770625457,
    "IZZIIIIIII": 0.1428090770625457,
    "IZIIIIIIZI": 0.1423072091140695,
    "IZIIIIZIII": 0.1423072091140695,
    "ZIIIIZIIII": 0.1423072091140695,
    "ZIIIIIIZII": 0.1423072091140695,
    "IZIIZIIIII": 0.1423072091140695,
    "ZIIIIIIIIZ": 0.1423072091140695,
    "ZIIIZIIIII": 0.13840743947031442,
    "ZIIIIIZIII": 0.13840743947031442,
    "ZIIIIIIIZI": 0.13840743947031442,
    "IZIIIZIIII": 0.13840743947031442,
    "IZIIIIIIIZ": 0.13840743947031442,
    "IZIIIIIZII": 0.13840743947031442,
    "IZIZIIIIII": 0.13173460012846266,
    "ZIZIIIIIII": 0.13173460012846266,
    "IIIIIIZZII": 0.1124647602716677,
    "IIIIZZIIII": 0.11246476027166769,
    "IIIIIIIIZZ": 0.11246476027166769,
    "IIIZIIIIZI": 0.10239922598622095,
    "IIIZIIZIII": 0.10239922598622095,
    "IIIZZIIIII": 0.10239922598622095,
    "IIZIIIIIIZ": 0.10239922598622095,
    "IIZIIIIZII": 0.10239922598622095,
    "IIZIIZIIII": 0.10239922598622095,
    "IIZZIIIIII": 0.101034404943563,
    "IIIIZIIZII": 0.10034007066108214,
    "IIIIIZZIII": 0.10034007066108214,
    "IIIIIZIIZI": 0.10034007066108214,
    "IIIIZIIIIZ": 0.10034007066108214,
    "IIIIIIZIIZ": 0.10034007066108214,
    "IIIIIIIZZI": 0.10034007066108214,
    "IIIIIZIZII": 0.09427772585578935,
    "IIIIZIIIZI": 0.09427772585578935,
    "IIIIIIIZIZ": 0.09427772585578935,
    "IIIIZIZIII": 0.09427772585578935,
    "IIIIIIZIZI": 0.09427772585578935,
    "IIIIIZIIIZ": 0.09427772585578935,
    "IIZIIIZIII": 0.08069698112084052,
    "IIIZIIIZII": 0.08069698112084052,
    "IIZIZIIIII": 0.08069698112084052,
    "IIZIIIIIZI": 0.08069698112084052,
    "IIIZIZIIII": 0.08069698112084052,
    "IIIZIIIIIZ": 0.08069698112084052,
    "ZXZXIIIIII": 0.06333252735335528,
    "XIXIIIIIII": 0.06333252735335528,
    "ZYZYIIIIII": 0.06333252735335528,
    "YIYIIIIIII": 0.06333252735335528,
    "IIIZIIIIII": -0.0466916922882358,
    "IIZIIIIIII": -0.0466916922882358,
    "IYZYIIIIII": 0.03806162406796898,
    "IXZXIIIIII": 0.03806162406796898,
    "YZYIIIIIII": 0.038061624067968966,
    "XZXIIIIIII": 0.038061624067968966,
    "IIXYIIYXII": 0.021702244865380443,
    "IIYXIIIIXY": 0.021702244865380443,
    "IIYYIIIIXX": -0.021702244865380443,
    "IIXXIIIIYY": -0.021702244865380443,
    "IIXYIIIIYX": 0.021702244865380443,
    "IIYXXYIIII": 0.021702244865380443,
    "IIXXIIYYII": -0.021702244865380443,
    "IIXYYXIIII": 0.021702244865380443,
    "IIYYIIXXII": -0.021702244865380443,
    "IIYXIIXYII": 0.021702244865380443,
    "IIXXYYIIII": -0.021702244865380443,
    "IIYYXXIIII": -0.021702244865380443,
    "YXXYIIIIII": 0.011074476934083017,
    "YYXXIIIIII": -0.011074476934083017,
    "XXYYIIIIII": -0.011074476934083017,
    "XYYXIIIIII": 0.011074476934083017,
    "IYZYIIIZII": 0.0073756282451567946,
    "IXZXIIIZII": 0.0073756282451567946,
    "XZXIIIZIII": 0.0073756282451567946,
    "YZYIIIZIII": 0.0073756282451567946,
    "IXZXIZIIII": 0.007375628245156791,
    "IYZYIZIIII": 0.007375628245156791,
    "XZXIIIIIZI": 0.007375628245156791,
    "YZYIIIIIZI": 0.007375628245156791,
    "IYZYIIIIIZ": 0.007375628245156791,
    "YZYIZIIIII": 0.007375628245156791,
    "IXZXIIIIIZ": 0.007375628245156791,
    "XZXIZIIIII": 0.007375628245156791,
    "IIIIYYXXII": -0.0060623448052927915,
    "IIIIXXYYII": -0.0060623448052927915,
    "IIIIXYYXII": 0.0060623448052927915,
    "IIIIYXIIXY": 0.0060623448052927915,
    "IIIIYXXYII": 0.0060623448052927915,
    "IIIIXXIIYY": -0.0060623448052927915,
    "IIIIXYIIYX": 0.0060623448052927915,
    "IIIIIIYXXY": 0.0060623448052927915,
    "IIIIIIYYXX": -0.0060623448052927915,
    "IIIIIIXXYY": -0.0060623448052927915,
    "IIIIIIXYYX": 0.0060623448052927915,
    "IIIIYYIIXX": -0.0060623448052927915,
    "IYXIIIXYII": -0.0051406428074130565,
    "IYYIYYIIII": -0.0051406428074130565,
    "IYXIXYIIII": -0.0051406428074130565,
    "IXXIXXIIII": -0.0051406428074130565,
    "IXYIYXIIII": -0.0051406428074130565,
    "IYYIIIYYII": -0.0051406428074130565,
    "IXXIIIXXII": -0.0051406428074130565,
    "IXYIIIYXII": -0.0051406428074130565,
    "IYYIIIIIYY": -0.0051406428074130565,
    "IYXIIIIIXY": -0.0051406428074130565,
    "IXYIIIIIYX": -0.0051406428074130565,
    "IXXIIIIIXX": -0.0051406428074130565,
    "XZZXYYIIII": -0.005140642807413056,
    "YZZYIIXXII": -0.005140642807413056,
    "XZZXIIYYII": -0.005140642807413056,
    "XZZYIIIIYX": 0.005140642807413056,
    "XZZXIIIIYY": -0.005140642807413056,
    "YZZXIIXYII": 0.005140642807413056,
    "YZZYIIIIXX": -0.005140642807413056,
    "XZZYYXIIII": 0.005140642807413056,
    "YZZYXXIIII": -0.005140642807413056,
    "XZZYIIYXII": 0.005140642807413056,
    "YZZXIIIIXY": 0.005140642807413056,
    "YZZXXYIIII": 0.005140642807413056,
    "XXIIYYIIII": -0.003899769643755061,
    "XYIIYXIIII": 0.003899769643755061,
    "XYIIIIIIYX": 0.003899769643755061,
    "XXIIIIIIYY": -0.003899769643755061,
    "YYIIIIIIXX": -0.003899769643755061,
    "YXIIIIIIXY": 0.003899769643755061,
    "XYIIIIYXII": 0.003899769643755061,
    "XXIIIIYYII": -0.003899769643755061,
    "YXIIXYIIII": 0.003899769643755061,
    "YYIIIIXXII": -0.003899769643755061,
    "YXIIIIXYII": 0.003899769643755061,
    "YYIIXXIIII": -0.003899769643755061,
    "XZXZIIIIII": 0.0035609377633151256,
    "YZYZIIIIII": 0.0035609377633151256,
    "IYIYIIIIII": 0.0035609377633151256,
    "IXIXIIIIII": 0.0035609377633151256,
    "IXZXIIZIII": 0.002234985437743738,
    "IYZYIIZIII": 0.002234985437743738,
    "YZYIIIIZII": 0.002234985437743738,
    "XZXIIIIZII": 0.002234985437743738,
    "IXZXIIIIZI": 0.0022349854377437346,
    "IXZXZIIIII": 0.0022349854377437346,
    "XZXIIIIIIZ": 0.0022349854377437346,
    "YZYIIIIIIZ": 0.0022349854377437346,
    "XZXIIZIIII": 0.0022349854377437346,
    "YZYIIZIIII": 0.0022349854377437346,
    "IYZYZIIIII": 0.0022349854377437346,
    "IYZYIIIIZI": 0.0022349854377437346
  },
  "data": {
    "molecule_id": "Be_singlet_Kh",
    "qubit_encoding": "JW",
    "basis": "sto-3g",
    "charge": 0,
    "multiplicity": 1,
    "geometry": "Be 0.0000000000 0.0000000000 0.0000000000",
    "n_qubits": 10,
    "alpha": 1.0,
    "energies": {
      "HF": -14.351880476202023,
      "MP2": -14.376238850841515,
      "CISD": -14.403645784721308,
      "CCSD": -14.403650751752462,
      "FCI": -14.40365510806767
    },
    "converged": {
      "HF": true,
      "MP2": false,
      "CISD": true,
      "CCSD": true,
      "FCI": true
    },
    "fci_spin_matches_target": true,
    "fci_multiplicity": 0.9999999999999973,
    "hf_method_fallback": "standard",
    "generation_time_s": 0.083,
    "timestamp": "2026-02-25T23:57:35.143767+00:00"
  }
}