{
  "hamiltonian": {
    "ZIIIII": 0.2632025134401854,
    "IZIIII": 0.2632025134401854,
    "IIIIZZ": 0.17230480691543903,
    "IIZZII": 0.17230418174469295,
    "IIIIZI": -0.1687767013869239,
    "IIIIIZ": -0.16877670138692386,
    "IIZIII": -0.16876026130938493,
    "IIIZII": -0.1687602613093849,
    "ZZIIII": 0.15872139123091397,
    "IZIIZI": 0.1537870253797482,
    "ZIIIIZ": 0.1537870253797482,
    "ZIIZII": 0.1537859622995419,
    "IZZIII": 0.1537859622995419,
    "IIZIIZ": 0.1378412405909073,
    "IIIZZI": 0.1378412405909073,
    "IIIZIZ": 0.12060870190402208,
    "IIZIZI": 0.12060870190402208,
    "IZIIIZ": 0.11775903490630246,
    "ZIIIZI": 0.11775903490630246,
    "IZIZII": 0.11775795683568477,
    "ZIZIII": 0.11775795683568477,
    "IIIIII": 0.060984351106710175,
    "YXXYII": 0.03602800546385714,
    "YYXXII": -0.03602800546385714,
    "XXYYII": -0.03602800546385714,
    "XYYXII": 0.03602800546385714,
    "XXIIYY": -0.036027990473445744,
    "XYIIYX": 0.036027990473445744,
    "YXIIXY": 0.036027990473445744,
    "YYIIXX": -0.036027990473445744,
    "IXYYXI": -0.021458963855930595,
    "IXXYYI": 0.021458963855930595,
    "IYYXXI": 0.021458963855930595,
    "IYXXYI": -0.021458963855930595,
    "XZXYZY": -0.021458963855930595,
    "XZXXZX": -0.021458963855930595,
    "YZYYZY": -0.021458963855930595,
    "YZYXZX": -0.021458963855930595,
    "XZZZXZ": -0.021458726556082122,
    "IXZZIX": -0.021458726556082122,
    "YZZZYZ": -0.021458726556082122,
    "IYZZIY": -0.021458726556082122,
    "YZZIYI": 0.021458059508568626,
    "IXIZZX": 0.021458059508568626,
    "XZZIXI": 0.021458059508568626,
    "IYIZZY": 0.021458059508568626,
    "IIXYYX": 0.01723253868688521,
    "IIXXYY": -0.01723253868688521,
    "IIYYXX": -0.01723253868688521,
    "IIYXXY": 0.01723253868688521,
    "YIZZYI": -9.93578852357581e-07,
    "XIZZXI": -9.93578852357581e-07,
    "ZXZZZX": -9.93578852357581e-07,
    "ZYZZZY": -9.93578852357581e-07,
    "IYZIZY": -9.043473619650688e-07,
    "YZIZYI": -9.043473619650688e-07,
    "XZIZXI": -9.043473619650688e-07,
    "IXZIZX": -9.043473619650688e-07,
    "IXZZZX": 5.756808812039035e-07,
    "IYZZZY": 5.756808812039035e-07,
    "XZZZXI": 5.756808812030362e-07,
    "YZZZYI": 5.756808812030362e-07
  },
  "data": {
    "molecule_id": "H3+_singlet_C1",
    "qubit_encoding": "JW",
    "basis": "sto-3g",
    "charge": 1,
    "multiplicity": 1,
    "geometry": "H 0.0000000000 0.4540533333 0.0000000000\nH 0.3932100000 -0.2269766667 0.0000000000\nH -0.3932100000 -0.2269766667 0.0000000000",
    "n_qubits": 6,
    "alpha": 0.9,
    "energies": {
      "HF": -1.2064442951279286,
      "MP2": -1.2222465427137454,
      "CISD": -1.2286398477292373,
      "CCSD": -1.2286399407161073,
      "FCI": -1.228639847729228
    },
    "converged": {
      "HF": true,
      "MP2": false,
      "CISD": true,
      "CCSD": true,
      "FCI": true
    },
    "fci_spin_matches_target": true,
    "fci_multiplicity": 1.0,
    "hf_method_fallback": "standard",
    "generation_time_s": 0.024,
    "timestamp": "2026-02-25T23:56:24.787940+00:00"
  }
}