{
  "hamiltonian": {
    "IIIIII": -0.8145473234520497,
    "IIZZII": 0.12397167212122223,
    "IIIIZZ": 0.12397151624911518,
    "IZIIZI": 0.09770054952959645,
    "ZIIIIZ": 0.09770054952959645,
    "IZZIII": 0.09769902672445377,
    "ZIIZII": 0.09769902672445377,
    "ZZIIII": 0.09643866170306238,
    "IIIZZI": 0.07459442235995592,
    "IIZIIZ": 0.07459442235995592,
    "ZIIIII": 0.06035052050115252,
    "IZIIII": 0.06035052050115241,
    "IZIIIZ": 0.05054548606954597,
    "ZIIIZI": 0.05054548606954597,
    "IZIZII": 0.05054442698140302,
    "ZIZIII": 0.05054442698140302,
    "IIIZIZ": 0.04990429401108628,
    "IIZIZI": 0.04990429401108628,
    "XYIIYX": 0.04715506346005047,
    "XXIIYY": -0.04715506346005047,
    "YXIIXY": 0.04715506346005047,
    "YYIIXX": -0.04715506346005047,
    "XYYXII": 0.047154599743050744,
    "YYXXII": -0.047154599743050744,
    "XXYYII": -0.047154599743050744,
    "YXXYII": 0.047154599743050744,
    "XZXYZY": -0.034087272620631374,
    "IYYXXI": 0.034087272620631374,
    "IXXYYI": 0.034087272620631374,
    "IXYYXI": -0.034087272620631374,
    "IYXXYI": -0.034087272620631374,
    "XZXXZX": -0.034087272620631374,
    "YZYYZY": -0.034087272620631374,
    "YZYXZX": -0.034087272620631374,
    "XZZIXI": 0.03408651092740761,
    "YZZIYI": 0.03408651092740761,
    "IYIZZY": 0.03408651092740761,
    "IXIZZX": 0.03408651092740761,
    "YZZZYZ": -0.034086254457482965,
    "XZZZXZ": -0.034086254457482965,
    "IXZZIX": -0.034086254457482965,
    "IYZZIY": -0.034086254457482965,
    "IIIZII": 0.028277593645721383,
    "IIZIII": 0.028277593645721327,
    "IIIIZI": 0.028275268314098212,
    "IIIIIZ": 0.02827526831409813,
    "IIYYXX": -0.02469012834886963,
    "IIYXXY": 0.02469012834886963,
    "IIXYYX": 0.02469012834886963,
    "IIXXYY": -0.02469012834886963,
    "YIZZYI": -1.0024792209859427e-06,
    "XIZZXI": -1.0024792209859427e-06,
    "ZXZZZX": -1.0024792209859427e-06,
    "ZYZZZY": -1.0024792209859427e-06,
    "IXZIZX": -7.616932237650142e-07,
    "IYZIZY": -7.616932237650142e-07,
    "YZIZYI": -7.616932237650142e-07,
    "XZIZXI": -7.616932237650142e-07,
    "IXZZZX": -4.7216166152233563e-07,
    "IYZZZY": -4.7216166152233563e-07,
    "YZZZYI": -4.7216166152233563e-07,
    "XZZZXI": -4.7216166152233563e-07
  },
  "data": {
    "molecule_id": "H3+_singlet_C1",
    "qubit_encoding": "JW",
    "basis": "sto-3g",
    "charge": 1,
    "multiplicity": 1,
    "geometry": "H 0.0000000000 1.5134333333 0.0000000000\nH 1.3107000000 -0.7566666667 0.0000000000\nH -1.3107000000 -0.7566666667 0.0000000000",
    "n_qubits": 6,
    "alpha": 3.0,
    "energies": {
      "HF": -0.8217423363292302,
      "MP2": -0.9566074815013874,
      "CISD": -0.9723018490988391,
      "CCSD": -0.972301890133901,
      "FCI": -0.9723018490761612
    },
    "converged": {
      "HF": true,
      "MP2": false,
      "CISD": true,
      "CCSD": true,
      "FCI": true
    },
    "fci_spin_matches_target": true,
    "fci_multiplicity": 1.0,
    "hf_method_fallback": "standard",
    "generation_time_s": 0.027,
    "timestamp": "2026-02-25T23:56:24.763817+00:00"
  }
}