{
  "hamiltonian": {
    "IIIIII": 1.737081072335652,
    "ZIIIII": 0.3925072065085529,
    "IZIIII": 0.3925072065085529,
    "IIIIIZ": -0.33029061720580544,
    "IIIIZI": -0.3302906172058054,
    "IIZIII": -0.33027160382684423,
    "IIIZII": -0.3302716038268442,
    "IIIIZZ": 0.18947053943944717,
    "IIZZII": 0.18946997978466634,
    "ZZIIII": 0.17931045552817357,
    "IZIIZI": 0.17509704267098572,
    "ZIIIIZ": 0.17509704267098572,
    "ZIIZII": 0.17509642199660824,
    "IZZIII": 0.17509642199660824,
    "IIIZZI": 0.16240486575455554,
    "IIZIIZ": 0.16240486575455554,
    "IIZIZI": 0.14887174659712482,
    "IIIZIZ": 0.14887174659712482,
    "ZIIIZI": 0.13788633599574462,
    "IZIIIZ": 0.13788633599574462,
    "ZIZIII": 0.1378856866512384,
    "IZIZII": 0.1378856866512384,
    "XYYXII": 0.03721073534536986,
    "YYXXII": -0.03721073534536986,
    "YXXYII": 0.03721073534536986,
    "XXYYII": -0.03721073534536986,
    "XXIIYY": -0.03721070667524109,
    "XYIIYX": 0.03721070667524109,
    "YYIIXX": -0.03721070667524109,
    "YXIIXY": 0.03721070667524109,
    "YZZZYZ": -0.015341669773731366,
    "IXZZIX": -0.015341669773731366,
    "IYZZIY": -0.015341669773731366,
    "XZZZXZ": -0.015341669773731366,
    "IXYYXI": -0.015341664046677672,
    "IXXYYI": 0.015341664046677672,
    "IYYXXI": 0.015341664046677672,
    "IYXXYI": -0.015341664046677672,
    "YZYYZY": -0.015341664046677672,
    "XZXXZX": -0.015341664046677672,
    "XZXYZY": -0.015341664046677672,
    "YZYXZX": -0.015341664046677672,
    "IYIZZY": 0.015340980339849554,
    "IXIZZX": 0.015340980339849554,
    "XZZIXI": 0.015340980339849554,
    "YZZIYI": 0.015340980339849554,
    "IIXYYX": 0.01353311915743073,
    "IIXXYY": -0.01353311915743073,
    "IIYYXX": -0.01353311915743073,
    "IIYXXY": 0.01353311915743073,
    "YIZZYI": -7.450646608145452e-07,
    "XIZZXI": -7.450646608145452e-07,
    "ZXZZZX": -7.450646608145452e-07,
    "ZYZZZY": -7.450646608145452e-07,
    "YZIZYI": -6.837068281173239e-07,
    "XZIZXI": -6.837068281173239e-07,
    "IXZIZX": -6.837068281173239e-07,
    "IYZIZY": -6.837068281173239e-07,
    "IXZZZX": 6.249075855408598e-07,
    "YZZZYI": 6.249075855408598e-07,
    "XZZZXI": 6.249075855408598e-07,
    "IYZZZY": 6.249075855408598e-07
  },
  "data": {
    "molecule_id": "H3+_singlet_C1",
    "qubit_encoding": "JW",
    "basis": "sto-3g",
    "charge": 1,
    "multiplicity": 1,
    "geometry": "H 0.0000000000 0.2522666667 0.0000000000\nH 0.2184500000 -0.1260833333 0.0000000000\nH -0.2184500000 -0.1260833333 0.0000000000",
    "n_qubits": 6,
    "alpha": 0.5,
    "energies": {
      "HF": -0.4401845579202588,
      "MP2": -0.451468388559317,
      "CISD": -0.4551180780840735,
      "CCSD": -0.45511810020461013,
      "FCI": -0.4551180780840731
    },
    "converged": {
      "HF": true,
      "MP2": false,
      "CISD": true,
      "CCSD": true,
      "FCI": true
    },
    "fci_spin_matches_target": true,
    "fci_multiplicity": 1.0,
    "hf_method_fallback": "standard",
    "generation_time_s": 0.026,
    "timestamp": "2026-02-25T23:56:24.872933+00:00"
  }
}