{
  "hamiltonian": {
    "IIIIII": 0.6356505697050563,
    "ZIIIII": 0.3197214121616969,
    "IZIIII": 0.3197214121616968,
    "IIIIIZ": -0.23632341074041024,
    "IIIIZI": -0.23632341074041022,
    "IIZIII": -0.23630461253114335,
    "IIIZII": -0.23630461253114332,
    "IIIIZZ": 0.18054801962928152,
    "IIZZII": 0.18054736541701688,
    "ZZIIII": 0.16922969786870415,
    "ZIIIIZ": 0.16424383740114534,
    "IZIIZI": 0.16424383740114534,
    "ZIIZII": 0.16424296568493718,
    "IZZIII": 0.16424296568493718,
    "IIIZZI": 0.1495630145795524,
    "IIZIIZ": 0.1495630145795524,
    "IIZIZI": 0.1340700089333064,
    "IIIZIZ": 0.1340700089333064,
    "ZIIIZI": 0.12777604311658544,
    "IZIIIZ": 0.12777604311658544,
    "ZIZIII": 0.1277751355743935,
    "IZIZII": 0.1277751355743935,
    "XYYXII": 0.0364678301105437,
    "XXYYII": -0.0364678301105437,
    "YYXXII": -0.0364678301105437,
    "YXXYII": 0.0364678301105437,
    "YYIIXX": -0.03646779428455987,
    "XXIIYY": -0.03646779428455987,
    "XYIIYX": 0.03646779428455987,
    "YXIIXY": 0.03646779428455987,
    "IXYYXI": -0.01886217160318278,
    "IXXYYI": 0.01886217160318278,
    "IYYXXI": 0.01886217160318278,
    "IYXXYI": -0.01886217160318278,
    "YZYYZY": -0.01886217160318278,
    "XZXXZX": -0.01886217160318278,
    "XZXYZY": -0.01886217160318278,
    "YZYXZX": -0.01886217160318278,
    "IYZZIY": -0.01886207009469395,
    "IXZZIX": -0.01886207009469395,
    "YZZZYZ": -0.018862070094693945,
    "XZZZXZ": -0.018862070094693945,
    "YZZIYI": 0.018861353134279286,
    "IXIZZX": 0.018861353134279286,
    "IYIZZY": 0.018861353134279286,
    "XZZIXI": 0.018861353134279286,
    "IIXYYX": 0.015493005646246017,
    "IIXXYY": -0.015493005646246017,
    "IIYYXX": -0.015493005646246017,
    "IIYXXY": 0.015493005646246017,
    "YIZZYI": -8.828151591578169e-07,
    "XIZZXI": -8.828151591578169e-07,
    "ZXZZZX": -8.828151591578169e-07,
    "ZYZZZY": -8.828151591578169e-07,
    "IXZIZX": -8.184689034972797e-07,
    "IYZIZY": -8.184689034972797e-07,
    "YZIZYI": -8.184689034972797e-07,
    "XZIZXI": -8.184689034972797e-07,
    "YZZZYI": 6.506917380640076e-07,
    "XZZZXI": 6.506917380640076e-07,
    "IXZZZX": 6.506917380631402e-07,
    "IYZZZY": 6.506917380631402e-07
  },
  "data": {
    "molecule_id": "H3+_singlet_C1",
    "qubit_encoding": "JW",
    "basis": "sto-3g",
    "charge": 1,
    "multiplicity": 1,
    "geometry": "H 0.0000000000 0.3531600000 0.0000000000\nH 0.3058300000 -0.1765300000 0.0000000000\nH -0.3058300000 -0.1765300000 0.0000000000",
    "n_qubits": 6,
    "alpha": 0.7,
    "energies": {
      "HF": -1.0195331347748464,
      "MP2": -1.0328540946135985,
      "CISD": -1.0377364599730583,
      "CCSD": -1.0377364975047747,
      "FCI": -1.037736459973058
    },
    "converged": {
      "HF": true,
      "MP2": false,
      "CISD": true,
      "CCSD": true,
      "FCI": true
    },
    "fci_spin_matches_target": true,
    "fci_multiplicity": 0.9999999999999993,
    "hf_method_fallback": "standard",
    "generation_time_s": 0.026,
    "timestamp": "2026-02-25T23:56:24.846730+00:00"
  }
}