{
  "hamiltonian": {
    "IIIIII": 0.30543077234812044,
    "ZIIIII": 0.2896547390397839,
    "IZIIII": 0.2896547390397839,
    "IIIIZI": -0.19955270841319814,
    "IIIIIZ": -0.19955270841319814,
    "IIZIII": -0.1995350056081128,
    "IIIZII": -0.1995350056081128,
    "IIIIZZ": 0.17632231989498431,
    "IIZZII": 0.1763216727368645,
    "ZZIIII": 0.16398235140582856,
    "IZIIZI": 0.15892102006075282,
    "ZIIIIZ": 0.15892102006075282,
    "IZZIII": 0.15892004729480066,
    "ZIIZII": 0.15892004729480066,
    "IIIZZI": 0.1435304995465841,
    "IIZIIZ": 0.1435304995465841,
    "IIZIZI": 0.12713396064939547,
    "IIIZIZ": 0.12713396064939547,
    "ZIIIZI": 0.12271654147707665,
    "IZIIIZ": 0.12271654147707665,
    "IZIZII": 0.12271554068884957,
    "ZIZIII": 0.12271554068884957,
    "XYYXII": 0.03620450660595109,
    "XXYYII": -0.03620450660595109,
    "YYXXII": -0.03620450660595109,
    "YXXYII": 0.03620450660595109,
    "XXIIYY": -0.036204478583676175,
    "YYIIXX": -0.036204478583676175,
    "YXIIXY": 0.036204478583676175,
    "XYIIYX": 0.036204478583676175,
    "IXYYXI": -0.020247296947971727,
    "IXXYYI": 0.020247296947971727,
    "IYYXXI": 0.020247296947971727,
    "IYXXYI": -0.020247296947971727,
    "XZXYZY": -0.020247296947971727,
    "XZXXZX": -0.020247296947971727,
    "YZYYZY": -0.020247296947971727,
    "YZYXZX": -0.020247296947971727,
    "XZZZXZ": -0.02024712916840301,
    "YZZZYZ": -0.02024712916840301,
    "IYZZIY": -0.02024712916840301,
    "IXZZIX": -0.02024712916840301,
    "XZZIXI": 0.020246430999573184,
    "YZZIYI": 0.020246430999573184,
    "IXIZZX": 0.020246430999573184,
    "IYIZZY": 0.020246430999573184,
    "IIXYYX": 0.01639653889718863,
    "IIXXYY": -0.01639653889718863,
    "IIYYXX": -0.01639653889718863,
    "IIYXXY": 0.01639653889718863,
    "ZXZZZX": -9.413261938598617e-07,
    "ZYZZZY": -9.413261938598617e-07,
    "XIZZXI": -9.413261938598617e-07,
    "YIZZYI": -9.413261938598617e-07,
    "XZIZXI": -8.659483985429262e-07,
    "IXZIZX": -8.659483985429262e-07,
    "IYZIZY": -8.659483985429262e-07,
    "YZIZYI": -8.659483985429262e-07,
    "IXZZZX": 6.263608555495334e-07,
    "IYZZZY": 6.263608555495334e-07,
    "XZZZXI": 6.207304757907539e-07,
    "YZZZYI": 6.207304757907539e-07
  },
  "data": {
    "molecule_id": "H3+_singlet_C1",
    "qubit_encoding": "JW",
    "basis": "sto-3g",
    "charge": 1,
    "multiplicity": 1,
    "geometry": "H 0.0000000000 0.4036066667 0.0000000000\nH 0.3495200000 -0.2017533333 0.0000000000\nH -0.3495200000 -0.2017533333 0.0000000000",
    "n_qubits": 6,
    "alpha": 0.8,
    "energies": {
      "HF": -1.1406451683873926,
      "MP2": -1.1551459971960518,
      "CISD": -1.1607491903901717,
      "CCSD": -1.1607492504155892,
      "FCI": -1.1607491903901663
    },
    "converged": {
      "HF": true,
      "MP2": false,
      "CISD": true,
      "CCSD": true,
      "FCI": true
    },
    "fci_spin_matches_target": true,
    "fci_multiplicity": 0.9999999999999993,
    "hf_method_fallback": "standard",
    "generation_time_s": 0.032,
    "timestamp": "2026-02-25T23:56:24.820420+00:00"
  }
}