{
  "hamiltonian": {
    "ZIIIII": 0.24001102077945735,
    "IZIIII": 0.24001102077945732,
    "IIIIZZ": 0.16848282557741218,
    "IIZZII": 0.1684822269370235,
    "ZZIIII": 0.1535166962454912,
    "IZIIZI": 0.14888054912443827,
    "ZIIIIZ": 0.14888054912443827,
    "IZZIII": 0.148879402321343,
    "ZIIZII": 0.148879402321343,
    "IIIIZI": -0.1428317732995345,
    "IIIIIZ": -0.1428317732995345,
    "IIIZII": -0.14281655050215902,
    "IIZIII": -0.14281655050215897,
    "IIIZZI": 0.13249178273895124,
    "IIZIIZ": 0.13249178273895124,
    "IIIIII": -0.12357499801061664,
    "IIIZIZ": 0.11449538262024728,
    "IIZIZI": 0.11449538262024728,
    "ZIIIZI": 0.1129322548037748,
    "IZIIIZ": 0.1129322548037748,
    "IZIZII": 0.11293111038189124,
    "ZIZIII": 0.11293111038189124,
    "XXIIYY": -0.03594829432066344,
    "XYIIYX": 0.03594829432066344,
    "YXIIXY": 0.03594829432066344,
    "YYIIXX": -0.03594829432066344,
    "YYXXII": -0.03594829193945177,
    "YXXYII": 0.03594829193945177,
    "XYYXII": 0.03594829193945177,
    "XXYYII": -0.03594829193945177,
    "IXYYXI": -0.022536408023771826,
    "IXXYYI": 0.022536408023771826,
    "IYYXXI": 0.022536408023771826,
    "IYXXYI": -0.022536408023771826,
    "YZYYZY": -0.022536408023771826,
    "XZXYZY": -0.022536408023771826,
    "YZYXZX": -0.022536408023771826,
    "XZXXZX": -0.022536408023771826,
    "YZZZYZ": -0.022536099056777302,
    "XZZZXZ": -0.022536099056777302,
    "IXZZIX": -0.022536099056777302,
    "IYZZIY": -0.022536099056777302,
    "YZZIYI": 0.02253547231839014,
    "IYIZZY": 0.02253547231839014,
    "IXIZZX": 0.02253547231839014,
    "XZZIXI": 0.02253547231839014,
    "IIYYXX": -0.017996400118703945,
    "IIYXXY": 0.017996400118703945,
    "IIXYYX": 0.017996400118703945,
    "IIXXYY": -0.017996400118703945,
    "ZYZZZY": -1.0392820743908434e-06,
    "XIZZXI": -1.0392820743908434e-06,
    "YIZZYI": -1.0392820743908434e-06,
    "ZXZZZX": -1.0392820743908434e-06,
    "IXZIZX": -9.357053816893418e-07,
    "IYZIZY": -9.357053816893418e-07,
    "YZIZYI": -9.357053816893418e-07,
    "XZIZXI": -9.357053816893418e-07,
    "XZZZXI": 5.115074234174344e-07,
    "YZZZYI": 5.115074234174344e-07,
    "IYZZZY": 5.115074234156997e-07,
    "IXZZZX": 5.115074234156997e-07
  },
  "data": {
    "molecule_id": "H3+_singlet_C1",
    "qubit_encoding": "JW",
    "basis": "sto-3g",
    "charge": 1,
    "multiplicity": 1,
    "geometry": "H 0.0000000000 0.5045000000 0.0000000000\nH 0.4369000000 -0.2522000000 0.0000000000\nH -0.4369000000 -0.2522000000 0.0000000000",
    "n_qubits": 6,
    "alpha": 1.0,
    "energies": {
      "HF": -1.2376842409574889,
      "MP2": -1.2549352308146002,
      "CISD": -1.2621949953032396,
      "CCSD": -1.2621951352508094,
      "FCI": -1.2621949953032199
    },
    "converged": {
      "HF": true,
      "MP2": false,
      "CISD": true,
      "CCSD": true,
      "FCI": true
    },
    "fci_spin_matches_target": true,
    "fci_multiplicity": 1.0,
    "hf_method_fallback": "standard",
    "generation_time_s": 0.031,
    "timestamp": "2026-02-25T23:56:24.628096+00:00"
  }
}