{
  "hamiltonian": {
    "IIIIII": -0.5948351423793997,
    "IZIIII": 0.15912050348166543,
    "ZIIIII": 0.1591205034816654,
    "IIIIZZ": 0.1518260950661511,
    "IIZZII": 0.15182572225565286,
    "ZZIIII": 0.13015273426810084,
    "IZIIZI": 0.1282059113366678,
    "ZIIIIZ": 0.1282059113366678,
    "IZZIII": 0.12820435007490028,
    "ZIIZII": 0.12820435007490028,
    "IIIZZI": 0.11020442464391841,
    "IIZIIZ": 0.11020442464391841,
    "IZIIIZ": 0.09108115682611431,
    "ZIIIZI": 0.09108115682611431,
    "ZIZIII": 0.09107981150033628,
    "IZIZII": 0.09107981150033628,
    "IIIZIZ": 0.08939213536330853,
    "IIZIZI": 0.08939213536330853,
    "IIIIZI": -0.05558285412368126,
    "IIIIIZ": -0.05558285412368122,
    "IIZIII": -0.05557244081310578,
    "IIIZII": -0.055572440813105764,
    "YXIIXY": 0.03712475451055348,
    "YYIIXX": -0.03712475451055348,
    "XXIIYY": -0.03712475451055348,
    "XYIIYX": 0.03712475451055348,
    "YXXYII": 0.037124538574564,
    "XYYXII": 0.037124538574564,
    "XXYYII": -0.037124538574564,
    "YYXXII": -0.037124538574564,
    "IXXYYI": 0.026680042725294575,
    "IYYXXI": 0.026680042725294575,
    "IYXXYI": -0.026680042725294575,
    "IXYYXI": -0.026680042725294575,
    "XZXYZY": -0.026680042725294572,
    "YZYYZY": -0.026680042725294572,
    "YZYXZX": -0.026680042725294572,
    "XZXXZX": -0.026680042725294572,
    "YZZZYZ": -0.02667933348150394,
    "XZZZXZ": -0.02667933348150394,
    "IYZZIY": -0.02667933348150394,
    "IXZZIX": -0.02667933348150394,
    "IYIZZY": 0.0266790376339326,
    "IXIZZX": 0.0266790376339326,
    "XZZIXI": 0.0266790376339326,
    "YZZIYI": 0.0266790376339326,
    "IIXYYX": 0.020812289280609877,
    "IIXXYY": -0.020812289280609877,
    "IIYYXX": -0.020812289280609877,
    "IIYXXY": 0.020812289280609877,
    "YIZZYI": -1.2123311016055153e-06,
    "XIZZXI": -1.2123311016055153e-06,
    "ZXZZZX": -1.2123311016055153e-06,
    "ZYZZZY": -1.2123311016055153e-06,
    "IXZIZX": -1.0050913619753798e-06,
    "IYZIZY": -1.0050913619753798e-06,
    "YZIZYI": -1.0050913619753798e-06,
    "XZIZXI": -1.0050913619753798e-06,
    "XZZZXI": 9.11140497598939e-08,
    "YZZZYI": 9.11140497598939e-08,
    "IXZZZX": 9.111404975902654e-08,
    "IYZZZY": 9.111404975902654e-08
  },
  "data": {
    "molecule_id": "H3+_singlet_C1",
    "qubit_encoding": "JW",
    "basis": "sto-3g",
    "charge": 1,
    "multiplicity": 1,
    "geometry": "H 0.0000000000 0.7567333333 0.0000000000\nH 0.6553500000 -0.3783166667 0.0000000000\nH -0.6553500000 -0.3783166667 0.0000000000",
    "n_qubits": 6,
    "alpha": 1.5,
    "energies": {
      "HF": -1.1795315270879831,
      "MP2": -1.2077322557635861,
      "CISD": -1.2210481005408056,
      "CCSD": -1.2210481005097524,
      "FCI": -1.2210481005403755
    },
    "converged": {
      "HF": true,
      "MP2": false,
      "CISD": true,
      "CCSD": true,
      "FCI": true
    },
    "fci_spin_matches_target": true,
    "fci_multiplicity": 1.0,
    "hf_method_fallback": "standard",
    "generation_time_s": 0.027,
    "timestamp": "2026-02-25T23:56:24.681132+00:00"
  }
}