{
  "hamiltonian": {
    "IIIIII": -0.7509432850445481,
    "IIIIZZ": 0.13920911525242938,
    "IIZZII": 0.13920905008748982,
    "ZIIIIZ": 0.11379956640686656,
    "IZIIZI": 0.11379956640686656,
    "IZZIII": 0.113797792925714,
    "ZIIZII": 0.113797792925714,
    "ZZIIII": 0.11344759783810345,
    "ZIIIII": 0.1106455766933187,
    "IZIIII": 0.11064557669331865,
    "IIZIIZ": 0.09415342511530969,
    "IIIZZI": 0.09415342511530969,
    "ZIIIZI": 0.07356187663349018,
    "IZIIIZ": 0.07356187663349018,
    "IZIZII": 0.07356054511962186,
    "ZIZIII": 0.07356054511962186,
    "IIZIZI": 0.07162380987341921,
    "IIIZIZ": 0.07162380987341921,
    "YXIIXY": 0.040237689773376384,
    "XYIIYX": 0.040237689773376384,
    "XXIIYY": -0.040237689773376384,
    "YYIIXX": -0.040237689773376384,
    "XXYYII": -0.04023724780609215,
    "XYYXII": 0.04023724780609215,
    "YYXXII": -0.04023724780609215,
    "YXXYII": 0.04023724780609215,
    "IYYXXI": 0.02972126244928697,
    "IXXYYI": 0.02972126244928697,
    "IXYYXI": -0.02972126244928697,
    "XZXXZX": -0.02972126244928697,
    "IYXXYI": -0.02972126244928697,
    "YZYXZX": -0.02972126244928697,
    "YZYYZY": -0.02972126244928697,
    "XZXYZY": -0.02972126244928697,
    "XZZIXI": 0.029720302336575542,
    "YZZIYI": 0.029720302336575542,
    "IYIZZY": 0.029720302336575542,
    "IXIZZX": 0.029720302336575542,
    "IXZZIX": -0.029720268555690987,
    "YZZZYZ": -0.029720268555690987,
    "XZZZXZ": -0.029720268555690987,
    "IYZZIY": -0.029720268555690987,
    "IIYYXX": -0.022529615241890486,
    "IIYXXY": 0.022529615241890486,
    "IIXXYY": -0.022529615241890486,
    "IIXYYX": 0.022529615241890486,
    "IIIIZI": -0.008698564931033964,
    "IIIIIZ": -0.00869856493103388,
    "IIIZII": -0.008691989731911234,
    "IIZIII": -0.00869198973191121,
    "YIZZYI": -1.2494279666625486e-06,
    "ZYZZZY": -1.2494279666625486e-06,
    "ZXZZZX": -1.2494279666625486e-06,
    "XIZZXI": -1.2494279666625486e-06,
    "IXZIZX": -9.60112711433439e-07,
    "YZIZYI": -9.60112711433439e-07,
    "XZIZXI": -9.60112711433439e-07,
    "IYZIZY": -9.60112711433439e-07,
    "XZZZXI": -3.2160360749315664e-07,
    "YZZZYI": -3.2160360749315664e-07,
    "IXZZZX": -3.216036074922893e-07,
    "IYZZZY": -3.216036074922893e-07
  },
  "data": {
    "molecule_id": "H3+_singlet_C1",
    "qubit_encoding": "JW",
    "basis": "sto-3g",
    "charge": 1,
    "multiplicity": 1,
    "geometry": "H 0.0000000000 1.0089666667 0.0000000000\nH 0.8738000000 -0.5044333333 0.0000000000\nH -0.8738000000 -0.5044333333 0.0000000000",
    "n_qubits": 6,
    "alpha": 2.0,
    "energies": {
      "HF": -1.03303487677298,
      "MP2": -1.0822861719290893,
      "CISD": -1.104471972378882,
      "CCSD": -1.1044719723945555,
      "FCI": -1.1044719723750867
    },
    "converged": {
      "HF": true,
      "MP2": false,
      "CISD": true,
      "CCSD": true,
      "FCI": true
    },
    "fci_spin_matches_target": true,
    "fci_multiplicity": 1.0,
    "hf_method_fallback": "standard",
    "generation_time_s": 0.028,
    "timestamp": "2026-02-25T23:56:24.709019+00:00"
  }
}