{
  "hamiltonian": {
    "IIIIII": -0.8005171221176668,
    "IIZZII": 0.13027648760625352,
    "IIIIZZ": 0.13027635369471274,
    "IZIIZI": 0.1041921146721159,
    "ZIIIIZ": 0.1041921146721159,
    "IZZIII": 0.1041903791291939,
    "ZIIZII": 0.1041903791291939,
    "ZZIIII": 0.10288502047438515,
    "IIIZZI": 0.08278715745863241,
    "IIZIIZ": 0.08278715745863241,
    "ZIIIII": 0.07952104982401503,
    "IZIIII": 0.07952104982401499,
    "IZIIIZ": 0.06031855111468012,
    "ZIIIZI": 0.06031855111468012,
    "IZIZII": 0.06031734511832889,
    "ZIZIII": 0.06031734511832889,
    "IIIZIZ": 0.05904076836469856,
    "IIZIZI": 0.05904076836469856,
    "XYIIYX": 0.043873563557435775,
    "XXIIYY": -0.043873563557435775,
    "YXIIXY": 0.043873563557435775,
    "YYIIXX": -0.043873563557435775,
    "XYYXII": 0.043873034010865015,
    "YYXXII": -0.043873034010865015,
    "XXYYII": -0.043873034010865015,
    "YXXYII": 0.043873034010865015,
    "XZXYZY": -0.03215379561225735,
    "IYYXXI": 0.03215379561225735,
    "IXXYYI": 0.03215379561225735,
    "IXYYXI": -0.03215379561225735,
    "IYXXYI": -0.03215379561225735,
    "XZXXZX": -0.03215379561225735,
    "YZYYZY": -0.03215379561225735,
    "YZYXZX": -0.03215379561225735,
    "XZZIXI": 0.03215292959054532,
    "YZZIYI": 0.03215292959054532,
    "IYIZZY": 0.03215292959054532,
    "IXIZZX": 0.03215292959054532,
    "YZZZYZ": -0.03215270700715977,
    "XZZZXZ": -0.03215270700715977,
    "IXZZIX": -0.03215270700715977,
    "IYZZIY": -0.03215270700715977,
    "IIYYXX": -0.023746389093933853,
    "IIXXYY": -0.023746389093933853,
    "IIYXXY": 0.023746389093933853,
    "IIXYYX": 0.023746389093933853,
    "IIZIII": 0.01577342272479256,
    "IIIZII": 0.015773422724792548,
    "IIIIZI": 0.015769463501926595,
    "IIIIIZ": 0.015769463501926567,
    "YIZZYI": -1.1702478299034411e-06,
    "ZXZZZX": -1.1702478299034411e-06,
    "XIZZXI": -1.1702478299034411e-06,
    "ZYZZZY": -1.1702478299034411e-06,
    "IXZIZX": -8.660217120370906e-07,
    "IYZIZY": -8.660217120370906e-07,
    "YZIZYI": -8.660217120370906e-07,
    "XZIZXI": -8.660217120370906e-07,
    "YZZZYI": -4.948365147604272e-07,
    "XZZZXI": -4.948365147604272e-07,
    "IXZZZX": -4.948365147586925e-07,
    "IYZZZY": -4.948365147586925e-07
  },
  "data": {
    "molecule_id": "H3+_singlet_C1",
    "qubit_encoding": "JW",
    "basis": "sto-3g",
    "charge": 1,
    "multiplicity": 1,
    "geometry": "H 0.0000000000 1.2612000000 0.0000000000\nH 1.0922500000 -0.6305500000 0.0000000000\nH -1.0922500000 -0.6305500000 0.0000000000",
    "n_qubits": 6,
    "alpha": 2.5,
    "energies": {
      "HF": -0.9074165159588828,
      "MP2": -0.9918924308353987,
      "CISD": -1.0189532964861745,
      "CCSD": -1.0189532445148741,
      "FCI": -1.0189532964691836
    },
    "converged": {
      "HF": true,
      "MP2": false,
      "CISD": true,
      "CCSD": true,
      "FCI": true
    },
    "fci_spin_matches_target": true,
    "fci_multiplicity": 1.0,
    "hf_method_fallback": "standard",
    "generation_time_s": 0.027,
    "timestamp": "2026-02-25T23:56:24.736658+00:00"
  }
}