{
  "hamiltonian": {
    "IIIIII": -0.37740283667273566,
    "ZIIIII": 0.20181909218517674,
    "IZIIII": 0.2018190921851766,
    "IIIIZZ": 0.16135025680720314,
    "IIZZII": 0.1613497313726815,
    "ZZIIII": 0.1435094156962241,
    "IZIIZI": 0.1398210407899511,
    "ZIIIIZ": 0.1398210407899511,
    "IZZIII": 0.13981972051518365,
    "ZIIZII": 0.13981972051518365,
    "IIIZZI": 0.12273491263550824,
    "IIZIIZ": 0.12273491263550824,
    "IZIIIZ": 0.10371425636613218,
    "ZIIIZI": 0.10371425636613218,
    "IZIZII": 0.10371300459931866,
    "ZIZIII": 0.10371300459931866,
    "IIZIZI": 0.10342611388907255,
    "IIIZIZ": 0.10342611388907255,
    "IIIIIZ": -0.10122121329627992,
    "IIIIZI": -0.1012212132962799,
    "IIZIII": -0.10120808266652867,
    "IIIZII": -0.10120808266652867,
    "YYIIXX": -0.036106784423818934,
    "XYIIYX": 0.036106784423818934,
    "YXIIXY": 0.036106784423818934,
    "XXIIYY": -0.036106784423818934,
    "XYYXII": 0.036106715915865,
    "XXYYII": -0.036106715915865,
    "YYXXII": -0.036106715915865,
    "YXXYII": 0.036106715915865,
    "IXYYXI": -0.024393877651052946,
    "IXXYYI": 0.024393877651052946,
    "IYYXXI": 0.024393877651052946,
    "IYXXYI": -0.024393877651052946,
    "XZXYZY": -0.024393877651052946,
    "XZXXZX": -0.024393877651052946,
    "YZYYZY": -0.024393877651052946,
    "YZYXZX": -0.024393877651052946,
    "XZZZXZ": -0.02439340884084301,
    "YZZZYZ": -0.02439340884084301,
    "IYZZIY": -0.024393408840843008,
    "IXZZIX": -0.024393408840843008,
    "XZZIXI": 0.024392897082405114,
    "YZZIYI": 0.024392897082405114,
    "IXIZZX": 0.024392897082405114,
    "IYIZZY": 0.024392897082405114,
    "IIXYYX": 0.019308798746435703,
    "IIXXYY": -0.019308798746435703,
    "IIYYXX": -0.019308798746435703,
    "IIYXXY": 0.019308798746435703,
    "ZXZZZX": -1.1230900082735083e-06,
    "ZYZZZY": -1.1230900082735083e-06,
    "XIZZXI": -1.1230900082735083e-06,
    "YIZZYI": -1.1230900082735083e-06,
    "XZIZXI": -9.805686478313314e-07,
    "IXZIZX": -9.805686478313314e-07,
    "IYZIZY": -9.805686478313314e-07,
    "YZIZYI": -9.805686478313314e-07,
    "IXZZZX": 3.7308177143046545e-07,
    "IYZZZY": 3.7308177143046545e-07,
    "XZZZXI": 3.727118229150672e-07,
    "YZZZYI": 3.727118229150672e-07
  },
  "data": {
    "molecule_id": "H3+_singlet_C1",
    "qubit_encoding": "JW",
    "basis": "sto-3g",
    "charge": 1,
    "multiplicity": 1,
    "geometry": "H 0.0000000000 0.6053933333 0.0000000000\nH 0.5242800000 -0.3026466667 0.0000000000\nH -0.5242800000 -0.3026466667 0.0000000000",
    "n_qubits": 6,
    "alpha": 1.2,
    "energies": {
      "HF": -1.2415042005846073,
      "MP2": -1.2622548193809482,
      "CISD": -1.271541168852638,
      "CCSD": -1.2715413795399977,
      "FCI": -1.2715411688525615
    },
    "converged": {
      "HF": true,
      "MP2": false,
      "CISD": true,
      "CCSD": true,
      "FCI": true
    },
    "fci_spin_matches_target": true,
    "fci_multiplicity": 1.0,
    "hf_method_fallback": "standard",
    "generation_time_s": 0.025,
    "timestamp": "2026-02-25T23:56:24.653352+00:00"
  }
}