{
  "hamiltonian": {
    "IIIIIIIZ": -0.33461213003281043,
    "IIIIIIZI": -0.33461213003281043,
    "IIIIIIII": -0.33147781341681204,
    "IZIIIIII": 0.18136485128990845,
    "ZIIIIIII": 0.18136485128990829,
    "IIIIIIZZ": 0.1452614793080777,
    "ZIIIIIIZ": 0.1307380587852841,
    "IZIIIIZI": 0.1307380587852841,
    "ZZIIIIII": 0.12432120849362696,
    "IIIIZIIZ": 0.12005460580671173,
    "IIIIIZZI": 0.12005460580671173,
    "IIIIZZII": 0.11685143854472041,
    "IIIZIIZI": 0.11598632411711242,
    "IIZIIIIZ": 0.11598632411711242,
    "IIZZIIII": 0.11340654161438063,
    "IIZIIZII": 0.11194105078035882,
    "IIIZZIII": 0.11194105078035882,
    "IZIIZIII": 0.11149852242605164,
    "ZIIIIZII": 0.11149852242605164,
    "ZIIZIIII": 0.10898302201672633,
    "IZZIIIII": 0.10898302201672633,
    "ZIIIIIZI": 0.10647068453545322,
    "IZIIIIIZ": 0.10647068453545322,
    "IIZIIIZI": 0.08982499235931943,
    "IIIZIIIZ": 0.08982499235931943,
    "IIIZIIII": 0.08792644653108544,
    "IIZIIIII": 0.08792644653108544,
    "ZIIIZIII": 0.08454049215503275,
    "IZIIIZII": 0.08454049215503275,
    "IIIIIZIZ": 0.07943848632286907,
    "IIIIZIZI": 0.07943848632286907,
    "IIIIIZII": -0.07904409226124132,
    "IIIIZIII": -0.07904409226124123,
    "IIIZIZII": 0.07762037309982334,
    "IIZIZIII": 0.07762037309982334,
    "ZIZIIIII": 0.06963750845631884,
    "IZIZIIII": 0.06963750845631884,
    "IIIIXXYY": -0.040616119483842646,
    "IIIIYXXY": 0.040616119483842646,
    "IIIIYYXX": -0.040616119483842646,
    "IIIIXYYX": 0.040616119483842646,
    "YYXXIIII": -0.03934551356040747,
    "XYYXIIII": 0.03934551356040747,
    "XXYYIIII": -0.03934551356040747,
    "YXXYIIII": 0.03934551356040747,
    "IYZYXZXI": -0.03765836794307971,
    "XZXIIYZY": -0.03765836794307971,
    "IXZXXZXI": -0.03765836794307971,
    "XZXIIXZX": -0.03765836794307971,
    "IYZYYZYI": -0.03765836794307971,
    "YZYIIYZY": -0.03765836794307971,
    "IXZXYZYI": -0.03765836794307971,
    "YZYIIXZX": -0.03765836794307971,
    "IIYXXYII": 0.03432067768053549,
    "IIXYYXII": 0.03432067768053549,
    "IIYYXXII": -0.03432067768053549,
    "IIXXYYII": -0.03432067768053549,
    "YXIIXYII": 0.026958030271018892,
    "YYIIXXII": -0.026958030271018892,
    "XXIIYYII": -0.026958030271018892,
    "XYIIYXII": 0.026958030271018892,
    "IIXXIIYY": -0.026161331757793,
    "IIXYIIYX": 0.026161331757793,
    "IIYXIIXY": 0.026161331757793,
    "IIYYIIXX": -0.026161331757793,
    "IIIYZIZY": -0.025545241514434606,
    "IIIXZIZX": -0.025545241514434606,
    "IIYZIZYI": -0.025545241514434606,
    "IIXZIZXI": -0.025545241514434606,
    "IIIXXYYI": 0.02484161375440218,
    "IIXZXYZY": -0.02484161375440218,
    "IIYZYXZX": -0.02484161375440218,
    "IIYZYYZY": -0.02484161375440218,
    "IIIYXXYI": -0.02484161375440218,
    "IIIYYXXI": 0.02484161375440218,
    "IIXZXXZX": -0.02484161375440218,
    "IIIXYYXI": -0.02484161375440218,
    "IYXIIXYI": -0.024628245729683994,
    "XZZXYZZY": 0.024628245729683994,
    "YZZYXZZX": 0.024628245729683994,
    "YZZXXZZY": -0.024628245729683994,
    "IYYIIXXI": 0.024628245729683994,
    "IXXIIYYI": 0.024628245729683994,
    "IXYIIYXI": -0.024628245729683994,
    "XZZYYZZX": -0.024628245729683994,
    "IYXXYIII": 0.024500238532872604,
    "IXXYYIII": -0.024500238532872604,
    "IXYYXIII": 0.024500238532872604,
    "IYYXXIII": -0.024500238532872604,
    "XZXXZXII": 0.024500238532872604,
    "XZXYZYII": 0.024500238532872604,
    "YZYXZXII": 0.024500238532872604,
    "YZYYZYII": 0.024500238532872604,
    "IYZYIYZY": -0.024418228025864692,
    "XZXIXZXI": -0.024418228025864692,
    "YZYIYZYI": -0.024418228025864692,
    "IXZXIXZX": -0.024418228025864692,
    "YYIIIIXX": -0.0242673742498309,
    "YXIIIIXY": 0.0242673742498309,
    "XXIIIIYY": -0.0242673742498309,
    "XYIIIIYX": 0.0242673742498309,
    "IIIYZZIY": -0.023384504139548193,
    "IIIXZZIX": -0.023384504139548193,
    "IIXZZZXZ": -0.02338450413954819,
    "IIYZZZYZ": -0.02338450413954819,
    "XZIZXIII": 0.022048950231499092,
    "IXZIZXII": 0.022048950231499092,
    "IYZIZYII": 0.022048950231499092,
    "YZIZYIII": 0.022048950231499092,
    "IYZZZYZI": 0.021476825762834346,
    "IXZZZXZI": 0.021476825762834346,
    "YZZZYIIZ": 0.021476825762834346,
    "XZZZXIIZ": 0.021476825762834346,
    "IZXZZZXI": -0.021061897360589422,
    "IZYZZZYI": -0.021061897360589422,
    "ZIIYZZZY": -0.021061897360589422,
    "ZIIXZZZX": -0.021061897360589422,
    "ZXZZZXII": 0.020391298291898445,
    "ZYZZZYII": 0.020391298291898445,
    "XIZZXIII": 0.020391298291898445,
    "YIZZYIII": 0.020391298291898445,
    "IIXZZZXI": 0.01726656072492464,
    "IIYZZZYI": 0.01726656072492464,
    "IIIXZZZX": 0.017266560724924634,
    "IIIYZZZY": 0.017266560724924634,
    "IYXIXZZY": 0.013240139917215022,
    "XZZYIYXI": 0.013240139917215022,
    "IYYIYZZY": 0.013240139917215022,
    "IXXIXZZX": 0.013240139917215022,
    "IXYIYZZX": 0.013240139917215022,
    "XZZXIXXI": 0.013240139917215022,
    "YZZXIXYI": 0.013240139917215022,
    "YZZYIYYI": 0.013240139917215022,
    "YZYIXZXI": -0.013030122213395718,
    "XZXIYZYI": -0.013030122213395718,
    "IYZYIXZX": -0.013030122213395718,
    "IXZXIYZY": -0.013030122213395718,
    "IYZXIXZY": -0.01138810581246897,
    "XZYIYZXI": -0.01138810581246897,
    "IXZYIYZX": -0.01138810581246897,
    "YZXIXZYI": -0.01138810581246897,
    "IXZZZXIZ": 0.011234473400252857,
    "XZZZXIZI": 0.011234473400252857,
    "IYZZZYIZ": 0.011234473400252857,
    "YZZZYIZI": 0.011234473400252857,
    "XYIYZZXI": -0.010770994389681812,
    "XXIXZZXI": -0.010770994389681812,
    "YYIYZZYI": -0.010770994389681812,
    "YXIXZZYI": -0.010770994389681812,
    "XXYZZZZY": -0.01077099438968181,
    "XYYZZZZX": 0.01077099438968181,
    "YYXZZZZX": -0.01077099438968181,
    "YXXZZZZY": 0.01077099438968181,
    "ZIYZZZYI": -0.01029090297090761,
    "IZIYZZZY": -0.01029090297090761,
    "IZIXZZZX": -0.01029090297090761,
    "ZIXZZZXI": -0.01029090297090761,
    "IXZZYIYX": 0.010242352362581492,
    "YZZZZYXX": 0.010242352362581492,
    "YZZZZXXY": -0.010242352362581492,
    "IXZZXIXX": 0.010242352362581492,
    "XZZZZXYY": 0.010242352362581492,
    "IYZZYIYY": 0.010242352362581492,
    "IYZZXIXY": 0.010242352362581492,
    "XZZZZYYX": -0.010242352362581492,
    "IXZZZXII": 0.005562131997510953,
    "IYZZZYII": 0.005562131997510953,
    "XZZZXIII": 0.005562131997510949,
    "YZZZYIII": 0.005562131997510949,
    "IYIZZYII": -0.002451288301373509,
    "IXIZZXII": -0.002451288301373509,
    "YZZIYIII": -0.002451288301373509,
    "XZZIXIII": -0.002451288301373509,
    "YZZZYZII": 0.0017156570386365894,
    "IYZZIYII": 0.0017156570386365894,
    "IXZZIXII": 0.0017156570386365894,
    "XZZZXZII": 0.0017156570386365894,
    "IIZXZZZX": -0.0010141239253515751,
    "IIZYZZZY": -0.0010141239253515751,
    "IIXIZZXI": -0.001014123925351575,
    "IIYIZZYI": -0.001014123925351575,
    "IIXZZIXI": -0.0007036277600324234,
    "IIIXIZZX": -0.0007036277600324234,
    "IIIYIZZY": -0.0007036277600324234,
    "IIYZZIYI": -0.0007036277600324234
  },
  "data": {
    "molecule_id": "H4_singlet_Dooh",
    "qubit_encoding": "JW",
    "basis": "sto-3g",
    "charge": 0,
    "multiplicity": 1,
    "geometry": "H -1.5000000000 0.0000000000 0.0000000000\nH -0.5000000000 0.0000000000 0.0000000000\nH 0.5000000000 0.0000000000 0.0000000000\nH 1.5000000000 0.0000000000 0.0000000000",
    "n_qubits": 8,
    "alpha": 1.0,
    "energies": {
      "HF": -2.0985459369977173,
      "MP2": -2.1397440121679767,
      "CISD": -2.1650318412399416,
      "CCSD": -2.1663795216395307,
      "FCI": -2.1663874486347474
    },
    "converged": {
      "HF": true,
      "MP2": false,
      "CISD": true,
      "CCSD": true,
      "FCI": true
    },
    "fci_spin_matches_target": true,
    "fci_multiplicity": 1.0000000000000009,
    "hf_method_fallback": "standard",
    "generation_time_s": 0.069,
    "timestamp": "2026-02-25T23:50:48.722612+00:00"
  }
}