{
  "hamiltonian": {
    "IIIIIIII": -0.9209431016975836,
    "IZIIIIII": 0.1193396960192801,
    "ZIIIIIII": 0.11933969601928002,
    "IIIIIIZZ": 0.11280938562917876,
    "ZIIIIIIZ": 0.10533488411349384,
    "IZIIIIZI": 0.10533488411349384,
    "ZZIIIIII": 0.1012576768766235,
    "IIIIIIZI": -0.1006235148321485,
    "IIIIIIIZ": -0.10062351483214849,
    "IIIIZZII": 0.09690710761570445,
    "IIIIIZZI": 0.09626317355906017,
    "IIIIZIIZ": 0.09626317355906017,
    "IIZIIIIZ": 0.0942814300550206,
    "IIIZIIZI": 0.0942814300550206,
    "IIZIIZII": 0.09410967805938797,
    "IIIZZIII": 0.09410967805938797,
    "IIZZIIII": 0.09406511971397562,
    "ZIIIIZII": 0.09114563331515939,
    "IZIIZIII": 0.09114563331515939,
    "IZZIIIII": 0.08996945130224066,
    "ZIIZIIII": 0.08996945130224066,
    "ZIIIIIZI": 0.0778453011571438,
    "IZIIIIIZ": 0.0778453011571438,
    "IIZIIIII": 0.0712803970859012,
    "IIIZIIII": 0.0712803970859012,
    "IIIZIIIZ": 0.06483219160654041,
    "IIZIIIZI": 0.06483219160654041,
    "ZIIIZIII": 0.062365869553365164,
    "IZIIIZII": 0.062365869553365164,
    "IIIZIZII": 0.05893281321745028,
    "IIZIZIII": 0.05893281321745028,
    "IIIIIZIZ": 0.053914856191311145,
    "IIIIZIZI": 0.053914856191311145,
    "ZIZIIIII": 0.05022257640433769,
    "IZIZIIII": 0.05022257640433769,
    "IIIIYXXY": 0.04234831736774902,
    "IIIIXXYY": -0.04234831736774902,
    "IIIIYYXX": -0.04234831736774902,
    "IIIIXYYX": 0.04234831736774902,
    "IXZXXZXI": -0.040006176579880565,
    "IYZYXZXI": -0.040006176579880565,
    "IYZYYZYI": -0.040006176579880565,
    "IXZXYZYI": -0.040006176579880565,
    "YZYIIYZY": -0.040006176579880565,
    "XZXIIXZX": -0.040006176579880565,
    "YZYIIXZX": -0.040006176579880565,
    "XZXIIYZY": -0.040006176579880565,
    "XXYYIIII": -0.039746874897902955,
    "XYYXIIII": 0.039746874897902955,
    "YXXYIIII": 0.039746874897902955,
    "YYXXIIII": -0.039746874897902955,
    "IIXYYXII": 0.03517686484193769,
    "IIXXYYII": -0.03517686484193769,
    "IIYYXXII": -0.03517686484193769,
    "IIYXXYII": 0.03517686484193769,
    "IIYYIIXX": -0.02944923844848018,
    "IIXXIIYY": -0.02944923844848018,
    "IIYXIIXY": 0.02944923844848018,
    "IIXYIIYX": 0.02944923844848018,
    "YXIIXYII": 0.028779763761794225,
    "YYIIXXII": -0.028779763761794225,
    "XYIIYXII": 0.028779763761794225,
    "XXIIYYII": -0.028779763761794225,
    "XZZYYZZX": -0.028392874735866377,
    "IYYIIXXI": 0.028392874735866377,
    "IYXIIXYI": -0.028392874735866377,
    "IXXIIYYI": 0.028392874735866377,
    "IXYIIYXI": -0.028392874735866377,
    "YZZXXZZY": -0.028392874735866377,
    "YZZYXZZX": 0.028392874735866377,
    "XZZXYZZY": 0.028392874735866377,
    "XYIIIIYX": 0.02748958295635002,
    "XXIIIIYY": -0.02748958295635002,
    "YXIIIIXY": 0.02748958295635002,
    "YYIIIIXX": -0.02748958295635002,
    "IIYZYYZY": -0.021747401290343887,
    "IIXZXYZY": -0.021747401290343887,
    "IIXZXXZX": -0.021747401290343887,
    "IIIYXXYI": -0.021747401290343887,
    "IIIYYXXI": 0.021747401290343887,
    "IIIXXYYI": 0.021747401290343887,
    "IIIXYYXI": -0.021747401290343887,
    "IIYZYXZX": -0.021747401290343887,
    "IXXYYIII": -0.02080879896958677,
    "IYXXYIII": 0.02080879896958677,
    "IXYYXIII": 0.02080879896958677,
    "IYYXXIII": -0.02080879896958677,
    "XZXYZYII": 0.02080879896958677,
    "YZYYZYII": 0.02080879896958677,
    "YZYXZXII": 0.02080879896958677,
    "XZXXZXII": 0.02080879896958677,
    "XZZYIYXI": 0.02001939255919331,
    "XZZXIXXI": 0.02001939255919331,
    "YZZYIYYI": 0.02001939255919331,
    "YZZXIXYI": 0.02001939255919331,
    "IYXIXZZY": 0.02001939255919331,
    "IYYIYZZY": 0.02001939255919331,
    "IXXIXZZX": 0.02001939255919331,
    "IXYIYZZX": 0.02001939255919331,
    "IYZYIYZY": -0.01998678402068725,
    "YZYIYZYI": -0.01998678402068725,
    "XZXIXZXI": -0.01998678402068725,
    "IXZXIXZX": -0.01998678402068725,
    "IIYZZZYZ": -0.018654336748955683,
    "IIXZZZXZ": -0.018654336748955683,
    "IIIXZZIX": -0.018654336748955683,
    "IIIYZZIY": -0.018654336748955683,
    "IIYZIZYI": -0.01844697332645898,
    "IIXZIZXI": -0.01844697332645898,
    "IIIXZIZX": -0.01844697332645898,
    "IIIYZIZY": -0.01844697332645898,
    "IYZZZYZI": 0.017485510124301357,
    "IXZZZXZI": 0.017485510124301357,
    "YZZZYIIZ": 0.017485510124301357,
    "XZZZXIIZ": 0.017485510124301357,
    "ZIIYZZZY": -0.0174630616586017,
    "ZIIXZZZX": -0.0174630616586017,
    "IZYZZZYI": -0.0174630616586017,
    "IZXZZZXI": -0.0174630616586017,
    "ZYZZZYII": 0.016843570896178366,
    "YIZZYIII": 0.016843570896178366,
    "XIZZXIII": 0.016843570896178366,
    "ZXZZZXII": 0.016843570896178366,
    "IXZIZXII": 0.016788762618293422,
    "YZIZYIII": 0.016788762618293422,
    "IYZIZYII": 0.016788762618293422,
    "XZIZXIII": 0.016788762618293422,
    "XZXIYZYI": -0.011613301844014191,
    "YZYIXZXI": -0.011613301844014191,
    "IXZXIYZY": -0.011613301844014191,
    "IYZYIXZX": -0.011613301844014191,
    "IIYZZZYI": 0.010558290677597986,
    "IIXZZZXI": 0.010558290677597986,
    "IIIYZZZY": 0.010558290677597981,
    "IIIXZZZX": 0.010558290677597981,
    "YYXZZZZX": -0.009065635934300955,
    "YXIXZZYI": -0.009065635934300955,
    "YYIYZZYI": -0.009065635934300955,
    "XXYZZZZY": -0.009065635934300955,
    "XYYZZZZX": 0.009065635934300955,
    "YXXZZZZY": 0.009065635934300955,
    "XXIXZZXI": -0.009065635934300955,
    "XYIYZZXI": -0.009065635934300955,
    "IXZZYIYX": 0.008884621027015321,
    "IXZZXIXX": 0.008884621027015321,
    "IYZZYIYY": 0.008884621027015321,
    "IYZZXIXY": 0.008884621027015321,
    "XZZZZYYX": -0.008884621027015321,
    "XZZZZXYY": 0.008884621027015321,
    "YZZZZYXX": 0.008884621027015321,
    "YZZZZXXY": -0.008884621027015321,
    "IXZZZXIZ": 0.008600889097286034,
    "IYZZZYIZ": 0.008600889097286034,
    "XZZZXIZI": 0.008600889097286034,
    "YZZZYIZI": 0.008600889097286034,
    "IZIYZZZY": -0.008397425724300741,
    "ZIYZZZYI": -0.008397425724300741,
    "ZIXZZZXI": -0.008397425724300741,
    "IZIXZZZX": -0.008397425724300741,
    "XZYIYZXI": -0.008373482176673063,
    "IYZXIXZY": -0.008373482176673063,
    "IXZYIYZX": -0.008373482176673063,
    "YZXIXZYI": -0.008373482176673063,
    "IIIIZIII": -0.0068954484364930485,
    "IIIIIZII": -0.006895448436493035,
    "IXZZZXII": 0.0065040522568043475,
    "IYZZZYII": 0.0065040522568043475,
    "YZZZYIII": 0.006504052256804331,
    "XZZZXIII": 0.006504052256804331,
    "IYIZZYII": -0.004020036351293347,
    "IXIZZXII": -0.004020036351293347,
    "YZZIYIII": -0.004020036351293347,
    "XZZIXIII": -0.004020036351293347,
    "IIIYIZZY": 0.003300427963884905,
    "IIXZZIXI": 0.003300427963884905,
    "IIYZZIYI": 0.003300427963884905,
    "IIIXIZZX": 0.003300427963884905,
    "XZZZXZII": -0.002974622415209788,
    "IXZZIXII": -0.002974622415209788,
    "IYZZIYII": -0.002974622415209788,
    "YZZZYZII": -0.002974622415209788,
    "IIXIZZXI": 0.0026139929670741958,
    "IIZYZZZY": 0.0026139929670741958,
    "IIZXZZZX": 0.0026139929670741958,
    "IIYIZZYI": 0.0026139929670741958
  },
  "data": {
    "molecule_id": "H4_singlet_Dooh",
    "qubit_encoding": "JW",
    "basis": "sto-3g",
    "charge": 0,
    "multiplicity": 1,
    "geometry": "H -2.2500000000 0.0000000000 0.0000000000\nH -0.7500000000 0.0000000000 0.0000000000\nH 0.7500000000 0.0000000000 0.0000000000\nH 2.2500000000 0.0000000000 0.0000000000",
    "n_qubits": 8,
    "alpha": 1.5,
    "energies": {
      "HF": -1.8291374118509718,
      "MP2": -1.915588844928953,
      "CISD": -1.9818237331123392,
      "CCSD": -1.997623881708405,
      "FCI": -1.9961503255187911
    },
    "converged": {
      "HF": true,
      "MP2": false,
      "CISD": true,
      "CCSD": true,
      "FCI": true
    },
    "fci_spin_matches_target": true,
    "fci_multiplicity": 1.0000000000000004,
    "hf_method_fallback": "standard",
    "generation_time_s": 0.066,
    "timestamp": "2026-02-25T23:50:48.853021+00:00"
  }
}