{
  "hamiltonian": {
    "IIIIIIIZ": -0.5468475585306249,
    "IIIIIIZI": -0.5468475585306249,
    "IIIIIIII": 0.32824321642539595,
    "ZIIIIIII": 0.21982064261358522,
    "IZIIIIII": 0.21982064261358522,
    "IIIIIIZZ": 0.16657106052083331,
    "ZIIIIIIZ": 0.14635826762914914,
    "IZIIIIZI": 0.14635826762914914,
    "IIIIZIII": -0.14467879268497325,
    "IIIIIZII": -0.1446787926849731,
    "ZZIIIIII": 0.1376262448196701,
    "IIIIIZZI": 0.13590303846852891,
    "IIIIZIIZ": 0.13590303846852891,
    "IIIZIIZI": 0.129754491144571,
    "IIZIIIIZ": 0.129754491144571,
    "IIIIZZII": 0.12973473519603357,
    "IIZZIIII": 0.1249679772235335,
    "IZIIZIII": 0.12456323361848894,
    "ZIIIIZII": 0.12456323361848894,
    "IIZIIZII": 0.12332111045211294,
    "IIIZZIII": 0.12332111045211294,
    "IZIIIIIZ": 0.12292747050013483,
    "ZIIIIIZI": 0.12292747050013483,
    "ZIIZIIII": 0.12047387876934003,
    "IZZIIIII": 0.12047387876934003,
    "IIIZIIIZ": 0.104389021303325,
    "IIZIIIZI": 0.104389021303325,
    "ZIIIZIII": 0.09779621180725878,
    "IZIIIZII": 0.09779621180725878,
    "IIIIZIZI": 0.09632031099043642,
    "IIIIIZIZ": 0.09632031099043642,
    "IIZIIIII": 0.08925855476562897,
    "IIIZIIII": 0.08925855476562894,
    "IIZIZIII": 0.08875182489405203,
    "IIIZIZII": 0.08875182489405203,
    "IZIZIIII": 0.08150495674125303,
    "ZIZIIIII": 0.08150495674125303,
    "IIIIXYYX": 0.03958272747809249,
    "IIIIXXYY": -0.03958272747809249,
    "IIIIYXXY": 0.03958272747809249,
    "IIIIYYXX": -0.03958272747809249,
    "YXXYIIII": 0.038968922028086994,
    "YYXXIIII": -0.038968922028086994,
    "XXYYIIII": -0.038968922028086994,
    "XYYXIIII": 0.038968922028086994,
    "YZYIIYZY": -0.036383546035063746,
    "XZXIIYZY": -0.036383546035063746,
    "XZXIIXZX": -0.036383546035063746,
    "YZYIIXZX": -0.036383546035063746,
    "IYZYYZYI": -0.036383546035063746,
    "IYZYXZXI": -0.036383546035063746,
    "IXZXYZYI": -0.036383546035063746,
    "IXZXXZXI": -0.036383546035063746,
    "IIYYXXII": -0.03456928555806091,
    "IIYXXYII": 0.03456928555806091,
    "IIXXYYII": -0.03456928555806091,
    "IIXYYXII": 0.03456928555806091,
    "IIIYZIZY": -0.02970108681800837,
    "IIIXZIZX": -0.02970108681800837,
    "IIYZIZYI": -0.02970108681800837,
    "IIXZIZXI": -0.02970108681800837,
    "IIIYZZIY": -0.02710803903796705,
    "IIIXZZIX": -0.02710803903796705,
    "IIYZZZYZ": -0.027108039037967047,
    "IIXZZZXZ": -0.027108039037967047,
    "XXIIYYII": -0.026767021811230144,
    "YXIIXYII": 0.026767021811230144,
    "XYIIYXII": 0.026767021811230144,
    "YYIIXXII": -0.026767021811230144,
    "YZYIYZYI": -0.026051410004440025,
    "IYZYIYZY": -0.026051410004440025,
    "XZXIXZXI": -0.026051410004440025,
    "IXZXIXZX": -0.026051410004440025,
    "IXYYXIII": 0.02602134858603189,
    "IYXXYIII": 0.02602134858603189,
    "IXXYYIII": -0.02602134858603189,
    "IYYXXIII": -0.02602134858603189,
    "YZYXZXII": 0.026021348586031886,
    "XZXYZYII": 0.026021348586031886,
    "XZXXZXII": 0.026021348586031886,
    "YZYYZYII": 0.026021348586031886,
    "IIIYYXXI": 0.025703848776428784,
    "IIIXXYYI": 0.025703848776428784,
    "IIYZYYZY": -0.025703848776428784,
    "IIYZYXZX": -0.025703848776428784,
    "IIIYXXYI": -0.025703848776428784,
    "IIIXYYXI": -0.025703848776428784,
    "IIXZXXZX": -0.025703848776428784,
    "IIXZXYZY": -0.025703848776428784,
    "IIYYIIXX": -0.025365469841245988,
    "IIXXIIYY": -0.025365469841245988,
    "IIXYIIYX": 0.025365469841245988,
    "IIYXIIXY": 0.025365469841245988,
    "YZIZYIII": 0.024943567459679128,
    "XZIZXIII": 0.024943567459679128,
    "IXZIZXII": 0.024943567459679128,
    "IYZIZYII": 0.024943567459679128,
    "IXZZZXZI": 0.024563041549020947,
    "IYZZZYZI": 0.024563041549020947,
    "XZZZXIIZ": 0.024563041549020947,
    "YZZZYIIZ": 0.024563041549020947,
    "ZIIYZZZY": -0.02352527135098327,
    "IZYZZZYI": -0.02352527135098327,
    "ZIIXZZZX": -0.02352527135098327,
    "IZXZZZXI": -0.02352527135098327,
    "IXXIIYYI": 0.02347866995710332,
    "XZZYYZZX": -0.02347866995710332,
    "XZZXYZZY": 0.02347866995710332,
    "YZZYXZZX": 0.02347866995710332,
    "IXYIIYXI": -0.02347866995710332,
    "IYXIIXYI": -0.02347866995710332,
    "YZZXXZZY": -0.02347866995710332,
    "IYYIIXXI": 0.02347866995710332,
    "YXIIIIXY": 0.02343079712901431,
    "XXIIIIYY": -0.02343079712901431,
    "XYIIIIYX": 0.02343079712901431,
    "YYIIIIXX": -0.02343079712901431,
    "XIZZXIII": 0.022662752204375074,
    "YIZZYIII": 0.022662752204375074,
    "ZYZZZYII": 0.022662752204375074,
    "ZXZZZXII": 0.022662752204375074,
    "IIYZZZYI": 0.022001978515628042,
    "IIXZZZXI": 0.022001978515628042,
    "IIIYZZZY": 0.022001978515628042,
    "IIIXZZZX": 0.022001978515628042,
    "YZZZYIZI": 0.013328817996174969,
    "XZZZXIZI": 0.013328817996174969,
    "IYZZZYIZ": 0.013328817996174969,
    "IXZZZXIZ": 0.013328817996174969,
    "YZXIXZYI": -0.0131465339264796,
    "IXZYIYZX": -0.0131465339264796,
    "XZYIYZXI": -0.0131465339264796,
    "IYZXIXZY": -0.0131465339264796,
    "IYZYIXZX": -0.012904876077960422,
    "XZXIYZYI": -0.012904876077960422,
    "IXZXIYZY": -0.012904876077960422,
    "YZYIXZXI": -0.012904876077960422,
    "XYYZZZZX": 0.01178884278228454,
    "XXYZZZZY": -0.01178884278228454,
    "YYXZZZZX": -0.01178884278228454,
    "YXXZZZZY": 0.01178884278228454,
    "XYIYZZXI": -0.01178884278228454,
    "XXIXZZXI": -0.01178884278228454,
    "YXIXZZYI": -0.01178884278228454,
    "YYIYZZYI": -0.01178884278228454,
    "ZIYZZZYI": -0.011736428568698729,
    "ZIXZZZXI": -0.011736428568698729,
    "IZIXZZZX": -0.011736428568698729,
    "IZIYZZZY": -0.011736428568698729,
    "IXZZXIXX": 0.011234223552845984,
    "IYZZYIYY": 0.011234223552845984,
    "IYZZXIXY": 0.011234223552845984,
    "YZZZZXXY": -0.011234223552845984,
    "YZZZZYXX": 0.011234223552845984,
    "XZZZZXYY": 0.011234223552845984,
    "IXZZYIYX": 0.011234223552845984,
    "XZZZZYYX": -0.011234223552845984,
    "IYXIXZZY": 0.010332136030623723,
    "IXXIXZZX": 0.010332136030623723,
    "XZZXIXXI": 0.010332136030623723,
    "XZZYIYXI": 0.010332136030623723,
    "IYYIYZZY": 0.010332136030623723,
    "YZZYIYYI": 0.010332136030623723,
    "IXYIYZZX": 0.010332136030623723,
    "YZZXIXYI": 0.010332136030623723,
    "IXZZIXII": 0.005185301551067384,
    "IYZZIYII": 0.005185301551067384,
    "XZZZXZII": 0.005185301551067384,
    "YZZZYZII": 0.005185301551067384,
    "IIIXIZZX": -0.003997238041579587,
    "IIIYIZZY": -0.003997238041579587,
    "IIXZZIXI": -0.003997238041579587,
    "IIYZZIYI": -0.003997238041579587,
    "IIXIZZXI": -0.0035399315634647337,
    "IIZYZZZY": -0.0035399315634647337,
    "IIZXZZZX": -0.0035399315634647337,
    "IIYIZZYI": -0.0035399315634647337,
    "XZZZXIII": 0.003448868411077475,
    "YZZZYIII": 0.003448868411077475,
    "IXZZZXII": 0.003448868411077468,
    "IYZZZYII": 0.003448868411077468,
    "YZZIYIII": -0.0010777811263527604,
    "IYIZZYII": -0.0010777811263527604,
    "XZZIXIII": -0.0010777811263527604,
    "IXIZZXII": -0.0010777811263527604
  },
  "data": {
    "molecule_id": "H4_singlet_Dooh",
    "qubit_encoding": "JW",
    "basis": "sto-3g",
    "charge": 0,
    "multiplicity": 1,
    "geometry": "H -1.2000000000 0.0000000000 0.0000000000\nH -0.4000000000 0.0000000000 0.0000000000\nH 0.4000000000 0.0000000000 0.0000000000\nH 1.2000000000 0.0000000000 0.0000000000",
    "n_qubits": 8,
    "alpha": 0.8,
    "energies": {
      "HF": -2.1213867557632273,
      "MP2": -2.151794258865353,
      "CISD": -2.1671415474900533,
      "CCSD": -2.167555566885592,
      "FCI": -2.1675605441340426
    },
    "converged": {
      "HF": true,
      "MP2": false,
      "CISD": true,
      "CCSD": true,
      "FCI": true
    },
    "fci_spin_matches_target": true,
    "fci_multiplicity": 1.0000000000000022,
    "hf_method_fallback": "standard",
    "generation_time_s": 0.061,
    "timestamp": "2026-02-25T23:50:49.332615+00:00"
  }
}