{
  "hamiltonian": {
    "IIIIIIII": -1.0906619532504274,
    "IIIIIIZZ": 0.07503196297996942,
    "ZIIIIIIZ": 0.0740661444283157,
    "IZIIIIZI": 0.0740661444283157,
    "ZZIIIIII": 0.07316484520070615,
    "IIIIZZII": 0.07238357424761707,
    "IIIIIZZI": 0.0721441601143242,
    "IIIIZIIZ": 0.0721441601143242,
    "IIIZZIII": 0.07202327005396914,
    "IIZIIZII": 0.07202327005396914,
    "IIIZIIZI": 0.07186387654770678,
    "IIZIIIIZ": 0.07186387654770678,
    "IIZZIIII": 0.07171004643441826,
    "IZIIZIII": 0.0712665463315772,
    "ZIIIIZII": 0.0712665463315772,
    "ZIIZIIII": 0.07100523018455668,
    "IZZIIIII": 0.07100523018455668,
    "IZIIIIII": 0.04815815569252625,
    "ZIIIIIII": 0.04815815569252622,
    "IIIIYXXY": 0.046216239726049047,
    "IIIIXXYY": -0.046216239726049047,
    "IIIIXYYX": 0.046216239726049047,
    "IIIIYYXX": -0.046216239726049047,
    "YZYIIYZY": -0.045697984388452725,
    "IXZXYZYI": -0.045697984388452725,
    "XZXIIXZX": -0.045697984388452725,
    "XZXIIYZY": -0.045697984388452725,
    "YZYIIXZX": -0.045697984388452725,
    "IYZYYZYI": -0.045697984388452725,
    "IXZXXZXI": -0.045697984388452725,
    "IYZYXZXI": -0.045697984388452725,
    "XYYXIIII": 0.04521629562725191,
    "XXYYIIII": -0.04521629562725191,
    "YYXXIIII": -0.04521629562725191,
    "YXXYIIII": 0.04521629562725191,
    "IIIZIIII": 0.04273590462246234,
    "IIZIIIII": 0.042735904622462316,
    "IIYYIIXX": -0.03874160344438829,
    "IIYXIIXY": 0.03874160344438829,
    "IIXXIIYY": -0.03874160344438829,
    "IIXYIIYX": 0.03874160344438829,
    "IZIIIIIZ": 0.0386126619555066,
    "ZIIIIIZI": 0.0386126619555066,
    "YZZXXZZY": -0.03849458195502276,
    "XZZXYZZY": 0.03849458195502276,
    "IYXIIXYI": -0.03849458195502276,
    "IYYIIXXI": 0.03849458195502276,
    "IXYIIYXI": -0.03849458195502276,
    "IXXIIYYI": 0.03849458195502276,
    "YZZYXZZX": 0.03849458195502276,
    "XZZYYZZX": -0.03849458195502276,
    "YYIIXXII": -0.03826583038317555,
    "XXIIYYII": -0.03826583038317555,
    "XYIIYXII": 0.03826583038317555,
    "YXIIXYII": 0.03826583038317555,
    "IIXYYXII": 0.03745310167589485,
    "IIXXYYII": -0.03745310167589485,
    "IIYYXXII": -0.03745310167589485,
    "IIYXXYII": 0.03745310167589485,
    "IIIIIZII": 0.036453135429743364,
    "IIIIZIII": 0.03645313542974336,
    "XYIIIIYX": 0.03545348247280911,
    "XXIIIIYY": -0.03545348247280911,
    "YXIIIIXY": 0.03545348247280911,
    "YYIIIIXX": -0.03545348247280911,
    "IYXIXZZY": 0.034684718019545195,
    "IXYIYZZX": 0.034684718019545195,
    "IXXIXZZX": 0.034684718019545195,
    "XZZXIXXI": 0.034684718019545195,
    "YZZYIYYI": 0.034684718019545195,
    "YZZXIXYI": 0.034684718019545195,
    "XZZYIYXI": 0.034684718019545195,
    "IYYIYZZY": 0.034684718019545195,
    "IIIZIZII": 0.03457016837807429,
    "IIZIZIII": 0.03457016837807429,
    "IIIZIIIZ": 0.033122273103318486,
    "IIZIIIZI": 0.033122273103318486,
    "ZIIIZIII": 0.03300071594840165,
    "IZIIIZII": 0.03300071594840165,
    "IIIIIIIZ": 0.03063020567779552,
    "IIIIIIZI": 0.03063020567779548,
    "IIIIZIZI": 0.025927920388275162,
    "IIIIIZIZ": 0.025927920388275162,
    "ZIZIIIII": 0.02578893455730477,
    "IZIZIIII": 0.02578893455730477,
    "XZXIXZXI": -0.011013266368907527,
    "IXZXIXZX": -0.011013266368907527,
    "IYZYIYZY": -0.011013266368907527,
    "YZYIYZYI": -0.011013266368907527,
    "IIYZYYZY": -0.01006630785976385,
    "IIIYYXXI": 0.01006630785976385,
    "IIIXXYYI": 0.01006630785976385,
    "IIIYXXYI": -0.01006630785976385,
    "IIXZXXZX": -0.01006630785976385,
    "IIXZXYZY": -0.01006630785976385,
    "IIYZYXZX": -0.01006630785976385,
    "IIIXYYXI": -0.01006630785976385,
    "IXXYYIII": -0.009918189307480299,
    "IYYXXIII": -0.009918189307480299,
    "XZXYZYII": 0.009918189307480299,
    "IYXXYIII": 0.009918189307480299,
    "XZXXZXII": 0.009918189307480299,
    "YZYXZXII": 0.009918189307480299,
    "IXYYXIII": 0.009918189307480299,
    "YZYYZYII": 0.009918189307480299,
    "IIIXZZIX": -0.009243883647812064,
    "IIYZZZYZ": -0.009243883647812064,
    "IIXZZZXZ": -0.009243883647812064,
    "IIIYZZIY": -0.009243883647812064,
    "ZIIXZZZX": -0.009002656243105697,
    "IZYZZZYI": -0.009002656243105697,
    "ZIIYZZZY": -0.009002656243105697,
    "IZXZZZXI": -0.009002656243105697,
    "YZZZYIIZ": 0.008984608716863615,
    "XZZZXIIZ": 0.008984608716863615,
    "IYZZZYZI": 0.008984608716863615,
    "IXZZZXZI": 0.008984608716863615,
    "XIZZXIII": 0.008760559514560742,
    "YIZZYIII": 0.008760559514560742,
    "ZYZZZYII": 0.00876055951456074,
    "ZXZZZXII": 0.00876055951456074,
    "IIXZIZXI": -0.008326476820300938,
    "IIYZIZYI": -0.008326476820300938,
    "IIIYZIZY": -0.008326476820300938,
    "IIIXZIZX": -0.008326476820300938,
    "XZIZXIII": 0.00823164812272265,
    "IYZIZYII": 0.00823164812272265,
    "IXZIZXII": 0.00823164812272265,
    "YZIZYIII": 0.00823164812272265,
    "XZXIYZYI": -0.007203402433429946,
    "YZYIXZXI": -0.007203402433429946,
    "IXZXIYZY": -0.007203402433429946,
    "IYZYIXZX": -0.007203402433429946,
    "ZIYZZZYI": -0.006275185767144838,
    "ZIXZZZXI": -0.006275185767144838,
    "IZIXZZZX": -0.006275185767144838,
    "IZIYZZZY": -0.006275185767144838,
    "IXZZZXIZ": 0.006266469067810358,
    "IYZZZYIZ": 0.006266469067810358,
    "XZZZXIZI": 0.006266469067810358,
    "YZZZYIZI": 0.006266469067810358,
    "IYZXIXZY": -0.003809863935477581,
    "XZYIYZXI": -0.003809863935477581,
    "YZXIXZYI": -0.003809863935477581,
    "IXZYIYZX": -0.003809863935477581,
    "XYIYZZXI": -0.002727470475960858,
    "YYIYZZYI": -0.002727470475960858,
    "YXXZZZZY": 0.002727470475960858,
    "YYXZZZZX": -0.002727470475960858,
    "XXYZZZZY": -0.002727470475960858,
    "XYYZZZZX": 0.002727470475960858,
    "XXIXZZXI": -0.002727470475960858,
    "YXIXZZYI": -0.002727470475960858,
    "IYZZXIXY": 0.0027181396490532574,
    "IYZZYIYY": 0.0027181396490532574,
    "IXZZXIXX": 0.0027181396490532574,
    "IXZZYIYX": 0.0027181396490532574,
    "XZZZZYYX": -0.002718139649053257,
    "XZZZZXYY": 0.002718139649053257,
    "YZZZZYXX": 0.002718139649053257,
    "YZZZZXXY": -0.002718139649053257,
    "IIXZZZXI": 0.0020459728189615297,
    "IIYZZZYI": 0.0020459728189615297,
    "IIIXZZZX": 0.002045972818961525,
    "IIIYZZZY": 0.002045972818961525,
    "IXZZZXII": 0.0019716761055758145,
    "IYZZZYII": 0.0019716761055758145,
    "XZZZXIII": 0.001971676105575808,
    "YZZZYIII": 0.001971676105575808,
    "YZZZYZII": -0.0019147040377368815,
    "XZZZXZII": -0.0019147040377368815,
    "IXZZIXII": -0.0019147040377368813,
    "IYZZIYII": -0.0019147040377368813,
    "IIIYIZZY": 0.001739831039462912,
    "IIXZZIXI": 0.001739831039462912,
    "IIYZZIYI": 0.001739831039462912,
    "IIIXIZZX": 0.001739831039462912,
    "YZZIYIII": -0.0016865411847576512,
    "XZZIXIII": -0.0016865411847576512,
    "IYIZZYII": -0.0016865411847576512,
    "IXIZZXII": -0.0016865411847576512,
    "IIZXZZZX": 0.0014928759301657967,
    "IIXIZZXI": 0.0014928759301657967,
    "IIYIZZYI": 0.0014928759301657967,
    "IIZYZZZY": 0.0014928759301657967
  },
  "data": {
    "molecule_id": "H4_singlet_Dooh",
    "qubit_encoding": "JW",
    "basis": "sto-3g",
    "charge": 0,
    "multiplicity": 1,
    "geometry": "H -4.5000000000 0.0000000000 0.0000000000\nH -1.5000000000 0.0000000000 0.0000000000\nH 1.5000000000 0.0000000000 0.0000000000\nH 4.5000000000 0.0000000000 0.0000000000",
    "n_qubits": 8,
    "alpha": 3.0,
    "energies": {
      "HF": -1.3133117858074337,
      "MP2": -1.7584206325337042,
      "CISD": -1.858897067328259,
      "CCSD": -1.890289752409585,
      "FCI": -1.8672913724009665
    },
    "converged": {
      "HF": true,
      "MP2": false,
      "CISD": true,
      "CCSD": true,
      "FCI": true
    },
    "fci_spin_matches_target": true,
    "fci_multiplicity": 0.9999999999999991,
    "hf_method_fallback": "standard",
    "generation_time_s": 0.161,
    "timestamp": "2026-02-25T23:50:49.189412+00:00"
  }
}