{
  "hamiltonian": {
    "IIIIIIII": -1.084916569937093,
    "IIIIIIZZ": 0.0828770155622296,
    "IZIIIIZI": 0.08078010210815192,
    "ZIIIIIIZ": 0.08078010210815192,
    "ZZIIIIII": 0.07900000855764638,
    "IIIIZZII": 0.07769376795087563,
    "IIZIIZII": 0.07686900206736216,
    "IIIZZIII": 0.07686900206736216,
    "IIIIIZZI": 0.07657109800811726,
    "IIIIZIIZ": 0.07657109800811726,
    "IIZZIIII": 0.0762900285361589,
    "IIZIIIIZ": 0.07599319190093787,
    "IIIZIIZI": 0.07599319190093787,
    "ZIIIIZII": 0.07478583332534572,
    "IZIIZIII": 0.07478583332534572,
    "IZZIIIII": 0.07429962309319879,
    "ZIIZIIII": 0.07429962309319879,
    "ZIIIIIII": 0.05970211906014335,
    "IZIIIIII": 0.05970211906014335,
    "ZIIIIIZI": 0.04733645684921306,
    "IZIIIIIZ": 0.04733645684921306,
    "IIIZIIII": 0.0472920521828031,
    "IIZIIIII": 0.04729205218280309,
    "IIIIYXXY": 0.04509896873806862,
    "IIIIXYYX": 0.04509896873806862,
    "IIIIYYXX": -0.04509896873806862,
    "IIIIXXYY": -0.04509896873806862,
    "IXZXXZXI": -0.04409624786138977,
    "IXZXYZYI": -0.04409624786138977,
    "IYZYXZXI": -0.04409624786138977,
    "YZYIIYZY": -0.04409624786138977,
    "YZYIIXZX": -0.04409624786138977,
    "XZXIIYZY": -0.04409624786138977,
    "XZXIIXZX": -0.04409624786138977,
    "IYZYYZYI": -0.04409624786138977,
    "XYYXIIII": 0.04328046130252639,
    "XXYYIIII": -0.04328046130252639,
    "YXXYIIII": 0.04328046130252639,
    "YYXXIIII": -0.04328046130252639,
    "IIZIIIZI": 0.03978797949414519,
    "IIIZIIIZ": 0.03978797949414519,
    "IIZIZIII": 0.03978714124163779,
    "IIIZIZII": 0.03978714124163779,
    "ZIIIZIII": 0.0394144956739752,
    "IZIIIZII": 0.0394144956739752,
    "IIXYYXII": 0.037081860825724365,
    "IIXXYYII": -0.037081860825724365,
    "IIYYXXII": -0.037081860825724365,
    "IIYXXYII": 0.037081860825724365,
    "IIXYIIYX": 0.03620521240679269,
    "IIXXIIYY": -0.03620521240679269,
    "IIYYIIXX": -0.03620521240679269,
    "IIYXIIXY": 0.03620521240679269,
    "XZZYYZZX": -0.03573800989323728,
    "XZZXYZZY": 0.03573800989323728,
    "YZZXXZZY": -0.03573800989323728,
    "IXYIIYXI": -0.03573800989323728,
    "IXXIIYYI": 0.03573800989323728,
    "YZZYXZZX": 0.03573800989323728,
    "IYXIIXYI": -0.03573800989323728,
    "IYYIIXXI": 0.03573800989323728,
    "XYIIYXII": 0.035371337651370516,
    "YXIIXYII": 0.035371337651370516,
    "XXIIYYII": -0.035371337651370516,
    "YYIIXXII": -0.035371337651370516,
    "YYIIIIXX": -0.033443645258938864,
    "XXIIIIYY": -0.033443645258938864,
    "XYIIIIYX": 0.033443645258938864,
    "YXIIIIXY": 0.033443645258938864,
    "IIIIIZIZ": 0.03147212927004863,
    "IIIIZIZI": 0.03147212927004863,
    "IIIIIZII": 0.031459768196344565,
    "IIIIZIII": 0.031459768196344544,
    "IZIZIIII": 0.031019161790672385,
    "ZIZIIIII": 0.031019161790672385,
    "XZZYIYXI": 0.030945747698722877,
    "XZZXIXXI": 0.030945747698722877,
    "YZZYIYYI": 0.030945747698722877,
    "YZZXIXYI": 0.030945747698722877,
    "IYXIXZZY": 0.030945747698722877,
    "IYYIYZZY": 0.030945747698722877,
    "IXYIYZZX": 0.030945747698722877,
    "IXXIXZZX": 0.030945747698722877,
    "IIIIIIZI": 0.01657796986699589,
    "IIIIIIIZ": 0.016577969866995855,
    "IIIXXYYI": 0.014237049203117472,
    "IIIXYYXI": -0.014237049203117472,
    "IIIYXXYI": -0.014237049203117472,
    "IIIYYXXI": 0.014237049203117472,
    "IIXZXXZX": -0.014237049203117469,
    "IIYZYXZX": -0.014237049203117469,
    "IIYZYYZY": -0.014237049203117469,
    "IIXZXYZY": -0.014237049203117469,
    "IXXYYIII": -0.013833345194526742,
    "IYYXXIII": -0.013833345194526742,
    "IYXXYIII": 0.013833345194526742,
    "XZXXZXII": 0.013833345194526742,
    "XZXYZYII": 0.013833345194526742,
    "YZYXZXII": 0.013833345194526742,
    "YZYYZYII": 0.013833345194526742,
    "IXYYXIII": 0.013833345194526742,
    "YZYIYZYI": -0.01315050016266689,
    "XZXIXZXI": -0.01315050016266689,
    "IYZYIYZY": -0.01315050016266689,
    "IXZXIXZX": -0.01315050016266689,
    "IIXZZZXZ": -0.012676734127805114,
    "IIYZZZYZ": -0.012676734127805114,
    "IIIXZZIX": -0.012676734127805112,
    "IIIYZZIY": -0.012676734127805112,
    "ZIIXZZZX": -0.012212439024186698,
    "ZIIYZZZY": -0.012212439024186698,
    "IZYZZZYI": -0.012212439024186698,
    "IZXZZZXI": -0.012212439024186698,
    "YZZZYIIZ": 0.012195944774905838,
    "IXZZZXZI": 0.012195944774905838,
    "IYZZZYZI": 0.012195944774905838,
    "XZZZXIIZ": 0.012195944774905838,
    "XIZZXIII": 0.01180141274274037,
    "YIZZYIII": 0.01180141274274037,
    "ZXZZZXII": 0.011801412742740368,
    "ZYZZZYII": 0.011801412742740368,
    "IIIXZIZX": -0.010583100828612853,
    "IIIYZIZY": -0.010583100828612853,
    "IIXZIZXI": -0.010583100828612853,
    "IIYZIZYI": -0.010583100828612853,
    "YZIZYIII": 0.010308104795409513,
    "XZIZXIII": 0.010308104795409513,
    "IYZIZYII": 0.010308104795409513,
    "IXZIZXII": 0.010308104795409513,
    "IYZYIXZX": -0.00835823796815249,
    "IXZXIYZY": -0.00835823796815249,
    "XZXIYZYI": -0.00835823796815249,
    "YZYIXZXI": -0.00835823796815249,
    "IZIYZZZY": -0.0067223609151017254,
    "ZIYZZZYI": -0.0067223609151017254,
    "IZIXZZZX": -0.0067223609151017254,
    "ZIXZZZXI": -0.0067223609151017254,
    "IYZZZYIZ": 0.006711846269440637,
    "YZZZYIZI": 0.006711846269440637,
    "IXZZZXIZ": 0.006711846269440637,
    "XZZZXIZI": 0.006711846269440637,
    "YYXZZZZX": -0.005490078109084973,
    "XXYZZZZY": -0.005490078109084973,
    "XYYZZZZX": 0.005490078109084973,
    "YXXZZZZY": 0.005490078109084973,
    "XYIYZZXI": -0.005490078109084973,
    "XXIXZZXI": -0.005490078109084973,
    "YYIYZZYI": -0.005490078109084973,
    "YXIXZZYI": -0.005490078109084973,
    "XZZZZYYX": -0.005484098505465202,
    "YZZZZYXX": 0.005484098505465202,
    "IXZZYIYX": 0.005484098505465202,
    "IXZZXIXX": 0.005484098505465202,
    "IYZZYIYY": 0.005484098505465202,
    "IYZZXIXY": 0.005484098505465202,
    "XZZZZXYY": 0.005484098505465202,
    "YZZZZXXY": -0.005484098505465202,
    "YZXIXZYI": -0.004792262194514401,
    "XZYIYZXI": -0.004792262194514401,
    "IYZXIXZY": -0.004792262194514401,
    "IXZYIYZX": -0.004792262194514401,
    "IIYZZZYI": 0.0038789291143628826,
    "IIXZZZXI": 0.0038789291143628826,
    "IIIXZZZX": 0.0038789291143628783,
    "IIIYZZZY": 0.0038789291143628783,
    "IXZZIXII": -0.00385454631965681,
    "XZZZXZII": -0.00385454631965681,
    "YZZZYZII": -0.00385454631965681,
    "IYZZIYII": -0.00385454631965681,
    "IIYZZIYI": 0.0036539483745046185,
    "IIIXIZZX": 0.0036539483745046185,
    "IIIYIZZY": 0.0036539483745046185,
    "IIXZZIXI": 0.0036539483745046185,
    "IYZZZYII": 0.003530689283724075,
    "IXZZZXII": 0.003530689283724075,
    "XZZZXIII": 0.003530689283724074,
    "YZZZYIII": 0.003530689283724074,
    "XZZIXIII": -0.0035252403991172278,
    "IYIZZYII": -0.0035252403991172278,
    "IXIZZXII": -0.0035252403991172278,
    "YZZIYIII": -0.0035252403991172278,
    "IIZYZZZY": 0.0032081829995377585,
    "IIXIZZXI": 0.0032081829995377585,
    "IIYIZZYI": 0.0032081829995377585,
    "IIZXZZZX": 0.0032081829995377585
  },
  "data": {
    "molecule_id": "H4_singlet_Dooh",
    "qubit_encoding": "JW",
    "basis": "sto-3g",
    "charge": 0,
    "multiplicity": 1,
    "geometry": "H -3.7500000000 0.0000000000 0.0000000000\nH -1.2500000000 0.0000000000 0.0000000000\nH 1.2500000000 0.0000000000 0.0000000000\nH 3.7500000000 0.0000000000 0.0000000000",
    "n_qubits": 8,
    "alpha": 2.5,
    "energies": {
      "HF": -1.409752996686863,
      "MP2": -1.700936637780178,
      "CISD": -1.850772290839765,
      "CCSD": -1.9032681216023977,
      "FCI": -1.8722159944239616
    },
    "converged": {
      "HF": true,
      "MP2": false,
      "CISD": true,
      "CCSD": true,
      "FCI": true
    },
    "fci_spin_matches_target": true,
    "fci_multiplicity": 1.0000000000000018,
    "hf_method_fallback": "standard",
    "generation_time_s": 0.101,
    "timestamp": "2026-02-25T23:50:49.028031+00:00"
  }
}