{
  "hamiltonian": {
    "IIIIIIII": 3.147925551189107,
    "IIIIIIZI": -1.37250564554623,
    "IIIIIIIZ": -1.3725056455462297,
    "IIIIZIII": -0.3800597971777056,
    "IIIIIZII": -0.38005979717770555,
    "IZIIIIII": 0.30779933255000846,
    "ZIIIIIII": 0.3077993325500084,
    "IIIIIIZZ": 0.2306899139356505,
    "ZIIIIIIZ": 0.1844234539752564,
    "IZIIIIZI": 0.1844234539752564,
    "IIIIIZZI": 0.1763004818220237,
    "IIIIZIIZ": 0.1763004818220237,
    "ZZIIIIII": 0.16502587838460686,
    "IIIZIIZI": 0.16121621291799174,
    "IIZIIIIZ": 0.16121621291799174,
    "IZIIIIIZ": 0.16121618781020802,
    "ZIIIIIZI": 0.16121618781020802,
    "IIIIZZII": 0.1599614973261892,
    "IZIIZIII": 0.1531867773766424,
    "ZIIIIZII": 0.1531867773766424,
    "IIIZZIII": 0.1487920954835636,
    "IIZIIZII": 0.1487920954835636,
    "IIZZIIII": 0.14878395662476213,
    "IZZIIIII": 0.1440979316753428,
    "ZIIZIIII": 0.1440979316753428,
    "IIIIIZIZ": 0.1380052181545309,
    "IIIIZIZI": 0.1380052181545309,
    "IIIZIIIZ": 0.13646332692925844,
    "IIZIIIZI": 0.13646332692925844,
    "ZIIIZIII": 0.12598113334107439,
    "IZIIIZII": 0.12598113334107439,
    "IIIZIZII": 0.1128028230935157,
    "IIZIZIII": 0.1128028230935157,
    "IZIZIIII": 0.10736661026223299,
    "ZIZIIIII": 0.10736661026223299,
    "IIZIIIII": 0.06182170592212824,
    "IIIZIIII": 0.061821705922128004,
    "IIIXZZIX": -0.04048360377510997,
    "IIIYZZIY": -0.04048360377510997,
    "IIXZZZXZ": -0.04048360377510997,
    "IIYZZZYZ": -0.04048360377510997,
    "IIIIXYYX": 0.0382952636674928,
    "IIIIXXYY": -0.0382952636674928,
    "IIIIYXXY": 0.0382952636674928,
    "IIIIYYXX": -0.0382952636674928,
    "IIXZIZXI": -0.038026186080718435,
    "IIYZIZYI": -0.038026186080718435,
    "IIIYZIZY": -0.038026186080718435,
    "IIIXZIZX": -0.038026186080718435,
    "IYZZZYZI": 0.03711339981979593,
    "YZZZYIIZ": 0.03711339981979593,
    "XZZZXIIZ": 0.03711339981979593,
    "IXZZZXZI": 0.03711339981979593,
    "IIXZZZXI": 0.037050199775344114,
    "IIYZZZYI": 0.037050199775344114,
    "IIIYZZZY": 0.0370501997753441,
    "IIIXZZZX": 0.0370501997753441,
    "XXYYIIII": -0.0367313214131098,
    "YYXXIIII": -0.0367313214131098,
    "XYYXIIII": 0.0367313214131098,
    "YXXYIIII": 0.0367313214131098,
    "IIYYXXII": -0.03598927239004787,
    "IIXYYXII": 0.03598927239004787,
    "IIYXXYII": 0.03598927239004787,
    "IIXXYYII": -0.03598927239004787,
    "IYZYXZXI": -0.03363024586208212,
    "IYZYYZYI": -0.03363024586208212,
    "IXZXXZXI": -0.03363024586208212,
    "IXZXYZYI": -0.03363024586208212,
    "YZYIIYZY": -0.03363024586208212,
    "YZYIIXZX": -0.03363024586208212,
    "XZXIIYZY": -0.03363024586208212,
    "XZXIIXZX": -0.03363024586208212,
    "IXZIZXII": 0.030861086370774612,
    "XZIZXIII": 0.030861086370774612,
    "YZIZYIII": 0.030861086370774612,
    "IYZIZYII": 0.030861086370774612,
    "IZXZZZXI": -0.029158198995224018,
    "ZIIYZZZY": -0.029158198995224018,
    "IZYZZZYI": -0.029158198995224018,
    "ZIIXZZZX": -0.029158198995224018,
    "ZXZZZXII": 0.028543799656585506,
    "ZYZZZYII": 0.028543799656585506,
    "XIZZXIII": 0.028543799656585506,
    "YIZZYIII": 0.028543799656585506,
    "IXZXIXZX": -0.02789667128982261,
    "XZXIXZXI": -0.02789667128982261,
    "YZYIYZYI": -0.02789667128982261,
    "IYZYIYZY": -0.02789667128982261,
    "IXYYXIII": 0.027741677488156216,
    "IXXYYIII": -0.027741677488156216,
    "IYYXXIII": -0.027741677488156216,
    "XZXYZYII": 0.027741677488156216,
    "XZXXZXII": 0.027741677488156216,
    "YZYXZXII": 0.027741677488156216,
    "YZYYZYII": 0.027741677488156216,
    "IYXXYIII": 0.027741677488156216,
    "YXIIXYII": 0.02720564403556802,
    "YYIIXXII": -0.02720564403556802,
    "XXIIYYII": -0.02720564403556802,
    "XYIIYXII": 0.02720564403556802,
    "IIXZXYZY": -0.0256456739920459,
    "IIXZXXZX": -0.0256456739920459,
    "IIYZYYZY": -0.0256456739920459,
    "IIYZYXZX": -0.0256456739920459,
    "IIIYXXYI": -0.025645673992045898,
    "IIIXYYXI": -0.025645673992045898,
    "IIIYYXXI": 0.025645673992045898,
    "IIIXXYYI": 0.025645673992045898,
    "IIYXIIXY": 0.024752885988733292,
    "IIYYIIXX": -0.024752885988733292,
    "IIXXIIYY": -0.024752885988733292,
    "IIXYIIYX": 0.024752885988733292,
    "XXIIIIYY": -0.023207266165048344,
    "XYIIIIYX": 0.023207266165048344,
    "YXIIIIXY": 0.023207266165048344,
    "YYIIIIXX": -0.023207266165048344,
    "YZZYXZZX": 0.022592734968979712,
    "YZZXXZZY": -0.022592734968979712,
    "XZZXYZZY": 0.022592734968979712,
    "IYXIIXYI": -0.022592734968979712,
    "XZZYYZZX": -0.022592734968979712,
    "IYYIIXXI": 0.022592734968979712,
    "IXXIIYYI": 0.022592734968979712,
    "IXYIIYXI": -0.022592734968979712,
    "XZZZXIZI": 0.0220581432479779,
    "YZZZYIZI": 0.0220581432479779,
    "IYZZZYIZ": 0.0220581432479779,
    "IXZZZXIZ": 0.0220581432479779,
    "YZXIXZYI": -0.016859160396720196,
    "IXZYIYZX": -0.016859160396720196,
    "IYZXIXZY": -0.016859160396720196,
    "XZYIYZXI": -0.016859160396720196,
    "IZIXZZZX": -0.015676544380215943,
    "ZIYZZZYI": -0.015676544380215943,
    "ZIXZZZXI": -0.015676544380215943,
    "IZIYZZZY": -0.015676544380215943,
    "YZZZZYXX": 0.015055256571818037,
    "YZZZZXXY": -0.015055256571818037,
    "IXZZYIYX": 0.015055256571818037,
    "XZZZZXYY": 0.015055256571818037,
    "XZZZZYYX": -0.015055256571818037,
    "IXZZXIXX": 0.015055256571818037,
    "IYZZYIYY": 0.015055256571818037,
    "IYZZXIXY": 0.015055256571818037,
    "XZZZXZII": 0.013741917400764163,
    "YZZZYZII": 0.013741917400764163,
    "IXZZIXII": 0.01374191740076416,
    "IYZZIYII": 0.01374191740076416,
    "XYYZZZZX": 0.013481654615008082,
    "XXYZZZZY": -0.013481654615008082,
    "YYXZZZZX": -0.013481654615008082,
    "YXXZZZZY": 0.013481654615008082,
    "YXIXZZYI": -0.013481654615008082,
    "YYIYZZYI": -0.013481654615008082,
    "XYIYZZXI": -0.013481654615008082,
    "XXIXZZXI": -0.013481654615008082,
    "IIYZZIYI": -0.012380512088672533,
    "IIXZZIXI": -0.012380512088672533,
    "IIIXIZZX": -0.012380512088672533,
    "IIIYIZZY": -0.012380512088672533,
    "IXZXIYZY": -0.011037510893102417,
    "YZYIXZXI": -0.011037510893102417,
    "XZXIYZYI": -0.011037510893102417,
    "IYZYIXZX": -0.011037510893102417,
    "IYZZZYII": -0.01039213739854098,
    "IXZZZXII": -0.01039213739854098,
    "YZZZYIII": -0.01039213739854096,
    "XZZZXIII": -0.01039213739854096,
    "IIXIZZXI": -0.009002470727296662,
    "IIZYZZZY": -0.009002470727296662,
    "IIYIZZYI": -0.009002470727296662,
    "IIZXZZZX": -0.009002470727296662,
    "YZZXIXYI": 0.005733574572259511,
    "YZZYIYYI": 0.005733574572259511,
    "XZZXIXXI": 0.005733574572259511,
    "XZZYIYXI": 0.005733574572259511,
    "IXYIYZZX": 0.005733574572259511,
    "IXXIXZZX": 0.005733574572259511,
    "IYXIXZZY": 0.005733574572259511,
    "IYYIYZZY": 0.005733574572259511,
    "IXIZZXII": 0.0031194088826183948,
    "IYIZZYII": 0.0031194088826183948,
    "XZZIXIII": 0.0031194088826183948,
    "YZZIYIII": 0.0031194088826183948
  },
  "data": {
    "molecule_id": "H4_singlet_Dooh",
    "qubit_encoding": "JW",
    "basis": "sto-3g",
    "charge": 0,
    "multiplicity": 1,
    "geometry": "H -0.7500000000 0.0000000000 0.0000000000\nH -0.2500000000 0.0000000000 0.0000000000\nH 0.2500000000 0.0000000000 0.0000000000\nH 0.7500000000 0.0000000000 0.0000000000",
    "n_qubits": 8,
    "alpha": 0.5,
    "energies": {
      "HF": -1.6286097029585855,
      "MP2": -1.646969159647012,
      "CISD": -1.653061552706001,
      "CCSD": -1.6531113817563385,
      "FCI": -1.653116951940114
    },
    "converged": {
      "HF": true,
      "MP2": false,
      "CISD": true,
      "CCSD": true,
      "FCI": true
    },
    "fci_spin_matches_target": true,
    "fci_multiplicity": 1.0000000000000004,
    "hf_method_fallback": "standard",
    "generation_time_s": 0.055,
    "timestamp": "2026-02-25T23:50:49.450555+00:00"
  }
}