{
  "hamiltonian": {
    "IIIIIIII": 0.8969616829243877,
    "IIIIIIZI": -0.717801836683542,
    "IIIIIIIZ": -0.7178018366835419,
    "ZIIIIIII": 0.24432496185012423,
    "IZIIIIII": 0.2443249618501242,
    "IIIIZIII": -0.19723837743825245,
    "IIIIIZII": -0.19723837743825243,
    "IIIIIIZZ": 0.18146640076978476,
    "ZIIIIIIZ": 0.15633082468354925,
    "IZIIIIZI": 0.15633082468354925,
    "IIIIIZZI": 0.14633957579700235,
    "IIIIZIIZ": 0.14633957579700235,
    "ZZIIIIII": 0.1455585294691444,
    "IIIZIIZI": 0.13836161392570168,
    "IIZIIIIZ": 0.13836161392570168,
    "IIIIZZII": 0.13800017583515783,
    "IZIIIIIZ": 0.13316396151662707,
    "ZIIIIIZI": 0.13316396151662707,
    "ZIIIIZII": 0.1326747759428372,
    "IZIIZIII": 0.1326747759428372,
    "IIZZIIII": 0.1318887051809599,
    "IIZIIZII": 0.1305191147688196,
    "IIIZZIII": 0.1305191147688196,
    "IZZIIIII": 0.1273412882757058,
    "ZIIZIIII": 0.1273412882757058,
    "IIIZIIIZ": 0.11323957666391714,
    "IIZIIIZI": 0.11323957666391714,
    "IIIIZIZI": 0.10725583477994949,
    "IIIIIZIZ": 0.10725583477994949,
    "ZIIIZIII": 0.10590971532796686,
    "IZIIIZII": 0.10590971532796686,
    "IIZIZIII": 0.09556925410671133,
    "IIIZIZII": 0.09556925410671133,
    "IZIZIIII": 0.0888311436806056,
    "ZIZIIIII": 0.0888311436806056,
    "IIZIIIII": 0.08617028808398844,
    "IIIZIIII": 0.08617028808398826,
    "IIIIYXXY": 0.039083741017052864,
    "IIIIYYXX": -0.039083741017052864,
    "IIIIXXYY": -0.039083741017052864,
    "IIIIXYYX": 0.039083741017052864,
    "XYYXIIII": 0.03851014459510019,
    "XXYYIIII": -0.03851014459510019,
    "YYXXIIII": -0.03851014459510019,
    "YXXYIIII": 0.03851014459510019,
    "IXZXYZYI": -0.03561556652259219,
    "IYZYYZYI": -0.03561556652259219,
    "IYZYXZXI": -0.03561556652259219,
    "YZYIIYZY": -0.03561556652259219,
    "YZYIIXZX": -0.03561556652259219,
    "XZXIIYZY": -0.03561556652259219,
    "XZXIIXZX": -0.03561556652259219,
    "IXZXXZXI": -0.03561556652259219,
    "IIXXYYII": -0.03494986066210828,
    "IIYXXYII": 0.03494986066210828,
    "IIXYYXII": 0.03494986066210828,
    "IIYYXXII": -0.03494986066210828,
    "IIIYZIZY": -0.03218386615489295,
    "IIXZIZXI": -0.03218386615489295,
    "IIYZIZYI": -0.03218386615489295,
    "IIIXZIZX": -0.03218386615489295,
    "IIYZZZYZ": -0.03008046831739487,
    "IIXZZZXZ": -0.03008046831739487,
    "IIIYZZIY": -0.030080468317394866,
    "IIIXZZIX": -0.030080468317394866,
    "IXZZZXZI": 0.027124509064627773,
    "IYZZZYZI": 0.027124509064627773,
    "YZZZYIIZ": 0.027124509064627773,
    "XZZZXIIZ": 0.027124509064627773,
    "XZXIXZXI": -0.026791425538434183,
    "YZYIYZYI": -0.026791425538434183,
    "IYZYIYZY": -0.026791425538434183,
    "IXZXIXZX": -0.026791425538434183,
    "YXIIXYII": 0.02676506061487032,
    "YYIIXXII": -0.02676506061487032,
    "XXIIYYII": -0.02676506061487032,
    "XYIIYXII": 0.02676506061487032,
    "IYXXYIII": 0.026721636264560183,
    "IXXYYIII": -0.026721636264560183,
    "IXYYXIII": 0.026721636264560183,
    "IYYXXIII": -0.026721636264560183,
    "XZXXZXII": 0.026721636264560183,
    "XZXYZYII": 0.026721636264560183,
    "YZYXZXII": 0.026721636264560183,
    "YZYYZYII": 0.026721636264560183,
    "XZIZXIII": 0.02664911769529971,
    "IXZIZXII": 0.02664911769529971,
    "IYZIZYII": 0.02664911769529971,
    "YZIZYIII": 0.02664911769529971,
    "IIYZYYZY": -0.025933163765018707,
    "IIYZYXZX": -0.025933163765018707,
    "IIXZXYZY": -0.025933163765018707,
    "IIXZXXZX": -0.025933163765018707,
    "IIIXYYXI": -0.025933163765018707,
    "IIIYXXYI": -0.025933163765018707,
    "IIIXXYYI": 0.025933163765018707,
    "IIIYYXXI": 0.025933163765018707,
    "IIYZZZYI": 0.025485091080293117,
    "IIXZZZXI": 0.025485091080293117,
    "IIIYZZZY": 0.0254850910802931,
    "IIIXZZZX": 0.0254850910802931,
    "IZYZZZYI": -0.025145974331262762,
    "IZXZZZXI": -0.025145974331262762,
    "ZIIXZZZX": -0.025145974331262762,
    "ZIIYZZZY": -0.025145974331262762,
    "IIYXIIXY": 0.025122037261784556,
    "IIXYIIYX": 0.025122037261784556,
    "IIXXIIYY": -0.025122037261784556,
    "IIYYIIXX": -0.025122037261784556,
    "XIZZXIII": 0.02416915128409827,
    "ZXZZZXII": 0.02416915128409827,
    "ZYZZZYII": 0.02416915128409827,
    "YIZZYIII": 0.02416915128409827,
    "XYIIIIYX": 0.023166863166922153,
    "XXIIIIYY": -0.023166863166922153,
    "YXIIIIXY": 0.023166863166922153,
    "YYIIIIXX": -0.023166863166922153,
    "XZZYYZZX": -0.023048145163145822,
    "YZZYXZZX": 0.023048145163145822,
    "IXYIIYXI": -0.023048145163145822,
    "IXXIIYYI": 0.023048145163145822,
    "IYYIIXXI": 0.023048145163145822,
    "IYXIIXYI": -0.023048145163145822,
    "YZZXXZZY": -0.023048145163145822,
    "XZZXYZZY": 0.023048145163145822,
    "IXZZZXIZ": 0.015032158344879025,
    "IYZZZYIZ": 0.015032158344879025,
    "YZZZYIZI": 0.015032158344879025,
    "XZZZXIZI": 0.015032158344879025,
    "YZXIXZYI": -0.014224004178987823,
    "IYZXIXZY": -0.014224004178987823,
    "XZYIYZXI": -0.014224004178987823,
    "IXZYIYZX": -0.014224004178987823,
    "ZIYZZZYI": -0.01277195108973174,
    "IZIXZZZX": -0.01277195108973174,
    "IZIYZZZY": -0.01277195108973174,
    "ZIXZZZXI": -0.01277195108973174,
    "XZXIYZYI": -0.012567421359446362,
    "IXZXIYZY": -0.012567421359446362,
    "IYZYIXZX": -0.012567421359446362,
    "YZYIXZXI": -0.012567421359446362,
    "XYYZZZZX": 0.012374023241531022,
    "YYIYZZYI": -0.012374023241531022,
    "YYXZZZZX": -0.012374023241531022,
    "YXXZZZZY": 0.012374023241531022,
    "XYIYZZXI": -0.012374023241531022,
    "XXIXZZXI": -0.012374023241531022,
    "YXIXZZYI": -0.012374023241531022,
    "XXYZZZZY": -0.012374023241531022,
    "IXZZYIYX": 0.01209235071974875,
    "IXZZXIXX": 0.01209235071974875,
    "IYZZYIYY": 0.01209235071974875,
    "IYZZXIXY": 0.01209235071974875,
    "YZZZZXXY": -0.012092350719748748,
    "YZZZZYXX": 0.012092350719748748,
    "XZZZZXYY": 0.012092350719748748,
    "XZZZZYYX": -0.012092350719748748,
    "IXYIYZZX": 0.008824140984158,
    "IYYIYZZY": 0.008824140984158,
    "IYXIXZZY": 0.008824140984158,
    "YZZXIXYI": 0.008824140984158,
    "IXXIXZZX": 0.008824140984158,
    "YZZYIYYI": 0.008824140984158,
    "XZZXIXXI": 0.008824140984158,
    "XZZYIYXI": 0.008824140984158,
    "IYZZIYII": 0.007410962976572455,
    "IXZZIXII": 0.007410962976572455,
    "XZZZXZII": 0.007410962976572455,
    "YZZZYZII": 0.007410962976572455,
    "IIYZZIYI": -0.006250702389874245,
    "IIIYIZZY": -0.006250702389874245,
    "IIIXIZZX": -0.006250702389874245,
    "IIXZZIXI": -0.006250702389874245,
    "IIYIZZYI": -0.005109684674675113,
    "IIZXZZZX": -0.005109684674675113,
    "IIXIZZXI": -0.005109684674675113,
    "IIZYZZZY": -0.005109684674675113,
    "YZZZYIII": 0.0011759295113043548,
    "XZZZXIII": 0.0011759295113043548,
    "IYZZZYII": 0.0011759295113043296,
    "IXZZZXII": 0.0011759295113043296,
    "XZZIXIII": -7.251856926046785e-05,
    "IYIZZYII": -7.251856926046785e-05,
    "IXIZZXII": -7.251856926046785e-05,
    "YZZIYIII": -7.251856926046785e-05
  },
  "data": {
    "molecule_id": "H4_singlet_Dooh",
    "qubit_encoding": "JW",
    "basis": "sto-3g",
    "charge": 0,
    "multiplicity": 1,
    "geometry": "H -1.0500000000 0.0000000000 0.0000000000\nH -0.3500000000 0.0000000000 0.0000000000\nH 0.3500000000 0.0000000000 0.0000000000\nH 1.0500000000 0.0000000000 0.0000000000",
    "n_qubits": 8,
    "alpha": 0.7,
    "energies": {
      "HF": -2.0691974227381116,
      "MP2": -2.0951688038576273,
      "CISD": -2.106775998364398,
      "CCSD": -2.1069926712962883,
      "FCI": -2.1069969150943355
    },
    "converged": {
      "HF": true,
      "MP2": false,
      "CISD": true,
      "CCSD": true,
      "FCI": true
    },
    "fci_spin_matches_target": true,
    "fci_multiplicity": 1.000000000000676,
    "hf_method_fallback": "standard",
    "generation_time_s": 0.062,
    "timestamp": "2026-02-25T23:50:49.394765+00:00"
  }
}