{
  "hamiltonian": {
    "IIIIIIII": -1.0554306820800727,
    "IIIIIIZZ": 0.09450743294521122,
    "IZIIIIZI": 0.09049006775475343,
    "ZIIIIIIZ": 0.09049006775475343,
    "ZZIIIIII": 0.08762288453334036,
    "IIIIZZII": 0.08535222052172561,
    "IIZIIZII": 0.08375040480804513,
    "IIIZZIII": 0.08375040480804513,
    "IIIIIZZI": 0.08367415457373842,
    "IIIIZIIZ": 0.08367415457373842,
    "IIZZIIII": 0.08308618099010347,
    "IIZIIIIZ": 0.08260255955105919,
    "IIIZIIZI": 0.08260255955105919,
    "IZIIIIII": 0.08162014495064138,
    "ZIIIIIII": 0.08162014495064121,
    "ZIIIIZII": 0.0805347934587009,
    "IZIIZIII": 0.0805347934587009,
    "ZIIZIIII": 0.07977513981664189,
    "IZZIIIII": 0.07977513981664189,
    "ZIIIIIZI": 0.0596521247193097,
    "IZIIIIIZ": 0.0596521247193097,
    "IIIZIIII": 0.05634098998740101,
    "IIZIIIII": 0.05634098998740093,
    "IIZIIIZI": 0.04960991328767914,
    "IIIZIIIZ": 0.04960991328767914,
    "ZIIIZIII": 0.048591016654982194,
    "IZIIIZII": 0.048591016654982194,
    "IIZIZIII": 0.04734975958218654,
    "IIIZIZII": 0.04734975958218654,
    "IIIIXYYX": 0.043707273012533306,
    "IIIIYXXY": 0.043707273012533306,
    "IIIIXXYY": -0.043707273012533306,
    "IIIIYYXX": -0.043707273012533306,
    "IXZXXZXI": -0.0420796462759028,
    "IXZXYZYI": -0.0420796462759028,
    "IYZYXZXI": -0.0420796462759028,
    "XZXIIYZY": -0.0420796462759028,
    "YZYIIYZY": -0.0420796462759028,
    "YZYIIXZX": -0.0420796462759028,
    "XZXIIXZX": -0.0420796462759028,
    "IYZYYZYI": -0.0420796462759028,
    "XXYYIIII": -0.04115883774052306,
    "YYXXIIII": -0.04115883774052306,
    "YXXYIIII": 0.04115883774052306,
    "XYYXIIII": 0.04115883774052306,
    "IIIIIZIZ": 0.039966881561205106,
    "IIIIZIZI": 0.039966881561205106,
    "IZIZIIII": 0.03861630207611882,
    "ZIZIIIII": 0.03861630207611882,
    "IIXXYYII": -0.036400645225858584,
    "IIYXXYII": 0.036400645225858584,
    "IIXYYXII": 0.036400645225858584,
    "IIYYXXII": -0.036400645225858584,
    "IIXXIIYY": -0.03299264626338005,
    "IIYYIIXX": -0.03299264626338005,
    "IIXYIIYX": 0.03299264626338005,
    "IIYXIIXY": 0.03299264626338005,
    "IYXIIXYI": -0.032254290013005345,
    "IYYIIXXI": 0.032254290013005345,
    "IXXIIYYI": 0.032254290013005345,
    "IXYIIYXI": -0.032254290013005345,
    "XZZYYZZX": -0.032254290013005345,
    "XZZXYZZY": 0.032254290013005345,
    "YZZXXZZY": -0.032254290013005345,
    "YZZYXZZX": 0.032254290013005345,
    "YXIIXYII": 0.0319437768037187,
    "YYIIXXII": -0.0319437768037187,
    "XYIIYXII": 0.0319437768037187,
    "XXIIYYII": -0.0319437768037187,
    "YXIIIIXY": 0.03083794303544373,
    "XYIIIIYX": 0.03083794303544373,
    "YYIIIIXX": -0.03083794303544373,
    "XXIIIIYY": -0.03083794303544373,
    "XZZXIXXI": 0.02598570807382539,
    "YZZYIYYI": 0.02598570807382539,
    "YZZXIXYI": 0.02598570807382539,
    "IYXIXZZY": 0.02598570807382539,
    "IYYIYZZY": 0.02598570807382539,
    "IXXIXZZX": 0.02598570807382539,
    "IXYIYZZX": 0.02598570807382539,
    "XZZYIYXI": 0.02598570807382539,
    "IIIIZIII": 0.020077949055411416,
    "IIIIIZII": 0.02007794905541129,
    "IIIXYYXI": -0.018197966690333692,
    "IIXZXYZY": -0.018197966690333692,
    "IIYZYXZX": -0.018197966690333692,
    "IIXZXXZX": -0.018197966690333692,
    "IIIXXYYI": 0.018197966690333692,
    "IIIYYXXI": 0.018197966690333692,
    "IIIYXXYI": -0.018197966690333692,
    "IIYZYYZY": -0.018197966690333692,
    "IXYYXIII": 0.01742925949213717,
    "IXXYYIII": -0.01742925949213717,
    "IYYXXIII": -0.01742925949213717,
    "XZXXZXII": 0.01742925949213717,
    "XZXYZYII": 0.01742925949213717,
    "YZYXZXII": 0.01742925949213717,
    "YZYYZYII": 0.01742925949213717,
    "IYXXYIII": 0.01742925949213717,
    "IIIIIIZI": -0.016945908463027667,
    "IIIIIIIZ": -0.01694590846302766,
    "IYZYIYZY": -0.016093938202077405,
    "XZXIXZXI": -0.016093938202077405,
    "YZYIYZYI": -0.016093938202077405,
    "IXZXIXZX": -0.016093938202077405,
    "IIIYZZIY": -0.015708966432270915,
    "IIYZZZYZ": -0.015708966432270915,
    "IIXZZZXZ": -0.015708966432270915,
    "IIIXZZIX": -0.015708966432270915,
    "ZIIXZZZX": -0.014962507214268174,
    "IZXZZZXI": -0.014962507214268174,
    "IZYZZZYI": -0.014962507214268174,
    "ZIIYZZZY": -0.014962507214268174,
    "IYZZZYZI": 0.014941498872194692,
    "IXZZZXZI": 0.014941498872194692,
    "YZZZYIIZ": 0.014941498872194692,
    "XZZZXIIZ": 0.014941498872194692,
    "ZXZZZXII": 0.014406960769849772,
    "ZYZZZYII": 0.014406960769849772,
    "XIZZXIII": 0.01440696076984977,
    "YIZZYIII": 0.01440696076984977,
    "IIYZIZYI": -0.013786498328199753,
    "IIIYZIZY": -0.013786498328199753,
    "IIXZIZXI": -0.013786498328199753,
    "IIIXZIZX": -0.013786498328199753,
    "IXZIZXII": 0.013070108900256179,
    "YZIZYIII": 0.013070108900256179,
    "IYZIZYII": 0.013070108900256179,
    "XZIZXIII": 0.013070108900256179,
    "YZYIXZXI": -0.009825356262897447,
    "IXZXIYZY": -0.009825356262897447,
    "XZXIYZYI": -0.009825356262897447,
    "IYZYIXZX": -0.009825356262897447,
    "YXIXZZYI": -0.007603060525320105,
    "YYIYZZYI": -0.007603060525320105,
    "XYIYZZXI": -0.007603060525320105,
    "XXIXZZXI": -0.007603060525320105,
    "XXYZZZZY": -0.007603060525320104,
    "XYYZZZZX": 0.007603060525320104,
    "YXXZZZZY": 0.007603060525320104,
    "YYXZZZZX": -0.007603060525320104,
    "YZZZZYXX": 0.007560310138434314,
    "XZZZZXYY": 0.007560310138434314,
    "XZZZZYYX": -0.007560310138434314,
    "IXZZYIYX": 0.007560310138434314,
    "IXZZXIXX": 0.007560310138434314,
    "IYZZYIYY": 0.007560310138434314,
    "IYZZXIXY": 0.007560310138434314,
    "YZZZZXXY": -0.007560310138434314,
    "YZZZYIZI": 0.007381188733760381,
    "XZZZXIZI": 0.007381188733760381,
    "IYZZZYIZ": 0.007381188733760381,
    "IXZZZXIZ": 0.007381188733760381,
    "ZIXZZZXI": -0.007359446688948071,
    "IZIXZZZX": -0.007359446688948071,
    "IZIYZZZY": -0.007359446688948071,
    "ZIYZZZYI": -0.007359446688948071,
    "IIXZZZXI": 0.006531906223918249,
    "IIYZZZYI": 0.006531906223918249,
    "IIIXZZZX": 0.006531906223918248,
    "IIIYZZZY": 0.006531906223918248,
    "YZXIXZYI": -0.006268581939179961,
    "XZYIYZXI": -0.006268581939179961,
    "IYZXIXZY": -0.006268581939179961,
    "IXZYIYZX": -0.006268581939179961,
    "IXZZZXII": 0.0052693383661448386,
    "IYZZZYII": 0.0052693383661448386,
    "XZZZXIII": 0.005269338366144827,
    "YZZZYIII": 0.005269338366144827,
    "YZZZYZII": -0.004478521928458287,
    "IXZZIXII": -0.004478521928458287,
    "IYZZIYII": -0.004478521928458287,
    "XZZZXZII": -0.004478521928458287,
    "IIIYIZZY": 0.004411468362133941,
    "IIXZZIXI": 0.004411468362133941,
    "IIYZZIYI": 0.004411468362133941,
    "IIIXIZZX": 0.004411468362133941,
    "YZZIYIII": -0.004359150591880995,
    "XZZIXIII": -0.004359150591880995,
    "IYIZZYII": -0.004359150591880995,
    "IXIZZXII": -0.004359150591880995,
    "IIZXZZZX": 0.0037737172303423773,
    "IIZYZZZY": 0.0037737172303423773,
    "IIXIZZXI": 0.0037737172303423773,
    "IIYIZZYI": 0.0037737172303423773
  },
  "data": {
    "molecule_id": "H4_singlet_Dooh",
    "qubit_encoding": "JW",
    "basis": "sto-3g",
    "charge": 0,
    "multiplicity": 1,
    "geometry": "H -3.0000000000 0.0000000000 0.0000000000\nH -1.0000000000 0.0000000000 0.0000000000\nH 1.0000000000 0.0000000000 0.0000000000\nH 3.0000000000 0.0000000000 0.0000000000",
    "n_qubits": 8,
    "alpha": 2.0,
    "energies": {
      "HF": -1.5756164753590336,
      "MP2": -1.7438740171908653,
      "CISD": -1.854631866084547,
      "CCSD": -1.9160921218860145,
      "FCI": -1.8977806459898665
    },
    "converged": {
      "HF": true,
      "MP2": false,
      "CISD": true,
      "CCSD": true,
      "FCI": true
    },
    "fci_spin_matches_target": true,
    "fci_multiplicity": 1.0000000000000002,
    "hf_method_fallback": "standard",
    "generation_time_s": 0.073,
    "timestamp": "2026-02-25T23:50:48.926228+00:00"
  }
}