{
  "hamiltonian": {
    "IIIIIIII": -0.6735309137788223,
    "IIIIIIIZ": -0.20938965100665796,
    "IIIIIIZI": -0.20938965100665796,
    "ZIIIIIII": 0.15246599750603038,
    "IZIIIIII": 0.15246599750603027,
    "IIIIIIZZ": 0.12979623842696467,
    "ZIIIIIIZ": 0.11876358656367794,
    "IZIIIIZI": 0.11876358656367794,
    "ZZIIIIII": 0.11360863738931382,
    "IIIIIZZI": 0.10854390876995054,
    "IIIIZIIZ": 0.10854390876995054,
    "IIIIZZII": 0.10733510089866269,
    "IIZIIIIZ": 0.10557410156678419,
    "IIIZIIZI": 0.10557410156678419,
    "IIZZIIII": 0.10428937898316235,
    "IIIZZIII": 0.10345383289387805,
    "IIZIIZII": 0.10345383289387805,
    "ZIIIIZII": 0.10168273232746852,
    "IZIIZIII": 0.10168273232746852,
    "IZZIIIII": 0.09995164455459359,
    "ZIIZIIII": 0.09995164455459359,
    "ZIIIIIZI": 0.09334362851537722,
    "IZIIIIIZ": 0.09334362851537722,
    "IIIZIIII": 0.08202507948341209,
    "IIZIIIII": 0.08202507948341192,
    "IIZIIIZI": 0.07822593027856083,
    "IIIZIIIZ": 0.07822593027856083,
    "ZIIIZIII": 0.07423248159295887,
    "IZIIIZII": 0.07423248159295887,
    "IIIZIZII": 0.06892892657825822,
    "IIZIZIII": 0.06892892657825822,
    "IIIIIZIZ": 0.06710793818994729,
    "IIIIZIZI": 0.06710793818994729,
    "IZIZIIII": 0.0605046910941356,
    "ZIZIIIII": 0.0605046910941356,
    "IIIIXXYY": -0.04143597058000326,
    "IIIIYYXX": -0.04143597058000326,
    "IIIIYXXY": 0.04143597058000326,
    "IIIIXYYX": 0.04143597058000326,
    "IIIIIZII": -0.04070519681801547,
    "IIIIZIII": -0.040705196818015425,
    "XYYXIIII": 0.039446953460457984,
    "XXYYIIII": -0.039446953460457984,
    "YYXXIIII": -0.039446953460457984,
    "YXXYIIII": 0.039446953460457984,
    "XZXIIXZX": -0.0386832073488722,
    "YZYIIYZY": -0.0386832073488722,
    "IYZYYZYI": -0.0386832073488722,
    "IYZYXZXI": -0.0386832073488722,
    "XZXIIYZY": -0.0386832073488722,
    "IXZXYZYI": -0.0386832073488722,
    "IXZXXZXI": -0.0386832073488722,
    "YZYIIXZX": -0.0386832073488722,
    "IIYYXXII": -0.03452490631561984,
    "IIXXYYII": -0.03452490631561984,
    "IIYXXYII": 0.03452490631561984,
    "IIXYYXII": 0.03452490631561984,
    "XXIIYYII": -0.02745025073450966,
    "XYIIYXII": 0.02745025073450966,
    "YYIIXXII": -0.02745025073450966,
    "YXIIXYII": 0.02745025073450966,
    "IIXXIIYY": -0.027348171288223366,
    "IIXYIIYX": 0.027348171288223366,
    "IIYYIIXX": -0.027348171288223366,
    "IIYXIIXY": 0.027348171288223366,
    "IYYIIXXI": 0.026050865458005702,
    "IXYIIYXI": -0.026050865458005702,
    "IXXIIYYI": 0.026050865458005702,
    "YZZXXZZY": -0.026050865458005702,
    "YZZYXZZX": 0.026050865458005702,
    "XZZXYZZY": 0.026050865458005702,
    "XZZYYZZX": -0.026050865458005702,
    "IYXIIXYI": -0.026050865458005702,
    "YYIIIIXX": -0.025419958048300724,
    "XXIIIIYY": -0.025419958048300724,
    "YXIIIIXY": 0.025419958048300724,
    "XYIIIIYX": 0.025419958048300724,
    "IIXZXYZY": -0.023694552437765193,
    "IIYZYXZX": -0.023694552437765193,
    "IIIXYYXI": -0.023694552437765193,
    "IIIXXYYI": 0.023694552437765193,
    "IIYZYYZY": -0.023694552437765193,
    "IIIYYXXI": 0.023694552437765193,
    "IIXZXXZX": -0.023694552437765193,
    "IIIYXXYI": -0.023694552437765193,
    "IXYYXIII": 0.02297804359388062,
    "IXXYYIII": -0.02297804359388062,
    "IYXXYIII": 0.02297804359388062,
    "YZYYZYII": 0.02297804359388062,
    "IYYXXIII": -0.02297804359388062,
    "XZXYZYII": 0.02297804359388062,
    "XZXXZXII": 0.02297804359388062,
    "YZYXZXII": 0.02297804359388062,
    "IXZXIXZX": -0.022653583135961188,
    "IYZYIYZY": -0.022653583135961188,
    "XZXIXZXI": -0.022653583135961188,
    "YZYIYZYI": -0.022653583135961188,
    "IIIYZIZY": -0.0222811236017895,
    "IIIXZIZX": -0.0222811236017895,
    "IIXZIZXI": -0.0222811236017895,
    "IIYZIZYI": -0.0222811236017895,
    "IIYZZZYZ": -0.02105971527784396,
    "IIXZZZXZ": -0.02105971527784396,
    "IIIXZZIX": -0.021059715277843956,
    "IIIYZZIY": -0.021059715277843956,
    "IXZIZXII": 0.019681219053544977,
    "IYZIZYII": 0.019681219053544977,
    "XZIZXIII": 0.019681219053544977,
    "YZIZYIII": 0.019681219053544977,
    "IXZZZXZI": 0.01952963813337069,
    "IYZZZYZI": 0.01952963813337069,
    "XZZZXIIZ": 0.01952963813337069,
    "YZZZYIIZ": 0.01952963813337069,
    "ZIIYZZZY": -0.019338309434913895,
    "ZIIXZZZX": -0.019338309434913895,
    "IZXZZZXI": -0.019338309434913895,
    "IZYZZZYI": -0.019338309434913895,
    "ZXZZZXII": 0.018718327959244097,
    "ZYZZZYII": 0.018718327959244097,
    "XIZZXIII": 0.018718327959244097,
    "YIZZYIII": 0.018718327959244097,
    "IYXIXZZY": 0.016029624212911004,
    "YZZXIXYI": 0.016029624212911004,
    "YZZYIYYI": 0.016029624212911004,
    "XZZXIXXI": 0.016029624212911004,
    "XZZYIYXI": 0.016029624212911004,
    "IYYIYZZY": 0.016029624212911004,
    "IXXIXZZX": 0.016029624212911004,
    "IXYIYZZX": 0.016029624212911004,
    "IIIYZZZY": 0.014067708108748076,
    "IIXZZZXI": 0.014067708108748076,
    "IIYZZZYI": 0.014067708108748076,
    "IIIXZZZX": 0.014067708108748076,
    "XZXIYZYI": -0.012632341890866487,
    "IXZXIYZY": -0.012632341890866487,
    "IYZYIXZX": -0.012632341890866487,
    "YZYIXZXI": -0.012632341890866487,
    "XZYIYZXI": -0.010021241245094698,
    "YZXIXZYI": -0.010021241245094698,
    "IXZYIYZX": -0.010021241245094698,
    "IYZXIXZY": -0.010021241245094698,
    "YYXZZZZX": -0.00998335441247036,
    "XYYZZZZX": 0.00998335441247036,
    "XXYZZZZY": -0.00998335441247036,
    "YXXZZZZY": 0.00998335441247036,
    "XYIYZZXI": -0.00998335441247036,
    "YXIXZZYI": -0.00998335441247036,
    "YYIYZZYI": -0.00998335441247036,
    "XXIXZZXI": -0.00998335441247036,
    "IYZZZYIZ": 0.009899469042178798,
    "IXZZZXIZ": 0.009899469042178798,
    "XZZZXIZI": 0.009899469042178798,
    "YZZZYIZI": 0.009899469042178798,
    "YZZZZYXX": 0.00963016909119189,
    "XZZZZXYY": 0.00963016909119189,
    "XZZZZYYX": -0.00963016909119189,
    "YZZZZXXY": -0.00963016909119189,
    "IXZZYIYX": 0.009630169091191888,
    "IXZZXIXX": 0.009630169091191888,
    "IYZZYIYY": 0.009630169091191888,
    "IYZZXIXY": 0.009630169091191888,
    "IZIXZZZX": -0.009354955022443536,
    "IZIYZZZY": -0.009354955022443536,
    "ZIYZZZYI": -0.009354955022443536,
    "ZIXZZZXI": -0.009354955022443536,
    "YZZZYIII": 0.006370871461254327,
    "XZZZXIII": 0.006370871461254327,
    "IXZZZXII": 0.006370871461254325,
    "IYZZZYII": 0.006370871461254325,
    "YZZIYIII": -0.0032968245403356454,
    "XZZIXIII": -0.0032968245403356454,
    "IYIZZYII": -0.0032968245403356454,
    "IXIZZXII": -0.0032968245403356454,
    "IIIYIZZY": 0.001413428835975695,
    "IIXZZIXI": 0.001413428835975695,
    "IIIXIZZX": 0.001413428835975695,
    "IIYZZIYI": 0.001413428835975695,
    "IIZXZZZX": 0.0008333601948640156,
    "IIZYZZZY": 0.0008333601948640156,
    "IIXIZZXI": 0.0008333601948640156,
    "IIYIZZYI": 0.0008333601948640156,
    "IYZZIYII": -0.0006970719882159269,
    "IXZZIXII": -0.0006970719882159269,
    "YZZZYZII": -0.0006970719882159269,
    "XZZZXZII": -0.0006970719882159269
  },
  "data": {
    "molecule_id": "H4_singlet_Dooh",
    "qubit_encoding": "JW",
    "basis": "sto-3g",
    "charge": 0,
    "multiplicity": 1,
    "geometry": "H -1.8000000000 0.0000000000 0.0000000000\nH -0.6000000000 0.0000000000 0.0000000000\nH 0.6000000000 0.0000000000 0.0000000000\nH 1.8000000000 0.0000000000 0.0000000000",
    "n_qubits": 8,
    "alpha": 1.2,
    "energies": {
      "HF": -2.0038674831256245,
      "MP2": -2.0595048846870365,
      "CISD": -2.09872692613399,
      "CCSD": -2.102671143656626,
      "FCI": -2.1026084809554186
    },
    "converged": {
      "HF": true,
      "MP2": false,
      "CISD": true,
      "CCSD": true,
      "FCI": true
    },
    "fci_spin_matches_target": true,
    "fci_multiplicity": 0.9999999999999991,
    "hf_method_fallback": "standard",
    "generation_time_s": 0.063,
    "timestamp": "2026-02-25T23:50:48.786132+00:00"
  }
}