{
  "hamiltonian": {
    "IIIIIIIIII": -77.17950661171166,
    "ZIIIIIIIII": 20.404313365766928,
    "IZIIIIIIII": 20.404313365766928,
    "IIIZIIIIII": 3.1714875881037603,
    "IIZIIIIIII": 3.1714875881037603,
    "IIIIIIIIIZ": 2.6917767651101787,
    "IIIIIIIZII": 2.6917767651101783,
    "IIIIIIIIZI": 2.691776765110178,
    "IIIIIIZIII": 2.691776765110177,
    "IIIIIZIIII": 2.6917767651101765,
    "IIIIZIIIII": 2.691776765110176,
    "ZZIIIIIIII": 1.4946984687190394,
    "IZIIIIIIZI": 0.35680684937670915,
    "ZIIIIZIIII": 0.35680684937670915,
    "ZIIIIIIZII": 0.35680684937670915,
    "ZIIIIIIIIZ": 0.35680684937670915,
    "IZIIZIIIII": 0.35680684937670915,
    "IZIIIIZIII": 0.35680684937670915,
    "IZZIIIIIII": 0.35623311232517807,
    "ZIIZIIIIII": 0.35623311232517807,
    "IZIIIZIIII": 0.34819595678759346,
    "IZIIIIIZII": 0.34819595678759346,
    "ZIIIIIIIZI": 0.34819595678759346,
    "ZIIIIIZIII": 0.34819595678759346,
    "ZIIIZIIIII": 0.34819595678759346,
    "IZIIIIIIIZ": 0.34819595678759346,
    "IZIZIIIIII": 0.332113640507401,
    "ZIZIIIIIII": 0.332113640507401,
    "IIIIIIZZII": 0.28165090478255617,
    "IIIIZZIIII": 0.28165090478255617,
    "IIIIIIIIZZ": 0.28165090478255617,
    "IIZIIIIZII": 0.25690735048960534,
    "IIIZIIZIII": 0.25690735048960534,
    "IIZIIZIIII": 0.2569073504896053,
    "IIZIIIIIIZ": 0.2569073504896053,
    "IIIZZIIIII": 0.2569073504896053,
    "IIIZIIIIZI": 0.2569073504896053,
    "IIZZIIIIII": 0.2536467928708996,
    "IIIIIZZIII": 0.25128646059762483,
    "IIIIIZIIZI": 0.25128646059762483,
    "IIIIZIIZII": 0.25128646059762483,
    "IIIIIIZIIZ": 0.25128646059762483,
    "IIIIZIIIIZ": 0.25128646059762483,
    "IIIIIIIZZI": 0.25128646059762483,
    "IIIIZIIIZI": 0.23610423850515927,
    "IIIIIZIZII": 0.23610423850515927,
    "IIIIIIZIZI": 0.23610423850515927,
    "IIIIZIZIII": 0.23610423850515927,
    "IIIIIZIIIZ": 0.23610423850515927,
    "IIIIIIIZIZ": 0.23610423850515927,
    "XZXIIIIIII": 0.2206733584230891,
    "IYZYIIIIII": 0.2206733584230891,
    "YZYIIIIIII": 0.2206733584230891,
    "IXZXIIIIII": 0.2206733584230891,
    "IIZIIIZIII": 0.20190791619436363,
    "IIIZIIIZII": 0.20190791619436363,
    "IIIZIIIIIZ": 0.2019079161943636,
    "IIZIIIIIZI": 0.2019079161943636,
    "IIIZIZIIII": 0.2019079161943636,
    "IIZIZIIIII": 0.2019079161943636,
    "YIYIIIIIII": 0.1510858851890862,
    "ZYZYIIIIII": 0.1510858851890862,
    "XIXIIIIIII": 0.1510858851890862,
    "ZXZXIIIIII": 0.1510858851890862,
    "IIXXIIYYII": -0.054999434295241685,
    "IIYYIIIIXX": -0.054999434295241685,
    "IIYXXYIIII": 0.054999434295241685,
    "IIYYXXIIII": -0.054999434295241685,
    "IIXXYYIIII": -0.054999434295241685,
    "IIXYYXIIII": 0.054999434295241685,
    "IIXXIIIIYY": -0.054999434295241685,
    "IIYXIIXYII": 0.054999434295241685,
    "IIXYIIIIYX": 0.054999434295241685,
    "IIYXIIIIXY": 0.054999434295241685,
    "IIXYIIYXII": 0.054999434295241685,
    "IIYYIIXXII": -0.054999434295241685,
    "YXXYIIIIII": 0.024119471817777058,
    "XXYYIIIIII": -0.024119471817777058,
    "YYXXIIIIII": -0.024119471817777058,
    "XYYXIIIIII": 0.024119471817777058,
    "IXZXIIIZII": 0.01628932602016849,
    "IYZYIIIZII": 0.01628932602016849,
    "XZXIIIZIII": 0.01628932602016849,
    "YZYIIIZIII": 0.01628932602016849,
    "IYZYIZIIII": 0.016289326020168485,
    "YZYIZIIIII": 0.016289326020168485,
    "XZXIZIIIII": 0.016289326020168485,
    "IXZXIZIIII": 0.016289326020168485,
    "IXZXIIIIIZ": 0.016289326020168485,
    "YZYIIIIIZI": 0.016289326020168485,
    "XZXIIIIIZI": 0.016289326020168485,
    "IYZYIIIIIZ": 0.016289326020168485,
    "IIIIYXIIXY": 0.015182222092465576,
    "IIIIXYIIYX": 0.015182222092465576,
    "IIIIXXIIYY": -0.015182222092465576,
    "IIIIYYIIXX": -0.015182222092465576,
    "IIIIXYYXII": 0.015182222092465574,
    "IIIIYYXXII": -0.015182222092465574,
    "IIIIYXXYII": 0.015182222092465574,
    "IIIIIIYXXY": 0.015182222092465574,
    "IIIIIIYYXX": -0.015182222092465574,
    "IIIIIIXXYY": -0.015182222092465574,
    "IIIIIIXYYX": 0.015182222092465574,
    "IIIIXXYYII": -0.015182222092465574,
    "IYXIIIXYII": -0.0117632675905695,
    "IXXIIIXXII": -0.0117632675905695,
    "IXYIIIYXII": -0.0117632675905695,
    "IYYIIIYYII": -0.0117632675905695,
    "YZZXIIXYII": 0.0117632675905695,
    "YZZYIIXXII": -0.0117632675905695,
    "XZZXIIYYII": -0.0117632675905695,
    "XZZYIIYXII": 0.0117632675905695,
    "YZZXXYIIII": 0.011763267590569499,
    "YZZYXXIIII": -0.011763267590569499,
    "XZZXYYIIII": -0.011763267590569499,
    "XZZYYXIIII": 0.011763267590569499,
    "YZZXIIIIXY": 0.011763267590569499,
    "YZZYIIIIXX": -0.011763267590569499,
    "XZZXIIIIYY": -0.011763267590569499,
    "XZZYIIIIYX": 0.011763267590569499,
    "IYXIXYIIII": -0.011763267590569497,
    "IYYIYYIIII": -0.011763267590569497,
    "IXXIXXIIII": -0.011763267590569497,
    "IXYIYXIIII": -0.011763267590569497,
    "IYXIIIIIXY": -0.011763267590569497,
    "IYYIIIIIYY": -0.011763267590569497,
    "IXYIIIIIYX": -0.011763267590569497,
    "IXXIIIIIXX": -0.011763267590569497,
    "XYIIIIYXII": 0.008610892589115614,
    "XYIIYXIIII": 0.008610892589115614,
    "XXIIIIYYII": -0.008610892589115614,
    "YXIIIIIIXY": 0.008610892589115614,
    "YYIIIIIIXX": -0.008610892589115614,
    "XXIIIIIIYY": -0.008610892589115614,
    "XYIIIIIIYX": 0.008610892589115614,
    "XXIIYYIIII": -0.008610892589115614,
    "YXIIXYIIII": 0.008610892589115614,
    "YYIIXXIIII": -0.008610892589115614,
    "YYIIIIXXII": -0.008610892589115614,
    "YXIIIIXYII": 0.008610892589115614,
    "YZYZIIIIII": 0.007141319884702045,
    "XZXZIIIIII": 0.007141319884702045,
    "IXIXIIIIII": 0.007141319884702044,
    "IYIYIIIIII": 0.007141319884702044,
    "IYZYIIZIII": 0.004526058429598993,
    "IXZXIIZIII": 0.004526058429598993,
    "YZYIIIIZII": 0.004526058429598993,
    "XZXIIIIZII": 0.004526058429598993,
    "IYZYIIIIZI": 0.004526058429598987,
    "IXZXIIIIZI": 0.004526058429598987,
    "YZYIIIIIIZ": 0.004526058429598987,
    "XZXIIIIIIZ": 0.004526058429598987,
    "IYZYZIIIII": 0.004526058429598987,
    "IXZXZIIIII": 0.004526058429598987,
    "YZYIIZIIII": 0.004526058429598987,
    "XZXIIZIIII": 0.004526058429598987
  },
  "data": {
    "molecule_id": "Ne_singlet_Kh",
    "qubit_encoding": "JW",
    "basis": "sto-3g",
    "charge": 0,
    "multiplicity": 1,
    "geometry": "Ne 0.0000000000 0.0000000000 0.0000000000",
    "n_qubits": 10,
    "alpha": 1.0,
    "energies": {
      "HF": -126.60452499680488,
      "MP2": -126.60452499680488,
      "CISD": -126.60452499680488,
      "CCSD": -126.60452499680488,
      "FCI": -126.60452499680484
    },
    "converged": {
      "HF": true,
      "MP2": false,
      "CISD": true,
      "CCSD": true,
      "FCI": true
    },
    "fci_spin_matches_target": true,
    "fci_multiplicity": 1.0,
    "hf_method_fallback": "standard",
    "generation_time_s": 0.045,
    "timestamp": "2026-02-25T23:49:17.352591+00:00"
  }
}