{
  "hamiltonian": {
    "IIIZ": -0.864925540130251,
    "IIZI": -0.8649255401302509,
    "IZII": 0.28341043221756457,
    "ZIII": 0.2834104322175645,
    "ZZII": 0.25713470948820966,
    "IIZZ": 0.24958322107144842,
    "IZZI": 0.24550408239824428,
    "ZIIZ": 0.24550408239824428,
    "IIII": -0.19470678711272624,
    "IZIZ": 0.1800054537909763,
    "ZIZI": 0.1800054537909763,
    "XZXZ": -0.08595208505727431,
    "YZYZ": -0.08595208505727431,
    "IXIX": -0.0859520850572743,
    "IYIY": -0.0859520850572743,
    "ZXZX": -0.07980924912151169,
    "YIYI": -0.07980924912151169,
    "XIXI": -0.07980924912151169,
    "ZYZY": -0.07980924912151169,
    "XYYX": 0.06549862860726802,
    "XXYY": -0.06549862860726802,
    "YYXX": -0.06549862860726802,
    "YXXY": 0.06549862860726802,
    "IXZX": 0.006144999550338641,
    "YZYI": 0.006144999550338641,
    "XZXI": 0.006144999550338641,
    "IYZY": 0.006144999550338641
  },
  "data": {
    "molecule_id": "He_singlet_Kh",
    "qubit_encoding": "JW",
    "basis": "3-21g",
    "charge": 0,
    "multiplicity": 1,
    "geometry": "He 0.0000000000 0.0000000000 0.0000000000",
    "n_qubits": 4,
    "alpha": 1.0,
    "energies": {
      "HF": -2.8356798736271407,
      "MP2": -2.847176489249972,
      "CISD": -2.850576699649738,
      "CCSD": -2.8505766946412434,
      "FCI": -2.8505766996497397
    },
    "converged": {
      "HF": true,
      "MP2": false,
      "CISD": true,
      "CCSD": true,
      "FCI": true
    },
    "fci_spin_matches_target": true,
    "fci_multiplicity": 1.0,
    "hf_method_fallback": "standard",
    "generation_time_s": 0.024,
    "timestamp": "2026-02-25T23:47:56.164303+00:00"
  }
}