{
  "hamiltonian": {
    "IIIIIIIIIIII": 13.980059140714662,
    "IIIIIIIIIIZI": -4.550217149725454,
    "IIIIIIIIIIIZ": -4.550217149725453,
    "IIIIIIZIIIII": -1.935777756762318,
    "IIIIIIIZIIII": -1.9357777567623178,
    "IIIIIIIIZIII": -1.9357777567623176,
    "IIIIZIIIIIII": -1.9357777567623176,
    "IIIIIZIIIIII": -1.9357777567623173,
    "IIIIIIIIIZII": -1.935777756762317,
    "IIZIIIIIIIII": -1.4135668907033276,
    "IIIZIIIIIIII": -1.4135668907033276,
    "ZIIIIIIIIIII": -1.2154379137210132,
    "IZIIIIIIIIII": -1.2154379137210132,
    "IIIIIIIIIIZZ": 0.39998879891309197,
    "IXZXIIIIIIII": -0.3260080737671191,
    "IYZYIIIIIIII": -0.3260080737671191,
    "XZXIIIIIIIII": -0.32600807376711904,
    "YZYIIIIIIIII": -0.32600807376711904,
    "IZIIIIIIIIZI": 0.2942448901803123,
    "ZIIIIIIIIIIZ": 0.2942448901803123,
    "ZZIIIIIIIIII": 0.2565381316593297,
    "IZIIIIIIIIIZ": 0.24010790994628173,
    "ZIIIIIIIIIZI": 0.24010790994628173,
    "IIIIIIZIIIIZ": 0.2057379583188763,
    "IIIIIIIZIIZI": 0.2057379583188763,
    "IIIIIZIIIIZI": 0.20573795831887629,
    "IIIIIIIIZIIZ": 0.20573795831887629,
    "IIIIIIIIIZZI": 0.20573795831887629,
    "IIIIZIIIIIIZ": 0.20573795831887629,
    "IZIIIIIIZIII": 0.20104545377914335,
    "IZIIZIIIIIII": 0.20104545377914335,
    "ZIIIIIIIIZII": 0.20104545377914335,
    "IZIIIIZIIIII": 0.20104545377914335,
    "ZIIIIZIIIIII": 0.20104545377914335,
    "ZIIIIIIZIIII": 0.20104545377914335,
    "IIIIZZIIIIII": 0.19951269236035904,
    "IIIIIIIIZZII": 0.19951269236035904,
    "IIIIIIZZIIII": 0.19951269236035904,
    "IIIIIIZIIIZI": 0.19294679193369033,
    "IIIIIIIZIIIZ": 0.19294679193369033,
    "IIIIZIIIIIZI": 0.19294679193369027,
    "IIIIIIIIIZIZ": 0.19294679193369027,
    "IIIIIIIIZIZI": 0.19294679193369027,
    "IIIIIZIIIIIZ": 0.19294679193369027,
    "IIIXZZZZZZZX": 0.18783872442180555,
    "IIIYZZZZZZZY": 0.18783872442180555,
    "IIXZZZZZZZXI": 0.1878387244218055,
    "IIYZZZZZZZYI": 0.1878387244218055,
    "IIIZIIIIIIZI": 0.18182585217129843,
    "IIZIIIIIIIIZ": 0.18182585217129843,
    "IIIIIZZIIIII": 0.17508256676521303,
    "IIIIIIZIIZII": 0.17508256676521303,
    "IIIIZIIZIIII": 0.17508256676521303,
    "IIIIIIIZZIII": 0.17508256676521303,
    "IIIIIZIIZIII": 0.175082566765213,
    "IIIIZIIIIZII": 0.175082566765213,
    "ZIIIIIZIIIII": 0.16658837385021888,
    "ZIIIIIIIZIII": 0.16658837385021888,
    "ZIIIZIIIIIII": 0.16658837385021888,
    "IZIIIIIZIIII": 0.16658837385021888,
    "IZIIIZIIIIII": 0.16658837385021888,
    "IZIIIIIIIZII": 0.16658837385021888,
    "IZZIIIIIIIII": 0.16489739515821977,
    "ZIIZIIIIIIII": 0.16489739515821977,
    "IIIIIZIZIIII": 0.16286750396764002,
    "IIIIIIIZIZII": 0.16286750396764002,
    "IIIIIIZIZIII": 0.16286750396764002,
    "IIIIZIZIIIII": 0.16286750396764002,
    "IIIIZIIIZIII": 0.16286750396764,
    "IIIIIZIIIZII": 0.16286750396764,
    "IIZIIIIIIIZI": 0.14992810163259504,
    "IIIZIIIIIIIZ": 0.14992810163259504,
    "IIIZIIZIIIII": 0.14213418401540975,
    "IIZIIIIZIIII": 0.14213418401540975,
    "IIZIIIIIIZII": 0.14213418401540973,
    "IIIZIIIIZIII": 0.14213418401540973,
    "IIIZZIIIIIII": 0.14213418401540973,
    "IIZIIZIIIIII": 0.14213418401540973,
    "IXZZZZZZZZZX": -0.1388335031132524,
    "YZZZZZZZZZYI": -0.1388335031132524,
    "XZZZZZZZZZXI": -0.1388335031132524,
    "IYZZZZZZZZZY": -0.1388335031132524,
    "IIIZIIIZIIII": 0.13572989296247498,
    "IIZIIIZIIIII": 0.13572989296247498,
    "IIIZIIIIIZII": 0.13572989296247492,
    "IIZIIIIIZIII": 0.13572989296247492,
    "IIZIZIIIIIII": 0.13572989296247492,
    "IIIZIZIIIIII": 0.13572989296247492,
    "IZIZIIIIIIII": 0.12826009169023336,
    "ZIZIIIIIIIII": 0.12826009169023336,
    "IIZZIIIIIIII": 0.12666146539146603,
    "XZZZZZZZZZXZ": 0.09666696370215486,
    "YZZZZZZZZZYZ": 0.09666696370215486,
    "IXZZZZZZZZIX": 0.09666696370215486,
    "IYZZZZZZZZIY": 0.09666696370215486,
    "IXZXIIIIIIZI": 0.09524922445582168,
    "IYZYIIIIIIZI": 0.09524922445582168,
    "YZYIIIIIIIIZ": 0.09524922445582168,
    "XZXIIIIIIIIZ": 0.09524922445582168,
    "IIXZZZZZZZXZ": -0.09516457917860144,
    "IIYZZZZZZZYZ": -0.09516457917860144,
    "IIIXZZZZZZIX": -0.09516457917860144,
    "IIIYZZZZZZIY": -0.09516457917860144,
    "YIYIIIIIIIII": 0.06932941254513413,
    "XIXIIIIIIIII": 0.06932941254513413,
    "ZYZYIIIIIIII": 0.06932941254513413,
    "ZXZXIIIIIIII": 0.06932941254513413,
    "IXZXIIIIIIIZ": 0.05807727080315803,
    "IYZYIIIIIIIZ": 0.05807727080315803,
    "YZYIIIIIIIZI": 0.05807727080315803,
    "XZXIIIIIIIZI": 0.05807727080315803,
    "IZYZZZZZZZYI": -0.05737387745998071,
    "IZXZZZZZZZXI": -0.05737387745998071,
    "ZIIYZZZZZZZY": -0.05737387745998071,
    "ZIIXZZZZZZZX": -0.05737387745998071,
    "YYIIIIIIIIXX": -0.05413698023403057,
    "XXIIIIIIIIYY": -0.05413698023403057,
    "YXIIIIIIIIXY": 0.05413698023403057,
    "XYIIIIIIIIYX": 0.05413698023403057,
    "YIZZZZZZZZYI": 0.043477366134886064,
    "ZXZZZZZZZZZX": 0.043477366134886064,
    "XIZZZZZZZZXI": 0.043477366134886064,
    "ZYZZZZZZZZZY": 0.043477366134886064,
    "IXYIIIIIIIYX": 0.03717195365266365,
    "IYXIIIIIIIXY": 0.03717195365266365,
    "IXXIIIIIIIXX": 0.03717195365266365,
    "IYYIIIIIIIYY": 0.03717195365266365,
    "YZZXIIIIIIXY": -0.037171953652663646,
    "YZZYIIIIIIXX": 0.037171953652663646,
    "XZZXIIIIIIYY": 0.037171953652663646,
    "XZZYIIIIIIYX": -0.037171953652663646,
    "YXXYIIIIIIII": 0.0366373034679864,
    "XXYYIIIIIIII": -0.0366373034679864,
    "XYYXIIIIIIII": 0.0366373034679864,
    "YYXXIIIIIIII": -0.0366373034679864,
    "YZYIIIZIIIII": 0.036548495994942774,
    "XZXIIIZIIIII": 0.036548495994942774,
    "IXZXIIIZIIII": 0.036548495994942774,
    "IYZYIIIZIIII": 0.036548495994942774,
    "IXZXIIIIIZII": 0.03654849599494276,
    "YZYIIIIIZIII": 0.03654849599494276,
    "XZXIZIIIIIII": 0.03654849599494276,
    "YZYIZIIIIIII": 0.03654849599494276,
    "IYZYIZIIIIII": 0.03654849599494276,
    "IYZYIIIIIZII": 0.03654849599494276,
    "IXZXIZIIIIII": 0.03654849599494276,
    "XZXIIIIIZIII": 0.03654849599494276,
    "IXZXIIZIIIII": 0.03465275862380206,
    "YZYIIIIZIIII": 0.03465275862380206,
    "IYZYIIZIIIII": 0.03465275862380206,
    "XZXIIIIZIIII": 0.03465275862380206,
    "IYZYZIIIIIII": 0.03465275862380205,
    "YZYIIZIIIIII": 0.03465275862380205,
    "XZXIIIIIIZII": 0.03465275862380205,
    "YZYIIIIIIZII": 0.03465275862380205,
    "XZXIIZIIIIII": 0.03465275862380205,
    "IXZXZIIIIIII": 0.03465275862380205,
    "IYZYIIIIZIII": 0.03465275862380205,
    "IXZXIIIIZIII": 0.03465275862380205,
    "YXIIIIIIXYII": 0.03445707992892449,
    "XXIIYYIIIIII": -0.03445707992892449,
    "YXIIXYIIIIII": 0.03445707992892449,
    "YYIIXXIIIIII": -0.03445707992892449,
    "XXIIIIYYIIII": -0.03445707992892449,
    "XYIIIIIIYXII": 0.03445707992892449,
    "YYIIIIIIXXII": -0.03445707992892449,
    "YYIIIIXXIIII": -0.03445707992892449,
    "XYIIIIYXIIII": 0.03445707992892449,
    "YXIIIIXYIIII": 0.03445707992892449,
    "XYIIYXIIIIII": 0.03445707992892449,
    "XXIIIIIIYYII": -0.03445707992892449,
    "IIXYIIIIIIYX": 0.0318977505387034,
    "IIXXIIIIIIYY": -0.0318977505387034,
    "IIYXIIIIIIXY": 0.0318977505387034,
    "IIYYIIIIIIXX": -0.0318977505387034,
    "YXXZZZZZZZZY": 0.03139976351607309,
    "YYXZZZZZZZZX": -0.03139976351607309,
    "XXYZZZZZZZZY": -0.03139976351607309,
    "XYYZZZZZZZZX": 0.03139976351607309,
    "XYIYZZZZZZXI": -0.03139976351607309,
    "YYIYZZZZZZYI": -0.03139976351607309,
    "XXIXZZZZZZXI": -0.03139976351607309,
    "YXIXZZZZZZYI": -0.03139976351607309,
    "YZYYZZZZZZZY": -0.030229115025172098,
    "XZXYZZZZZZZY": -0.030229115025172098,
    "XZXXZZZZZZZX": -0.030229115025172098,
    "IXYYZZZZZZXI": -0.030229115025172098,
    "IXXYZZZZZZYI": 0.030229115025172098,
    "IYYXZZZZZZXI": 0.030229115025172098,
    "IYXXZZZZZZYI": -0.030229115025172098,
    "YZYXZZZZZZZX": -0.030229115025172098,
    "XZXZIIIIIIII": 0.02840756610289925,
    "YZYZIIIIIIII": 0.02840756610289925,