{
  "hamiltonian": {
    "IIIIIIIIII": 8.58883360021731,
    "IIIIIZIIII": -2.101086900764713,
    "IIIIIIIIIZ": -2.1010869007647126,
    "IIIIZIIIII": -2.1010869007647126,
    "IIIIIIIIZI": -2.101086900764712,
    "IIIIIIIZII": -2.101086900764712,
    "IIIIIIZIII": -2.101086900764712,
    "IIIZIIIIII": -1.6167541517984567,
    "IIZIIIIIII": -1.6167541517984567,
    "IZIIIIIIII": -0.9060176128127913,
    "ZIIIIIIIII": -0.9060176128127913,
    "XZXIIIIIII": -0.28138331963564395,
    "YZYIIIIIII": -0.28138331963564395,
    "IXZXIIIIII": -0.2813833196356439,
    "IYZYIIIIII": -0.2813833196356439,
    "ZZIIIIIIII": 0.25672667137284594,
    "IIIIIIZZII": 0.24162186946871383,
    "IIIIZZIIII": 0.24162186946871383,
    "IIIIIIIIZZ": 0.24162186946871383,
    "IZIIZIIIII": 0.22940119442689527,
    "ZIIIIIIIIZ": 0.22940119442689527,
    "ZIIIIZIIII": 0.22940119442689527,
    "IZIIIIIIZI": 0.22940119442689527,
    "ZIIIIIIZII": 0.22940119442689524,
    "IZIIIIZIII": 0.22940119442689524,
    "IZZIIIIIII": 0.21453334524315215,
    "ZIIZIIIIII": 0.21453334524315215,
    "IIIIZIIIIZ": 0.21203551810519786,
    "IIIIIZIIZI": 0.21203551810519786,
    "IIIIIIIZZI": 0.21203551810519783,
    "IIIIIIZIIZ": 0.21203551810519783,
    "IIIIIZZIII": 0.21203551810519783,
    "IIIIZIIZII": 0.21203551810519783,
    "IIIIZIZIII": 0.19724234242343985,
    "IIIIIIIZIZ": 0.19724234242343985,
    "IIIIIZIZII": 0.19724234242343985,
    "IIIIIZIIIZ": 0.19724234242343985,
    "IIIIIIZIZI": 0.19724234242343985,
    "IIIIZIIIZI": 0.19724234242343985,
    "IIZZIIIIII": 0.191590821631473,
    "ZIIIZIIIII": 0.1864850270115826,
    "ZIIIIIIIZI": 0.1864850270115826,
    "IZIIIIIIIZ": 0.1864850270115826,
    "IZIIIZIIII": 0.1864850270115826,
    "IZIIIIIZII": 0.18648502701158254,
    "ZIIIIIZIII": 0.18648502701158254,
    "IIZIIZIIII": 0.18633553237832262,
    "IIIZZIIIII": 0.18633553237832262,
    "IIIZIIIIZI": 0.18633553237832262,
    "IIZIIIIIIZ": 0.18633553237832262,
    "IIZIIIIZII": 0.1863355323783226,
    "IIIZIIZIII": 0.1863355323783226,
    "IIZIIIIIZI": 0.17945873933979015,
    "IIIZIZIIII": 0.17945873933979015,
    "IIZIZIIIII": 0.17945873933979015,
    "IIIZIIIIIZ": 0.17945873933979015,
    "IIZIIIZIII": 0.17945873933979012,
    "IIIZIIIZII": 0.17945873933979012,
    "IZIZIIIIII": 0.15761570979266146,
    "ZIZIIIIIII": 0.15761570979266146,
    "ZYZYIIIIII": 0.07912259023247364,
    "YIYIIIIIII": 0.07912259023247364,
    "ZXZXIIIIII": 0.07912259023247364,
    "XIXIIIIIII": 0.07912259023247364,
    "IYIYIIIIII": 0.06388843867195043,
    "IXIXIIIIII": 0.06388843867195043,
    "YZYZIIIIII": 0.06388843867195043,
    "XZXZIIIIII": 0.06388843867195043,
    "XYYXIIIIII": 0.05691763545049071,
    "XXYYIIIIII": -0.05691763545049071,
    "YYXXIIIIII": -0.05691763545049071,
    "YXXYIIIIII": 0.05691763545049071,
    "IYZYIIIIZI": 0.05028010225755823,
    "IXZXZIIIII": 0.05028010225755823,
    "IXZXIIIIZI": 0.05028010225755823,
    "IYZYZIIIII": 0.05028010225755823,
    "YZYIIZIIII": 0.05028010225755823,
    "XZXIIZIIII": 0.05028010225755823,
    "XZXIIIIIIZ": 0.05028010225755823,
    "YZYIIIIIIZ": 0.05028010225755823,
    "IXZXIIZIII": 0.050280102257558225,
    "YZYIIIIZII": 0.050280102257558225,
    "IYZYIIZIII": 0.050280102257558225,
    "XZXIIIIZII": 0.050280102257558225,
    "XZXIZIIIII": 0.04859252425573489,
    "IYZYIIIIIZ": 0.04859252425573489,
    "YZYIZIIIII": 0.04859252425573489,
    "IXZXIZIIII": 0.04859252425573489,
    "IYZYIZIIII": 0.04859252425573489,
    "IXZXIIIIIZ": 0.04859252425573489,
    "XZXIIIIIZI": 0.04859252425573489,
    "YZYIIIIIZI": 0.04859252425573489,
    "IYZYIIIZII": 0.048592524255734876,
    "IXZXIIIZII": 0.048592524255734876,
    "XZXIIIZIII": 0.048592524255734876,
    "YZYIIIZIII": 0.048592524255734876,
    "XXIIIIYYII": -0.042916167415312706,
    "XYIIIIYXII": 0.042916167415312706,
    "YXIIIIIIXY": 0.042916167415312706,
    "YYIIIIIIXX": -0.042916167415312706,
    "XXIIIIIIYY": -0.042916167415312706,
    "XYIIIIIIYX": 0.042916167415312706,
    "YXIIXYIIII": 0.042916167415312706,
    "XXIIYYIIII": -0.042916167415312706,
    "YYIIXXIIII": -0.042916167415312706,
    "XYIIYXIIII": 0.042916167415312706,
    "YXIIIIXYII": 0.042916167415312706,
    "YYIIIIXXII": -0.042916167415312706,
    "IIIIXYIIYX": 0.014793175681757989,
    "IIIIXXYYII": -0.014793175681757989,
    "IIIIXYYXII": 0.014793175681757989,
    "IIIIYXIIXY": 0.014793175681757989,
    "IIIIYYIIXX": -0.014793175681757989,
    "IIIIXXIIYY": -0.014793175681757989,
    "IIIIYYXXII": -0.014793175681757989,
    "IIIIIIXYYX": 0.014793175681757989,
    "IIIIIIXXYY": -0.014793175681757989,
    "IIIIIIYYXX": -0.014793175681757989,
    "IIIIIIYXXY": 0.014793175681757989,
    "IIIIYXXYII": 0.014793175681757989,
    "IIXYIIYXII": 0.006876793038532487,
    "IIXXIIYYII": -0.006876793038532487,
    "IIYYIIXXII": -0.006876793038532487,
    "IIYXIIXYII": 0.006876793038532487,
    "IIYXIIIIXY": 0.006876793038532476,
    "IIYYXXIIII": -0.006876793038532476,
    "IIYYIIIIXX": -0.006876793038532476,
    "IIXXYYIIII": -0.006876793038532476,
    "IIXYYXIIII": 0.006876793038532476,
    "IIXYIIIIYX": 0.006876793038532476,
    "IIYXXYIIII": 0.006876793038532476,
    "IIXXIIIIYY": -0.006876793038532476,
    "IYXIIIXYII": 0.0016875780018233448,
    "IYYIIIYYII": 0.0016875780018233448,
    "YZZXIIXYII": -0.0016875780018233448,
    "YZZYIIXXII": 0.0016875780018233448,
    "XZZXIIYYII": 0.0016875780018233448,
    "XZZYIIYXII": -0.0016875780018233448,
    "IXXIIIXXII": 0.0016875780018233448,
    "IXYIIIYXII": 0.0016875780018233448,
    "YZZYXXIIII": 0.0016875780018233422,
    "IYYIYYIIII": 0.0016875780018233422,
    "IYXIIIIIXY": 0.0016875780018233422,
    "IYYIIIIIYY": 0.0016875780018233422,
    "IXXIIIIIXX": 0.0016875780018233422,
    "IXYIIIIIYX": 0.0016875780018233422,
    "IXXIXXIIII": 0.0016875780018233422,
    "YZZXXYIIII": -0.0016875780018233422,
    "XZZYIIIIYX": -0.0016875780018233422,
    "XZZXIIIIYY": 0.0016875780018233422,
    "YZZYIIIIXX": 0.0016875780018233422,
    "YZZXIIIIXY": -0.0016875780018233422,
    "XZZYYXIIII": -0.0016875780018233422,
    "XZZXYYIIII": 0.0016875780018233422,
    "IYXIXYIIII": 0.0016875780018233422,
    "IXYIYXIIII": 0.0016875780018233422
  },
  "data": {
    "molecule_id": "He_singlet_Kh",
    "qubit_encoding": "JW",
    "basis": "6-31g**",
    "charge": 0,
    "multiplicity": 1,
    "geometry": "He 0.0000000000 0.0000000000 0.0000000000",
    "n_qubits": 10,
    "alpha": 1.0,
    "energies": {
      "HF": -2.855160426153822,
      "MP2": -2.88063745681689,
      "CISD": -2.887365027746519,
      "CCSD": -2.88736503294452,
      "FCI": -2.8873650277465206
    },
    "converged": {
      "HF": true,
      "MP2": false,
      "CISD": true,
      "CCSD": true,
      "FCI": true
    },
    "fci_spin_matches_target": true,
    "fci_multiplicity": 1.0,
    "hf_method_fallback": "standard",
    "generation_time_s": 0.055,
    "timestamp": "2026-02-25T23:47:56.319536+00:00"
  }
}