{
  "hamiltonian": {
    "IIIIIIIIII": 9.830995948621819,
    "IIIIIZIIII": -2.3490854798619796,
    "IIIIIIZIII": -2.3490854798619796,
    "IIIIIIIZII": -2.3490854798619796,
    "IIIIIIIIZI": -2.3490854798619796,
    "IIIIIIIIIZ": -2.3490854798619796,
    "IIIIZIIIII": -2.349085479861979,
    "IIZIIIIIII": -1.659208224838466,
    "IIIZIIIIII": -1.659208224838466,
    "ZIIIIIIIII": -0.9626606224924904,
    "IZIIIIIIII": -0.9626606224924904,
    "IYZYIIIIII": -0.31137468751111075,
    "IXZXIIIIII": -0.31137468751111075,
    "YZYIIIIIII": -0.3113746875111107,
    "XZXIIIIIII": -0.3113746875111107,
    "IIIIZZIIII": 0.26013272478082156,
    "IIIIIIIIZZ": 0.26013272478082156,
    "IIIIIIZZII": 0.2601327247808215,
    "ZZIIIIIIII": 0.25671603693252476,
    "IZIIZIIIII": 0.24031545299359872,
    "ZIIIIIIIIZ": 0.24031545299359872,
    "ZIIIIZIIII": 0.24031545299359872,
    "IZIIIIZIII": 0.24031545299359872,
    "IZIIIIIIZI": 0.24031545299359872,
    "ZIIIIIIZII": 0.24031545299359872,
    "IIIIIZZIII": 0.22827973807296578,
    "IIIIIIIZZI": 0.22827973807296578,
    "IIIIIZIIZI": 0.22827973807296578,
    "IIIIIIZIIZ": 0.22827973807296578,
    "IIIIZIIIIZ": 0.22827973807296578,
    "IIIIZIIZII": 0.22827973807296578,
    "IZZIIIIIII": 0.21439811896323344,
    "ZIIZIIIIII": 0.21439811896323344,
    "IIIIZIZIII": 0.2123532447190379,
    "IIIIZIIIZI": 0.2123532447190379,
    "IIIIIZIIIZ": 0.2123532447190379,
    "IIIIIIIZIZ": 0.2123532447190379,
    "IIIIIIZIZI": 0.2123532447190379,
    "IIIIIZIZII": 0.2123532447190379,
    "ZIIIIIZIII": 0.19452814868678833,
    "ZIIIZIIIII": 0.19452814868678833,
    "ZIIIIIIIZI": 0.19452814868678833,
    "IZIIIZIIII": 0.19452814868678833,
    "IZIIIIIZII": 0.19452814868678833,
    "IZIIIIIIIZ": 0.19452814868678833,
    "IIIZZIIIII": 0.19373835639528086,
    "IIZIIZIIII": 0.19373835639528086,
    "IIZIIIIZII": 0.19373835639528086,
    "IIZIIIIIIZ": 0.19373835639528086,
    "IIIZIIZIII": 0.19373835639528086,
    "IIIZIIIIZI": 0.19373835639528086,
    "IIZZIIIIII": 0.19137377798401156,
    "IIZIZIIIII": 0.1866061862038677,
    "IIZIIIIIZI": 0.1866061862038677,
    "IIIZIZIIII": 0.1866061862038677,
    "IIIZIIIZII": 0.1866061862038677,
    "IIIZIIIIIZ": 0.1866061862038677,
    "IIZIIIZIII": 0.1866061862038677,
    "ZIZIIIIIII": 0.15752181779862878,
    "IZIZIIIIII": 0.15752181779862878,
    "YIYIIIIIII": 0.07911168190608185,
    "XIXIIIIIII": 0.07911168190608185,
    "ZXZXIIIIII": 0.07911168190608185,
    "ZYZYIIIIII": 0.07911168190608185,
    "XZXZIIIIII": 0.06379887562199331,
    "YZYZIIIIII": 0.06379887562199331,
    "IYIYIIIIII": 0.06379887562199331,
    "IXIXIIIIII": 0.06379887562199331,
    "IXZXIIIIZI": 0.057621209546769504,
    "IYZYIIIIZI": 0.057621209546769504,
    "IXZXIIZIII": 0.057621209546769504,
    "IYZYIIZIII": 0.057621209546769504,
    "IXZXZIIIII": 0.057621209546769504,
    "IYZYZIIIII": 0.057621209546769504,
    "YZYIIIIZII": 0.057621209546769504,
    "XZXIIIIZII": 0.057621209546769504,
    "YZYIIZIIII": 0.057621209546769504,
    "XZXIIIIIIZ": 0.057621209546769504,
    "YZYIIIIIIZ": 0.057621209546769504,
    "XZXIIZIIII": 0.057621209546769504,
    "YXXYIIIIII": 0.05687630116460464,
    "YYXXIIIIII": -0.05687630116460464,
    "XXYYIIIIII": -0.05687630116460464,
    "XYYXIIIIII": 0.05687630116460464,
    "XZXIIIZIII": 0.05127475608431177,
    "IXZXIIIIIZ": 0.05127475608431177,
    "IYZYIIIIIZ": 0.05127475608431177,
    "YZYIIIZIII": 0.05127475608431177,
    "IYZYIIIZII": 0.05127475608431177,
    "YZYIIIIIZI": 0.05127475608431177,
    "XZXIIIIIZI": 0.05127475608431177,
    "IXZXIIIZII": 0.05127475608431177,
    "IYZYIZIIII": 0.05127475608431177,
    "YZYIZIIIII": 0.05127475608431177,
    "IXZXIZIIII": 0.05127475608431177,
    "XZXIZIIIII": 0.05127475608431177,
    "XYIIIIIIYX": 0.04578730430681038,
    "XXIIIIIIYY": -0.04578730430681038,
    "YYIIIIIIXX": -0.04578730430681038,
    "YXIIIIIIXY": 0.04578730430681038,
    "XYIIIIYXII": 0.04578730430681038,
    "XXIIIIYYII": -0.04578730430681038,
    "XYIIYXIIII": 0.04578730430681038,
    "XXIIYYIIII": -0.04578730430681038,
    "YYIIXXIIII": -0.04578730430681038,
    "YXIIIIXYII": 0.04578730430681038,
    "YXIIXYIIII": 0.04578730430681038,
    "YYIIIIXXII": -0.04578730430681038,
    "IIIIXYIIYX": 0.01592649335392785,
    "IIIIIIYXXY": 0.01592649335392785,
    "IIIIIIXXYY": -0.01592649335392785,
    "IIIIYXXYII": 0.01592649335392785,
    "IIIIXXYYII": -0.01592649335392785,
    "IIIIIIXYYX": 0.01592649335392785,
    "IIIIXYYXII": 0.01592649335392785,
    "IIIIYXIIXY": 0.01592649335392785,
    "IIIIIIYYXX": -0.01592649335392785,
    "IIIIXXIIYY": -0.01592649335392785,
    "IIIIYYXXII": -0.01592649335392785,
    "IIIIYYIIXX": -0.01592649335392785,
    "IIXYYXIIII": 0.00713217019141317,
    "IIYYIIXXII": -0.00713217019141317,
    "IIXYIIIIYX": 0.00713217019141317,
    "IIXXIIIIYY": -0.00713217019141317,
    "IIYYIIIIXX": -0.00713217019141317,
    "IIYXIIIIXY": 0.00713217019141317,
    "IIXYIIYXII": 0.00713217019141317,
    "IIXXIIYYII": -0.00713217019141317,
    "IIYXIIXYII": 0.00713217019141317,
    "IIXXYYIIII": -0.00713217019141317,
    "IIYYXXIIII": -0.00713217019141317,
    "IIYXXYIIII": 0.00713217019141317,
    "IYXIIIIIXY": 0.00634645346245773,
    "IXYIIIYXII": 0.00634645346245773,
    "IXXIIIXXII": 0.00634645346245773,
    "IYYIIIYYII": 0.00634645346245773,
    "YZZXXYIIII": -0.00634645346245773,
    "IYYIIIIIYY": 0.00634645346245773,
    "IXXIXXIIII": 0.00634645346245773,
    "IYYIYYIIII": 0.00634645346245773,
    "IYXIXYIIII": 0.00634645346245773,
    "IXYIYXIIII": 0.00634645346245773,
    "IXXIIIIIXX": 0.00634645346245773,
    "XZZYIIYXII": -0.00634645346245773,
    "XZZYIIIIYX": -0.00634645346245773,
    "XZZXIIIIYY": 0.00634645346245773,
    "YZZYIIIIXX": 0.00634645346245773,
    "YZZXIIIIXY": -0.00634645346245773,
    "YZZYXXIIII": 0.00634645346245773,
    "XZZXIIYYII": 0.00634645346245773,
    "YZZYIIXXII": 0.00634645346245773,
    "YZZXIIXYII": -0.00634645346245773,
    "XZZYYXIIII": -0.00634645346245773,
    "XZZXYYIIII": 0.00634645346245773,
    "IXYIIIIIYX": 0.00634645346245773,
    "IYXIIIXYII": 0.00634645346245773
  },
  "data": {
    "molecule_id": "He_singlet_Kh",
    "qubit_encoding": "JW",
    "basis": "cc-pvdz",
    "charge": 0,
    "multiplicity": 1,
    "geometry": "He 0.0000000000 0.0000000000 0.0000000000",
    "n_qubits": 10,
    "alpha": 1.0,
    "energies": {
      "HF": -2.855160477242131,
      "MP2": -2.8809888203777976,
      "CISD": -2.887594831090936,
      "CCSD": -2.8875948357526298,
      "FCI": -2.8875948310909356
    },
    "converged": {
      "HF": true,
      "MP2": false,
      "CISD": true,
      "CCSD": true,
      "FCI": true
    },
    "fci_spin_matches_target": true,
    "fci_multiplicity": 1.0,
    "hf_method_fallback": "standard",
    "generation_time_s": 0.09,
    "timestamp": "2026-02-25T23:47:56.409657+00:00"
  }
}