{
  "hamiltonian": {
    "IIIIIIIIII": -61.11665357283786,
    "ZIIIIIIIII": 16.178101536264997,
    "IZIIIIIIII": 16.178101536264997,
    "IIZIIIIIII": 2.3545273402646982,
    "IIIZIIIIII": 2.3545273402646982,
    "IIIIIIZIII": 1.9568999320156535,
    "IIIIZIIIII": 1.9568999320156535,
    "IIIIIIIIZI": 1.9568999320156533,
    "IIIIIIIZII": 1.956899932015653,
    "IIIIIZIIII": 1.956899932015653,
    "IIIIIIIIIZ": 1.9568999320156528,
    "ZZIIIIIIII": 1.3405826655648245,
    "ZIIIIZIIII": 0.3159971239650029,
    "IZIIIIZIII": 0.3159971239650029,
    "IZIIZIIIII": 0.3159971239650029,
    "IZIIIIIIZI": 0.3159971239650029,
    "ZIIIIIIIIZ": 0.3159971239650029,
    "ZIIIIIIZII": 0.3159971239650029,
    "ZIIZIIIIII": 0.31588728063496097,
    "IZZIIIIIII": 0.31588728063496097,
    "IZIIIIIIIZ": 0.3085918162331916,
    "ZIIIZIIIII": 0.3085918162331916,
    "IZIIIIIZII": 0.3085918162331916,
    "IZIIIZIIII": 0.3085918162331916,
    "ZIIIIIIIZI": 0.3085918162331916,
    "ZIIIIIZIII": 0.3085918162331916,
    "IZIZIIIIII": 0.2946192580588185,
    "ZIZIIIIIII": 0.2946192580588185,
    "IIIIZZIIII": 0.24937840648241438,
    "IIIIIIZZII": 0.24937840648241438,
    "IIIIIIIIZZ": 0.24937840648241438,
    "IIIZIIIIZI": 0.22761339074548131,
    "IIZIIIIIIZ": 0.22761339074548131,
    "IIIZZIIIII": 0.22761339074548131,
    "IIIZIIZIII": 0.22761339074548131,
    "IIZIIZIIII": 0.22761339074548131,
    "IIZIIIIZII": 0.22761339074548131,
    "IIZZIIIIII": 0.22482840884992022,
    "IIIIIZZIII": 0.22249322143329503,
    "IIIIIZIIZI": 0.22249322143329503,
    "IIIIIIZIIZ": 0.22249322143329503,
    "IIIIZIIIIZ": 0.22249322143329503,
    "IIIIZIIZII": 0.22249322143329503,
    "IIIIIIIZZI": 0.22249322143329503,
    "IIIIZIIIZI": 0.20905062890873544,
    "IIIIIZIIIZ": 0.20905062890873544,
    "IIIIIIZIZI": 0.2090506289087354,
    "IIIIIIIZIZ": 0.2090506289087354,
    "IIIIIZIZII": 0.2090506289087354,
    "IIIIZIZIII": 0.2090506289087354,
    "XZXIIIIIII": 0.19609272684363904,
    "YZYIIIIIII": 0.19609272684363904,
    "IXZXIIIIII": 0.196092726843639,
    "IYZYIIIIII": 0.196092726843639,
    "IIZIIIIIZI": 0.17882662812011024,
    "IIZIIIZIII": 0.17882662812011024,
    "IIIZIIIZII": 0.17882662812011024,
    "IIZIZIIIII": 0.17882662812011024,
    "IIIZIIIIIZ": 0.17882662812011024,
    "IIIZIZIIII": 0.17882662812011024,
    "ZYZYIIIIII": 0.13484513427516986,
    "ZXZXIIIIII": 0.13484513427516986,
    "XIXIIIIIII": 0.13484513427516986,
    "YIYIIIIIII": 0.13484513427516986,
    "IIYXIIXYII": 0.04878676262537106,
    "IIXYIIYXII": 0.04878676262537106,
    "IIYYIIXXII": -0.04878676262537106,
    "IIXXIIYYII": -0.04878676262537106,
    "IIYYIIIIXX": -0.048786762625371044,
    "IIYYXXIIII": -0.048786762625371044,
    "IIXYYXIIII": 0.048786762625371044,
    "IIYXIIIIXY": 0.048786762625371044,
    "IIXXIIIIYY": -0.048786762625371044,
    "IIYXXYIIII": 0.048786762625371044,
    "IIXYIIIIYX": 0.048786762625371044,
    "IIXXYYIIII": -0.048786762625371044,
    "YXXYIIIIII": 0.02126802257614252,
    "YYXXIIIIII": -0.02126802257614252,
    "XYYXIIIIII": 0.02126802257614252,
    "XXYYIIIIII": -0.02126802257614252,
    "XZXIZIIIII": 0.014284337924663559,
    "IYZYIZIIII": 0.014284337924663559,
    "IXZXIZIIII": 0.014284337924663559,
    "YZYIIIIIZI": 0.014284337924663559,
    "XZXIIIIIZI": 0.014284337924663559,
    "IYZYIIIIIZ": 0.014284337924663559,
    "YZYIZIIIII": 0.014284337924663559,
    "IXZXIIIIIZ": 0.014284337924663559,
    "IYZYIIIZII": 0.014284337924663555,
    "IXZXIIIZII": 0.014284337924663555,
    "YZYIIIZIII": 0.014284337924663555,
    "XZXIIIZIII": 0.014284337924663555,
    "IIIIIIXYYX": 0.013442592524559618,
    "IIIIIIYYXX": -0.013442592524559618,
    "IIIIIIYXXY": 0.013442592524559618,
    "IIIIIIXXYY": -0.013442592524559618,
    "IIIIXYIIYX": 0.013442592524559618,
    "IIIIYYIIXX": -0.013442592524559618,
    "IIIIYXXYII": 0.013442592524559618,
    "IIIIYYXXII": -0.013442592524559618,
    "IIIIXXYYII": -0.013442592524559618,
    "IIIIXYYXII": 0.013442592524559618,
    "IIIIYXIIXY": 0.013442592524559618,
    "IIIIXXIIYY": -0.013442592524559618,
    "YZZYXXIIII": -0.010259365083896004,
    "YZZXXYIIII": 0.010259365083896004,
    "XZZYYXIIII": 0.010259365083896004,
    "YZZYIIIIXX": -0.010259365083896004,
    "XZZXIIIIYY": -0.010259365083896004,
    "XZZYIIIIYX": 0.010259365083896004,
    "XZZXYYIIII": -0.010259365083896004,
    "YZZXIIIIXY": 0.010259365083896004,
    "IYXIIIXYII": -0.010259365083896002,
    "IXXIIIIIXX": -0.010259365083896002,
    "IYYIIIIIYY": -0.010259365083896002,
    "IYXIIIIIXY": -0.010259365083896002,
    "IXYIIIYXII": -0.010259365083896002,
    "IYYIIIYYII": -0.010259365083896002,
    "IXYIYXIIII": -0.010259365083896002,
    "IXXIXXIIII": -0.010259365083896002,
    "IYYIYYIIII": -0.010259365083896002,
    "IYXIXYIIII": -0.010259365083896002,
    "IXYIIIIIYX": -0.010259365083896002,
    "IXXIIIXXII": -0.010259365083896002,
    "XZZYIIYXII": 0.010259365083896,
    "XZZXIIYYII": -0.010259365083896,
    "YZZYIIXXII": -0.010259365083896,
    "YZZXIIXYII": 0.010259365083896,
    "XYIIIIYXII": 0.007405307731811307,
    "YXIIIIIIXY": 0.007405307731811307,
    "XXIIIIYYII": -0.007405307731811307,
    "YYIIIIIIXX": -0.007405307731811307,
    "XXIIIIIIYY": -0.007405307731811307,
    "XYIIIIIIYX": 0.007405307731811307,
    "YYIIIIXXII": -0.007405307731811307,
    "YXIIIIXYII": 0.007405307731811307,
    "YXIIXYIIII": 0.007405307731811307,
    "YYIIXXIIII": -0.007405307731811307,
    "XYIIYXIIII": 0.007405307731811307,
    "XXIIYYIIII": -0.007405307731811307,
    "YZYZIIIIII": 0.0063196602721756956,
    "XZXZIIIIII": 0.0063196602721756956,
    "IXIXIIIIII": 0.006319660272175695,
    "IYIYIIIIII": 0.006319660272175695,
    "IYZYIIIIZI": 0.0040249728407675545,
    "XZXIIZIIII": 0.0040249728407675545,
    "IXZXIIIIZI": 0.0040249728407675545,
    "YZYIIIIZII": 0.0040249728407675545,
    "XZXIIIIZII": 0.0040249728407675545,
    "YZYIIIIIIZ": 0.0040249728407675545,
    "XZXIIIIIIZ": 0.0040249728407675545,
    "IYZYZIIIII": 0.0040249728407675545,
    "IXZXZIIIII": 0.0040249728407675545,
    "IXZXIIZIII": 0.0040249728407675545,
    "YZYIIZIIII": 0.0040249728407675545,
    "IYZYIIZIII": 0.0040249728407675545
  },
  "data": {
    "molecule_id": "F-_singlet_Kh",
    "qubit_encoding": "JW",
    "basis": "sto-3g",
    "charge": -1,
    "multiplicity": 1,
    "geometry": "F 0.0000000000 0.0000000000 0.0000000000",
    "n_qubits": 10,
    "alpha": 1.0,
    "energies": {
      "HF": -97.61331469030667,
      "MP2": -97.61331469030667,
      "CISD": -97.61331469030667,
      "CCSD": -97.61331469030667,
      "FCI": -97.6133146903067
    },
    "converged": {
      "HF": true,
      "MP2": false,
      "CISD": true,
      "CCSD": true,
      "FCI": true
    },
    "fci_spin_matches_target": true,
    "fci_multiplicity": 1.0,
    "hf_method_fallback": "standard",
    "generation_time_s": 0.042,
    "timestamp": "2026-02-25T23:54:03.390942+00:00"
  }
}