{
  "hamiltonian": {
    "IIIIII": -0.8130318112876144,
    "IIZZII": 0.12506786152146118,
    "IIIIZZ": 0.12506771600174046,
    "IZIIZI": 0.09881578168163396,
    "ZIIIIZ": 0.09881578168163396,
    "ZIIZII": 0.09881422369061263,
    "IZZIII": 0.09881422369061263,
    "ZZIIII": 0.09749400507669173,
    "IIZIIZ": 0.07603634507425089,
    "IIIZZI": 0.07603634507425089,
    "ZIIIII": 0.06341899753088467,
    "IZIIII": 0.06341899753088465,
    "IZIIIZ": 0.052267795063000055,
    "ZIIIZI": 0.052267795063000055,
    "IZIZII": 0.05226670718517423,
    "ZIZIII": 0.05226670718517423,
    "IIZIZI": 0.051519044445684836,
    "IIIZIZ": 0.051519044445684836,
    "XXIIYY": -0.046547986618633914,
    "XYIIYX": 0.046547986618633914,
    "YXIIXY": 0.046547986618633914,
    "YYIIXX": -0.046547986618633914,
    "YYXXII": -0.046547516505438404,
    "XYYXII": 0.046547516505438404,
    "YXXYII": 0.046547516505438404,
    "XXYYII": -0.046547516505438404,
    "YZYYZY": -0.03373736591404731,
    "YZYXZX": -0.03373736591404731,
    "IYYXXI": 0.03373736591404731,
    "IYXXYI": -0.03373736591404731,
    "IXYYXI": -0.03373736591404731,
    "XZXYZY": -0.03373736591404731,
    "XZXXZX": -0.03373736591404731,
    "IXXYYI": 0.03373736591404731,
    "YZZIYI": 0.033736583472387865,
    "XZZIXI": 0.033736583472387865,
    "IXIZZX": 0.033736583472387865,
    "IYIZZY": 0.033736583472387865,
    "YZZZYZ": -0.03373633438723965,
    "XZZZXZ": -0.03373633438723965,
    "IXZZIX": -0.03373633438723965,
    "IYZZIY": -0.03373633438723965,
    "IIZIII": 0.02640767388840018,
    "IIIZII": 0.02640767388840018,
    "IIIIZI": 0.026405081764586308,
    "IIIIIZ": 0.026405081764586308,
    "IIXXYY": -0.02451730062856605,
    "IIXYYX": 0.02451730062856605,
    "IIYYXX": -0.02451730062856605,
    "IIYXXY": 0.02451730062856605,
    "YIZZYI": -1.0287123778494803e-06,
    "XIZZXI": -1.0287123778494803e-06,
    "ZYZZZY": -1.0287123778494803e-06,
    "ZXZZZX": -1.0287123778494803e-06,
    "YZIZYI": -7.824416594463812e-07,
    "XZIZXI": -7.824416594463812e-07,
    "IXZIZX": -7.824416594463812e-07,
    "IYZIZY": -7.824416594463812e-07,
    "XZZZXI": -4.92357897521889e-07,
    "YZZZYI": -4.92357897521889e-07,
    "IXZZZX": -4.92357897521889e-07,
    "IYZZZY": -4.92357897521889e-07
  },
  "data": {
    "molecule_id": "H3+_singlet_C1",
    "qubit_encoding": "JW",
    "unit": "Angstrom",
    "basis": "sto-3g",
    "charge": 1,
    "multiplicity": 1,
    "spin": 0,
    "geometry": "H 0.0000000000 1.4629866667 0.0000000000\nH 1.2670100000 -0.7314433333 0.0000000000\nH -1.2670100000 -0.7314433333 0.0000000000",
    "n_qubits": 6,
    "n_particles": {
      "total": 2,
      "alpha": 1,
      "beta": 1
    },
    "hf_array": [
      1,
      1,
      0,
      0,
      0,
      0
    ],
    "hf_method": "pyscf.scf.hf_symm.SymAdaptedRHF",
    "convergence_threshold": 1e-06,
    "point_group": {
      "groupname": "C2v",
      "topgroup": "C2v"
    },
    "alpha": 2.9,
    "calculated_properties": {
      "HF": {
        "energy": -0.8358329486444878,
        "converged": true
      },
      "MP2": {
        "energy": -0.9595183601926832,
        "converged": false
      },
      "CISD": {
        "energy": -0.9792043201678856,
        "converged": true
      },
      "CCSD": {
        "energy": -0.9792043325997135,
        "converged": true
      },
      "FCI": {
        "energy": -0.9792043201448604,
        "converged": true,
        "spin_matches_target": true,
        "multiplicity": 1.0,
        "oscillatory_converged": false,
        "oscillation_energy_change": null
      }
    },
    "auxiliary_operators": {
      "number_operator": {
        "IIIIII": 3.0,
        "ZIIIII": -0.5,
        "IZIIII": -0.5,
        "IIZIII": -0.5,
        "IIIZII": -0.5,
        "IIIIZI": -0.5,
        "IIIIIZ": -0.5
      },
      "N_alpha": {
        "IIIIII": 1.5,
        "ZIIIII": -0.5,
        "IIZIII": -0.5,
        "IIIIZI": -0.5
      },
      "N_beta": {
        "IIIIII": 1.5,
        "IZIIII": -0.5,
        "IIIZII": -0.5,
        "IIIIIZ": -0.5
      },
      "S^2_operator": {
        "IIIIII": 1.125,
        "ZZIIII": -0.375,
        "IIIIZZ": -0.375,
        "IIZZII": -0.375,
        "IIXXXX": 0.125,
        "IIYYYY": 0.125,
        "IIYYXX": 0.125,
        "IIXYYX": -0.125,
        "IIXYXY": 0.125,
        "ZIZIII": 0.125,
        "ZIIIZI": 0.125,
        "ZIIIIZ": -0.125,
        "IZZIII": -0.125,
        "IZIZII": 0.125,
        "IZIIZI": -0.125,
        "IZIIIZ": 0.125,
        "IIZIZI": 0.125,
        "IIZIIZ": -0.125,
        "ZIIZII": -0.125,
        "IIXXYY": 0.125,
        "IIYXYX": 0.125,
        "IIIZZI": -0.125,
        "YXYXII": 0.125,
        "YXXYII": -0.125,
        "XXYYII": 0.125,
        "XXXXII": 0.125,
        "YYYYII": 0.125,
        "YYXXII": 0.125,
        "XYYXII": -0.125,
        "IIYXXY": -0.125,
        "XYXYII": 0.125,
        "YXIIXY": -0.125,
        "XXIIYY": 0.125,
        "XXIIXX": 0.125,
        "YYIIYY": 0.125,
        "YYIIXX": 0.125,
        "XYIIYX": -0.125,
        "XYIIXY": 0.125,
        "YXIIYX": 0.125,
        "IIIZIZ": 0.125
      },
      "UCCSD_operator": {
        "XYXXII": -0.04812781520844528,
        "XXYXII": 0.04812781520844528,
        "YYYXII": -0.04812781520844528,
        "YXYYII": 0.04812781520844528,
        "XYYYII": 0.04812781520844528,
        "YXXXII": -0.04812781520844528,
        "XXXYII": 0.04812781520844528,
        "YYXYII": -0.04812781520844528,
        "XYIIXX": -0.04812507779390197,
        "YXIIXX": -0.04812507779390197,
        "XYIIYY": 0.04812507779390197,
        "YXIIYY": 0.04812507779390197,
        "YYIIYX": -0.04812507779390197,
        "YYIIXY": -0.04812507779390197,
        "XXIIXY": 0.04812507779390197,
        "XXIIYX": 0.04812507779390197,
        "IXZZZY": 7.649823416067258e-06,
        "IYZZZX": -7.649823416067258e-06,
        "XZZZYI": 7.649823416067258e-06,
        "YZZZXI": -7.649823416067258e-06
      }
    },
    "hf_method_fallback": "standard",
    "generation_time_s": 0.02,
    "timestamp": "2026-04-03T21:43:53.705683+00:00",
    "formula_latex": "$\\mathrm{H_{3}^{+}}$"
  }
}