{
  "hamiltonian": {
    "ZIIIII": 0.2632025134401854,
    "IZIIII": 0.2632025134401854,
    "IIIIZZ": 0.17230480691543903,
    "IIZZII": 0.17230418174469295,
    "IIIIZI": -0.1687767013869239,
    "IIIIIZ": -0.1687767013869239,
    "IIZIII": -0.16876026130938493,
    "IIIZII": -0.16876026130938493,
    "ZZIIII": 0.15872139123091397,
    "IZIIZI": 0.1537870253797482,
    "ZIIIIZ": 0.1537870253797482,
    "ZIIZII": 0.1537859622995419,
    "IZZIII": 0.1537859622995419,
    "IIZIIZ": 0.1378412405909073,
    "IIIZZI": 0.1378412405909073,
    "IIZIZI": 0.12060870190402208,
    "IIIZIZ": 0.12060870190402208,
    "IZIIIZ": 0.11775903490630246,
    "ZIIIZI": 0.11775903490630246,
    "IZIZII": 0.11775795683568477,
    "ZIZIII": 0.11775795683568477,
    "IIIIII": 0.06098435110671009,
    "YXXYII": 0.03602800546385714,
    "YYXXII": -0.03602800546385714,
    "XYYXII": 0.03602800546385714,
    "XXYYII": -0.03602800546385714,
    "YXIIXY": 0.03602799047344575,
    "YYIIXX": -0.03602799047344575,
    "XYIIYX": 0.03602799047344575,
    "XXIIYY": -0.03602799047344575,
    "YZYXZX": -0.021458963855930595,
    "XZXYZY": -0.021458963855930595,
    "XZXXZX": -0.021458963855930595,
    "IXXYYI": 0.021458963855930595,
    "YZYYZY": -0.021458963855930595,
    "IYXXYI": -0.021458963855930595,
    "IYYXXI": 0.021458963855930595,
    "IXYYXI": -0.021458963855930595,
    "XZZZXZ": -0.021458726556082122,
    "IXZZIX": -0.021458726556082122,
    "IYZZIY": -0.021458726556082122,
    "YZZZYZ": -0.021458726556082122,
    "IYIZZY": 0.021458059508568626,
    "IXIZZX": 0.021458059508568626,
    "XZZIXI": 0.021458059508568626,
    "YZZIYI": 0.021458059508568626,
    "IIXXYY": -0.017232538686885214,
    "IIXYYX": 0.017232538686885214,
    "IIYYXX": -0.017232538686885214,
    "IIYXXY": 0.017232538686885214,
    "YIZZYI": -9.93578852357581e-07,
    "XIZZXI": -9.93578852357581e-07,
    "ZYZZZY": -9.93578852357581e-07,
    "ZXZZZX": -9.93578852357581e-07,
    "YZIZYI": -9.043473619650688e-07,
    "XZIZXI": -9.043473619650688e-07,
    "IXZIZX": -9.043473619650688e-07,
    "IYZIZY": -9.043473619650688e-07,
    "XZZZXI": 5.756808812047709e-07,
    "YZZZYI": 5.756808812047709e-07,
    "IXZZZX": 5.756808812047709e-07,
    "IYZZZY": 5.756808812047709e-07
  },
  "data": {
    "molecule_id": "H3+_singlet_C1",
    "qubit_encoding": "JW",
    "unit": "Angstrom",
    "basis": "sto-3g",
    "charge": 1,
    "multiplicity": 1,
    "spin": 0,
    "geometry": "H 0.0000000000 0.4540533333 0.0000000000\nH 0.3932100000 -0.2269766667 0.0000000000\nH -0.3932100000 -0.2269766667 0.0000000000",
    "n_qubits": 6,
    "n_particles": {
      "total": 2,
      "alpha": 1,
      "beta": 1
    },
    "hf_array": [
      1,
      1,
      0,
      0,
      0,
      0
    ],
    "hf_method": "pyscf.scf.hf_symm.SymAdaptedRHF",
    "convergence_threshold": 1e-06,
    "point_group": {
      "groupname": "C2v",
      "topgroup": "C2v"
    },
    "alpha": 0.9,
    "calculated_properties": {
      "HF": {
        "energy": -1.2064442951279286,
        "converged": true
      },
      "MP2": {
        "energy": -1.2222465427137454,
        "converged": false
      },
      "CISD": {
        "energy": -1.2286398477292373,
        "converged": true
      },
      "CCSD": {
        "energy": -1.2286399407161073,
        "converged": true
      },
      "FCI": {
        "energy": -1.228639847729228,
        "converged": true,
        "spin_matches_target": true,
        "multiplicity": 1.0,
        "oscillatory_converged": false,
        "oscillation_energy_change": null
      }
    },
    "auxiliary_operators": {
      "number_operator": {
        "IIIIII": 3.0,
        "ZIIIII": -0.5,
        "IZIIII": -0.5,
        "IIZIII": -0.5,
        "IIIZII": -0.5,
        "IIIIZI": -0.5,
        "IIIIIZ": -0.5
      },
      "N_alpha": {
        "IIIIII": 1.5,
        "ZIIIII": -0.5,
        "IIZIII": -0.5,
        "IIIIZI": -0.5
      },
      "N_beta": {
        "IIIIII": 1.5,
        "IZIIII": -0.5,
        "IIIZII": -0.5,
        "IIIIIZ": -0.5
      },
      "S^2_operator": {
        "IIIIII": 1.125,
        "ZZIIII": -0.375,
        "IIIIZZ": -0.375,
        "IIZZII": -0.375,
        "IIXXXX": 0.125,
        "IIYYYY": 0.125,
        "IIYYXX": 0.125,
        "IIXYYX": -0.125,
        "IIXYXY": 0.125,
        "ZIZIII": 0.125,
        "ZIIIZI": 0.125,
        "ZIIIIZ": -0.125,
        "IZZIII": -0.125,
        "IZIZII": 0.125,
        "IZIIZI": -0.125,
        "IZIIIZ": 0.125,
        "IIZIZI": 0.125,
        "IIZIIZ": -0.125,
        "ZIIZII": -0.125,
        "IIXXYY": 0.125,
        "IIYXYX": 0.125,
        "IIIZZI": -0.125,
        "YXYXII": 0.125,
        "YXXYII": -0.125,
        "XXYYII": 0.125,
        "XXXXII": 0.125,
        "YYYYII": 0.125,
        "YYXXII": 0.125,
        "XYYXII": -0.125,
        "IIYXXY": -0.125,
        "XYXYII": 0.125,
        "YXIIXY": -0.125,
        "XXIIYY": 0.125,
        "XXIIXX": 0.125,
        "YYIIYY": 0.125,
        "YYIIXX": 0.125,
        "XYIIYX": -0.125,
        "XYIIXY": 0.125,
        "YXIIYX": 0.125,
        "IIIZIZ": 0.125
      },
      "UCCSD_operator": {
        "XYXXII": -0.009626207441444752,
        "XXYXII": 0.009626207441444752,
        "YYYXII": -0.009626207441444752,
        "YXYYII": 0.009626207441444752,
        "XYYYII": 0.009626207441444752,
        "YXXXII": -0.009626207441444752,
        "XXXYII": 0.009626207441444752,
        "YYXYII": -0.009626207441444752,
        "XYIIXX": -0.009625873266268722,
        "YXIIXX": -0.009625873266268722,
        "XYIIYY": 0.009625873266268722,
        "YXIIYY": 0.009625873266268722,
        "YYIIYX": -0.009625873266268722,
        "YYIIXY": -0.009625873266268722,
        "XXIIXY": 0.009625873266268722,
        "XXIIYX": 0.009625873266268722,
        "IXZZZY": 2.9579122847293347e-07,
        "IYZZZX": -2.9579122847293347e-07,
        "XZZZYI": 2.9579122847293347e-07,
        "YZZZXI": -2.9579122847293347e-07
      }
    },
    "hf_method_fallback": "standard",
    "generation_time_s": 0.019,
    "timestamp": "2026-04-03T21:43:53.745781+00:00"
  }
}