{
  "hamiltonian": {
    "IIIIII": -0.6782166360883318,
    "IIIIZZ": 0.14628631633600195,
    "IIZZII": 0.14628606779454137,
    "ZIIIII": 0.1370912036849375,
    "IZIIII": 0.13709120368493746,
    "ZZIIII": 0.12262809777870654,
    "IZIIZI": 0.12175196251595748,
    "ZIIIIZ": 0.12175196251595748,
    "ZIIZII": 0.12175028231668636,
    "IZZIII": 0.12175028231668636,
    "IIZIIZ": 0.10311641220521792,
    "IIIZZI": 0.10311641220521792,
    "IZIIIZ": 0.0835309305533298,
    "ZIIIZI": 0.0835309305533298,
    "IZIZII": 0.083529569186323,
    "ZIZIII": 0.083529569186323,
    "IIZIZI": 0.08152984099053903,
    "IIIZIZ": 0.08152984099053903,
    "XXIIYY": -0.038221031962627675,
    "XYIIYX": 0.038221031962627675,
    "YXIIXY": 0.038221031962627675,
    "YYIIXX": -0.038221031962627675,
    "YYXXII": -0.038220713130363355,
    "XYYXII": 0.038220713130363355,
    "YXXYII": 0.038220713130363355,
    "XXYYII": -0.038220713130363355,
    "IIIIZI": -0.033216151766700425,
    "IIIIIZ": -0.03321615176670037,
    "IIIZII": -0.033207411218476174,
    "IIZIII": -0.03320741121847612,
    "YZYXZX": -0.02798581462199884,
    "XZXYZY": -0.02798581462199884,
    "XZXXZX": -0.02798581462199884,
    "IXXYYI": 0.02798581462199884,
    "YZYYZY": -0.02798581462199884,
    "IYXXYI": -0.02798581462199884,
    "IYYXXI": 0.02798581462199884,
    "IXYYXI": -0.02798581462199884,
    "XZZZXZ": -0.027984968777247772,
    "IXZZIX": -0.027984968777247772,
    "IYZZIY": -0.027984968777247772,
    "YZZZYZ": -0.027984968777247772,
    "IYIZZY": 0.027984817651064104,
    "IXIZZX": 0.027984817651064104,
    "XZZIXI": 0.027984817651064104,
    "YZZIYI": 0.027984817651064104,
    "IIXXYY": -0.021586571214678878,
    "IIXYYX": 0.021586571214678878,
    "IIYYXX": -0.021586571214678878,
    "IIYXXY": 0.021586571214678878,
    "YIZZYI": -1.2435254832865244e-06,
    "XIZZXI": -1.2435254832865244e-06,
    "ZYZZZY": -1.2435254832865244e-06,
    "ZXZZZX": -1.2435254832865244e-06,
    "YZIZYI": -9.969709347350253e-07,
    "XZIZXI": -9.969709347350253e-07,
    "IXZIZX": -9.969709347350253e-07,
    "IYZIZY": -9.969709347350253e-07,
    "XZZZXI": -9.523481024967251e-08,
    "YZZZYI": -9.523481024967251e-08,
    "IXZZZX": -9.523481024967251e-08,
    "IYZZZY": -9.523481024967251e-08
  },
  "data": {
    "molecule_id": "H3+_singlet_C1",
    "qubit_encoding": "JW",
    "unit": "Angstrom",
    "basis": "sto-3g",
    "charge": 1,
    "multiplicity": 1,
    "spin": 0,
    "geometry": "H 0.0000000000 0.8576266667 0.0000000000\nH 0.7427300000 -0.4287633333 0.0000000000\nH -0.7427300000 -0.4287633333 0.0000000000",
    "n_qubits": 6,
    "n_particles": {
      "total": 2,
      "alpha": 1,
      "beta": 1
    },
    "hf_array": [
      1,
      1,
      0,
      0,
      0,
      0
    ],
    "hf_method": "pyscf.scf.hf_symm.SymAdaptedRHF",
    "convergence_threshold": 1e-06,
    "point_group": {
      "groupname": "C2v",
      "topgroup": "C2v"
    },
    "alpha": 1.7,
    "calculated_properties": {
      "HF": {
        "energy": -1.1218786702723895,
        "converged": true
      },
      "MP2": {
        "energy": -1.157017434818449,
        "converged": false
      },
      "CISD": {
        "energy": -1.1737084171036727,
        "converged": true
      },
      "CCSD": {
        "energy": -1.1737084171060768,
        "converged": true
      },
      "FCI": {
        "energy": -1.1737084171025371,
        "converged": true,
        "spin_matches_target": true,
        "multiplicity": 1.0,
        "oscillatory_converged": false,
        "oscillation_energy_change": null
      }
    },
    "auxiliary_operators": {
      "number_operator": {
        "IIIIII": 3.0,
        "ZIIIII": -0.5,
        "IZIIII": -0.5,
        "IIZIII": -0.5,
        "IIIZII": -0.5,
        "IIIIZI": -0.5,
        "IIIIIZ": -0.5
      },
      "N_alpha": {
        "IIIIII": 1.5,
        "ZIIIII": -0.5,
        "IIZIII": -0.5,
        "IIIIZI": -0.5
      },
      "N_beta": {
        "IIIIII": 1.5,
        "IZIIII": -0.5,
        "IIIZII": -0.5,
        "IIIIIZ": -0.5
      },
      "S^2_operator": {
        "IIIIII": 1.125,
        "ZZIIII": -0.375,
        "IIIIZZ": -0.375,
        "IIZZII": -0.375,
        "IIXXXX": 0.125,
        "IIYYYY": 0.125,
        "IIYYXX": 0.125,
        "IIXYYX": -0.125,
        "IIXYXY": 0.125,
        "ZIZIII": 0.125,
        "ZIIIZI": 0.125,
        "ZIIIIZ": -0.125,
        "IZZIII": -0.125,
        "IZIZII": 0.125,
        "IZIIZI": -0.125,
        "IZIIIZ": 0.125,
        "IIZIZI": 0.125,
        "IIZIIZ": -0.125,
        "ZIIZII": -0.125,
        "IIXXYY": 0.125,
        "IIYXYX": 0.125,
        "IIIZZI": -0.125,
        "YXYXII": 0.125,
        "YXXYII": -0.125,
        "XXYYII": 0.125,
        "XXXXII": 0.125,
        "YYYYII": 0.125,
        "YYXXII": 0.125,
        "XYYXII": -0.125,
        "IIYXXY": -0.125,
        "XYXYII": 0.125,
        "YXIIXY": -0.125,
        "XXIIYY": 0.125,
        "XXIIXX": 0.125,
        "YYIIYY": 0.125,
        "YYIIXX": 0.125,
        "XYIIYX": -0.125,
        "XYIIXY": 0.125,
        "YXIIYX": 0.125,
        "IIIZIZ": 0.125
      },
      "UCCSD_operator": {
        "XYXXII": -0.021188788450658743,
        "XXYXII": 0.021188788450658743,
        "YYYXII": -0.021188788450658743,
        "YXYYII": 0.021188788450658743,
        "XYYYII": 0.021188788450658743,
        "YXXXII": -0.021188788450658743,
        "XXXYII": 0.021188788450658743,
        "YYXYII": -0.021188788450658743,
        "XYIIXX": -0.021188046007341324,
        "YXIIXX": -0.021188046007341324,
        "XYIIYY": 0.021188046007341324,
        "YXIIYY": 0.021188046007341324,
        "YYIIYX": -0.021188046007341324,
        "YYIIXY": -0.021188046007341324,
        "XXIIXY": 0.021188046007341324,
        "XXIIYX": 0.021188046007341324,
        "IXZZZY": 1.9432969788596698e-06,
        "IYZZZX": -1.9432969788596698e-06,
        "XZZZYI": 1.9432969788596698e-06,
        "YZZZXI": -1.9432969788596698e-06
      }
    },
    "hf_method_fallback": "standard",
    "generation_time_s": 0.023,
    "timestamp": "2026-04-03T21:43:53.437476+00:00"
  }
}