{
  "hamiltonian": {
    "IIIIII": -0.7080477094350767,
    "IIIIZZ": 0.14376586552991985,
    "IIZZII": 0.1437656806969193,
    "ZIIIII": 0.12749580105768218,
    "IZIIII": 0.12749580105768218,
    "ZZIIII": 0.11929529853598449,
    "IZIIZI": 0.11888428661711528,
    "ZIIIIZ": 0.11888428661711528,
    "ZIIZII": 0.1188825637496889,
    "IZZIII": 0.1188825637496889,
    "IIZIIZ": 0.09991884637097674,
    "IIIZZI": 0.09991884637097674,
    "IZIIIZ": 0.080027963080325,
    "ZIIIZI": 0.080027963080325,
    "IZIZII": 0.08002660555887638,
    "ZIZIII": 0.08002660555887638,
    "IIZIZI": 0.07799365418162794,
    "IIIZIZ": 0.07799365418162794,
    "XXIIYY": -0.03885632353679029,
    "XYIIYX": 0.03885632353679029,
    "YXIIXY": 0.03885632353679029,
    "YYIIXX": -0.03885632353679029,
    "YYXXII": -0.03885595819081253,
    "XYYXII": 0.03885595819081253,
    "YXXYII": 0.03885595819081253,
    "XXYYII": -0.03885595819081253,
    "YZYYZY": -0.028590781713554156,
    "YZYXZX": -0.028590781713554156,
    "XZXYZY": -0.028590781713554156,
    "XZXXZX": -0.028590781713554156,
    "IXXYYI": 0.028590781713554156,
    "IYYXXI": 0.028590781713554156,
    "IYXXYI": -0.028590781713554156,
    "IXYYXI": -0.028590781713554156,
    "XZZZXZ": -0.028589878441164285,
    "YZZZYZ": -0.028589878441164285,
    "IXZZIX": -0.028589878441164285,
    "IYZZIY": -0.028589878441164285,
    "IYIZZY": 0.028589794353939744,
    "IXIZZX": 0.028589794353939744,
    "XZZIXI": 0.028589794353939744,
    "YZZIYI": 0.028589794353939744,
    "IIIIIZ": -0.023972918498692555,
    "IIIIZI": -0.023972918498692555,
    "IIZIII": -0.023964950701992754,
    "IIIZII": -0.023964950701992754,
    "IIXXYY": -0.021925192189348797,
    "IIXYYX": 0.021925192189348797,
    "IIYYXX": -0.021925192189348797,
    "IIYXXY": 0.021925192189348797,
    "YIZZYI": -1.2507847459877094e-06,
    "XIZZXI": -1.2507847459877094e-06,
    "ZYZZZY": -1.2507847459877094e-06,
    "ZXZZZX": -1.2507847459877094e-06,
    "YZIZYI": -9.8735961441207e-07,
    "XZIZXI": -9.8735961441207e-07,
    "IXZIZX": -9.8735961441207e-07,
    "IYZIZY": -9.8735961441207e-07,
    "XZZZXI": -1.7931444911897798e-07,
    "YZZZYI": -1.7931444911897798e-07,
    "IXZZZX": -1.7931444911897798e-07,
    "IYZZZY": -1.7931444911897798e-07
  },
  "data": {
    "molecule_id": "H3+_singlet_C1",
    "qubit_encoding": "JW",
    "unit": "Angstrom",
    "basis": "sto-3g",
    "charge": 1,
    "multiplicity": 1,
    "spin": 0,
    "geometry": "H 0.0000000000 0.9080733333 0.0000000000\nH 0.7864200000 -0.4539866667 0.0000000000\nH -0.7864200000 -0.4539866667 0.0000000000",
    "n_qubits": 6,
    "n_particles": {
      "total": 2,
      "alpha": 1,
      "beta": 1
    },
    "hf_array": [
      1,
      1,
      0,
      0,
      0,
      0
    ],
    "hf_method": "pyscf.scf.hf_symm.SymAdaptedRHF",
    "convergence_threshold": 1e-06,
    "point_group": {
      "groupname": "C2v",
      "topgroup": "C2v"
    },
    "alpha": 1.8,
    "calculated_properties": {
      "HF": {
        "energy": -1.0919060420957898,
        "converged": true
      },
      "MP2": {
        "energy": -1.1312207613262295,
        "converged": false
      },
      "CISD": {
        "energy": -1.1497398677802715,
        "converged": true
      },
      "CCSD": {
        "energy": -1.1497398677888215,
        "converged": true
      },
      "FCI": {
        "energy": -1.1497398677785182,
        "converged": true,
        "spin_matches_target": true,
        "multiplicity": 1.0,
        "oscillatory_converged": false,
        "oscillation_energy_change": null
      }
    },
    "auxiliary_operators": {
      "number_operator": {
        "IIIIII": 3.0,
        "ZIIIII": -0.5,
        "IZIIII": -0.5,
        "IIZIII": -0.5,
        "IIIZII": -0.5,
        "IIIIZI": -0.5,
        "IIIIIZ": -0.5
      },
      "N_alpha": {
        "IIIIII": 1.5,
        "ZIIIII": -0.5,
        "IIZIII": -0.5,
        "IIIIZI": -0.5
      },
      "N_beta": {
        "IIIIII": 1.5,
        "IZIIII": -0.5,
        "IIIZII": -0.5,
        "IIIIIZ": -0.5
      },
      "S^2_operator": {
        "IIIIII": 1.125,
        "ZZIIII": -0.375,
        "IIIIZZ": -0.375,
        "IIZZII": -0.375,
        "IIXXXX": 0.125,
        "IIYYYY": 0.125,
        "IIYYXX": 0.125,
        "IIXYYX": -0.125,
        "IIXYXY": 0.125,
        "ZIZIII": 0.125,
        "ZIIIZI": 0.125,
        "ZIIIIZ": -0.125,
        "IZZIII": -0.125,
        "IZIZII": 0.125,
        "IZIIZI": -0.125,
        "IZIIIZ": 0.125,
        "IIZIZI": 0.125,
        "IIZIIZ": -0.125,
        "ZIIZII": -0.125,
        "IIXXYY": 0.125,
        "IIYXYX": 0.125,
        "IIIZZI": -0.125,
        "YXYXII": 0.125,
        "YXXYII": -0.125,
        "XXYYII": 0.125,
        "XXXXII": 0.125,
        "YYYYII": 0.125,
        "YYXXII": 0.125,
        "XYYXII": -0.125,
        "IIYXXY": -0.125,
        "XYXYII": 0.125,
        "YXIIXY": -0.125,
        "XXIIYY": 0.125,
        "XXIIXX": 0.125,
        "YYIIYY": 0.125,
        "YYIIXX": 0.125,
        "XYIIYX": -0.125,
        "XYIIXY": 0.125,
        "YXIIYX": 0.125,
        "IIIZIZ": 0.125
      },
      "UCCSD_operator": {
        "XYXXII": -0.023256795349553636,
        "XXYXII": 0.023256795349553636,
        "YYYXII": -0.023256795349553636,
        "YXYYII": 0.023256795349553636,
        "XYYYII": 0.023256795349553636,
        "YXXXII": -0.023256795349553636,
        "XXXYII": 0.023256795349553636,
        "YYXYII": -0.023256795349553636,
        "XYIIXX": -0.02325598263049529,
        "YXIIXX": -0.02325598263049529,
        "XYIIYY": 0.02325598263049529,
        "YXIIYY": 0.02325598263049529,
        "YYIIYX": -0.02325598263049529,
        "YYIIXY": -0.02325598263049529,
        "XXIIXY": 0.02325598263049529,
        "XXIIYX": 0.02325598263049529,
        "IXZZZY": 2.3115667115417814e-06,
        "IYZZZX": -2.3115667115417814e-06,
        "XZZZYI": 2.3115667115417814e-06,
        "YZZZXI": -2.3115667115417814e-06
      }
    },
    "hf_method_fallback": "standard",
    "generation_time_s": 0.022,
    "timestamp": "2026-04-03T21:43:53.459992+00:00"
  }
}