{
  "hamiltonian": {
    "IIIIII": -0.8145473234520497,
    "IIZZII": 0.12397167212122223,
    "IIIIZZ": 0.1239715318950787,
    "IZIIZI": 0.09770054170684353,
    "ZIIIIZ": 0.09770054170684353,
    "ZIIZII": 0.09769903454749314,
    "IZZIII": 0.09769903454749314,
    "ZZIIII": 0.09643866170260472,
    "IIZIIZ": 0.07459441453691654,
    "IIIZZI": 0.07459441453691654,
    "ZIIIII": 0.06035052050104367,
    "IZIIII": 0.06035052050104367,
    "IZIIIZ": 0.05054548606954598,
    "ZIIIZI": 0.05054548606954598,
    "IZIZII": 0.05054442698122818,
    "ZIZIII": 0.05054442698122818,
    "IIZIZI": 0.04990429401126112,
    "IIIZIZ": 0.04990429401126112,
    "XXIIYY": -0.04715505563729754,
    "XYIIYX": 0.04715505563729754,
    "YXIIXY": 0.04715505563729754,
    "YYIIXX": -0.04715505563729754,
    "YYXXII": -0.04715460756626495,
    "XYYXII": 0.04715460756626495,
    "YXXYII": 0.04715460756626495,
    "XXYYII": -0.04715460756626495,
    "YZYYZY": -0.034087270042771275,
    "YZYXZX": -0.034087270042771275,
    "IYYXXI": 0.034087270042771275,
    "IYXXYI": -0.034087270042771275,
    "IXYYXI": -0.034087270042771275,
    "XZXYZY": -0.034087270042771275,
    "XZXXZX": -0.034087270042771275,
    "IXXYYI": 0.034087270042771275,
    "YZZIYI": 0.0340865082760905,
    "XZZIXI": 0.0340865082760905,
    "IXIZZX": 0.0340865082760905,
    "IYIZZY": 0.0340865082760905,
    "YZZZYZ": -0.034086262265159435,
    "XZZZXZ": -0.034086262265159435,
    "IXZZIX": -0.034086262265159435,
    "IYZZIY": -0.034086262265159435,
    "IIZIII": 0.028277593645721327,
    "IIIZII": 0.028277593645721327,
    "IIIIZI": 0.02827526831420682,
    "IIIIIZ": 0.02827526831420682,
    "IIXXYY": -0.024690120525655414,
    "IIXYYX": 0.024690120525655414,
    "IIYYXX": -0.024690120525655414,
    "IIYXXY": 0.024690120525655414,
    "YIZZYI": -9.91512073661176e-07,
    "XIZZXI": -9.91512073661176e-07,
    "ZYZZZY": -9.91512073661176e-07,
    "ZXZZZX": -9.91512073661176e-07,
    "YZIZYI": -7.617666807728518e-07,
    "XZIZXI": -7.617666807728518e-07,
    "IXZIZX": -7.617666807728518e-07,
    "IYZIZY": -7.617666807728518e-07,
    "XZZZXI": -4.7584238390546707e-07,
    "YZZZYI": -4.7584238390546707e-07,
    "IXZZZX": -4.7584238390546707e-07,
    "IYZZZY": -4.7584238390546707e-07
  },
  "data": {
    "molecule_id": "H3+_singlet_C1",
    "qubit_encoding": "JW",
    "unit": "Angstrom",
    "basis": "sto-3g",
    "charge": 1,
    "multiplicity": 1,
    "spin": 0,
    "geometry": "H 0.0000000000 1.5134333333 0.0000000000\nH 1.3107000000 -0.7566666667 0.0000000000\nH -1.3107000000 -0.7566666667 0.0000000000",
    "n_qubits": 6,
    "n_particles": {
      "total": 2,
      "alpha": 1,
      "beta": 1
    },
    "hf_array": [
      1,
      1,
      0,
      0,
      0,
      0
    ],
    "hf_method": "pyscf.scf.hf_symm.SymAdaptedRHF",
    "convergence_threshold": 1e-06,
    "point_group": {
      "groupname": "C2v",
      "topgroup": "C2v"
    },
    "alpha": 3.0,
    "calculated_properties": {
      "HF": {
        "energy": -0.8217423363292413,
        "converged": true
      },
      "MP2": {
        "energy": -0.9566074815045504,
        "converged": false
      },
      "CISD": {
        "energy": -0.9723018490988425,
        "converged": true
      },
      "CCSD": {
        "energy": -0.9723018900948591,
        "converged": true
      },
      "FCI": {
        "energy": -0.9723018490761737,
        "converged": true,
        "spin_matches_target": true,
        "multiplicity": 1.0,
        "oscillatory_converged": false,
        "oscillation_energy_change": null
      }
    },
    "auxiliary_operators": {
      "number_operator": {
        "IIIIII": 3.0,
        "ZIIIII": -0.5,
        "IZIIII": -0.5,
        "IIZIII": -0.5,
        "IIIZII": -0.5,
        "IIIIZI": -0.5,
        "IIIIIZ": -0.5
      },
      "N_alpha": {
        "IIIIII": 1.5,
        "ZIIIII": -0.5,
        "IIZIII": -0.5,
        "IIIIZI": -0.5
      },
      "N_beta": {
        "IIIIII": 1.5,
        "IZIIII": -0.5,
        "IIIZII": -0.5,
        "IIIIIZ": -0.5
      },
      "S^2_operator": {
        "IIIIII": 1.125,
        "ZZIIII": -0.375,
        "IIIIZZ": -0.375,
        "IIZZII": -0.375,
        "IIXXXX": 0.125,
        "IIYYYY": 0.125,
        "IIYYXX": 0.125,
        "IIXYYX": -0.125,
        "IIXYXY": 0.125,
        "ZIZIII": 0.125,
        "ZIIIZI": 0.125,
        "ZIIIIZ": -0.125,
        "IZZIII": -0.125,
        "IZIZII": 0.125,
        "IZIIZI": -0.125,
        "IZIIIZ": 0.125,
        "IIZIZI": 0.125,
        "IIZIIZ": -0.125,
        "ZIIZII": -0.125,
        "IIXXYY": 0.125,
        "IIYXYX": 0.125,
        "IIIZZI": -0.125,
        "YXYXII": 0.125,
        "YXXYII": -0.125,
        "XXYYII": 0.125,
        "XXXXII": 0.125,
        "YYYYII": 0.125,
        "YYXXII": 0.125,
        "XYYXII": -0.125,
        "IIYXXY": -0.125,
        "XYXYII": 0.125,
        "YXIIXY": -0.125,
        "XXIIYY": 0.125,
        "XXIIXX": 0.125,
        "YYIIYY": 0.125,
        "YYIIXX": 0.125,
        "XYIIYX": -0.125,
        "XYIIXY": 0.125,
        "YXIIYX": 0.125,
        "IIIZIZ": 0.125
      },
      "UCCSD_operator": {
        "XYXXII": -0.049890207033901963,
        "XXYXII": 0.049890207033901963,
        "YYYXII": -0.049890207033901963,
        "YXYYII": 0.049890207033901963,
        "XYYYII": 0.049890207033901963,
        "YXXXII": -0.049890207033901963,
        "XXXYII": 0.049890207033901963,
        "YYXYII": -0.049890207033901963,
        "XYIIXX": -0.049887183693129916,
        "YXIIXX": -0.049887183693129916,
        "XYIIYY": 0.049887183693129916,
        "YXIIYY": 0.049887183693129916,
        "YYIIYX": -0.049887183693129916,
        "YYIIXY": -0.049887183693129916,
        "XXIIXY": 0.049887183693129916,
        "XXIIYX": 0.049887183693129916,
        "IXZZZY": 8.095629351291926e-06,
        "IYZZZX": -8.095629351291926e-06,
        "XZZZYI": 8.095629351291926e-06,
        "YZZZXI": -8.095629351291926e-06
      }
    },
    "hf_method_fallback": "standard",
    "generation_time_s": 0.021,
    "timestamp": "2026-04-03T21:43:53.726787+00:00",
    "formula_latex": "$\\mathrm{H_{3}^{+}}$"
  }
}