{
  "hamiltonian": {
    "IIIIII": -0.37740283667273566,
    "IZIIII": 0.20181909218517938,
    "ZIIIII": 0.20181909218517935,
    "IIIIZZ": 0.16135025719315363,
    "IIZZII": 0.1613497313726815,
    "ZZIIII": 0.1435094156962063,
    "IZIIZI": 0.13982104059698475,
    "ZIIIIZ": 0.13982104059698475,
    "ZIIZII": 0.13981972070815482,
    "IZZIII": 0.13981972070815482,
    "IIIZZI": 0.12273491244253706,
    "IIZIIZ": 0.12273491244253706,
    "IZIIIZ": 0.10371425636613216,
    "ZIIIZI": 0.10371425636613216,
    "IZIZII": 0.1037130045993109,
    "ZIZIII": 0.1037130045993109,
    "IIIZIZ": 0.10342611388908028,
    "IIZIZI": 0.10342611388908028,
    "IIIIZI": -0.10122121329628259,
    "IIIIIZ": -0.10122121329628257,
    "IIZIII": -0.10120808266652866,
    "IIIZII": -0.10120808266652866,
    "YYIIXX": -0.0361067842308526,
    "XYIIYX": 0.0361067842308526,
    "YXIIXY": 0.0361067842308526,
    "XXIIYY": -0.0361067842308526,
    "YXXYII": 0.03610671610884392,
    "YYXXII": -0.03610671610884392,
    "XYYXII": 0.03610671610884392,
    "XXYYII": -0.03610671610884392,
    "IXXYYI": 0.024393877584609147,
    "YZYYZY": -0.024393877584609147,
    "YZYXZX": -0.024393877584609147,
    "XZXYZY": -0.024393877584609147,
    "XZXXZX": -0.024393877584609147,
    "IYYXXI": 0.024393877584609147,
    "IYXXYI": -0.024393877584609147,
    "IXYYXI": -0.024393877584609147,
    "YZZZYZ": -0.024393409041323866,
    "IXZZIX": -0.024393409041323866,
    "IYZZIY": -0.024393409041323866,
    "XZZZXZ": -0.024393409041323866,
    "IYIZZY": 0.024392897014826533,
    "XZZIXI": 0.024392897014826533,
    "IXIZZX": 0.024392897014826533,
    "YZZIYI": 0.024392897014826533,
    "IIXXYY": -0.01930879855345678,
    "IIXYYX": 0.01930879855345678,
    "IIYXXY": 0.01930879855345678,
    "IIYYXX": -0.01930879855345678,
    "ZXZZZX": -1.1228189583012003e-06,
    "ZYZZZY": -1.1228189583012003e-06,
    "XIZZXI": -1.1228189583012003e-06,
    "YIZZYI": -1.1228189583012003e-06,
    "YZIZYI": -9.805697826163057e-07,
    "XZIZXI": -9.805697826163057e-07,
    "IXZIZX": -9.805697826163057e-07,
    "IYZIZY": -9.805697826163057e-07,
    "XZZZXI": 3.715131534701155e-07,
    "YZZZYI": 3.715131534701155e-07,
    "IXZZZX": 3.715131534701155e-07,
    "IYZZZY": 3.715131534701155e-07
  },
  "data": {
    "molecule_id": "H3+_singlet_C1",
    "qubit_encoding": "JW",
    "unit": "Angstrom",
    "basis": "sto-3g",
    "charge": 1,
    "multiplicity": 1,
    "spin": 0,
    "geometry": "H 0.0000000000 0.6053933333 0.0000000000\nH 0.5242800000 -0.3026466667 0.0000000000\nH -0.5242800000 -0.3026466667 0.0000000000",
    "n_qubits": 6,
    "n_particles": {
      "total": 2,
      "alpha": 1,
      "beta": 1
    },
    "hf_array": [
      1,
      1,
      0,
      0,
      0,
      0
    ],
    "hf_method": "pyscf.scf.hf_symm.SymAdaptedRHF",
    "convergence_threshold": 1e-06,
    "point_group": {
      "groupname": "C2v",
      "topgroup": "C2v"
    },
    "alpha": 1.2,
    "calculated_properties": {
      "HF": {
        "energy": -1.2415042005846064,
        "converged": true
      },
      "MP2": {
        "energy": -1.262254819380952,
        "converged": false
      },
      "CISD": {
        "energy": -1.271541168852637,
        "converged": true
      },
      "CCSD": {
        "energy": -1.2715413795399975,
        "converged": true
      },
      "FCI": {
        "energy": -1.271541168852562,
        "converged": true,
        "spin_matches_target": true,
        "multiplicity": 1.0000000000000002,
        "oscillatory_converged": false,
        "oscillation_energy_change": null
      }
    },
    "auxiliary_operators": {
      "number_operator": {
        "IIIIII": 3.0,
        "ZIIIII": -0.5,
        "IZIIII": -0.5,
        "IIZIII": -0.5,
        "IIIZII": -0.5,
        "IIIIZI": -0.5,
        "IIIIIZ": -0.5
      },
      "N_alpha": {
        "IIIIII": 1.5,
        "ZIIIII": -0.5,
        "IIZIII": -0.5,
        "IIIIZI": -0.5
      },
      "N_beta": {
        "IIIIII": 1.5,
        "IZIIII": -0.5,
        "IIIZII": -0.5,
        "IIIIIZ": -0.5
      },
      "S^2_operator": {
        "IIIIII": 1.125,
        "ZZIIII": -0.375,
        "IIIIZZ": -0.375,
        "IIZZII": -0.375,
        "IIXXXX": 0.125,
        "IIYYYY": 0.125,
        "IIYYXX": 0.125,
        "IIXYYX": -0.125,
        "IIXYXY": 0.125,
        "ZIZIII": 0.125,
        "ZIIIZI": 0.125,
        "ZIIIIZ": -0.125,
        "IZZIII": -0.125,
        "IZIZII": 0.125,
        "IZIIZI": -0.125,
        "IZIIIZ": 0.125,
        "IIZIZI": 0.125,
        "IIZIIZ": -0.125,
        "ZIIZII": -0.125,
        "IIXXYY": 0.125,
        "IIYXYX": 0.125,
        "IIIZZI": -0.125,
        "YXYXII": 0.125,
        "YXXYII": -0.125,
        "XXYYII": 0.125,
        "XXXXII": 0.125,
        "YYYYII": 0.125,
        "YYXXII": 0.125,
        "XYYXII": -0.125,
        "IIYXXY": -0.125,
        "XYXYII": 0.125,
        "YXIIXY": -0.125,
        "XXIIYY": 0.125,
        "XXIIXX": 0.125,
        "YYIIYY": 0.125,
        "YYIIXX": 0.125,
        "XYIIYX": -0.125,
        "XYIIXY": 0.125,
        "YXIIYX": 0.125,
        "IIIZIZ": 0.125
      },
      "UCCSD_operator": {
        "XYXXII": -0.012998657417466686,
        "XXYXII": 0.012998657417466686,
        "YYYXII": -0.012998657417466686,
        "YXYYII": 0.012998657417466686,
        "XYYYII": 0.012998657417466686,
        "YXXXII": -0.012998657417466686,
        "XXXYII": 0.012998657417466686,
        "YYXYII": -0.012998657417466686,
        "XYIIXX": -0.012998194638279642,
        "YXIIXX": -0.012998194638279642,
        "XYIIYY": 0.012998194638279642,
        "YXIIYY": 0.012998194638279642,
        "YYIIYX": -0.012998194638279642,
        "YYIIXY": -0.012998194638279642,
        "XXIIXY": 0.012998194638279642,
        "XXIIYX": 0.012998194638279642,
        "IXZZZY": 6.613469906803817e-07,
        "IYZZZX": -6.613469906803817e-07,
        "XZZZYI": 6.613469906803817e-07,
        "YZZZXI": -6.613469906803817e-07
      }
    },
    "hf_method_fallback": "standard",
    "generation_time_s": 0.02,
    "timestamp": "2026-04-03T21:43:53.324271+00:00"
  }
}