{
  "hamiltonian": {
    "IIIIII": -0.5374687264387198,
    "IZIIII": 0.17184768572541673,
    "ZIIIII": 0.17184768572541667,
    "IIIIZZ": 0.15484284277629345,
    "IIZZII": 0.1548424125222117,
    "ZZIIII": 0.13434277902246308,
    "IZIIZI": 0.13181363778455998,
    "ZIIIIZ": 0.13181363778455998,
    "ZIIZII": 0.1318121514917791,
    "IZZIII": 0.1318121514917791,
    "IIIZZI": 0.1141175252587859,
    "IIZIIZ": 0.1141175252587859,
    "IZIIIZ": 0.09512342884475358,
    "ZIIIZI": 0.09512342884475358,
    "IZIZII": 0.09512210512948757,
    "ZIZIII": 0.09512210512948757,
    "IIIZIZ": 0.09375351355252047,
    "IIZIZI": 0.09375351355252047,
    "IIIIZI": -0.06900244307063672,
    "IIIIIZ": -0.0690024430706367,
    "IIZIII": -0.06899114841274419,
    "IIIZII": -0.06899114841274413,
    "YYIIXX": -0.036690208939806394,
    "XYIIYX": 0.036690208939806394,
    "YXIIXY": 0.036690208939806394,
    "XXIIYY": -0.036690208939806394,
    "YXXYII": 0.03669004636229152,
    "YYXXII": -0.03669004636229152,
    "XYYXII": 0.03669004636229152,
    "XXYYII": -0.03669004636229152,
    "IXXYYI": 0.02596915640632667,
    "YZYYZY": -0.02596915640632667,
    "YZYXZX": -0.02596915640632667,
    "XZXYZY": -0.02596915640632667,
    "XZXXZX": -0.02596915640632667,
    "IYYXXI": 0.02596915640632667,
    "IYXXYI": -0.02596915640632667,
    "IXYYXI": -0.02596915640632667,
    "YZZZYZ": -0.02596852483024222,
    "IXZZIX": -0.02596852483024222,
    "IYZZIY": -0.02596852483024222,
    "XZZZXZ": -0.02596852483024222,
    "IYIZZY": 0.025968154070744695,
    "XZZIXI": 0.025968154070744695,
    "IXIZZX": 0.025968154070744695,
    "YZZIYI": 0.025968154070744695,
    "IIXXYY": -0.020364011706265433,
    "IIXYYX": 0.020364011706265433,
    "IIYXXY": 0.020364011706265433,
    "IIYYXX": -0.020364011706265433,
    "ZXZZZX": -1.1875621988434762e-06,
    "ZYZZZY": -1.1875621988434762e-06,
    "XIZZXI": -1.1875621988434762e-06,
    "YIZZYI": -1.1875621988434762e-06,
    "YZIZYI": -1.0023355819753499e-06,
    "XZIZXI": -1.0023355819753499e-06,
    "IXZIZX": -1.0023355819753499e-06,
    "IYZIZY": -1.0023355819753499e-06,
    "XZZZXI": 1.8668802571897292e-07,
    "YZZZYI": 1.8668802571897292e-07,
    "IXZZZX": 1.8668802571897292e-07,
    "IYZZZY": 1.8668802571897292e-07
  },
  "data": {
    "molecule_id": "H3+_singlet_C1",
    "qubit_encoding": "JW",
    "unit": "Angstrom",
    "basis": "sto-3g",
    "charge": 1,
    "multiplicity": 1,
    "spin": 0,
    "geometry": "H 0.0000000000 0.7062866667 0.0000000000\nH 0.6116600000 -0.3530933333 0.0000000000\nH -0.6116600000 -0.3530933333 0.0000000000",
    "n_qubits": 6,
    "n_particles": {
      "total": 2,
      "alpha": 1,
      "beta": 1
    },
    "hf_array": [
      1,
      1,
      0,
      0,
      0,
      0
    ],
    "hf_method": "pyscf.scf.hf_symm.SymAdaptedRHF",
    "convergence_threshold": 1e-06,
    "point_group": {
      "groupname": "C2v",
      "topgroup": "C2v"
    },
    "alpha": 1.4,
    "calculated_properties": {
      "HF": {
        "energy": -1.205123815413894,
        "converged": true
      },
      "MP2": {
        "energy": -1.2304875696017568,
        "converged": false
      },
      "CISD": {
        "energy": -1.2423144596152504,
        "converged": true
      },
      "CCSD": {
        "energy": -1.2423144595892646,
        "converged": true
      },
      "FCI": {
        "energy": -1.2423144596150022,
        "converged": true,
        "spin_matches_target": true,
        "multiplicity": 1.0,
        "oscillatory_converged": false,
        "oscillation_energy_change": null
      }
    },
    "auxiliary_operators": {
      "number_operator": {
        "IIIIII": 3.0,
        "ZIIIII": -0.5,
        "IZIIII": -0.5,
        "IIZIII": -0.5,
        "IIIZII": -0.5,
        "IIIIZI": -0.5,
        "IIIIIZ": -0.5
      },
      "N_alpha": {
        "IIIIII": 1.5,
        "ZIIIII": -0.5,
        "IIZIII": -0.5,
        "IIIIZI": -0.5
      },
      "N_beta": {
        "IIIIII": 1.5,
        "IZIIII": -0.5,
        "IIIZII": -0.5,
        "IIIIIZ": -0.5
      },
      "S^2_operator": {
        "IIIIII": 1.125,
        "ZZIIII": -0.375,
        "IIIIZZ": -0.375,
        "IIZZII": -0.375,
        "IIXXXX": 0.125,
        "IIYYYY": 0.125,
        "IIYYXX": 0.125,
        "IIXYYX": -0.125,
        "IIXYXY": 0.125,
        "ZIZIII": 0.125,
        "ZIIIZI": 0.125,
        "ZIIIIZ": -0.125,
        "IZZIII": -0.125,
        "IZIZII": 0.125,
        "IZIIZI": -0.125,
        "IZIIIZ": 0.125,
        "IIZIZI": 0.125,
        "IIZIIZ": -0.125,
        "ZIIZII": -0.125,
        "IIXXYY": 0.125,
        "IIYXYX": 0.125,
        "IIIZZI": -0.125,
        "YXYXII": 0.125,
        "YXXYII": -0.125,
        "XXYYII": 0.125,
        "XXXXII": 0.125,
        "YYYYII": 0.125,
        "YYXXII": 0.125,
        "XYYXII": -0.125,
        "IIYXXY": -0.125,
        "XYXYII": 0.125,
        "YXIIXY": -0.125,
        "XXIIYY": 0.125,
        "XXIIXX": 0.125,
        "YYIIYY": 0.125,
        "YYIIXX": 0.125,
        "XYIIYX": -0.125,
        "XYIIXY": 0.125,
        "YXIIYX": 0.125,
        "IIIZIZ": 0.125
      },
      "UCCSD_operator": {
        "XYXXII": -0.015838433713139363,
        "XXYXII": 0.015838433713139363,
        "YYYXII": -0.015838433713139363,
        "YXYYII": 0.015838433713139363,
        "XYYYII": 0.015838433713139363,
        "YXXXII": -0.015838433713139363,
        "XXXYII": 0.015838433713139363,
        "YYXYII": -0.015838433713139363,
        "XYIIXX": -0.015837870103514545,
        "YXIIXX": -0.015837870103514545,
        "XYIIYY": 0.015837870103514545,
        "YXIIYY": 0.015837870103514545,
        "YYIIYX": -0.015837870103514545,
        "YYIIXY": -0.015837870103514545,
        "XXIIXY": 0.015837870103514545,
        "XXIIYX": 0.015837870103514545,
        "IXZZZY": 1.0597119870893441e-06,
        "IYZZZX": -1.0597119870893441e-06,
        "XZZZYI": 1.0597119870893441e-06,
        "YZZZXI": -1.0597119870893441e-06
      }
    },
    "hf_method_fallback": "standard",
    "generation_time_s": 0.023,
    "timestamp": "2026-04-03T21:43:53.368532+00:00"
  }
}