{
  "hamiltonian": {
    "IIIIII": 1.7370810723356511,
    "IZIIII": 0.3925072065085507,
    "ZIIIII": 0.3925072065085506,
    "IIIIZI": -0.330290617205803,
    "IIIIIZ": -0.330290617205803,
    "IIZIII": -0.33027160382684384,
    "IIIZII": -0.33027160382684384,
    "IIIIZZ": 0.18947053932818278,
    "IIZZII": 0.18946997978466634,
    "ZZIIII": 0.17931045552817898,
    "ZIIIIZ": 0.17509704272661525,
    "IZIIZI": 0.17509704272661525,
    "ZIIZII": 0.17509642194097855,
    "IZZIII": 0.17509642194097855,
    "IIIZZI": 0.1624048658101852,
    "IIZIIZ": 0.1624048658101852,
    "IIZIZI": 0.14887174659712196,
    "IIIZIZ": 0.14887174659712196,
    "IZIIIZ": 0.13788633599574468,
    "ZIIIZI": 0.13788633599574468,
    "IZIZII": 0.13788568665124085,
    "ZIZIII": 0.13788568665124085,
    "YXXYII": 0.037210735289737715,
    "YYXXII": -0.037210735289737715,
    "XYYXII": 0.037210735289737715,
    "XXYYII": -0.037210735289737715,
    "YXIIXY": 0.03721070673087056,
    "YYIIXX": -0.03721070673087056,
    "XYIIYX": 0.03721070673087056,
    "XXIIYY": -0.03721070673087056,
    "XZZZXZ": -0.015341669664858188,
    "YZZZYZ": -0.015341669664858188,
    "IXZZIX": -0.015341669664858188,
    "IYZZIY": -0.015341669664858188,
    "IYXXYI": -0.015341664089607783,
    "IXYYXI": -0.015341664089607783,
    "IXXYYI": 0.015341664089607783,
    "XZXXZX": -0.015341664089607783,
    "XZXYZY": -0.015341664089607783,
    "YZYXZX": -0.015341664089607783,
    "IYYXXI": 0.015341664089607783,
    "YZYYZY": -0.015341664089607783,
    "IYIZZY": 0.015340980362860634,
    "IXIZZX": 0.015340980362860634,
    "XZZIXI": 0.015340980362860634,
    "YZZIYI": 0.015340980362860634,
    "IIXXYY": -0.01353311921306324,
    "IIXYYX": 0.01353311921306324,
    "IIYYXX": -0.01353311921306324,
    "IIYXXY": 0.01353311921306324,
    "YIZZYI": -7.451919554144454e-07,
    "XIZZXI": -7.451919554144454e-07,
    "ZYZZZY": -7.451919554144454e-07,
    "ZXZZZX": -7.451919554144454e-07,
    "YZIZYI": -6.83726747147291e-07,
    "XZIZXI": -6.83726747147291e-07,
    "IXZIZX": -6.83726747147291e-07,
    "IYZIZY": -6.83726747147291e-07,
    "XZZZXI": 6.262180952121277e-07,
    "YZZZYI": 6.262180952121277e-07,
    "IXZZZX": 6.262180952121277e-07,
    "IYZZZY": 6.262180952121277e-07
  },
  "data": {
    "molecule_id": "H3+_singlet_C1",
    "qubit_encoding": "JW",
    "unit": "Angstrom",
    "basis": "sto-3g",
    "charge": 1,
    "multiplicity": 1,
    "spin": 0,
    "geometry": "H 0.0000000000 0.2522666667 0.0000000000\nH 0.2184500000 -0.1260833333 0.0000000000\nH -0.2184500000 -0.1260833333 0.0000000000",
    "n_qubits": 6,
    "n_particles": {
      "total": 2,
      "alpha": 1,
      "beta": 1
    },
    "hf_array": [
      1,
      1,
      0,
      0,
      0,
      0
    ],
    "hf_method": "pyscf.scf.hf_symm.SymAdaptedRHF",
    "convergence_threshold": 1e-06,
    "point_group": {
      "groupname": "C2v",
      "topgroup": "C2v"
    },
    "alpha": 0.5,
    "calculated_properties": {
      "HF": {
        "energy": -0.4401845579202597,
        "converged": true
      },
      "MP2": {
        "energy": -0.4514683885593169,
        "converged": false
      },
      "CISD": {
        "energy": -0.45511807808407434,
        "converged": true
      },
      "CCSD": {
        "energy": -0.4551181002046111,
        "converged": true
      },
      "FCI": {
        "energy": -0.4551180780840758,
        "converged": true,
        "spin_matches_target": true,
        "multiplicity": 1.0,
        "oscillatory_converged": false,
        "oscillation_energy_change": null
      }
    },
    "auxiliary_operators": {
      "number_operator": {
        "IIIIII": 3.0,
        "ZIIIII": -0.5,
        "IZIIII": -0.5,
        "IIZIII": -0.5,
        "IIIZII": -0.5,
        "IIIIZI": -0.5,
        "IIIIIZ": -0.5
      },
      "N_alpha": {
        "IIIIII": 1.5,
        "ZIIIII": -0.5,
        "IIZIII": -0.5,
        "IIIIZI": -0.5
      },
      "N_beta": {
        "IIIIII": 1.5,
        "IZIIII": -0.5,
        "IIIZII": -0.5,
        "IIIIIZ": -0.5
      },
      "S^2_operator": {
        "IIIIII": 1.125,
        "ZZIIII": -0.375,
        "IIIIZZ": -0.375,
        "IIZZII": -0.375,
        "IIXXXX": 0.125,
        "IIYYYY": 0.125,
        "IIYYXX": 0.125,
        "IIXYYX": -0.125,
        "IIXYXY": 0.125,
        "ZIZIII": 0.125,
        "ZIIIZI": 0.125,
        "ZIIIIZ": -0.125,
        "IZZIII": -0.125,
        "IZIZII": 0.125,
        "IZIIZI": -0.125,
        "IZIIIZ": 0.125,
        "IIZIZI": 0.125,
        "IIZIIZ": -0.125,
        "ZIIZII": -0.125,
        "IIXXYY": 0.125,
        "IIYXYX": 0.125,
        "IIIZZI": -0.125,
        "YXYXII": 0.125,
        "YXXYII": -0.125,
        "XXYYII": 0.125,
        "XXXXII": 0.125,
        "YYYYII": 0.125,
        "YYXXII": 0.125,
        "XYYXII": -0.125,
        "IIYXXY": -0.125,
        "XYXYII": 0.125,
        "YXIIXY": -0.125,
        "XXIIYY": 0.125,
        "XXIIXX": 0.125,
        "YYIIYY": 0.125,
        "YYIIXX": 0.125,
        "XYIIYX": -0.125,
        "XYIIXY": 0.125,
        "YXIIYX": 0.125,
        "IIIZIZ": 0.125
      },
      "UCCSD_operator": {
        "XYXXII": -0.0062707628602997395,
        "XXYXII": 0.0062707628602997395,
        "YYYXII": -0.0062707628602997395,
        "YXYYII": 0.0062707628602997395,
        "XYYYII": 0.0062707628602997395,
        "YXXXII": -0.0062707628602997395,
        "XXXYII": 0.0062707628602997395,
        "YYXYII": -0.0062707628602997395,
        "XYIIXX": -0.006270601126024677,
        "YXIIXX": -0.006270601126024677,
        "XYIIYY": 0.006270601126024677,
        "YXIIYY": 0.006270601126024677,
        "YYIIYX": -0.006270601126024677,
        "YYIIXY": -0.006270601126024677,
        "XXIIXY": 0.006270601126024677,
        "XXIIYX": 0.006270601126024677,
        "IXZZZY": 7.068714327512723e-08,
        "IYZZZX": -7.068714327512723e-08,
        "XZZZYI": 7.068714327512723e-08,
        "YZZZXI": -7.068714327512723e-08
      }
    },
    "hf_method_fallback": "standard",
    "generation_time_s": 0.017,
    "timestamp": "2026-04-03T21:43:53.824517+00:00"
  }
}