{
  "hamiltonian": {
    "IZIIII": 0.24001102077945743,
    "ZIIIII": 0.24001102077945735,
    "IIIIZZ": 0.16848282557741218,
    "IIZZII": 0.1684822269370235,
    "ZZIIII": 0.1535166962454912,
    "ZIIIIZ": 0.14888054912443827,
    "IZIIZI": 0.14888054912443827,
    "IZZIII": 0.148879402321343,
    "ZIIZII": 0.148879402321343,
    "IIIIZI": -0.1428317732995345,
    "IIIIIZ": -0.1428317732995345,
    "IIZIII": -0.14281655050215905,
    "IIIZII": -0.14281655050215905,
    "IIIZZI": 0.13249178273895124,
    "IIZIIZ": 0.13249178273895124,
    "IIIIII": -0.12357499801061639,
    "IIZIZI": 0.11449538262024728,
    "IIIZIZ": 0.11449538262024728,
    "IZIIIZ": 0.1129322548037748,
    "ZIIIZI": 0.1129322548037748,
    "ZIZIII": 0.11293111038189124,
    "IZIZII": 0.11293111038189124,
    "XYIIYX": 0.03594829432066344,
    "XXIIYY": -0.03594829432066344,
    "YXIIXY": 0.03594829432066344,
    "YYIIXX": -0.03594829432066344,
    "YXXYII": 0.035948291939451774,
    "YYXXII": -0.035948291939451774,
    "XYYXII": 0.035948291939451774,
    "XXYYII": -0.035948291939451774,
    "IXXYYI": 0.022536408023771826,
    "YZYYZY": -0.022536408023771826,
    "YZYXZX": -0.022536408023771826,
    "XZXYZY": -0.022536408023771826,
    "XZXXZX": -0.022536408023771826,
    "IYYXXI": 0.022536408023771826,
    "IYXXYI": -0.022536408023771826,
    "IXYYXI": -0.022536408023771826,
    "YZZZYZ": -0.022536099056777302,
    "IXZZIX": -0.022536099056777302,
    "IYZZIY": -0.022536099056777302,
    "XZZZXZ": -0.022536099056777302,
    "IYIZZY": 0.022535472318390138,
    "XZZIXI": 0.022535472318390138,
    "IXIZZX": 0.022535472318390138,
    "YZZIYI": 0.022535472318390138,
    "IIXXYY": -0.017996400118703945,
    "IIXYYX": 0.017996400118703945,
    "IIYXXY": 0.017996400118703945,
    "IIYYXX": -0.017996400118703945,
    "ZXZZZX": -1.0392820743908434e-06,
    "ZYZZZY": -1.0392820743908434e-06,
    "XIZZXI": -1.0392820743908434e-06,
    "YIZZYI": -1.0392820743908434e-06,
    "YZIZYI": -9.357053816893418e-07,
    "XZIZXI": -9.357053816893418e-07,
    "IXZIZX": -9.357053816893418e-07,
    "IYZIZY": -9.357053816893418e-07,
    "XZZZXI": 5.115074234174344e-07,
    "YZZZYI": 5.115074234174344e-07,
    "IXZZZX": 5.115074234174344e-07,
    "IYZZZY": 5.115074234174344e-07
  },
  "data": {
    "molecule_id": "H3+_singlet_C1",
    "qubit_encoding": "JW",
    "unit": "Angstrom",
    "basis": "sto-3g",
    "charge": 1,
    "multiplicity": 1,
    "spin": 0,
    "geometry": "H 0.0000000000 0.5045000000 0.0000000000\nH 0.4369000000 -0.2522000000 0.0000000000\nH -0.4369000000 -0.2522000000 0.0000000000",
    "n_qubits": 6,
    "n_particles": {
      "total": 2,
      "alpha": 1,
      "beta": 1
    },
    "hf_array": [
      1,
      1,
      0,
      0,
      0,
      0
    ],
    "hf_method": "pyscf.scf.hf_symm.SymAdaptedRHF",
    "convergence_threshold": 1e-06,
    "point_group": {
      "groupname": "C2v",
      "topgroup": "C2v"
    },
    "alpha": 1.0,
    "calculated_properties": {
      "HF": {
        "energy": -1.2376842409574889,
        "converged": true
      },
      "MP2": {
        "energy": -1.2549352308146002,
        "converged": false
      },
      "CISD": {
        "energy": -1.2621949953032396,
        "converged": true
      },
      "CCSD": {
        "energy": -1.2621951352508094,
        "converged": true
      },
      "FCI": {
        "energy": -1.2621949953032199,
        "converged": true,
        "spin_matches_target": true,
        "multiplicity": 1.0,
        "oscillatory_converged": false,
        "oscillation_energy_change": null
      }
    },
    "auxiliary_operators": {
      "number_operator": {
        "IIIIII": 3.0,
        "ZIIIII": -0.5,
        "IZIIII": -0.5,
        "IIZIII": -0.5,
        "IIIZII": -0.5,
        "IIIIZI": -0.5,
        "IIIIIZ": -0.5
      },
      "N_alpha": {
        "IIIIII": 1.5,
        "ZIIIII": -0.5,
        "IIZIII": -0.5,
        "IIIIZI": -0.5
      },
      "N_beta": {
        "IIIIII": 1.5,
        "IZIIII": -0.5,
        "IIIZII": -0.5,
        "IIIIIZ": -0.5
      },
      "S^2_operator": {
        "IIIIII": 1.125,
        "ZZIIII": -0.375,
        "IIIIZZ": -0.375,
        "IIZZII": -0.375,
        "IIXXXX": 0.125,
        "IIYYYY": 0.125,
        "IIYYXX": 0.125,
        "IIXYYX": -0.125,
        "IIXYXY": 0.125,
        "ZIZIII": 0.125,
        "ZIIIZI": 0.125,
        "ZIIIIZ": -0.125,
        "IZZIII": -0.125,
        "IZIZII": 0.125,
        "IZIIZI": -0.125,
        "IZIIIZ": 0.125,
        "IIZIZI": 0.125,
        "IIZIIZ": -0.125,
        "ZIIZII": -0.125,
        "IIXXYY": 0.125,
        "IIYXYX": 0.125,
        "IIIZZI": -0.125,
        "YXYXII": 0.125,
        "YXXYII": -0.125,
        "XXYYII": 0.125,
        "XXXXII": 0.125,
        "YYYYII": 0.125,
        "YYXXII": 0.125,
        "XYYXII": -0.125,
        "IIYXXY": -0.125,
        "XYXYII": 0.125,
        "YXIIXY": -0.125,
        "XXIIYY": 0.125,
        "XXIIXX": 0.125,
        "YYIIYY": 0.125,
        "YYIIXX": 0.125,
        "XYIIYX": -0.125,
        "XYIIXY": 0.125,
        "YXIIYX": 0.125,
        "IIIZIZ": 0.125
      },
      "UCCSD_operator": {
        "XYXXII": -0.010653898442884543,
        "XXYXII": 0.010653898442884543,
        "YYYXII": -0.010653898442884543,
        "YXYYII": 0.010653898442884543,
        "XYYYII": 0.010653898442884543,
        "YXXXII": -0.010653898442884543,
        "XXXYII": 0.010653898442884543,
        "YYXYII": -0.010653898442884543,
        "XYIIXX": -0.010653523411590008,
        "YXIIXX": -0.010653523411590008,
        "XYIIYY": 0.010653523411590008,
        "YXIIYY": 0.010653523411590008,
        "YYIIYX": -0.010653523411590008,
        "YYIIXY": -0.010653523411590008,
        "XXIIXY": 0.010653523411590008,
        "XXIIYX": 0.010653523411590008,
        "IXZZZY": 3.8173966935341517e-07,
        "IYZZZX": -3.8173966935341517e-07,
        "XZZZYI": 3.8173966935341517e-07,
        "YZZZXI": -3.8173966935341517e-07
      }
    },
    "hf_method_fallback": "standard",
    "generation_time_s": 0.026,
    "timestamp": "2026-04-03T21:43:53.282660+00:00",
    "formula_latex": "$\\mathrm{H_{3}^{+}}$"
  }
}