{
  "hamiltonian": {
    "IIIIII": -0.787408441754302,
    "IIZZII": 0.13347416830505332,
    "IIIIZZ": 0.13347410057419537,
    "IZIIZI": 0.1075751261907574,
    "ZIIIIZ": 0.1075751261907574,
    "ZIIZII": 0.10757335869667958,
    "IZZIII": 0.10757335869667958,
    "ZZIIII": 0.10649935713938538,
    "ZIIIII": 0.09029950324493427,
    "IZIIII": 0.09029950324493427,
    "IIZIIZ": 0.08687672414057465,
    "IIIZZI": 0.08687672414057465,
    "IZIIIZ": 0.06514696966821354,
    "ZIIIZI": 0.06514696966821354,
    "IZIZII": 0.06514570729572275,
    "ZIZIII": 0.06514570729572275,
    "IIZIZI": 0.0635762317546672,
    "IIIZIZ": 0.0635762317546672,
    "XXIIYY": -0.04242815652254385,
    "XYIIYX": 0.04242815652254385,
    "YXIIXY": 0.04242815652254385,
    "YYIIXX": -0.04242815652254385,
    "YYXXII": -0.04242765140095683,
    "XYYXII": 0.04242765140095683,
    "YXXYII": 0.04242765140095683,
    "XXYYII": -0.04242765140095683,
    "YZYYZY": -0.031244022399966,
    "XZXYZY": -0.031244022399966,
    "XZXXZX": -0.031244022399966,
    "YZYXZX": -0.031244022399966,
    "IXYYXI": -0.031244022399966,
    "IYXXYI": -0.031244022399966,
    "IXXYYI": 0.031244022399966,
    "IYYXXI": 0.031244022399966,
    "IYIZZY": 0.031243115926213115,
    "IXIZZX": 0.031243115926213115,
    "YZZIYI": 0.031243115926213115,
    "XZZIXI": 0.031243115926213115,
    "IXZZIX": -0.031242955029836768,
    "IYZZIY": -0.031242955029836768,
    "YZZZYZ": -0.031242955029836768,
    "XZZZXZ": -0.031242955029836768,
    "IIXXYY": -0.023300492385907454,
    "IIXYYX": 0.023300492385907454,
    "IIYYXX": -0.023300492385907454,
    "IIYXXY": 0.023300492385907454,
    "IIZIII": 0.00787986072808014,
    "IIIZII": 0.00787986072808014,
    "IIIIZI": 0.007874993253884688,
    "IIIIIZ": 0.007874993253884688,
    "ZXZZZX": -1.2085435503496535e-06,
    "ZYZZZY": -1.2085435503496535e-06,
    "XIZZXI": -1.2085435503496535e-06,
    "YIZZYI": -1.2085435503496535e-06,
    "IYZIZY": -9.064737528895195e-07,
    "YZIZYI": -9.064737528895195e-07,
    "XZIZXI": -9.064737528895195e-07,
    "IXZIZX": -9.064737528895195e-07,
    "IYZZZY": -4.604932646694315e-07,
    "YZZZYI": -4.604932646694315e-07,
    "XZZZXI": -4.604932646694315e-07,
    "IXZZZX": -4.604932646694315e-07
  },
  "data": {
    "molecule_id": "H3+_singlet_C1",
    "qubit_encoding": "JW",
    "unit": "Angstrom",
    "basis": "sto-3g",
    "charge": 1,
    "multiplicity": 1,
    "spin": 0,
    "geometry": "H 0.0000000000 1.1603066667 0.0000000000\nH 1.0048700000 -0.5801033333 0.0000000000\nH -1.0048700000 -0.5801033333 0.0000000000",
    "n_qubits": 6,
    "n_particles": {
      "total": 2,
      "alpha": 1,
      "beta": 1
    },
    "hf_array": [
      1,
      1,
      0,
      0,
      0,
      0
    ],
    "hf_method": "pyscf.scf.hf_symm.SymAdaptedRHF",
    "convergence_threshold": 1e-06,
    "point_group": {
      "groupname": "C2v",
      "topgroup": "C2v"
    },
    "alpha": 2.3,
    "calculated_properties": {
      "HF": {
        "energy": -0.9530265261738694,
        "converged": true
      },
      "MP2": {
        "energy": -1.0215514423946415,
        "converged": false
      },
      "CISD": {
        "energy": -1.047945018621822,
        "converged": true
      },
      "CCSD": {
        "energy": -1.0479450186374104,
        "converged": true
      },
      "FCI": {
        "energy": -1.0479450186120354,
        "converged": true,
        "spin_matches_target": true,
        "multiplicity": 1.0,
        "oscillatory_converged": false,
        "oscillation_energy_change": null
      }
    },
    "auxiliary_operators": {
      "number_operator": {
        "IIIIII": 3.0,
        "ZIIIII": -0.5,
        "IZIIII": -0.5,
        "IIZIII": -0.5,
        "IIIZII": -0.5,
        "IIIIZI": -0.5,
        "IIIIIZ": -0.5
      },
      "N_alpha": {
        "IIIIII": 1.5,
        "ZIIIII": -0.5,
        "IIZIII": -0.5,
        "IIIIZI": -0.5
      },
      "N_beta": {
        "IIIIII": 1.5,
        "IZIIII": -0.5,
        "IIIZII": -0.5,
        "IIIIIZ": -0.5
      },
      "S^2_operator": {
        "IIIIII": 1.125,
        "ZZIIII": -0.375,
        "IIIIZZ": -0.375,
        "IIZZII": -0.375,
        "IIXXXX": 0.125,
        "IIYYYY": 0.125,
        "IIYYXX": 0.125,
        "IIXYYX": -0.125,
        "IIXYXY": 0.125,
        "ZIZIII": 0.125,
        "ZIIIZI": 0.125,
        "ZIIIIZ": -0.125,
        "IZZIII": -0.125,
        "IZIZII": 0.125,
        "IZIIZI": -0.125,
        "IZIIIZ": 0.125,
        "IIZIZI": 0.125,
        "IIZIIZ": -0.125,
        "ZIIZII": -0.125,
        "IIXXYY": 0.125,
        "IIYXYX": 0.125,
        "IIIZZI": -0.125,
        "YXYXII": 0.125,
        "YXXYII": -0.125,
        "XXYYII": 0.125,
        "XXXXII": 0.125,
        "YYYYII": 0.125,
        "YYXXII": 0.125,
        "XYYXII": -0.125,
        "IIYXXY": -0.125,
        "XYXYII": 0.125,
        "YXIIXY": -0.125,
        "XXIIYY": 0.125,
        "XXIIXX": 0.125,
        "YYIIYY": 0.125,
        "YYIIXX": 0.125,
        "XYIIYX": -0.125,
        "XYIIXY": 0.125,
        "YXIIYX": 0.125,
        "IIIZIZ": 0.125
      },
      "UCCSD_operator": {
        "XYXXII": -0.03495649777795909,
        "XXYXII": 0.03495649777795909,
        "YYYXII": -0.03495649777795909,
        "YXYYII": 0.03495649777795909,
        "XYYYII": 0.03495649777795909,
        "YXXXII": -0.03495649777795909,
        "XXXYII": 0.03495649777795909,
        "YYXYII": -0.03495649777795909,
        "XYIIXX": -0.03495510787111127,
        "YXIIXX": -0.03495510787111127,
        "XYIIYY": 0.03495510787111127,
        "YXIIYY": 0.03495510787111127,
        "YYIIYX": -0.03495510787111127,
        "YYIIXY": -0.03495510787111127,
        "XXIIXY": 0.03495510787111127,
        "XXIIYX": 0.03495510787111127,
        "IXZZZY": 4.63982307274868e-06,
        "IYZZZX": -4.63982307274868e-06,
        "XZZZYI": 4.63982307274868e-06,
        "YZZZXI": -4.63982307274868e-06
      }
    },
    "hf_method_fallback": "standard",
    "generation_time_s": 0.025,
    "timestamp": "2026-04-03T21:43:53.582005+00:00"
  }
}