{
  "hamiltonian": {
    "IIIIII": -0.7319148747692442,
    "IIIIZZ": 0.14140867331502419,
    "IIZZII": 0.14140855011755032,
    "ZIIIII": 0.11870588614239325,
    "IZIIII": 0.11870588614239325,
    "ZZIIII": 0.11623933736078866,
    "IZIIZI": 0.11623840063883145,
    "ZIIIIZ": 0.11623840063883145,
    "ZIIZII": 0.11623664692632199,
    "IZZIII": 0.11623664692632199,
    "IIZIIZ": 0.09693563354602268,
    "IIIZZI": 0.09693563354602268,
    "IZIIIZ": 0.07670591852124642,
    "ZIIIZI": 0.07670591852124642,
    "IZIZII": 0.07670457132284128,
    "ZIZIII": 0.07670457132284128,
    "IIZIZI": 0.07469738094492673,
    "IIIZIZ": 0.07469738094492673,
    "XXIIYY": -0.03953248211758504,
    "XYIIYX": 0.03953248211758504,
    "YXIIXY": 0.03953248211758504,
    "YYIIXX": -0.03953248211758504,
    "YYXXII": -0.03953207560348071,
    "XYYXII": 0.03953207560348071,
    "YXXYII": 0.03953207560348071,
    "XXYYII": -0.03953207560348071,
    "YZYYZY": -0.029168485318867274,
    "XZXYZY": -0.029168485318867274,
    "XZXXZX": -0.029168485318867274,
    "YZYXZX": -0.029168485318867274,
    "IXYYXI": -0.029168485318867274,
    "IYXXYI": -0.029168485318867274,
    "IXXYYI": 0.029168485318867274,
    "IYYXXI": 0.029168485318867274,
    "IXZZIX": -0.02916753273188151,
    "IYZZIY": -0.02916753273188151,
    "YZZZYZ": -0.02916753273188151,
    "XZZZXZ": -0.02916753273188151,
    "IYIZZY": 0.029167510429145317,
    "IXIZZX": 0.029167510429145317,
    "YZZIYI": 0.029167510429145317,
    "XZZIXI": 0.029167510429145317,
    "IIXXYY": -0.022238252601095958,
    "IIXYYX": 0.022238252601095958,
    "IIYYXX": -0.022238252601095958,
    "IIYXXY": 0.022238252601095958,
    "IIIIZI": -0.01584164367474153,
    "IIIIIZ": -0.01584164367474153,
    "IIZIII": -0.01583439825197229,
    "IIIZII": -0.01583439825197229,
    "ZXZZZX": -1.252582966470696e-06,
    "ZYZZZY": -1.252582966470696e-06,
    "XIZZXI": -1.252582966470696e-06,
    "YIZZYI": -1.252582966470696e-06,
    "IYZIZY": -9.748897219549052e-07,
    "YZIZYI": -9.748897219549052e-07,
    "XZIZXI": -9.748897219549052e-07,
    "IXZIZX": -9.748897219549052e-07,
    "IYZZZY": -2.5536324260028165e-07,
    "YZZZYI": -2.5536324260028165e-07,
    "XZZZXI": -2.5536324260028165e-07,
    "IXZZZX": -2.5536324260028165e-07
  },
  "data": {
    "molecule_id": "H3+_singlet_C1",
    "qubit_encoding": "JW",
    "unit": "Angstrom",
    "basis": "sto-3g",
    "charge": 1,
    "multiplicity": 1,
    "spin": 0,
    "geometry": "H 0.0000000000 0.9585200000 0.0000000000\nH 0.8301100000 -0.4792100000 0.0000000000\nH -0.8301100000 -0.4792100000 0.0000000000",
    "n_qubits": 6,
    "n_particles": {
      "total": 2,
      "alpha": 1,
      "beta": 1
    },
    "hf_array": [
      1,
      1,
      0,
      0,
      0,
      0
    ],
    "hf_method": "pyscf.scf.hf_symm.SymAdaptedRHF",
    "convergence_threshold": 1e-06,
    "point_group": {
      "groupname": "C2v",
      "topgroup": "C2v"
    },
    "alpha": 1.9,
    "calculated_properties": {
      "HF": {
        "energy": -1.062127215950679,
        "converged": true
      },
      "MP2": {
        "energy": -1.106135641386703,
        "converged": false
      },
      "CISD": {
        "energy": -1.1265103310992417,
        "converged": true
      },
      "CCSD": {
        "energy": -1.1265103311120588,
        "converged": true
      },
      "FCI": {
        "energy": -1.1265103310966218,
        "converged": true,
        "spin_matches_target": true,
        "multiplicity": 1.0,
        "oscillatory_converged": false,
        "oscillation_energy_change": null
      }
    },
    "auxiliary_operators": {
      "number_operator": {
        "IIIIII": 3.0,
        "ZIIIII": -0.5,
        "IZIIII": -0.5,
        "IIZIII": -0.5,
        "IIIZII": -0.5,
        "IIIIZI": -0.5,
        "IIIIIZ": -0.5
      },
      "N_alpha": {
        "IIIIII": 1.5,
        "ZIIIII": -0.5,
        "IIZIII": -0.5,
        "IIIIZI": -0.5
      },
      "N_beta": {
        "IIIIII": 1.5,
        "IZIIII": -0.5,
        "IIIZII": -0.5,
        "IIIIIZ": -0.5
      },
      "S^2_operator": {
        "IIIIII": 1.125,
        "ZZIIII": -0.375,
        "IIIIZZ": -0.375,
        "IIZZII": -0.375,
        "IIXXXX": 0.125,
        "IIYYYY": 0.125,
        "IIYYXX": 0.125,
        "IIXYYX": -0.125,
        "IIXYXY": 0.125,
        "ZIZIII": 0.125,
        "ZIIIZI": 0.125,
        "ZIIIIZ": -0.125,
        "IZZIII": -0.125,
        "IZIZII": 0.125,
        "IZIIZI": -0.125,
        "IZIIIZ": 0.125,
        "IIZIZI": 0.125,
        "IIZIIZ": -0.125,
        "ZIIZII": -0.125,
        "IIXXYY": 0.125,
        "IIYXYX": 0.125,
        "IIIZZI": -0.125,
        "YXYXII": 0.125,
        "YXXYII": -0.125,
        "XXYYII": 0.125,
        "XXXXII": 0.125,
        "YYYYII": 0.125,
        "YYXXII": 0.125,
        "XYYXII": -0.125,
        "IIYXXY": -0.125,
        "XYXYII": 0.125,
        "YXIIXY": -0.125,
        "XXIIYY": 0.125,
        "XXIIXX": 0.125,
        "YYIIYY": 0.125,
        "YYIIXX": 0.125,
        "XYIIYX": -0.125,
        "XYIIXY": 0.125,
        "YXIIYX": 0.125,
        "IIIZIZ": 0.125
      },
      "UCCSD_operator": {
        "XYXXII": -0.025447656744632813,
        "XXYXII": 0.025447656744632813,
        "YYYXII": -0.025447656744632813,
        "YXYYII": 0.025447656744632813,
        "XYYYII": 0.025447656744632813,
        "YXXXII": -0.025447656744632813,
        "XXXYII": 0.025447656744632813,
        "YYXYII": -0.025447656744632813,
        "XYIIXX": -0.02544676187006917,
        "YXIIXX": -0.02544676187006917,
        "XYIIYY": 0.02544676187006917,
        "YXIIYY": 0.02544676187006917,
        "YYIIYX": -0.02544676187006917,
        "YYIIXY": -0.02544676187006917,
        "XXIIXY": 0.02544676187006917,
        "XXIIYX": 0.02544676187006917,
        "IXZZZY": 2.718764495313402e-06,
        "IYZZZX": -2.718764495313402e-06,
        "XZZZYI": 2.718764495313402e-06,
        "YZZZXI": -2.718764495313402e-06
      }
    },
    "hf_method_fallback": "standard",
    "generation_time_s": 0.022,
    "timestamp": "2026-04-03T21:43:53.482088+00:00",
    "formula_latex": "$\\mathrm{H_{3}^{+}}$"
  }
}