{
  "hamiltonian": {
    "IIIIII": -0.4662172761325708,
    "ZIIIII": 0.18598760864980315,
    "IZIIII": 0.18598760864980315,
    "IIIIZZ": 0.15801891020080436,
    "IIZZII": 0.1580184288237415,
    "ZZIIII": 0.1388028592496857,
    "IZIIZI": 0.13568453953465973,
    "ZIIIIZ": 0.13568453953465973,
    "ZIIZII": 0.1356831345784192,
    "IZZIII": 0.1356831345784192,
    "IIIZZI": 0.11829071687269924,
    "IIZIIZ": 0.11829071687269924,
    "IZIIIZ": 0.09933683199702634,
    "ZIIIZI": 0.09933683199702634,
    "IZIZII": 0.0993355395275036,
    "ZIZIII": 0.0993355395275036,
    "IIIZIZ": 0.09842537720684506,
    "IIZIZI": 0.09842537720684506,
    "IIIIZI": -0.08413887481477489,
    "IIIIIZ": -0.08413887481477487,
    "IIZIII": -0.08412667743603909,
    "IIIZII": -0.08412667743603909,
    "YYIIXX": -0.036347707537633396,
    "XYIIYX": 0.036347707537633396,
    "YXIIXY": 0.036347707537633396,
    "XXIIYY": -0.036347707537633396,
    "YXXYII": 0.03634759505091562,
    "YYXXII": -0.03634759505091562,
    "XYYXII": 0.03634759505091562,
    "XXYYII": -0.03634759505091562,
    "IXXYYI": 0.025210271820272783,
    "YZYYZY": -0.025210271820272783,
    "YZYXZX": -0.025210271820272783,
    "XZXYZY": -0.025210271820272783,
    "XZXXZX": -0.025210271820272783,
    "IYYXXI": 0.025210271820272783,
    "IYXXYI": -0.025210271820272783,
    "IXYYXI": -0.025210271820272783,
    "YZZZYZ": -0.025209721188517803,
    "IXZZIX": -0.025209721188517803,
    "IYZZIY": -0.025209721188517803,
    "XZZZXZ": -0.025209721188517803,
    "IYIZZY": 0.0252092775424266,
    "XZZIXI": 0.0252092775424266,
    "IXIZZX": 0.0252092775424266,
    "YZZIYI": 0.0252092775424266,
    "IIXXYY": -0.019865339665854163,
    "IIXYYX": 0.019865339665854163,
    "IIYXXY": 0.019865339665854163,
    "IIYYXX": -0.019865339665854163,
    "ZXZZZX": -1.157637382348654e-06,
    "ZYZZZY": -1.157637382348654e-06,
    "XIZZXI": -1.157637382348654e-06,
    "YIZZYI": -1.157637382348654e-06,
    "YZIZYI": -9.942778461825147e-07,
    "XZIZXI": -9.942778461825147e-07,
    "IXZIZX": -9.942778461825147e-07,
    "IYZIZY": -9.942778461825147e-07,
    "IXZZZX": 2.8175493471671587e-07,
    "IYZZZY": 2.8175493471671587e-07,
    "XZZZXI": 2.817549347132464e-07,
    "YZZZYI": 2.817549347132464e-07
  },
  "data": {
    "molecule_id": "H3+_singlet_C1",
    "qubit_encoding": "JW",
    "unit": "Angstrom",
    "basis": "sto-3g",
    "charge": 1,
    "multiplicity": 1,
    "spin": 0,
    "geometry": "H 0.0000000000 0.6558400000 0.0000000000\nH 0.5679700000 -0.3278700000 0.0000000000\nH -0.5679700000 -0.3278700000 0.0000000000",
    "n_qubits": 6,
    "n_particles": {
      "total": 2,
      "alpha": 1,
      "beta": 1
    },
    "hf_array": [
      1,
      1,
      0,
      0,
      0,
      0
    ],
    "hf_method": "pyscf.scf.hf_symm.SymAdaptedRHF",
    "convergence_threshold": 1e-06,
    "point_group": {
      "groupname": "C2v",
      "topgroup": "C2v"
    },
    "alpha": 1.3,
    "calculated_properties": {
      "HF": {
        "energy": -1.2265313027757028,
        "converged": true
      },
      "MP2": {
        "energy": -1.2494260892712343,
        "converged": false
      },
      "CISD": {
        "energy": -1.2599111468186097,
        "converged": true
      },
      "CCSD": {
        "energy": -1.2599113783092102,
        "converged": true
      },
      "FCI": {
        "energy": -1.2599111468184692,
        "converged": true,
        "spin_matches_target": true,
        "multiplicity": 1.0,
        "oscillatory_converged": false,
        "oscillation_energy_change": null
      }
    },
    "auxiliary_operators": {
      "number_operator": {
        "IIIIII": 3.0,
        "ZIIIII": -0.5,
        "IZIIII": -0.5,
        "IIZIII": -0.5,
        "IIIZII": -0.5,
        "IIIIZI": -0.5,
        "IIIIIZ": -0.5
      },
      "N_alpha": {
        "IIIIII": 1.5,
        "ZIIIII": -0.5,
        "IIZIII": -0.5,
        "IIIIZI": -0.5
      },
      "N_beta": {
        "IIIIII": 1.5,
        "IZIIII": -0.5,
        "IIIZII": -0.5,
        "IIIIIZ": -0.5
      },
      "S^2_operator": {
        "IIIIII": 1.125,
        "ZZIIII": -0.375,
        "IIIIZZ": -0.375,
        "IIZZII": -0.375,
        "IIXXXX": 0.125,
        "IIYYYY": 0.125,
        "IIYYXX": 0.125,
        "IIXYYX": -0.125,
        "IIXYXY": 0.125,
        "ZIZIII": 0.125,
        "ZIIIZI": 0.125,
        "ZIIIIZ": -0.125,
        "IZZIII": -0.125,
        "IZIZII": 0.125,
        "IZIIZI": -0.125,
        "IZIIIZ": 0.125,
        "IIZIZI": 0.125,
        "IIZIIZ": -0.125,
        "ZIIZII": -0.125,
        "IIXXYY": 0.125,
        "IIYXYX": 0.125,
        "IIIZZI": -0.125,
        "YXYXII": 0.125,
        "YXXYII": -0.125,
        "XXYYII": 0.125,
        "XXXXII": 0.125,
        "YYYYII": 0.125,
        "YYXXII": 0.125,
        "XYYXII": -0.125,
        "IIYXXY": -0.125,
        "XYXYII": 0.125,
        "YXIIXY": -0.125,
        "XXIIYY": 0.125,
        "XXIIXX": 0.125,
        "YYIIYY": 0.125,
        "YYIIXX": 0.125,
        "XYIIYX": -0.125,
        "XYIIXY": 0.125,
        "YXIIYX": 0.125,
        "IIIZIZ": 0.125
      },
      "UCCSD_operator": {
        "XYXXII": -0.014349563636212124,
        "XXYXII": 0.014349563636212124,
        "YYYXII": -0.014349563636212124,
        "YXYYII": 0.014349563636212124,
        "XYYYII": 0.014349563636212124,
        "YXXXII": -0.014349563636212124,
        "XXXYII": 0.014349563636212124,
        "YYXYII": -0.014349563636212124,
        "XYIIXX": -0.014349054385016697,
        "YXIIXX": -0.014349054385016697,
        "XYIIYY": 0.014349054385016697,
        "YXIIYY": 0.014349054385016697,
        "YYIIYX": -0.014349054385016697,
        "YYIIXY": -0.014349054385016697,
        "XXIIXY": 0.014349054385016697,
        "XXIIYX": 0.014349054385016697,
        "IXZZZY": 8.380282479641331e-07,
        "IYZZZX": -8.380282479641331e-07,
        "XZZZYI": 8.380282479641331e-07,
        "YZZZXI": -8.380282479641331e-07
      }
    },
    "hf_method_fallback": "standard",
    "generation_time_s": 0.021,
    "timestamp": "2026-04-03T21:43:53.345389+00:00",
    "formula_latex": "$\\mathrm{H_{3}^{+}}$"
  }
}