{
  "hamiltonian": {
    "IIIIII": -0.8049680262477357,
    "IIZZII": 0.12883769862924083,
    "IIIIZZ": 0.12883756442988084,
    "IZIIZI": 0.10269119594676879,
    "ZIIIIZ": 0.10269119594676879,
    "ZIIZII": 0.10268950853227504,
    "IZZIII": 0.10268950853227504,
    "ZZIIII": 0.10133183899196609,
    "IIZIIZ": 0.08093553715483504,
    "IIIZZI": 0.08093553715483504,
    "ZIIIII": 0.0748618252000765,
    "IZIIII": 0.0748618252000765,
    "IZIIIZ": 0.05811659238383577,
    "ZIIIZI": 0.05811659238383577,
    "IZIZII": 0.05811541583239382,
    "ZIZIII": 0.05811541583239382,
    "IIZIZI": 0.05698278023419434,
    "IIIZIZ": 0.05698278023419434,
    "XXIIYY": -0.04457460356293301,
    "XYIIYX": 0.04457460356293301,
    "YXIIXY": 0.04457460356293301,
    "YYIIXX": -0.04457460356293301,
    "YYXXII": -0.04457409269988123,
    "XYYXII": 0.04457409269988123,
    "YXXYII": 0.04457409269988123,
    "XXYYII": -0.04457409269988123,
    "YZYYZY": -0.032578476536128255,
    "XZXYZY": -0.032578476536128255,
    "XZXXZX": -0.032578476536128255,
    "YZYXZX": -0.032578476536128255,
    "IXYYXI": -0.032578476536128255,
    "IYXXYI": -0.032578476536128255,
    "IXXYYI": 0.032578476536128255,
    "IYYXXI": 0.032578476536128255,
    "IYIZZY": 0.0325776311687751,
    "IXIZZX": 0.0325776311687751,
    "YZZIYI": 0.0325776311687751,
    "XZZIXI": 0.0325776311687751,
    "IXZZIX": -0.032577401172622616,
    "IYZZIY": -0.032577401172622616,
    "YZZZYZ": -0.032577401172622616,
    "XZZZXZ": -0.032577401172622616,
    "IIXXYY": -0.023952756920640698,
    "IIXYYX": 0.023952756920640698,
    "IIYYXX": -0.023952756920640698,
    "IIYXXY": 0.023952756920640698,
    "IIZIII": 0.01899300070546006,
    "IIIZII": 0.01899300070546006,
    "IIIIZI": 0.018989434701971092,
    "IIIIIZ": 0.018989434701971092,
    "ZXZZZX": -1.130660437465794e-06,
    "ZYZZZY": -1.130660437465794e-06,
    "XIZZXI": -1.130660437465794e-06,
    "YIZZYI": -1.130660437465794e-06,
    "IYZIZY": -8.453673531541583e-07,
    "YZIZYI": -8.453673531541583e-07,
    "XZIZXI": -8.453673531541583e-07,
    "IXZIZX": -8.453673531541583e-07,
    "IYZZZY": -5.09952839122807e-07,
    "YZZZYI": -5.09952839122807e-07,
    "XZZZXI": -5.09952839122807e-07,
    "IXZZZX": -5.09952839122807e-07
  },
  "data": {
    "molecule_id": "H3+_singlet_C1",
    "qubit_encoding": "JW",
    "unit": "Angstrom",
    "basis": "sto-3g",
    "charge": 1,
    "multiplicity": 1,
    "spin": 0,
    "geometry": "H 0.0000000000 1.3116466667 0.0000000000\nH 1.1359400000 -0.6557733333 0.0000000000\nH -1.1359400000 -0.6557733333 0.0000000000",
    "n_qubits": 6,
    "n_particles": {
      "total": 2,
      "alpha": 1,
      "beta": 1
    },
    "hf_array": [
      1,
      1,
      0,
      0,
      0,
      0
    ],
    "hf_method": "pyscf.scf.hf_symm.SymAdaptedRHF",
    "convergence_threshold": 1e-06,
    "point_group": {
      "groupname": "C2v",
      "topgroup": "C2v"
    },
    "alpha": 2.6,
    "calculated_properties": {
      "HF": {
        "energy": -0.8871084943944267,
        "converged": true
      },
      "MP2": {
        "energy": -0.9804974704019611,
        "converged": false
      },
      "CISD": {
        "energy": -1.0069216787798745,
        "converged": true
      },
      "CCSD": {
        "energy": -1.0069216709709692,
        "converged": true
      },
      "FCI": {
        "energy": -1.006921678758518,
        "converged": true,
        "spin_matches_target": true,
        "multiplicity": 1.0,
        "oscillatory_converged": false,
        "oscillation_energy_change": null
      }
    },
    "auxiliary_operators": {
      "number_operator": {
        "IIIIII": 3.0,
        "ZIIIII": -0.5,
        "IZIIII": -0.5,
        "IIZIII": -0.5,
        "IIIZII": -0.5,
        "IIIIZI": -0.5,
        "IIIIIZ": -0.5
      },
      "N_alpha": {
        "IIIIII": 1.5,
        "ZIIIII": -0.5,
        "IIZIII": -0.5,
        "IIIIZI": -0.5
      },
      "N_beta": {
        "IIIIII": 1.5,
        "IZIIII": -0.5,
        "IIIZII": -0.5,
        "IIIIIZ": -0.5
      },
      "S^2_operator": {
        "IIIIII": 1.125,
        "ZZIIII": -0.375,
        "IIIIZZ": -0.375,
        "IIZZII": -0.375,
        "IIXXXX": 0.125,
        "IIYYYY": 0.125,
        "IIYYXX": 0.125,
        "IIXYYX": -0.125,
        "IIXYXY": 0.125,
        "ZIZIII": 0.125,
        "ZIIIZI": 0.125,
        "ZIIIIZ": -0.125,
        "IZZIII": -0.125,
        "IZIZII": 0.125,
        "IZIIZI": -0.125,
        "IZIIIZ": 0.125,
        "IIZIZI": 0.125,
        "IIZIIZ": -0.125,
        "ZIIZII": -0.125,
        "IIXXYY": 0.125,
        "IIYXYX": 0.125,
        "IIIZZI": -0.125,
        "YXYXII": 0.125,
        "YXXYII": -0.125,
        "XXYYII": 0.125,
        "XXXXII": 0.125,
        "YYYYII": 0.125,
        "YYXXII": 0.125,
        "XYYXII": -0.125,
        "IIYXXY": -0.125,
        "XYXYII": 0.125,
        "YXIIXY": -0.125,
        "XXIIYY": 0.125,
        "XXIIXX": 0.125,
        "YYIIYY": 0.125,
        "YYIIXX": 0.125,
        "XYIIYX": -0.125,
        "XYIIXY": 0.125,
        "YXIIYX": 0.125,
        "IIIZIZ": 0.125
      },
      "UCCSD_operator": {
        "XYXXII": -0.04200005155635872,
        "XXYXII": 0.04200005155635872,
        "YYYXII": -0.04200005155635872,
        "YXYYII": 0.04200005155635872,
        "XYYYII": 0.04200005155635872,
        "YXXXII": -0.04200005155635872,
        "XXXYII": 0.04200005155635872,
        "YYXYII": -0.04200005155635872,
        "XYIIXX": -0.041998075759625025,
        "YXIIXX": -0.041998075759625025,
        "XYIIYY": 0.041998075759625025,
        "YXIIYY": 0.041998075759625025,
        "YYIIYX": -0.041998075759625025,
        "YYIIXY": -0.041998075759625025,
        "XXIIXY": 0.041998075759625025,
        "XXIIYX": 0.041998075759625025,
        "IXZZZY": 6.19576832230788e-06,
        "IYZZZX": -6.19576832230788e-06,
        "XZZZYI": 6.19576832230788e-06,
        "YZZZXI": -6.19576832230788e-06
      }
    },
    "hf_method_fallback": "standard",
    "generation_time_s": 0.021,
    "timestamp": "2026-04-03T21:43:53.648994+00:00"
  }
}