{
  "hamiltonian": {
    "IIIIII": 1.0909543115581761,
    "IZIIII": 0.35382036622487245,
    "ZIIIII": 0.3538203662248724,
    "IIIIZI": -0.2798959656471989,
    "IIIIIZ": -0.2798959656471989,
    "IIZIII": -0.27987658454383874,
    "IIIZII": -0.2798765845438387,
    "IIIIZZ": 0.18496094270895994,
    "IIZZII": 0.1849603123687181,
    "ZZIIII": 0.17437741877664037,
    "ZIIIIZ": 0.16968075957260736,
    "IZIIZI": 0.16968075957260736,
    "ZIIZII": 0.16968000439586176,
    "IZZIII": 0.16968000439586176,
    "IIIZZI": 0.1558976419667546,
    "IIZIIZ": 0.1558976419667546,
    "IIZIZI": 0.14136560633349737,
    "IIIZIZ": 0.14136560633349737,
    "IZIIIZ": 0.13287336402540156,
    "ZIIIZI": 0.13287336402540156,
    "IZIZII": 0.13287257220423682,
    "ZIZIII": 0.13287257220423682,
    "YXXYII": 0.03680743219162494,
    "YYXXII": -0.03680743219162494,
    "XYYXII": 0.03680743219162494,
    "XXYYII": -0.03680743219162494,
    "YXIIXY": 0.0368073955472058,
    "YYIIXX": -0.0368073955472058,
    "XYIIYX": 0.0368073955472058,
    "XXIIYY": -0.0368073955472058,
    "YZYXZX": -0.017249780319317592,
    "XZXYZY": -0.017249780319317592,
    "XZXXZX": -0.017249780319317592,
    "IXXYYI": 0.017249780319317592,
    "YZYYZY": -0.017249780319317592,
    "IYXXYI": -0.017249780319317592,
    "IYYXXI": 0.017249780319317592,
    "IXYYXI": -0.017249780319317592,
    "XZZZXZ": -0.01724973884034252,
    "IXZZIX": -0.01724973884034252,
    "IYZZIY": -0.01724973884034252,
    "YZZZYZ": -0.01724973884034252,
    "IYIZZY": 0.017249021461694512,
    "IXIZZX": 0.017249021461694512,
    "XZZIXI": 0.017249021461694512,
    "YZZIYI": 0.017249021461694512,
    "IIXXYY": -0.0145320356332572,
    "IIXYYX": 0.0145320356332572,
    "IIYYXX": -0.0145320356332572,
    "IIYXXY": 0.0145320356332572,
    "YIZZYI": -8.178038325793212e-07,
    "XIZZXI": -8.178038325793212e-07,
    "ZYZZZY": -8.178038325793212e-07,
    "ZXZZZX": -8.178038325793212e-07,
    "YZIZYI": -7.588576230802002e-07,
    "XZIZXI": -7.588576230802002e-07,
    "IXZIZX": -7.588576230802002e-07,
    "IYZIZY": -7.588576230802002e-07,
    "XZZZXI": 6.56672218053711e-07,
    "YZZZYI": 6.56672218053711e-07,
    "IXZZZX": 6.56672218053711e-07,
    "IYZZZY": 6.56672218053711e-07
  },
  "data": {
    "molecule_id": "H3+_singlet_C1",
    "qubit_encoding": "JW",
    "unit": "Angstrom",
    "basis": "sto-3g",
    "charge": 1,
    "multiplicity": 1,
    "spin": 0,
    "geometry": "H 0.0000000000 0.3027133333 0.0000000000\nH 0.2621400000 -0.1513066667 0.0000000000\nH -0.2621400000 -0.1513066667 0.0000000000",
    "n_qubits": 6,
    "n_particles": {
      "total": 2,
      "alpha": 1,
      "beta": 1
    },
    "hf_array": [
      1,
      1,
      0,
      0,
      0,
      0
    ],
    "hf_method": "pyscf.scf.hf_symm.SymAdaptedRHF",
    "convergence_threshold": 1e-06,
    "point_group": {
      "groupname": "C2v",
      "topgroup": "C2v"
    },
    "alpha": 0.6,
    "calculated_properties": {
      "HF": {
        "energy": -0.8076197512150367,
        "converged": true
      },
      "MP2": {
        "energy": -0.8198696490572387,
        "converged": false
      },
      "CISD": {
        "energy": -0.824100104592981,
        "converged": true
      },
      "CCSD": {
        "energy": -0.8241001422622259,
        "converged": true
      },
      "FCI": {
        "energy": -0.8241001045929797,
        "converged": true,
        "spin_matches_target": true,
        "multiplicity": 1.0000000000000002,
        "oscillatory_converged": false,
        "oscillation_energy_change": null
      }
    },
    "auxiliary_operators": {
      "number_operator": {
        "IIIIII": 3.0,
        "ZIIIII": -0.5,
        "IZIIII": -0.5,
        "IIZIII": -0.5,
        "IIIZII": -0.5,
        "IIIIZI": -0.5,
        "IIIIIZ": -0.5
      },
      "N_alpha": {
        "IIIIII": 1.5,
        "ZIIIII": -0.5,
        "IIZIII": -0.5,
        "IIIIZI": -0.5
      },
      "N_beta": {
        "IIIIII": 1.5,
        "IZIIII": -0.5,
        "IIIZII": -0.5,
        "IIIIIZ": -0.5
      },
      "S^2_operator": {
        "IIIIII": 1.125,
        "ZZIIII": -0.375,
        "IIIIZZ": -0.375,
        "IIZZII": -0.375,
        "IIXXXX": 0.125,
        "IIYYYY": 0.125,
        "IIYYXX": 0.125,
        "IIXYYX": -0.125,
        "IIXYXY": 0.125,
        "ZIZIII": 0.125,
        "ZIIIZI": 0.125,
        "ZIIIIZ": -0.125,
        "IZZIII": -0.125,
        "IZIZII": 0.125,
        "IZIIZI": -0.125,
        "IZIIIZ": 0.125,
        "IIZIZI": 0.125,
        "IIZIIZ": -0.125,
        "ZIIZII": -0.125,
        "IIXXYY": 0.125,
        "IIYXYX": 0.125,
        "IIIZZI": -0.125,
        "YXYXII": 0.125,
        "YXXYII": -0.125,
        "XXYYII": 0.125,
        "XXXXII": 0.125,
        "YYYYII": 0.125,
        "YYXXII": 0.125,
        "XYYXII": -0.125,
        "IIYXXY": -0.125,
        "XYXYII": 0.125,
        "YXIIXY": -0.125,
        "XXIIYY": 0.125,
        "XXIIXX": 0.125,
        "YYIIYY": 0.125,
        "YYIIXX": 0.125,
        "XYIIYX": -0.125,
        "XYIIXY": 0.125,
        "YXIIYX": 0.125,
        "IIIZIZ": 0.125
      },
      "UCCSD_operator": {
        "XYXXII": -0.006996143155763476,
        "XXYXII": 0.006996143155763476,
        "YYYXII": -0.006996143155763476,
        "YXYYII": 0.006996143155763476,
        "XYYYII": 0.006996143155763476,
        "YXXXII": -0.006996143155763476,
        "XXXYII": 0.006996143155763476,
        "YYXYII": -0.006996143155763476,
        "XYIIXX": -0.006995935234972204,
        "YXIIXX": -0.006995935234972204,
        "XYIIYY": 0.006995935234972204,
        "YXIIYY": 0.006995935234972204,
        "YYIIYX": -0.006995935234972204,
        "YYIIXY": -0.006995935234972204,
        "XXIIXY": 0.006995935234972204,
        "XXIIYX": 0.006995935234972204,
        "IXZZZY": 1.0719968894120569e-07,
        "IYZZZX": -1.0719968894120569e-07,
        "XZZZYI": 1.0719968894120569e-07,
        "YZZZXI": -1.0719968894120569e-07
      }
    },
    "hf_method_fallback": "standard",
    "generation_time_s": 0.019,
    "timestamp": "2026-04-03T21:43:53.806810+00:00"
  }
}