{
  "hamiltonian": {
    "IIIIII": -0.7509432850445477,
    "IIIIZZ": 0.13920911578262335,
    "IIZZII": 0.13920905008748982,
    "IZIIZI": 0.11379956614178072,
    "ZIIIIZ": 0.11379956614178072,
    "ZIIZII": 0.11379779319081126,
    "IZZIII": 0.11379779319081126,
    "ZZIIII": 0.11344759783808117,
    "ZIIIII": 0.11064557669331601,
    "IZIIII": 0.11064557669331601,
    "IIZIIZ": 0.0941534248502124,
    "IIIZZI": 0.0941534248502124,
    "IZIIIZ": 0.07356187663349015,
    "ZIIIZI": 0.07356187663349015,
    "IZIZII": 0.07356054511961327,
    "ZIZIII": 0.07356054511961327,
    "IIZIZI": 0.07162380987342776,
    "IIIZIZ": 0.07162380987342776,
    "XXIIYY": -0.040237689508290556,
    "XYIIYX": 0.040237689508290556,
    "YXIIXY": 0.040237689508290556,
    "YYIIXX": -0.040237689508290556,
    "YYXXII": -0.04023724807119799,
    "XYYXII": 0.04023724807119799,
    "YXXYII": 0.04023724807119799,
    "XXYYII": -0.04023724807119799,
    "YZYYZY": -0.029721262370313258,
    "XZXYZY": -0.029721262370313258,
    "XZXXZX": -0.029721262370313258,
    "YZYXZX": -0.029721262370313258,
    "IXYYXI": -0.029721262370313258,
    "IYXXYI": -0.029721262370313258,
    "IXXYYI": 0.029721262370313258,
    "IYYXXI": 0.029721262370313258,
    "IYIZZY": 0.02972030224896423,
    "IXIZZX": 0.02972030224896423,
    "YZZIYI": 0.02972030224896423,
    "XZZIXI": 0.02972030224896423,
    "IXZZIX": -0.029720268801277372,
    "IYZZIY": -0.029720268801277372,
    "YZZZYZ": -0.029720268801277372,
    "XZZZXZ": -0.029720268801277372,
    "IIXXYY": -0.022529614976784643,
    "IIXYYX": 0.022529614976784643,
    "IIYYXX": -0.022529614976784643,
    "IIYXXY": 0.022529614976784643,
    "IIIIIZ": -0.008698564931031105,
    "IIIIZI": -0.00869856493103105,
    "IIZIII": -0.008691989731911196,
    "IIIZII": -0.008691989731911196,
    "ZXZZZX": -1.2490674873324464e-06,
    "ZYZZZY": -1.2490674873324464e-06,
    "XIZZXI": -1.2490674873324464e-06,
    "YIZZYI": -1.2490674873324464e-06,
    "IYZIZY": -9.601213490258165e-07,
    "YZIZYI": -9.601213490258165e-07,
    "XZIZXI": -9.601213490258165e-07,
    "IXZIZX": -9.601213490258165e-07,
    "IYZZZY": -3.22135866735046e-07,
    "YZZZYI": -3.22135866735046e-07,
    "XZZZXI": -3.22135866735046e-07,
    "IXZZZX": -3.22135866735046e-07
  },
  "data": {
    "molecule_id": "H3+_singlet_C1",
    "qubit_encoding": "JW",
    "unit": "Angstrom",
    "basis": "sto-3g",
    "charge": 1,
    "multiplicity": 1,
    "spin": 0,
    "geometry": "H 0.0000000000 1.0089666667 0.0000000000\nH 0.8738000000 -0.5044333333 0.0000000000\nH -0.8738000000 -0.5044333333 0.0000000000",
    "n_qubits": 6,
    "n_particles": {
      "total": 2,
      "alpha": 1,
      "beta": 1
    },
    "hf_array": [
      1,
      1,
      0,
      0,
      0,
      0
    ],
    "hf_method": "pyscf.scf.hf_symm.SymAdaptedRHF",
    "convergence_threshold": 1e-06,
    "point_group": {
      "groupname": "C2v",
      "topgroup": "C2v"
    },
    "alpha": 2.0,
    "calculated_properties": {
      "HF": {
        "energy": -1.0330348767729807,
        "converged": true
      },
      "MP2": {
        "energy": -1.0822861719292203,
        "converged": false
      },
      "CISD": {
        "energy": -1.1044719723788823,
        "converged": true
      },
      "CCSD": {
        "energy": -1.104471972394547,
        "converged": true
      },
      "FCI": {
        "energy": -1.104471972375088,
        "converged": true,
        "spin_matches_target": true,
        "multiplicity": 1.0,
        "oscillatory_converged": false,
        "oscillation_energy_change": null
      }
    },
    "auxiliary_operators": {
      "number_operator": {
        "IIIIII": 3.0,
        "ZIIIII": -0.5,
        "IZIIII": -0.5,
        "IIZIII": -0.5,
        "IIIZII": -0.5,
        "IIIIZI": -0.5,
        "IIIIIZ": -0.5
      },
      "N_alpha": {
        "IIIIII": 1.5,
        "ZIIIII": -0.5,
        "IIZIII": -0.5,
        "IIIIZI": -0.5
      },
      "N_beta": {
        "IIIIII": 1.5,
        "IZIIII": -0.5,
        "IIIZII": -0.5,
        "IIIIIZ": -0.5
      },
      "S^2_operator": {
        "IIIIII": 1.125,
        "ZZIIII": -0.375,
        "IIIIZZ": -0.375,
        "IIZZII": -0.375,
        "IIXXXX": 0.125,
        "IIYYYY": 0.125,
        "IIYYXX": 0.125,
        "IIXYYX": -0.125,
        "IIXYXY": 0.125,
        "ZIZIII": 0.125,
        "ZIIIZI": 0.125,
        "ZIIIIZ": -0.125,
        "IZZIII": -0.125,
        "IZIZII": 0.125,
        "IZIIZI": -0.125,
        "IZIIIZ": 0.125,
        "IIZIZI": 0.125,
        "IIZIIZ": -0.125,
        "ZIIZII": -0.125,
        "IIXXYY": 0.125,
        "IIYXYX": 0.125,
        "IIIZZI": -0.125,
        "YXYXII": 0.125,
        "YXXYII": -0.125,
        "XXYYII": 0.125,
        "XXXXII": 0.125,
        "YYYYII": 0.125,
        "YYXXII": 0.125,
        "XYYXII": -0.125,
        "IIYXXY": -0.125,
        "XYXYII": 0.125,
        "YXIIXY": -0.125,
        "XXIIYY": 0.125,
        "XXIIXX": 0.125,
        "YYIIYY": 0.125,
        "YYIIXX": 0.125,
        "XYIIYX": -0.125,
        "XYIIXY": 0.125,
        "YXIIYX": 0.125,
        "IIIZIZ": 0.125
      },
      "UCCSD_operator": {
        "XYXXII": -0.02774092389093067,
        "XXYXII": 0.02774092389093067,
        "YYYXII": -0.02774092389093067,
        "YXYYII": 0.02774092389093067,
        "XYYYII": 0.02774092389093067,
        "YXXXII": -0.02774092389093067,
        "XXXYII": 0.02774092389093067,
        "YYXYII": -0.02774092389093067,
        "XYIIXX": -0.027739932776735258,
        "YXIIXX": -0.027739932776735258,
        "XYIIYY": 0.027739932776735258,
        "YXIIYY": 0.027739932776735258,
        "YYIIYX": -0.027739932776735258,
        "YYIIXY": -0.027739932776735258,
        "XXIIXY": 0.027739932776735258,
        "XXIIYX": 0.027739932776735258,
        "IXZZZY": 3.1606174508029972e-06,
        "IYZZZX": -3.1606174508029972e-06,
        "XZZZYI": 3.1606174508029972e-06,
        "YZZZXI": -3.1606174508029972e-06
      }
    },
    "hf_method_fallback": "standard",
    "generation_time_s": 0.023,
    "timestamp": "2026-04-03T21:43:53.505508+00:00"
  }
}