{
  "hamiltonian": {
    "IIIIII": -0.7947755943284794,
    "IIZZII": 0.13181906767839044,
    "IIIIZZ": 0.13181897058514744,
    "IZIIZI": 0.10581597510345991,
    "ZIIIIZ": 0.10581597510345991,
    "ZIIZII": 0.10581422738982009,
    "IZZIII": 0.10581422738982009,
    "ZZIIII": 0.10460191173795562,
    "IIZIIZ": 0.08476390999637756,
    "IIIZZI": 0.08476390999637756,
    "ZIIIII": 0.08465577250426803,
    "IZIIII": 0.08465577250426803,
    "IZIIIZ": 0.06265946239836268,
    "ZIIIZI": 0.06265946239836268,
    "IZIZII": 0.06265822762824942,
    "ZIZIII": 0.06265822762824942,
    "IIZIZI": 0.0612345866205786,
    "IIIZIZ": 0.0612345866205786,
    "XXIIYY": -0.04315651270509724,
    "XYIIYX": 0.04315651270509724,
    "YXIIXY": 0.04315651270509724,
    "YYIIXX": -0.04315651270509724,
    "YYXXII": -0.04315599976157066,
    "XYYXII": 0.04315599976157066,
    "YXXYII": 0.04315599976157066,
    "XXYYII": -0.04315599976157066,
    "YZYYZY": -0.03170911277402591,
    "XZXYZY": -0.03170911277402591,
    "XZXXZX": -0.03170911277402591,
    "YZYXZX": -0.03170911277402591,
    "IXYYXI": -0.03170911277402591,
    "IYXXYI": -0.03170911277402591,
    "IXXYYI": 0.03170911277402591,
    "IYYXXI": 0.03170911277402591,
    "IYIZZY": 0.03170822616932431,
    "IXIZZX": 0.03170822616932431,
    "YZZIYI": 0.03170822616932431,
    "XZZIXI": 0.03170822616932431,
    "IXZZIX": -0.03170803609373353,
    "IYZZIY": -0.03170803609373353,
    "YZZZYZ": -0.03170803609373353,
    "XZZZXZ": -0.03170803609373353,
    "IIXXYY": -0.023529323375798952,
    "IIXYYX": 0.023529323375798952,
    "IIYYXX": -0.023529323375798952,
    "IIYXXY": 0.023529323375798952,
    "IIZIII": 0.012090558448692834,
    "IIIZII": 0.012090558448692827,
    "IIIIZI": 0.012086166383294239,
    "IIIIIZ": 0.012086166383294239,
    "ZXZZZX": -1.1861039115372542e-06,
    "ZYZZZY": -1.1861039115372542e-06,
    "XIZZXI": -1.1861039115372542e-06,
    "YIZZYI": -1.1861039115372542e-06,
    "IYZIZY": -8.866047016033163e-07,
    "YZIZYI": -8.866047016033163e-07,
    "XZIZXI": -8.866047016033163e-07,
    "IXZIZX": -8.866047016033163e-07,
    "IYZZZY": -4.860171356896315e-07,
    "YZZZYI": -4.860171356896315e-07,
    "XZZZXI": -4.860171356896315e-07,
    "IXZZZX": -4.860171356896315e-07
  },
  "data": {
    "molecule_id": "H3+_singlet_C1",
    "qubit_encoding": "JW",
    "unit": "Angstrom",
    "basis": "sto-3g",
    "charge": 1,
    "multiplicity": 1,
    "spin": 0,
    "geometry": "H 0.0000000000 1.2107533333 0.0000000000\nH 1.0485600000 -0.6053266667 0.0000000000\nH -1.0485600000 -0.6053266667 0.0000000000",
    "n_qubits": 6,
    "n_particles": {
      "total": 2,
      "alpha": 1,
      "beta": 1
    },
    "hf_array": [
      1,
      1,
      0,
      0,
      0,
      0
    ],
    "hf_method": "pyscf.scf.hf_symm.SymAdaptedRHF",
    "convergence_threshold": 1e-06,
    "point_group": {
      "groupname": "C2v",
      "topgroup": "C2v"
    },
    "alpha": 2.4,
    "calculated_properties": {
      "HF": {
        "energy": -0.9293925314774193,
        "converged": true
      },
      "MP2": {
        "energy": -1.0055786194633543,
        "converged": false
      },
      "CISD": {
        "energy": -1.0325954128250565,
        "converged": true
      },
      "CCSD": {
        "energy": -1.0325954128166082,
        "converged": true,
        "t1_diagnostic": 7.696021745744468e-06
      },
      "FCI": {
        "energy": -1.0325954128121486,
        "converged": true,
        "spin_matches_target": true,
        "multiplicity": 1.0000000000000002,
        "oscillatory_converged": false,
        "oscillation_energy_change": null
      }
    },
    "auxiliary_operators": {
      "number_operator": {
        "IIIIII": 3.0,
        "ZIIIII": -0.5,
        "IZIIII": -0.5,
        "IIZIII": -0.5,
        "IIIZII": -0.5,
        "IIIIZI": -0.5,
        "IIIIIZ": -0.5
      },
      "N_alpha": {
        "IIIIII": 1.5,
        "ZIIIII": -0.5,
        "IIZIII": -0.5,
        "IIIIZI": -0.5
      },
      "N_beta": {
        "IIIIII": 1.5,
        "IZIIII": -0.5,
        "IIIZII": -0.5,
        "IIIIIZ": -0.5
      },
      "S^2_operator": {
        "IIIIII": 1.125,
        "ZZIIII": -0.375,
        "IIIIZZ": -0.375,
        "IIZZII": -0.375,
        "IIXXXX": 0.125,
        "IIYYYY": 0.125,
        "IIYYXX": 0.125,
        "IIXYYX": -0.125,
        "IIXYXY": 0.125,
        "ZIZIII": 0.125,
        "ZIIIZI": 0.125,
        "ZIIIIZ": -0.125,
        "IZZIII": -0.125,
        "IZIZII": 0.125,
        "IZIIZI": -0.125,
        "IZIIIZ": 0.125,
        "IIZIZI": 0.125,
        "IIZIIZ": -0.125,
        "ZIIZII": -0.125,
        "IIXXYY": 0.125,
        "IIYXYX": 0.125,
        "IIIZZI": -0.125,
        "YXYXII": 0.125,
        "YXXYII": -0.125,
        "XXYYII": 0.125,
        "XXXXII": 0.125,
        "YYYYII": 0.125,
        "YYXXII": 0.125,
        "XYYXII": -0.125,
        "IIYXXY": -0.125,
        "XYXYII": 0.125,
        "YXIIXY": -0.125,
        "XXIIYY": 0.125,
        "XXIIXX": 0.125,
        "YYIIYY": 0.125,
        "YYIIXX": 0.125,
        "XYIIYX": -0.125,
        "XYIIXY": 0.125,
        "YXIIYX": 0.125,
        "IIIZIZ": 0.125
      },
      "UCCSD_operator": {
        "XYXXII": -0.03736604842960708,
        "XXYXII": 0.03736604842960708,
        "YYYXII": -0.03736604842960708,
        "YXYYII": 0.03736604842960708,
        "XYYYII": 0.03736604842960708,
        "YXXXII": -0.03736604842960708,
        "XXXYII": 0.03736604842960708,
        "YYXYII": -0.03736604842960708,
        "XYIIXX": -0.0373644848535106,
        "YXIIXX": -0.0373644848535106,
        "XYIIYY": 0.0373644848535106,
        "YXIIYY": 0.0373644848535106,
        "YYIIYX": -0.0373644848535106,
        "YYIIXY": -0.0373644848535106,
        "XXIIXY": 0.0373644848535106,
        "XXIIYX": 0.0373644848535106,
        "IXZZZY": 5.156869808205379e-06,
        "IYZZZX": -5.156869808205379e-06,
        "XZZZYI": 5.156869808205379e-06,
        "YZZZXI": -5.156869808205379e-06
      }
    },
    "hf_method_fallback": "standard",
    "generation_time_s": 0.023,
    "timestamp": "2026-04-03T21:43:53.605007+00:00",
    "formula_latex": "$\\mathrm{H_{3}^{+}}$"
  }
}