{
  "hamiltonian": {
    "IIIIII": -0.7660543869861557,
    "IIIIZZ": 0.13715956280925834,
    "IIZZII": 0.13715954879323167,
    "IZIIZI": 0.11155267364853205,
    "ZIIIIZ": 0.11155267364853205,
    "ZIIZII": 0.11155089253474881,
    "IZZIII": 0.11155089253474881,
    "ZZIIII": 0.11090488114720447,
    "ZIIIII": 0.10325536690773651,
    "IZIIII": 0.10325536690773651,
    "IIZIIZ": 0.09155855338655342,
    "IIIZZI": 0.09155855338655342,
    "IZIIIZ": 0.07059132455405515,
    "ZIIIZI": 0.07059132455405515,
    "IZIZII": 0.07059001302714457,
    "ZIZIII": 0.07059001302714457,
    "IIZIZI": 0.06875625539617491,
    "IIIZIZ": 0.06875625539617491,
    "XXIIYY": -0.04096134909447689,
    "XYIIYX": 0.04096134909447689,
    "YXIIXY": 0.04096134909447689,
    "YYIIXX": -0.04096134909447689,
    "YYXXII": -0.04096087950760425,
    "XYYXII": 0.04096087950760425,
    "YXXYII": 0.04096087950760425,
    "XXYYII": -0.04096087950760425,
    "YZYYZY": -0.030250754051161354,
    "XZXYZY": -0.030250754051161354,
    "XZXXZX": -0.030250754051161354,
    "YZYXZX": -0.030250754051161354,
    "IXYYXI": -0.030250754051161354,
    "IYXXYI": -0.030250754051161354,
    "IXXYYI": 0.030250754051161354,
    "IYYXXI": 0.030250754051161354,
    "IYIZZY": 0.03024981051347543,
    "IXIZZX": 0.03024981051347543,
    "YZZIYI": 0.03024981051347543,
    "XZZIXI": 0.03024981051347543,
    "IXZZIX": -0.030249727837881966,
    "IYZZIY": -0.030249727837881966,
    "YZZZYZ": -0.030249727837881966,
    "XZZZXZ": -0.030249727837881966,
    "IIXXYY": -0.022802297990378497,
    "IIXYYX": 0.022802297990378497,
    "IIYYXX": -0.022802297990378497,
    "IIYXXY": 0.022802297990378497,
    "IIIIZI": -0.002430882755331182,
    "IIIIIZ": -0.002430882755331182,
    "IIZIII": -0.002424926084685891,
    "IIIZII": -0.002424926084685891,
    "ZXZZZX": -1.2403947466872336e-06,
    "ZYZZZY": -1.2403947466872336e-06,
    "XIZZXI": -1.2403947466872336e-06,
    "YIZZYI": -1.2403947466872336e-06,
    "IYZIZY": -9.435376859250749e-07,
    "YZIZYI": -9.435376859250749e-07,
    "XZIZXI": -9.435376859250749e-07,
    "IXZIZX": -9.435376859250749e-07,
    "IYZZZY": -3.7878335324911805e-07,
    "IXZZZX": -3.7878335324911805e-07,
    "YZZZYI": -3.787833532456486e-07,
    "XZZZXI": -3.787833532456486e-07
  },
  "data": {
    "molecule_id": "H3+_singlet_C1",
    "qubit_encoding": "JW",
    "unit": "Angstrom",
    "basis": "sto-3g",
    "charge": 1,
    "multiplicity": 1,
    "spin": 0,
    "geometry": "H 0.0000000000 1.0594133333 0.0000000000\nH 0.9174900000 -0.5296566667 0.0000000000\nH -0.9174900000 -0.5296566667 0.0000000000",
    "n_qubits": 6,
    "n_particles": {
      "total": 2,
      "alpha": 1,
      "beta": 1
    },
    "hf_array": [
      1,
      1,
      0,
      0,
      0,
      0
    ],
    "hf_method": "pyscf.scf.hf_symm.SymAdaptedRHF",
    "convergence_threshold": 1e-06,
    "point_group": {
      "groupname": "C2v",
      "topgroup": "C2v"
    },
    "alpha": 2.1,
    "calculated_properties": {
      "HF": {
        "energy": -1.0049929356954732,
        "converged": true
      },
      "MP2": {
        "energy": -1.0600638215698446,
        "converged": false
      },
      "CISD": {
        "energy": -1.0839271247877706,
        "converged": true
      },
      "CCSD": {
        "energy": -1.0839271248040245,
        "converged": true
      },
      "FCI": {
        "energy": -1.0839271247824351,
        "converged": true,
        "spin_matches_target": true,
        "multiplicity": 1.0,
        "oscillatory_converged": false,
        "oscillation_energy_change": null
      }
    },
    "auxiliary_operators": {
      "number_operator": {
        "IIIIII": 3.0,
        "ZIIIII": -0.5,
        "IZIIII": -0.5,
        "IIZIII": -0.5,
        "IIIZII": -0.5,
        "IIIIZI": -0.5,
        "IIIIIZ": -0.5
      },
      "N_alpha": {
        "IIIIII": 1.5,
        "ZIIIII": -0.5,
        "IIZIII": -0.5,
        "IIIIZI": -0.5
      },
      "N_beta": {
        "IIIIII": 1.5,
        "IZIIII": -0.5,
        "IIIZII": -0.5,
        "IIIIIZ": -0.5
      },
      "S^2_operator": {
        "IIIIII": 1.125,
        "ZZIIII": -0.375,
        "IIIIZZ": -0.375,
        "IIZZII": -0.375,
        "IIXXXX": 0.125,
        "IIYYYY": 0.125,
        "IIYYXX": 0.125,
        "IIXYYX": -0.125,
        "IIXYXY": 0.125,
        "ZIZIII": 0.125,
        "ZIIIZI": 0.125,
        "ZIIIIZ": -0.125,
        "IZZIII": -0.125,
        "IZIZII": 0.125,
        "IZIIZI": -0.125,
        "IZIIIZ": 0.125,
        "IIZIZI": 0.125,
        "IIZIIZ": -0.125,
        "ZIIZII": -0.125,
        "IIXXYY": 0.125,
        "IIYXYX": 0.125,
        "IIIZZI": -0.125,
        "YXYXII": 0.125,
        "YXXYII": -0.125,
        "XXYYII": 0.125,
        "XXXXII": 0.125,
        "YYYYII": 0.125,
        "YYXXII": 0.125,
        "XYYXII": -0.125,
        "IIYXXY": -0.125,
        "XYXYII": 0.125,
        "YXIIXY": -0.125,
        "XXIIYY": 0.125,
        "XXIIXX": 0.125,
        "YYIIYY": 0.125,
        "YYIIXX": 0.125,
        "XYIIYX": -0.125,
        "XYIIXY": 0.125,
        "YXIIYX": 0.125,
        "IIIZIZ": 0.125
      },
      "UCCSD_operator": {
        "XYXXII": -0.03011073660936931,
        "XXYXII": 0.03011073660936931,
        "YYYXII": -0.03011073660936931,
        "YXYYII": 0.03011073660936931,
        "XYYYII": 0.03011073660936931,
        "YXXXII": -0.03011073660936931,
        "XXXYII": 0.03011073660936931,
        "YYXYII": -0.03011073660936931,
        "XYIIXX": -0.030109632202923568,
        "YXIIXX": -0.030109632202923568,
        "XYIIYY": 0.030109632202923568,
        "YXIIYY": 0.030109632202923568,
        "YYIIYX": -0.030109632202923568,
        "YYIIXY": -0.030109632202923568,
        "XXIIXY": 0.030109632202923568,
        "XXIIYX": 0.030109632202923568,
        "IXZZZY": 3.632804958106793e-06,
        "IYZZZX": -3.632804958106793e-06,
        "XZZZYI": 3.632804958106793e-06,
        "YZZZXI": -3.632804958106793e-06
      }
    },
    "hf_method_fallback": "standard",
    "generation_time_s": 0.026,
    "timestamp": "2026-04-03T21:43:53.531636+00:00"
  }
}