{
  "hamiltonian": {
    "IIIIII": -0.8110289224697174,
    "IIZZII": 0.12624025546812392,
    "IIIIZZ": 0.12624010873121688,
    "IZIIZI": 0.1000132179362023,
    "ZIIIIZ": 0.1000132179362023,
    "ZIIZII": 0.10001161254782684,
    "IZZIII": 0.10001161254782684,
    "ZZIIII": 0.09865173381548104,
    "IIZIIZ": 0.0775687667410713,
    "IIIZZI": 0.0775687667410713,
    "IZIIII": 0.06684130907378591,
    "ZIIIII": 0.06684130907378585,
    "IZIIIZ": 0.054098808100553925,
    "ZIIIZI": 0.054098808100553925,
    "IZIZII": 0.054097690903311985,
    "ZIZIII": 0.054097690903311985,
    "IIZIZI": 0.05323143199351518,
    "IIIZIZ": 0.05323143199351518,
    "XXIIYY": -0.04591440983564837,
    "XYIIYX": 0.04591440983564837,
    "YXIIXY": 0.04591440983564837,
    "YYIIXX": -0.04591440983564837,
    "YYXXII": -0.04591392164451486,
    "XYYXII": 0.04591392164451486,
    "YXXYII": 0.04591392164451486,
    "XXYYII": -0.04591392164451486,
    "YZYYZY": -0.03336970598500496,
    "XZXYZY": -0.03336970598500496,
    "XZXXZX": -0.03336970598500496,
    "YZYXZX": -0.03336970598500496,
    "IXYYXI": -0.03336970598500496,
    "IYXXYI": -0.03336970598500496,
    "IXXYYI": 0.03336970598500496,
    "IYYXXI": 0.03336970598500496,
    "IYIZZY": 0.03336890263146415,
    "IXIZZX": 0.03336890263146415,
    "YZZIYI": 0.03336890263146415,
    "XZZIXI": 0.03336890263146415,
    "IXZZIX": -0.033368654936450866,
    "IYZZIY": -0.033368654936450866,
    "YZZZYZ": -0.033368654936450866,
    "XZZZXZ": -0.033368654936450866,
    "IIXXYY": -0.02433733474755611,
    "IIXYYX": 0.02433733474755611,
    "IIYYXX": -0.02433733474755611,
    "IIYXXY": 0.02433733474755611,
    "IIZIII": 0.02426325788974068,
    "IIIZII": 0.02426325788974068,
    "IIIIIZ": 0.024260372163963206,
    "IIIIZI": 0.024260372163963095,
    "ZXZZZX": -1.0645840556744655e-06,
    "ZYZZZY": -1.0645840556744655e-06,
    "XIZZXI": -1.0645840556744655e-06,
    "YIZZYI": -1.0645840556744655e-06,
    "IYZIZY": -8.033535408083492e-07,
    "YZIZYI": -8.033535408083492e-07,
    "XZIZXI": -8.033535408083492e-07,
    "IXZIZX": -8.033535408083492e-07,
    "IYZZZY": -5.041032632713272e-07,
    "YZZZYI": -5.041032632713272e-07,
    "XZZZXI": -5.041032632713272e-07,
    "IXZZZX": -5.041032632713272e-07
  },
  "data": {
    "molecule_id": "H3+_singlet_C1",
    "qubit_encoding": "JW",
    "unit": "Angstrom",
    "basis": "sto-3g",
    "charge": 1,
    "multiplicity": 1,
    "spin": 0,
    "geometry": "H 0.0000000000 1.4125400000 0.0000000000\nH 1.2233200000 -0.7062200000 0.0000000000\nH -1.2233200000 -0.7062200000 0.0000000000",
    "n_qubits": 6,
    "n_particles": {
      "total": 2,
      "alpha": 1,
      "beta": 1
    },
    "hf_array": [
      1,
      1,
      0,
      0,
      0,
      0
    ],
    "hf_method": "pyscf.scf.hf_symm.SymAdaptedRHF",
    "convergence_threshold": 1e-06,
    "point_group": {
      "groupname": "C2v",
      "topgroup": "C2v"
    },
    "alpha": 2.8,
    "calculated_properties": {
      "HF": {
        "energy": -0.8513744440016772,
        "converged": true
      },
      "MP2": {
        "energy": -0.9643951900210812,
        "converged": false
      },
      "CISD": {
        "energy": -0.9871846147517127,
        "converged": true
      },
      "CCSD": {
        "energy": -0.9871846055771527,
        "converged": true
      },
      "FCI": {
        "energy": -0.987184614727595,
        "converged": true,
        "spin_matches_target": true,
        "multiplicity": 1.0,
        "oscillatory_converged": false,
        "oscillation_energy_change": null
      }
    },
    "auxiliary_operators": {
      "number_operator": {
        "IIIIII": 3.0,
        "ZIIIII": -0.5,
        "IZIIII": -0.5,
        "IIZIII": -0.5,
        "IIIZII": -0.5,
        "IIIIZI": -0.5,
        "IIIIIZ": -0.5
      },
      "N_alpha": {
        "IIIIII": 1.5,
        "ZIIIII": -0.5,
        "IIZIII": -0.5,
        "IIIIZI": -0.5
      },
      "N_beta": {
        "IIIIII": 1.5,
        "IZIIII": -0.5,
        "IIIZII": -0.5,
        "IIIIIZ": -0.5
      },
      "S^2_operator": {
        "IIIIII": 1.125,
        "ZZIIII": -0.375,
        "IIIIZZ": -0.375,
        "IIZZII": -0.375,
        "IIXXXX": 0.125,
        "IIYYYY": 0.125,
        "IIYYXX": 0.125,
        "IIXYYX": -0.125,
        "IIXYXY": 0.125,
        "ZIZIII": 0.125,
        "ZIIIZI": 0.125,
        "ZIIIIZ": -0.125,
        "IZZIII": -0.125,
        "IZIZII": 0.125,
        "IZIIZI": -0.125,
        "IZIIIZ": 0.125,
        "IIZIZI": 0.125,
        "IIZIIZ": -0.125,
        "ZIIZII": -0.125,
        "IIXXYY": 0.125,
        "IIYXYX": 0.125,
        "IIIZZI": -0.125,
        "YXYXII": 0.125,
        "YXXYII": -0.125,
        "XXYYII": 0.125,
        "XXXXII": 0.125,
        "YYYYII": 0.125,
        "YYXXII": 0.125,
        "XYYXII": -0.125,
        "IIYXXY": -0.125,
        "XYXYII": 0.125,
        "YXIIXY": -0.125,
        "XXIIYY": 0.125,
        "XXIIXX": 0.125,
        "YYIIYY": 0.125,
        "YYIIXX": 0.125,
        "XYIIYX": -0.125,
        "XYIIXY": 0.125,
        "YXIIYX": 0.125,
        "IIIZIZ": 0.125
      },
      "UCCSD_operator": {
        "XYXXII": -0.046218121109757974,
        "XXYXII": 0.046218121109757974,
        "YYYXII": -0.046218121109757974,
        "YXYYII": 0.046218121109757974,
        "XYYYII": 0.046218121109757974,
        "YXXXII": -0.046218121109757974,
        "XXXYII": 0.046218121109757974,
        "YYXYII": -0.046218121109757974,
        "XYIIXX": -0.046216696813695286,
        "YXIIXX": -0.046216696813695286,
        "XYIIYY": 0.046216696813695286,
        "YXIIYY": 0.046216696813695286,
        "YYIIYX": -0.046216696813695286,
        "YYIIXY": -0.046216696813695286,
        "XXIIXY": 0.046216696813695286,
        "XXIIYX": 0.046216696813695286,
        "IXZZZY": 5.589200023590314e-06,
        "IYZZZX": -5.589200023590314e-06,
        "XZZZYI": 5.589200023590314e-06,
        "YZZZXI": -5.589200023590314e-06
      }
    },
    "hf_method_fallback": "standard",
    "generation_time_s": 0.018,
    "timestamp": "2026-04-03T21:43:53.685135+00:00",
    "formula_latex": "$\\mathrm{H_{3}^{+}}$"
  }
}