{
  "hamiltonian": {
    "IIIIIIZI": -0.8649255592115841,
    "IIIIIIIZ": -0.8649255592115841,
    "IIIIZIII": -0.8649255591768035,
    "IIIIIZII": -0.8649255591768034,
    "IIIIIIII": -0.38941357422544837,
    "IZIIIIII": 0.28341045128699244,
    "ZIIIIIII": 0.2834104512869923,
    "IIZIIIII": 0.2834104512760184,
    "IIIZIIII": 0.28341045127601827,
    "IIZZIIII": 0.13916761213988657,
    "IZZIIIII": 0.1391676121386874,
    "ZIIZIIII": 0.1391676121386874,
    "ZZIIIIII": 0.13916761213748824,
    "IIIIZZII": 0.13539238225541622,
    "IIIIZIIZ": 0.1353923822546113,
    "IIIIIZZI": 0.1353923822546113,
    "IIIIIIZZ": 0.1353923822538064,
    "IIIZZIII": 0.13335253669626196,
    "IIZIIZII": 0.13335253669626196,
    "IIIZIIZI": 0.1333525366955427,
    "IIZIIIIZ": 0.1333525366955427,
    "IZIIZIII": 0.13335253669500174,
    "ZIIIIZII": 0.13335253669500174,
    "ZIIIIIIZ": 0.13335253669428243,
    "IZIIIIZI": 0.13335253669428243,
    "XXYYIIII": -0.11796660208580277,
    "XYYXIIII": 0.11796660208580277,
    "YXXYIIII": 0.11796660208580277,
    "YYXXIIII": -0.11796660208580277,
    "IIIIYXXY": 0.11419137220172665,
    "IIIIXXYY": -0.11419137220172665,
    "IIIIXYYX": 0.11419137220172665,
    "IIIIYYXX": -0.11419137220172665,
    "YZYIIXZX": 0.11215152664238758,
    "IXZXYZYI": 0.11215152664238758,
    "IXZXXZXI": 0.11215152664238758,
    "YZYIIYZY": 0.11215152664238758,
    "IYZYXZXI": 0.11215152664238758,
    "XZXIIYZY": 0.11215152664238758,
    "IYZYYZYI": 0.11215152664238758,
    "XZXIIXZX": 0.11215152664238758,
    "IIIZIIIZ": 0.10060323192217654,
    "IIZIIIZI": 0.10060323192217654,
    "IZIIIIIZ": 0.10060323192203925,
    "ZIIIIIZI": 0.10060323192203925,
    "IIIZIZII": 0.10060323192182186,
    "IIZIZIII": 0.10060323192182186,
    "IZIIIZII": 0.10060323192168459,
    "ZIIIZIII": 0.10060323192168459,
    "IXZXIXZX": 0.07940222186904593,
    "YZYIYZYI": 0.07940222186904593,
    "XZXIYZYI": 0.07940222186904593,
    "IYZYIXZX": 0.07940222186904593,
    "XZXIXZXI": 0.07940222186904593,
    "IXZXIYZY": 0.07940222186904593,
    "IYZYIYZY": 0.07940222186904593,
    "YZYIXZXI": 0.07940222186904593,
    "IIIYYXXI": -0.042976140980345585,
    "IIIYXXYI": 0.042976140980345585,
    "IIIXYYXI": 0.042976140980345585,
    "IIIXXYYI": -0.042976140980345585,
    "IIXZXXZX": 0.042976140980345585,
    "IIYZYYZY": 0.042976140980345585,
    "IIYZYXZX": 0.042976140980345585,
    "IIXZXYZY": 0.042976140980345585,
    "XZZZXZII": -0.04297614097925707,
    "YZZZYZII": -0.04297614097925707,
    "IXZZIXII": -0.04297614097925707,
    "IYZZIYII": -0.04297614097925707,
    "IIIXIZZX": -0.04297614097911875,
    "IIYZZIYI": -0.04297614097911875,
    "IIIYIZZY": -0.04297614097911875,
    "IIXZZIXI": -0.04297614097911875,
    "IXZZZXZI": -0.04297614097847379,
    "YZZZYIIZ": -0.04297614097847379,
    "XZZZXIIZ": -0.04297614097847379,
    "IYZZZYZI": -0.04297614097847379,
    "IIXZZZXZ": -0.04297614097833547,
    "IIIXZZIX": -0.04297614097833547,
    "IIIYZZIY": -0.04297614097833547,
    "IIYZZZYZ": -0.04297614097833547,
    "XZZZZYYX": 0.042976140977246925,
    "XZZZZXYY": -0.042976140977246925,
    "IYZZXIXY": -0.042976140977246925,
    "IYZZYIYY": -0.042976140977246925,
    "IXZZYIYX": -0.042976140977246925,
    "IXZZXIXX": -0.042976140977246925,
    "YZZZZXXY": 0.042976140977246925,
    "YZZZZYXX": -0.042976140977246925,
    "IYYXXIII": -0.039904531969473814,
    "IYXXYIII": 0.039904531969473814,
    "IXYYXIII": 0.039904531969473814,
    "IXXYYIII": -0.039904531969473814,
    "XZXXZXII": 0.039904531969473814,
    "XZXYZYII": 0.039904531969473814,
    "YZYXZXII": 0.039904531969473814,
    "YZYYZYII": 0.039904531969473814,
    "IXIZZXII": -0.03990453196846758,
    "IYIZZYII": -0.03990453196846758,
    "YZZIYIII": -0.03990453196846758,
    "XZZIXIII": -0.03990453196846758,
    "IIZXZZZX": -0.03990453196819868,
    "IIZYZZZY": -0.03990453196819868,
    "IIXIZZXI": -0.03990453196819868,
    "IIYIZZYI": -0.03990453196819868,
    "XIZZXIII": -0.0399045319675766,
    "ZYZZZYII": -0.0399045319675766,
    "ZXZZZXII": -0.0399045319675766,
    "YIZZYIII": -0.0399045319675766,
    "IZYZZZYI": -0.03990453196730769,
    "IZXZZZXI": -0.03990453196730769,
    "ZIIYZZZY": -0.03990453196730769,
    "ZIIXZZZX": -0.03990453196730769,
    "XYYZZZZX": 0.03990453196630147,
    "XXYZZZZY": -0.03990453196630147,
    "YYXZZZZX": -0.03990453196630147,
    "YXXZZZZY": 0.03990453196630147,
    "YYIYZZYI": -0.03990453196630146,
    "YXIXZZYI": -0.03990453196630146,
    "XYIYZZXI": -0.03990453196630146,
    "XXIXZZXI": -0.03990453196630146,
    "IIXYYXII": 0.0327493047744401,
    "IIYYXXII": -0.0327493047744401,
    "IIYXXYII": 0.0327493047744401,
    "IIXXYYII": -0.0327493047744401,
    "IIYYIIXX": -0.032749304773366156,
    "IIYXIIXY": 0.032749304773366156,
    "IIXYIIYX": 0.032749304773366156,
    "IIXXIIYY": -0.032749304773366156,
    "XZZYIYXI": -0.03274930477334165,
    "IYYIYZZY": -0.03274930477334165,
    "IYXIXZZY": -0.03274930477334165,
    "IXYIYZZX": -0.03274930477334165,
    "IXXIXZZX": -0.03274930477334165,
    "YZZYIYYI": -0.03274930477334165,
    "YZZXIXYI": -0.03274930477334165,
    "XZZXIXXI": -0.03274930477334165,
    "IYXIIXYI": 0.03274930477334164,
    "IXYIIYXI": 0.03274930477334164,
    "IXXIIYYI": -0.03274930477334164,
    "IYYIIXXI": -0.03274930477334164,
    "YZZYXZZX": -0.03274930477334164,
    "YZZXXZZY": 0.03274930477334164,
    "XZZYYZZX": 0.03274930477334164,
    "XZZXYZZY": -0.03274930477334164,
    "YXIIXYII": 0.03274930477331714,
    "XXIIYYII": -0.03274930477331714,
    "XYIIYXII": 0.03274930477331714,
    "YYIIXXII": -0.03274930477331714,
    "XYIIIIYX": 0.03274930477224319,
    "YXIIIIXY": 0.03274930477224319,
    "YYIIIIXX": -0.03274930477224319,
    "XXIIIIYY": -0.03274930477224319,
    "IIIIIZIZ": 0.021201010052884675,
    "IIIIZIZI": 0.021201010052884675,
    "IZIZIIII": 0.021201010052884613,
    "ZIZIIIII": 0.021201010052884613,
    "YZZZYIII": 0.006143218023299785,
    "IXZZZXII": 0.006143218023299785,
    "IYZZZYII": 0.006143218023299785,
    "XZZZXIII": 0.006143218023299785,
    "IIIYZZZY": 0.006143218020335239,
    "IIIXZZZX": 0.006143218020335239,
    "IIXZZZXI": 0.006143218020335239,
    "IIYZZZYI": 0.006143218020335239
  },
  "data": {
    "molecule_id": "He2_singlet_Dooh",
    "qubit_encoding": "JW",
    "unit": "Angstrom",
    "basis": "3-21g",
    "charge": 0,
    "multiplicity": 1,
    "spin": 0,
    "geometry": "He 3.1200000000 0.0000000000 0.0000000000\nHe -3.1200000000 0.0000000000 0.0000000000",
    "n_qubits": 8,
    "n_particles": {
      "total": 4,
      "alpha": 2,
      "beta": 2
    },
    "hf_array": [
      1,
      1,
      1,
      1,
      0,
      0,
      0,
      0
    ],
    "hf_method": "pyscf.scf.hf_symm.SymAdaptedRHF",
    "convergence_threshold": 1e-06,
    "point_group": {
      "groupname": "Dooh",
      "topgroup": "Dooh"
    },
    "alpha": 1.2,
    "calculated_properties": {
      "HF": {
        "energy": -5.671359747281133,
        "converged": true
      },
      "MP2": {
        "energy": -5.694352974081558,
        "converged": false
      },
      "CISD": {
        "energy": -5.701057982686174,
        "converged": true
      },
      "CCSD": {
        "energy": -5.701153395169197,
        "converged": true,
        "t1_diagnostic": 0.0003886348737030172
      },
      "FCI": {
        "energy": -5.701153399299458,
        "converged": true,
        "spin_matches_target": true,
        "multiplicity": 1.0000000000000147,
        "oscillatory_converged": false,
        "oscillation_energy_change": null
      }
    },
    "auxiliary_operators": {
      "number_operator": {
        "IIIIIIII": 4.0,
        "ZIIIIIII": -0.5,
        "IZIIIIII": -0.5,
        "IIZIIIII": -0.5,
        "IIIZIIII": -0.5,
        "IIIIZIII": -0.5,
        "IIIIIZII": -0.5,
        "IIIIIIZI": -0.5,
        "IIIIIIIZ": -0.5
      },
      "N_alpha": {
        "IIIIIIII": 2.0,
        "ZIIIIIII": -0.5,
        "IIZIIIII": -0.5,