{
  "hamiltonian": {
    "IIIIIIZI": -0.8808379722473566,
    "IIIIIIIZ": -0.8808379722473566,
    "IIIIZIII": -0.8495104550703838,
    "IIIIIZII": -0.8495104550703838,
    "IIIIIIII": -0.3884081040601449,
    "IZIIIIII": 0.28580016483035253,
    "ZIIIIIII": 0.2858001648303525,
    "IIZIIIII": 0.28100910696424336,
    "IIIZIIII": 0.28100910696424314,
    "IIZZIIII": 0.15474233230941775,
    "ZIIZIIII": 0.15400613820817316,
    "IZZIIIII": 0.15400613820817316,
    "ZZIIIIII": 0.1532853089195626,
    "IIIIZZII": 0.15057964652352143,
    "IIIIIZZI": 0.15022702384070852,
    "IIIIZIIZ": 0.15022702384070852,
    "IIIIIIZZ": 0.1499108215897208,
    "IIZIIZII": 0.14869547537468863,
    "IIIZZIII": 0.14869547537468863,
    "IIZIIIIZ": 0.1484090912087675,
    "IIIZIIZI": 0.1484090912087675,
    "IZIIZIII": 0.1479889189536509,
    "ZIIIIZII": 0.1479889189536509,
    "ZIIIIIIZ": 0.14769207441873472,
    "IZIIIIZI": 0.14769207441873472,
    "IIZIIIZI": 0.11568117663966104,
    "IIIZIIIZ": 0.11568117663966104,
    "ZIIIIIZI": 0.11554012660056376,
    "IZIIIIIZ": 0.11554012660056376,
    "IIIZIZII": 0.11533300706059892,
    "IIZIZIII": 0.11533300706059892,
    "ZIIIZIII": 0.11521358995118854,
    "IZIIIZII": 0.11521358995118854,
    "YYXXIIII": -0.10312338782998162,
    "XYYXIIII": 0.10312338782998162,
    "YXXYIIII": 0.10312338782998162,
    "XXYYIIII": -0.10312338782998162,
    "IIIIYXXY": 0.09935285057814586,
    "IIIIXXYY": -0.09935285057814586,
    "IIIIXYYX": 0.09935285057814586,
    "IIIIYYXX": -0.09935285057814586,
    "XZXIIYZY": 0.09731027224795583,
    "XZXIIXZX": 0.09731027224795583,
    "IYZYYZYI": 0.09731027224795583,
    "IYZYXZXI": 0.09731027224795583,
    "IXZXYZYI": 0.09731027224795583,
    "IXZXXZXI": 0.09731027224795583,
    "YZYIIYZY": 0.09731027224795583,
    "YZYIIXZX": 0.09731027224795583,
    "YZYIYZYI": 0.06456857173864025,
    "IXZXIXZX": 0.06456857173864025,
    "IYZYIYZY": 0.06456857173864025,
    "XZXIXZXI": 0.06456857173864025,
    "IYZYIXZX": 0.06456687390905722,
    "XZXIYZYI": 0.06456687390905722,
    "IXZXIYZY": 0.06456687390905722,
    "YZYIXZXI": 0.06456687390905722,
    "IZIZIIII": 0.05088275037819154,
    "ZIZIIIII": 0.05088275037819154,
    "IIIIIZIZ": 0.050874173262562675,
    "IIIIZIZI": 0.050874173262562675,
    "IIIYXXYI": 0.043808520279256385,
    "IIIYYXXI": -0.043808520279256385,
    "IIYZYYZY": 0.043808520279256385,
    "IIXZXXZX": 0.043808520279256385,
    "IIXZXYZY": 0.043808520279256385,
    "IIIXYYXI": 0.043808520279256385,
    "IIIXXYYI": -0.043808520279256385,
    "IIYZYXZX": 0.043808520279256385,
    "IXZZIXII": -0.04309919433666175,
    "YZZZYZII": -0.04309919433666175,
    "XZZZXZII": -0.04309919433666175,
    "IYZZIYII": -0.04309919433666175,
    "IIYZZIYI": -0.04307742459786343,
    "IIIXIZZX": -0.04307742459786343,
    "IIIYIZZY": -0.04307742459786343,
    "IIXZZIXI": -0.04307742459786343,
    "YZZZYIIZ": -0.042887858827671446,
    "IXZZZXZI": -0.042887858827671446,
    "IYZZZYZI": -0.042887858827671446,
    "XZZZXIIZ": -0.042887858827671446,
    "IIIYZZIY": -0.04284378307816536,
    "IIIXZZIX": -0.04284378307816536,
    "IIXZZZXZ": -0.04284378307816536,
    "IIYZZZYZ": -0.04284378307816536,
    "IYZZYIYY": -0.042138072387589015,
    "IXZZXIXX": -0.042138072387589015,
    "IXZZYIYX": -0.042138072387589015,
    "IYZZXIXY": -0.042138072387589015,
    "XZZZZYYX": 0.042138072387589015,
    "YZZZZXXY": 0.042138072387589015,
    "XZZZZXYY": -0.042138072387589015,
    "YZZZZYXX": -0.042138072387589015,
    "YZYXZXII": 0.0407887436211791,
    "IXXYYIII": -0.0407887436211791,
    "XZXXZXII": 0.0407887436211791,
    "XZXYZYII": 0.0407887436211791,
    "IYXXYIII": 0.0407887436211791,
    "IYYXXIII": -0.0407887436211791,
    "IXYYXIII": 0.0407887436211791,
    "YZYYZYII": 0.0407887436211791,
    "IXIZZXII": -0.04026291491752284,
    "IYIZZYII": -0.04026291491752284,
    "YZZIYIII": -0.04026291491752284,
    "XZZIXIII": -0.04026291491752284,
    "IIYIZZYI": -0.040091314220522076,
    "IIZXZZZX": -0.040091314220522076,
    "IIZYZZZY": -0.040091314220522076,
    "IIXIZZXI": -0.040091314220522076,
    "ZXZZZXII": -0.03971100648640383,
    "ZYZZZYII": -0.03971100648640383,
    "XIZZXIII": -0.03971100648640383,
    "YIZZYIII": -0.03971100648640383,
    "IZXZZZXI": -0.039549892595258554,
    "IZYZZZYI": -0.039549892595258554,
    "ZIIYZZZY": -0.039549892595258554,
    "ZIIXZZZX": -0.039549892595258554,
    "XYYZZZZX": 0.03901402183537016,
    "XXYZZZZY": -0.03901402183537016,
    "YXXZZZZY": 0.03901402183537016,
    "YYXZZZZX": -0.03901402183537016,
    "YYIYZZYI": -0.03901402183537015,
    "YXIXZZYI": -0.03901402183537015,
    "XYIYZZXI": -0.03901402183537015,
    "XXIXZZXI": -0.03901402183537015,
    "IIYXXYII": 0.0333624683140897,
    "IIXXYYII": -0.0333624683140897,
    "IIXYYXII": 0.0333624683140897,
    "IIYYXXII": -0.0333624683140897,
    "YXIIXYII": 0.032775329002462356,
    "YYIIXXII": -0.032775329002462356,
    "XYIIYXII": 0.032775329002462356,
    "XXIIYYII": -0.032775329002462356,
    "IXXIIYYI": -0.03274339833889859,
    "IYXIIXYI": 0.03274339833889859,
    "IXYIIYXI": 0.03274339833889859,
    "XZZXYZZY": -0.03274339833889859,
    "XZZYYZZX": 0.03274339833889859,
    "YZZXXZZY": 0.03274339833889859,
    "IYYIIXXI": -0.03274339833889859,
    "YZZYXZZX": -0.03274339833889859,
    "XZZYIYXI": -0.03274170050931557,
    "IXXIXZZX": -0.03274170050931557,
    "YZZXIXYI": -0.03274170050931557,
    "YZZYIYYI": -0.03274170050931557,
    "IXYIYZZX": -0.03274170050931557,
    "IYXIXZZY": -0.03274170050931557,
    "IYYIYZZY": -0.03274170050931557,
    "XZZXIXXI": -0.03274170050931557,
    "IIXXIIYY": -0.03272791456910644,
    "IIXYIIYX": 0.03272791456910644,
    "IIYXIIXY": 0.03272791456910644,
    "IIYYIIXX": -0.03272791456910644,
    "YYIIIIXX": -0.032151947818170976,
    "XXIIIIYY": -0.032151947818170976,
    "XYIIIIYX": 0.032151947818170976,
    "YXIIIIXY": 0.032151947818170976,
    "XZZZXIII": 0.007289289191887455,
    "YZZZYIII": 0.007289289191887455,
    "IYZZZYII": 0.007289289191887451,
    "IXZZZXII": 0.007289289191887451,
    "IIXZZZXI": 0.0050124916424861,
    "IIYZZZYI": 0.0050124916424861,
    "IIIXZZZX": 0.0050124916424861,
    "IIIYZZZY": 0.0050124916424861,
    "YZZZYIZI": -0.0007497864400824415,
    "XZZZXIZI": -0.0007497864400824415,
    "IYZZZYIZ": -0.0007497864400824415,
    "IXZZZXIZ": -0.0007497864400824415,
    "IIYZIZYI": 0.0007310956813929535,
    "IIXZIZXI": 0.0007310956813929535,
    "IIIXZIZX": 0.0007310956813929535,
    "IIIYZIZY": 0.0007310956813929535,
    "ZIYZZZYI": -0.0005358707598883995,
    "ZIXZZZXI": -0.0005358707598883995,
    "IZIXZZZX": -0.0005358707598883995,
    "IZIYZZZY": -0.0005358707598883995,
    "IYZIZYII": 0.0005258287036562573,
    "YZIZYIII": 0.0005258287036562573,
    "XZIZXIII": 0.0005258287036562573,
    "IXZIZXII": 0.0005258287036562573,
    "YZXIXZYI": 1.6978295830291645e-06,
    "XZYIYZXI": 1.6978295830291645e-06,
    "IYZXIXZY": 1.6978295830291645e-06,
    "IXZYIYZX": 1.6978295830291645e-06
  },
  "data": {
    "molecule_id": "He2_singlet_Dooh",
    "qubit_encoding": "JW",
    "unit": "Angstrom",
    "basis": "3-21g",
    "charge": 0,
    "multiplicity": 1,
    "spin": 0,
    "geometry": "He 1.3000000000 0.0000000000 0.0000000000\nHe -1.3000000000 0.0000000000 0.0000000000",
    "n_qubits": 8,
    "n_particles": {
      "total": 4,
      "alpha": 2,
      "beta": 2
    },
    "hf_array": [
      1,
      1,
      1,
      1,
      0,
      0,
      0,
      0
    ],
    "hf_method": "pyscf.scf.hf_symm.SymAdaptedRHF",
    "convergence_threshold": 1e-06,
    "point_group": {
      "groupname": "Dooh",
      "topgroup": "Dooh"
    },
    "alpha": 0.5,
    "calculated_properties": {
      "HF": {
        "energy": -5.671332141979032,
        "converged": true
      },
      "MP2": {
        "energy": -5.694326431187687,
        "converged": false
      },
      "CISD": {
        "energy": -5.701031646825429,
        "converged": true
      },