{
  "hamiltonian": {
    "IIIIZIII": -0.8649255591941929,
    "IIIIIZII": -0.8649255591941929,
    "IIIIIIZI": -0.8649255591941928,
    "IIIIIIIZ": -0.8649255591941928,
    "IIIIIIII": -0.3894135742254522,
    "IIZIIIII": 0.28341045128150577,
    "IZIIIIII": 0.2834104512815057,
    "IIIZIIII": 0.28341045128150566,
    "ZIIIIIII": 0.2834104512815056,
    "IIZZIIII": 0.13311018069500602,
    "ZIIZIIII": 0.13311018069500602,
    "ZZIIIIII": 0.13311018069500602,
    "IZZIIIII": 0.13311018069500602,
    "IIIIZZII": 0.12933495081092986,
    "IIIIZIIZ": 0.12933495081092986,
    "IIIIIZZI": 0.12933495081092986,
    "IIIIIIZZ": 0.12933495081092986,
    "IIZIIZII": 0.12729510525159082,
    "IZIIIIZI": 0.12729510525159082,
    "IIIZIIZI": 0.12729510525159082,
    "ZIIIIZII": 0.12729510525159082,
    "ZIIIIIIZ": 0.12729510525159082,
    "IIIZZIII": 0.12729510525159082,
    "IZIIZIII": 0.12729510525159082,
    "IIZIIIIZ": 0.12729510525159082,
    "XXYYIIII": -0.12402403352948405,
    "XYYXIIII": 0.12402403352948405,
    "YXXYIIII": 0.12402403352948405,
    "YYXXIIII": -0.12402403352948405,
    "IIIIYXXY": 0.12024880364540791,
    "IIIIXXYY": -0.12024880364540791,
    "IIIIXYYX": 0.12024880364540791,
    "IIIIYYXX": -0.12024880364540791,
    "IYZYYZYI": 0.11820895808606881,
    "YZYIIXZX": 0.11820895808606881,
    "IXZXXZXI": 0.11820895808606881,
    "IXZXYZYI": 0.11820895808606881,
    "XZXIIXZX": 0.11820895808606881,
    "IYZYXZXI": 0.11820895808606881,
    "XZXIIYZY": 0.11820895808606881,
    "YZYIIYZY": 0.11820895808606881,
    "ZIIIZIII": 0.0945458004782492,
    "IIZIIIZI": 0.0945458004782492,
    "IIIZIIIZ": 0.0945458004782492,
    "IZIIIZII": 0.0945458004782492,
    "IIZIZIII": 0.09454580047824918,
    "ZIIIIIZI": 0.09454580047824918,
    "IIIZIZII": 0.09454580047824918,
    "IZIIIIIZ": 0.09454580047824918,
    "IYZYIYZY": 0.08545965331272717,
    "IYZYIXZX": 0.08545965331272717,
    "YZYIXZXI": 0.08545965331272717,
    "YZYIYZYI": 0.08545965331272717,
    "XZXIYZYI": 0.08545965331272717,
    "XZXIXZXI": 0.08545965331272717,
    "IXZXIXZX": 0.08545965331272717,
    "IXZXIYZY": 0.08545965331272717,
    "XZZZXZII": -0.04297614097879623,
    "YZZZYZII": -0.04297614097879623,
    "IIIXZZIX": -0.04297614097879623,
    "IIIYZZIY": -0.04297614097879623,
    "IIIYIZZY": -0.04297614097879623,
    "IIXZZIXI": -0.04297614097879623,
    "IIYZZIYI": -0.04297614097879623,
    "IIXZZZXZ": -0.04297614097879623,
    "IIYZZZYZ": -0.04297614097879623,
    "XZZZXIIZ": -0.04297614097879623,
    "YZZZYIIZ": -0.04297614097879623,
    "IYZZZYZI": -0.04297614097879623,
    "IXZZZXZI": -0.04297614097879623,
    "IIIXIZZX": -0.04297614097879623,
    "IYZZIYII": -0.04297614097879623,
    "IXZZIXII": -0.04297614097879623,
    "YZZZZXXY": 0.04297614097879621,
    "IYZZYIYY": -0.04297614097879621,
    "XZZZZXYY": -0.04297614097879621,
    "XZZZZYYX": 0.04297614097879621,
    "IYZZXIXY": -0.04297614097879621,
    "YZZZZYXX": -0.04297614097879621,
    "IXZZYIYX": -0.04297614097879621,
    "IIIXYYXI": 0.04297614097879621,
    "IIIYXXYI": 0.04297614097879621,
    "IIIXXYYI": -0.04297614097879621,
    "IXZZXIXX": -0.04297614097879621,
    "IIIYYXXI": -0.04297614097879621,
    "IIYZYYZY": 0.04297614097879621,
    "IIYZYXZX": 0.04297614097879621,
    "IIXZXYZY": 0.04297614097879621,
    "IIXZXXZX": 0.04297614097879621,
    "XXIXZZXI": -0.03990453196788764,
    "XYIYZZXI": -0.03990453196788764,
    "YYIYZZYI": -0.03990453196788764,
    "YXIXZZYI": -0.03990453196788764,
    "ZIIYZZZY": -0.03990453196788763,
    "ZXZZZXII": -0.03990453196788763,
    "ZYZZZYII": -0.03990453196788763,
    "XIZZXIII": -0.03990453196788763,
    "YIZZYIII": -0.03990453196788763,
    "XXYZZZZY": -0.03990453196788763,
    "XYYZZZZX": 0.03990453196788763,
    "YXXZZZZY": 0.03990453196788763,
    "YYXZZZZX": -0.03990453196788763,
    "IIYIZZYI": -0.03990453196788763,
    "IIXIZZXI": -0.03990453196788763,
    "IYYXXIII": -0.03990453196788763,
    "IYXXYIII": 0.03990453196788763,
    "IXYYXIII": 0.03990453196788763,
    "IXXYYIII": -0.03990453196788763,
    "IYIZZYII": -0.03990453196788763,
    "IXIZZXII": -0.03990453196788763,
    "IIZYZZZY": -0.03990453196788763,
    "IZXZZZXI": -0.03990453196788763,
    "IIZXZZZX": -0.03990453196788763,
    "YZZIYIII": -0.03990453196788763,
    "XZZIXIII": -0.03990453196788763,
    "YZYYZYII": 0.03990453196788763,
    "YZYXZXII": 0.03990453196788763,
    "XZXYZYII": 0.03990453196788763,
    "ZIIXZZZX": -0.03990453196788763,
    "XZXXZXII": 0.03990453196788763,
    "IZYZZZYI": -0.03990453196788763,
    "IIXXYYII": -0.032749304773341634,
    "IIYYXXII": -0.032749304773341634,
    "IIXYYXII": 0.032749304773341634,
    "IIYXXYII": 0.032749304773341634,
    "XZZYIYXI": -0.032749304773341634,
    "YYIIIIXX": -0.032749304773341634,
    "YXIIIIXY": 0.032749304773341634,
    "XYIIIIYX": 0.032749304773341634,
    "XXIIIIYY": -0.032749304773341634,
    "XZZXIXXI": -0.032749304773341634,
    "YZZYIYYI": -0.032749304773341634,
    "YZZXIXYI": -0.032749304773341634,
    "IXYIYZZX": -0.032749304773341634,
    "IYXIXZZY": -0.032749304773341634,
    "IYYIYZZY": -0.032749304773341634,
    "IXXIXZZX": -0.032749304773341634,
    "IYYIIXXI": -0.03274930477334163,
    "YXIIXYII": 0.03274930477334163,
    "YYIIXXII": -0.03274930477334163,
    "XYIIYXII": 0.03274930477334163,
    "XXIIYYII": -0.03274930477334163,
    "IIYYIIXX": -0.03274930477334163,
    "IYXIIXYI": 0.03274930477334163,
    "IIXYIIYX": 0.03274930477334163,
    "IIXXIIYY": -0.03274930477334163,
    "XZZXYZZY": -0.03274930477334163,
    "XZZYYZZX": 0.03274930477334163,
    "YZZXXZZY": 0.03274930477334163,
    "YZZYXZZX": -0.03274930477334163,
    "IXXIIYYI": -0.03274930477334163,
    "IXYIIYXI": 0.03274930477334163,
    "IIYXIIXY": 0.03274930477334163,
    "ZIZIIIII": 0.009086147165521974,
    "IZIZIIII": 0.009086147165521974,
    "IIIIIZIZ": 0.009086147165521946,
    "IIIIZIZI": 0.009086147165521946,
    "XZZZXIII": 0.006143218021817151,
    "IIXZZZXI": 0.006143218021817151,
    "IXZZZXII": 0.006143218021817151,
    "IIIYZZZY": 0.006143218021817151,
    "IYZZZYII": 0.006143218021817151,
    "YZZZYIII": 0.006143218021817151,
    "IIIXZZZX": 0.006143218021817151,
    "IIYZZZYI": 0.006143218021817151
  },
  "data": {
    "molecule_id": "He2_singlet_Dooh",
    "qubit_encoding": "JW",
    "unit": "Angstrom",
    "basis": "3-21g",
    "charge": 0,
    "multiplicity": 1,
    "spin": 0,
    "geometry": "He 7.2800000000 0.0000000000 0.0000000000\nHe -7.2800000000 0.0000000000 0.0000000000",
    "n_qubits": 8,
    "n_particles": {
      "total": 4,
      "alpha": 2,
      "beta": 2
    },
    "hf_array": [
      1,
      1,
      1,
      1,
      0,
      0,
      0,
      0
    ],
    "hf_method": "pyscf.scf.hf_symm.SymAdaptedRHF",
    "convergence_threshold": 1e-06,
    "point_group": {
      "groupname": "Dooh",
      "topgroup": "Dooh"
    },
    "alpha": 2.8,
    "calculated_properties": {
      "HF": {
        "energy": -5.671359747281134,
        "converged": true
      },
      "MP2": {
        "energy": -5.694352974081559,
        "converged": false
      },
      "CISD": {
        "energy": -5.701057982686175,
        "converged": true
      },
      "CCSD": {
        "energy": -5.70115339516919,
        "converged": true,
        "t1_diagnostic": 0.0003886339215366132
      },
      "FCI": {
        "energy": -5.701153399299463,
        "converged": true,
        "spin_matches_target": true,
        "multiplicity": 1.0000000000000158,
        "oscillatory_converged": false,
        "oscillation_energy_change": null
      }
    },
    "auxiliary_operators": {
      "number_operator": {
        "IIIIIIII": 4.0,
        "ZIIIIIII": -0.5,
        "IZIIIIII": -0.5,
        "IIZIIIII": -0.5,
        "IIIZIIII": -0.5,
        "IIIIZIII": -0.5,
        "IIIIIZII": -0.5,
        "IIIIIIZI": -0.5,
        "IIIIIIIZ": -0.5
      },
      "N_alpha": {
        "IIIIIIII": 2.0,
        "ZIIIIIII": -0.5,
        "IIZIIIII": -0.5,
        "IIIIZIII": -0.5,