{
  "hamiltonian": {
    "IIIIIIZI": -0.8649267852398907,
    "IIIIIIIZ": -0.8649267852398907,
    "IIIIZIII": -0.8649243331503491,
    "IIIIIZII": -0.8649243331503491,
    "IIIIIIII": -0.38941357422251593,
    "ZIIIIIII": 0.2834107773577026,
    "IZIIIIII": 0.28341077735770254,
    "IIIZIIII": 0.2834101252056038,
    "IIZIIIII": 0.2834101252056036,
    "IIZZIIII": 0.14270119115816335,
    "IZZIIIII": 0.14270111381412043,
    "ZIIZIIII": 0.14270111381412043,
    "ZZIIIIII": 0.14270103647018173,
    "IIIIZZII": 0.1389259219425733,
    "IIIIZIIZ": 0.13892588393009855,
    "IIIIIZZI": 0.13892588393009855,
    "IIIIIIZZ": 0.1389258459177501,
    "IIIZZIII": 0.13688609464310603,
    "IIZIIZII": 0.13688609464310603,
    "IIIZIIZI": 0.13688606203330572,
    "IIZIIIIZ": 0.13688606203330572,
    "IZIIZIII": 0.1368860147082027,
    "ZIIIIZII": 0.1368860147082027,
    "ZIIIIIIZ": 0.1368859820984469,
    "IZIIIIZI": 0.1368859820984469,
    "XXYYIIII": -0.11443310041023391,
    "XYYXIIII": 0.11443310041023391,
    "YXXYIIII": 0.11443310041023391,
    "YYXXIIII": -0.11443310041023391,
    "IIIIYXXY": 0.11065787052619053,
    "IIIIXXYY": -0.11065787052619053,
    "IIIIXYYX": 0.11065787052619053,
    "IIIIYYXX": -0.11065787052619053,
    "YZYIIYZY": 0.10861802496683379,
    "IYZYXZXI": 0.10861802496683379,
    "IXZXYZYI": 0.10861802496683379,
    "XZXIIXZX": 0.10861802496683379,
    "XZXIIYZY": 0.10861802496683379,
    "IXZXXZXI": 0.10861802496683379,
    "YZYIIXZX": 0.10861802496683379,
    "IYZYYZYI": 0.10861802496683379,
    "IIIZIIIZ": 0.10413675665218862,
    "IIZIIIZI": 0.10413675665218862,
    "IZIIIIIZ": 0.10413674378923016,
    "ZIIIIIZI": 0.10413674378923016,
    "IIZIZIII": 0.10413672340547726,
    "IIIZIZII": 0.10413672340547726,
    "IZIIIZII": 0.10413671054265614,
    "ZIIIZIII": 0.10413671054265614,
    "IXZXIYZY": 0.07586872019354758,
    "XZXIYZYI": 0.07586872019354758,
    "IYZYIXZX": 0.07586872019354758,
    "YZYIYZYI": 0.07586872019354758,
    "IXZXIXZX": 0.07586872019354758,
    "IYZYIYZY": 0.07586872019354758,
    "XZXIXZXI": 0.07586872019354758,
    "YZYIXZXI": 0.07586872019354758,
    "IIIYXXYI": 0.04297623423563201,
    "IIXZXXZX": 0.04297623423563201,
    "IIXZXYZY": 0.04297623423563201,
    "IIYZYXZX": 0.04297623423563201,
    "IIYZYYZY": 0.04297623423563201,
    "IIIXXYYI": -0.04297623423563201,
    "IIIXYYXI": 0.04297623423563201,
    "IIIYYXXI": -0.04297623423563201,
    "IYZZIYII": -0.04297616873977089,
    "IXZZIXII": -0.04297616873977089,
    "YZZZYZII": -0.04297616873977089,
    "XZZZXZII": -0.04297616873977089,
    "IIIXIZZX": -0.0429761560260174,
    "IIXZZIXI": -0.0429761560260174,
    "IIIYIZZY": -0.0429761560260174,
    "IIYZZIYI": -0.0429761560260174,
    "IYZZZYZI": -0.04297612593158609,
    "XZZZXIIZ": -0.04297612593158609,
    "IXZZZXZI": -0.04297612593158609,
    "YZZZYIIZ": -0.04297612593158609,
    "IIXZZZXZ": -0.04297611321778654,
    "IIYZZZYZ": -0.04297611321778654,
    "IIIXZZIX": -0.04297611321778654,
    "IIIYZZIY": -0.04297611321778654,
    "XZZZZXYY": -0.04297604772193882,
    "IYZZYIYY": -0.04297604772193882,
    "IYZZXIXY": -0.04297604772193882,
    "IXZZYIYX": -0.04297604772193882,
    "IXZZXIXX": -0.04297604772193882,
    "YZZZZXXY": 0.04297604772193882,
    "YZZZZYXX": -0.04297604772193882,
    "XZZZZYYX": 0.04297604772193882,
    "YZYXZXII": 0.03990462809521055,
    "IXYYXIII": 0.03990462809521055,
    "IYXXYIII": 0.03990462809521055,
    "IYYXXIII": -0.03990462809521055,
    "XZXYZYII": 0.03990462809521055,
    "YZYYZYII": 0.03990462809521055,
    "XZXXZXII": 0.03990462809521055,
    "IXXYYIII": -0.03990462809521055,
    "IXIZZXII": -0.03990457056523759,
    "IYIZZYII": -0.03990457056523759,
    "XZZIXIII": -0.03990457056523759,
    "YZZIYIII": -0.03990457056523759,
    "IIZXZZZX": -0.03990454851867678,
    "IIXIZZXI": -0.03990454851867678,
    "IIYIZZYI": -0.03990454851867678,
    "IIZYZZZY": -0.03990454851867678,
    "YIZZYIII": -0.03990451541705591,
    "XIZZXIII": -0.03990451541705591,
    "ZYZZZYII": -0.039904515417055905,
    "ZXZZZXII": -0.039904515417055905,
    "IZYZZZYI": -0.03990449337051409,
    "ZIIXZZZX": -0.03990449337051409,
    "ZIIYZZZY": -0.03990449337051409,
    "IZXZZZXI": -0.03990449337051409,
    "XXYZZZZY": -0.03990443584052414,
    "XYYZZZZX": 0.03990443584052414,
    "YXXZZZZY": 0.03990443584052414,
    "YYXZZZZX": -0.03990443584052414,
    "XXIXZZXI": -0.03990443584052414,
    "XYIYZZXI": -0.03990443584052414,
    "YXIXZZYI": -0.03990443584052414,
    "YYIYZZYI": -0.03990443584052414,
    "IIXXYYII": -0.03274937123762875,
    "IIYXXYII": 0.03274937123762875,
    "IIYYXXII": -0.03274937123762875,
    "IIXYYXII": 0.03274937123762875,
    "IIYXIIXY": 0.03274930538111709,
    "IIXYIIYX": 0.03274930538111709,
    "IIYYIIXX": -0.03274930538111709,
    "IIXXIIYY": -0.03274930538111709,
    "IYYIIXXI": -0.03274930477331259,
    "YZZYXZZX": -0.03274930477331259,
    "XZZYYZZX": 0.03274930477331259,
    "XZZXYZZY": -0.03274930477331259,
    "IXXIIYYI": -0.03274930477331259,
    "YZZXXZZY": 0.03274930477331259,
    "IXYIIYXI": 0.03274930477331259,
    "IYXIIXYI": 0.03274930477331259,
    "IYYIYZZY": -0.03274930477325982,
    "IXYIYZZX": -0.03274930477325982,
    "IXXIXZZX": -0.03274930477325982,
    "XZZXIXXI": -0.03274930477325982,
    "XZZYIYXI": -0.03274930477325982,
    "YZZXIXYI": -0.03274930477325982,
    "YZZYIYYI": -0.03274930477325982,
    "IYXIXZZY": -0.03274930477325982,
    "YXIIXYII": 0.032749304165546556,
    "XXIIYYII": -0.032749304165546556,
    "XYIIYXII": 0.032749304165546556,
    "YYIIXXII": -0.032749304165546556,
    "YYIIIIXX": -0.03274923830921674,
    "XYIIIIYX": 0.03274923830921674,
    "YXIIIIXY": 0.03274923830921674,
    "XXIIIIYY": -0.03274923830921674,
    "IIIIZIZI": 0.028268013403908027,
    "IIIIIZIZ": 0.028268013403908027,
    "ZIZIIIII": 0.028268013403886516,
    "IZIZIIII": 0.028268013403886516,
    "XZZZXIII": 0.0061433451006606965,
    "YZZZYIII": 0.0061433451006606965,
    "IXZZZXII": 0.006143345100660686,
    "IYZZZYII": 0.006143345100660686,
    "IIIXZZZX": 0.006143090943101635,
    "IIIYZZZY": 0.006143090943101635,
    "IIXZZZXI": 0.0061430909431016215,
    "IIYZZZYI": 0.0061430909431016215,
    "IYZZZYIZ": -7.820964727581203e-08,
    "XZZZXIZI": -7.820964727581203e-08,
    "YZZZYIZI": -7.820964727581203e-08,
    "IXZZZXIZ": -7.820964727581203e-08,
    "IIYZIZYI": 7.820961461443843e-08,
    "IIXZIZXI": 7.820961461443843e-08,
    "IIIXZIZX": 7.820961461443843e-08,
    "IIIYZIZY": 7.820961461443843e-08,
    "ZIYZZZYI": -5.7529989948984506e-08,
    "IZIXZZZX": -5.7529989948984506e-08,
    "IZIYZZZY": -5.7529989948984506e-08,
    "ZIXZZZXI": -5.7529989948984506e-08,
    "XZIZXIII": 5.752997295910278e-08,
    "YZIZYIII": 5.752997295910278e-08,
    "IXZIZXII": 5.752997295910278e-08,
    "IYZIZYII": 5.752997295910278e-08
  },
  "data": {
    "molecule_id": "He2_singlet_Dooh",
    "qubit_encoding": "JW",
    "unit": "Angstrom",
    "basis": "3-21g",
    "charge": 0,
    "multiplicity": 1,
    "spin": 0,
    "geometry": "He 2.3400000000 0.0000000000 0.0000000000\nHe -2.3400000000 0.0000000000 0.0000000000",
    "n_qubits": 8,
    "n_particles": {
      "total": 4,
      "alpha": 2,
      "beta": 2
    },
    "hf_array": [
      1,
      1,
      1,
      1,
      0,
      0,
      0,
      0
    ],
    "hf_method": "pyscf.scf.hf_symm.SymAdaptedRHF",
    "convergence_threshold": 1e-06,
    "point_group": {
      "groupname": "Dooh",
      "topgroup": "Dooh"
    },
    "alpha": 0.9,
    "calculated_properties": {
      "HF": {
        "energy": -5.671359747282141,
        "converged": true
      },
      "MP2": {
        "energy": -5.694352974082595,
        "converged": false
      },
      "CISD": {
        "energy": -5.701057982687218,
        "converged": true
      },
      "CCSD": {
        "energy": -5.70115339517024,
        "converged": true
      },
      "FCI": {
        "energy": -5.701153399300508,
        "converged": true,