{
  "hamiltonian": {
    "IIIIIIZI": -0.8649255591943902,
    "IIIIIIIZ": -0.8649255591943901,
    "IIIIZIII": -0.8649255591939955,
    "IIIIIZII": -0.8649255591939955,
    "IIIIIIII": -0.38941357422545364,
    "ZIIIIIII": 0.2834104512815702,
    "IZIIIIII": 0.2834104512815702,
    "IIZIIIII": 0.28341045128144166,
    "IIIZIIII": 0.2834104512814416,
    "IIZZIIII": 0.13835218867512866,
    "IZZIIIII": 0.1383521886751148,
    "ZIIZIIII": 0.1383521886751148,
    "ZZIIIIII": 0.13835218867510096,
    "IIIIZZII": 0.13457695879104867,
    "IIIIZIIZ": 0.13457695879103881,
    "IIIIIZZI": 0.13457695879103881,
    "IIIIIIZZ": 0.1345769587910289,
    "IIIZZIII": 0.13253711323171138,
    "IIZIIZII": 0.13253711323171138,
    "IIIZIIZI": 0.13253711323170253,
    "IIZIIIIZ": 0.13253711323170253,
    "IZIIZIII": 0.13253711323169678,
    "ZIIIIZII": 0.13253711323169678,
    "ZIIIIIIZ": 0.13253711323168793,
    "IZIIIIZI": 0.13253711323168793,
    "XXYYIIII": -0.11878202554937517,
    "XYYXIIII": 0.11878202554937517,
    "YXXYIIII": 0.11878202554937517,
    "YYXXIIII": -0.11878202554937517,
    "IIIIYXXY": 0.11500679566529916,
    "IIIIXXYY": -0.11500679566529916,
    "IIIIXYYX": 0.11500679566529916,
    "IIIIYYXX": -0.11500679566529916,
    "YZYIIXZX": 0.11296695010596003,
    "IXZXYZYI": 0.11296695010596003,
    "IXZXXZXI": 0.11296695010596003,
    "YZYIIYZY": 0.11296695010596003,
    "IYZYXZXI": 0.11296695010596003,
    "XZXIIYZY": 0.11296695010596003,
    "IYZYYZYI": 0.11296695010596003,
    "XZXIIXZX": 0.11296695010596003,
    "IIIZIIIZ": 0.09978780845836058,
    "IIZIIIZI": 0.09978780845836058,
    "IZIIIIIZ": 0.09978780845835916,
    "ZIIIIIZI": 0.09978780845835916,
    "IIIZIZII": 0.09978780845835689,
    "IIZIZIII": 0.09978780845835689,
    "IZIIIZII": 0.09978780845835547,
    "ZIIIZIII": 0.09978780845835547,
    "IXZXIXZX": 0.08021764533261838,
    "YZYIYZYI": 0.08021764533261838,
    "XZXIYZYI": 0.08021764533261838,
    "IYZYIXZX": 0.08021764533261838,
    "XZXIXZXI": 0.08021764533261838,
    "IXZXIYZY": 0.08021764533261838,
    "IYZYIYZY": 0.08021764533261838,
    "YZYIXZXI": 0.08021764533261838,
    "IIIYYXXI": -0.04297614097881445,
    "IIIYXXYI": 0.04297614097881445,
    "IIIXYYXI": 0.04297614097881445,
    "IIIXXYYI": -0.04297614097881445,
    "IIXZXXZX": 0.04297614097881445,
    "IIYZYYZY": 0.04297614097881445,
    "IIYZYXZX": 0.04297614097881445,
    "IIXZXYZY": 0.04297614097881445,
    "XZZZXZII": -0.04297614097880162,
    "YZZZYZII": -0.04297614097880162,
    "IXZZIXII": -0.04297614097880162,
    "IYZZIYII": -0.04297614097880162,
    "IIIXIZZX": -0.04297614097880023,
    "IIYZZIYI": -0.04297614097880023,
    "IIIYIZZY": -0.04297614097880023,
    "IIXZZIXI": -0.04297614097880023,
    "IXZZZXZI": -0.04297614097879231,
    "YZZZYIIZ": -0.04297614097879231,
    "XZZZXIIZ": -0.04297614097879231,
    "IYZZZYZI": -0.04297614097879231,
    "IIXZZZXZ": -0.04297614097879092,
    "IIIXZZIX": -0.04297614097879092,
    "IIIYZZIY": -0.04297614097879092,
    "IIYZZZYZ": -0.04297614097879092,
    "XZZZZYYX": 0.04297614097877807,
    "XZZZZXYY": -0.04297614097877807,
    "IYZZXIXY": -0.04297614097877807,
    "IYZZYIYY": -0.04297614097877807,
    "IXZZYIYX": -0.04297614097877807,
    "IXZZXIXX": -0.04297614097877807,
    "YZZZZXXY": 0.04297614097877807,
    "YZZZZYXX": -0.04297614097877807,
    "IYYXXIII": -0.039904531967906234,
    "IYXXYIII": 0.039904531967906234,
    "IXYYXIII": 0.039904531967906234,
    "IXXYYIII": -0.039904531967906234,
    "XZXXZXII": 0.039904531967906234,
    "XZXYZYII": 0.039904531967906234,
    "YZYXZXII": 0.039904531967906234,
    "YZYYZYII": 0.039904531967906234,
    "IXIZZXII": -0.039904531967894265,
    "IYIZZYII": -0.039904531967894265,
    "YZZIYIII": -0.039904531967894265,
    "XZZIXIII": -0.039904531967894265,
    "IIXIZZXI": -0.03990453196789139,
    "IIYIZZYI": -0.03990453196789139,
    "IIZYZZZY": -0.039904531967891385,
    "IIZXZZZX": -0.039904531967891385,
    "ZXZZZXII": -0.03990453196788388,
    "YIZZYIII": -0.03990453196788388,
    "XIZZXIII": -0.03990453196788388,
    "ZYZZZYII": -0.03990453196788388,
    "IZXZZZXI": -0.03990453196788099,
    "IZYZZZYI": -0.03990453196788099,
    "ZIIYZZZY": -0.03990453196788099,
    "ZIIXZZZX": -0.03990453196788099,
    "XYYZZZZX": 0.03990453196786903,
    "XXYZZZZY": -0.03990453196786903,
    "YYXZZZZX": -0.03990453196786903,
    "YYIYZZYI": -0.03990453196786903,
    "YXIXZZYI": -0.03990453196786903,
    "XYIYZZXI": -0.03990453196786903,
    "XXIXZZXI": -0.03990453196786903,
    "YXXZZZZY": 0.03990453196786903,
    "IIXYYXII": 0.0327493047733545,
    "IIYYXXII": -0.0327493047733545,
    "IIYXXYII": 0.0327493047733545,
    "IIXXYYII": -0.0327493047733545,
    "IIYYIIXX": -0.03274930477334197,
    "IIYXIIXY": 0.03274930477334197,
    "IIXYIIYX": 0.03274930477334197,
    "IIXXIIYY": -0.03274930477334197,
    "XZZYIYXI": -0.03274930477334164,
    "IYXIIXYI": 0.03274930477334164,
    "IXYIIYXI": 0.03274930477334164,
    "IXXIIYYI": -0.03274930477334164,
    "IYYIYZZY": -0.03274930477334164,
    "IYXIXZZY": -0.03274930477334164,
    "IXYIYZZX": -0.03274930477334164,
    "IXXIXZZX": -0.03274930477334164,
    "YZZYIYYI": -0.03274930477334164,
    "YZZXIXYI": -0.03274930477334164,
    "IYYIIXXI": -0.03274930477334164,
    "XZZXIXXI": -0.03274930477334164,
    "YZZYXZZX": -0.03274930477334164,
    "YZZXXZZY": 0.03274930477334164,
    "XZZYYZZX": 0.03274930477334164,
    "XZZXYZZY": -0.03274930477334164,
    "YXIIXYII": 0.032749304773341315,
    "XXIIYYII": -0.032749304773341315,
    "XYIIYXII": 0.032749304773341315,
    "YYIIXXII": -0.032749304773341315,
    "XYIIIIYX": 0.032749304773328776,
    "YXIIIIXY": 0.032749304773328776,
    "YYIIIIXX": -0.032749304773328776,
    "XXIIIIYY": -0.032749304773328776,
    "IIIIIZIZ": 0.019570163125739663,
    "IIIIZIZI": 0.019570163125739663,
    "IZIZIIII": 0.019570163125739642,
    "ZIZIIIII": 0.019570163125739642,
    "YZZZYIII": 0.00614321802183361,
    "IXZZZXII": 0.00614321802183361,
    "IYZZZYII": 0.00614321802183361,
    "XZZZXIII": 0.00614321802183361,
    "IIXZZZXI": 0.00614321802180072,
    "IIYZZZYI": 0.00614321802180072,
    "IIIYZZZY": 0.006143218021800706,
    "IIIXZZZX": 0.006143218021800706
  },
  "data": {
    "molecule_id": "He2_singlet_Dooh",
    "qubit_encoding": "JW",
    "unit": "Angstrom",
    "basis": "3-21g",
    "charge": 0,
    "multiplicity": 1,
    "spin": 0,
    "geometry": "He 3.3800000000 0.0000000000 0.0000000000\nHe -3.3800000000 0.0000000000 0.0000000000",
    "n_qubits": 8,
    "n_particles": {
      "total": 4,
      "alpha": 2,
      "beta": 2
    },
    "hf_array": [
      1,
      1,
      1,
      1,
      0,
      0,
      0,
      0
    ],
    "hf_method": "pyscf.scf.hf_symm.SymAdaptedRHF",
    "convergence_threshold": 1e-06,
    "point_group": {
      "groupname": "Dooh",
      "topgroup": "Dooh"
    },
    "alpha": 1.3,
    "calculated_properties": {
      "HF": {
        "energy": -5.671359747281134,
        "converged": true
      },
      "MP2": {
        "energy": -5.694352974081559,
        "converged": false
      },
      "CISD": {
        "energy": -5.701057982686175,
        "converged": true
      },
      "CCSD": {
        "energy": -5.701153395169196,
        "converged": true
      },
      "FCI": {
        "energy": -5.701153399299461,
        "converged": true,
        "spin_matches_target": true,
        "multiplicity": 1.0000000000000142,
        "oscillatory_converged": false,
        "oscillation_energy_change": null
      }
    },
    "auxiliary_operators": {
      "number_operator": {
        "IIIIIIII": 4.0,
        "ZIIIIIII": -0.5,
        "IZIIIIII": -0.5,
        "IIZIIIII": -0.5,
        "IIIZIIII": -0.5,
        "IIIIZIII": -0.5,
        "IIIIIZII": -0.5,
        "IIIIIIZI": -0.5,
        "IIIIIIIZ": -0.5
      },
      "N_alpha": {
        "IIIIIIII": 2.0,
        "ZIIIIIII": -0.5,
        "IIZIIIII": -0.5,
        "IIIIZIII": -0.5,
        "IIIIIIZI": -0.5
      },