{
  "hamiltonian": {
    "IIIIIIZI": -0.8649255591941944,
    "IIIIIIIZ": -0.8649255591941944,
    "IIIIZIII": -0.864925559194191,
    "IIIIIZII": -0.864925559194191,
    "IIIIIIII": -0.38941357422545136,
    "ZIIIIIII": 0.2834104512815062,
    "IZIIIIII": 0.2834104512815061,
    "IIIZIIII": 0.2834104512815052,
    "IIZIIIII": 0.2834104512815051,
    "IIZZIIII": 0.1376532542777672,
    "IZZIIIII": 0.13765325427776703,
    "ZIIZIIII": 0.13765325427776703,
    "ZZIIIIII": 0.1376532542777669,
    "IIIIZZII": 0.13387802439369093,
    "IIIIZIIZ": 0.1338780243936909,
    "IIIIIZZI": 0.1338780243936909,
    "IIIIIIZZ": 0.13387802439369084,
    "IIIZZIII": 0.1318381788343519,
    "IIZIIZII": 0.1318381788343519,
    "IIIZIIZI": 0.13183817883435187,
    "IIZIIIIZ": 0.13183817883435187,
    "IZIIZIII": 0.13183817883435178,
    "ZIIIIZII": 0.13183817883435178,
    "ZIIIIIIZ": 0.1318381788343517,
    "IZIIIIZI": 0.1318381788343517,
    "XXYYIIII": -0.11948095994672309,
    "XYYXIIII": 0.11948095994672309,
    "YXXYIIII": 0.11948095994672309,
    "YYXXIIII": -0.11948095994672309,
    "IIIIYXXY": 0.11570573006264695,
    "IIIIXXYY": -0.11570573006264695,
    "IIIIXYYX": 0.11570573006264695,
    "IIIIYYXX": -0.11570573006264695,
    "YZYIIXZX": 0.11366588450330783,
    "IXZXYZYI": 0.11366588450330783,
    "IXZXXZXI": 0.11366588450330783,
    "YZYIIYZY": 0.11366588450330783,
    "IYZYXZXI": 0.11366588450330783,
    "XZXIIYZY": 0.11366588450330783,
    "IYZYYZYI": 0.11366588450330783,
    "XZXIIXZX": 0.11366588450330783,
    "IIIZIIIZ": 0.09908887406101022,
    "IIZIIIZI": 0.09908887406101022,
    "IIIZIZII": 0.09908887406101018,
    "IIZIZIII": 0.09908887406101018,
    "IZIIIIIZ": 0.09908887406101016,
    "ZIIIIIZI": 0.09908887406101016,
    "IZIIIZII": 0.09908887406101015,
    "ZIIIZIII": 0.09908887406101015,
    "IXZXIXZX": 0.08091657972996621,
    "YZYIYZYI": 0.08091657972996621,
    "XZXIYZYI": 0.08091657972996621,
    "IYZYIXZX": 0.08091657972996621,
    "XZXIXZXI": 0.08091657972996621,
    "IXZXIYZY": 0.08091657972996621,
    "IYZYIYZY": 0.08091657972996621,
    "YZYIXZXI": 0.08091657972996621,
    "IIIYYXXI": -0.04297614097879636,
    "IIIYXXYI": 0.04297614097879636,
    "IIIXYYXI": 0.04297614097879636,
    "IIIXXYYI": -0.04297614097879636,
    "IIYZYYZY": 0.04297614097879636,
    "IIYZYXZX": 0.04297614097879636,
    "IIXZXYZY": 0.04297614097879636,
    "IIXZXXZX": 0.04297614097879636,
    "IIIXIZZX": -0.04297614097879625,
    "IIIYIZZY": -0.04297614097879625,
    "IIYZZIYI": -0.04297614097879625,
    "IIXZZIXI": -0.04297614097879625,
    "XZZZXZII": -0.04297614097879624,
    "YZZZYZII": -0.04297614097879624,
    "IYZZIYII": -0.04297614097879624,
    "IXZZIXII": -0.04297614097879624,
    "IIXZZZXZ": -0.042976140978796186,
    "IIYZZZYZ": -0.042976140978796186,
    "IIIXZZIX": -0.042976140978796186,
    "IIIYZZIY": -0.042976140978796186,
    "XZZZXIIZ": -0.042976140978796165,
    "IYZZZYZI": -0.042976140978796165,
    "IXZZZXZI": -0.042976140978796165,
    "YZZZYIIZ": -0.042976140978796165,
    "IYZZXIXY": -0.04297614097879607,
    "YZZZZXXY": 0.04297614097879607,
    "XZZZZYYX": 0.04297614097879607,
    "XZZZZXYY": -0.04297614097879607,
    "IYZZYIYY": -0.04297614097879607,
    "IXZZYIYX": -0.04297614097879607,
    "IXZZXIXX": -0.04297614097879607,
    "YZZZZYXX": -0.04297614097879607,
    "IYYXXIII": -0.03990453196788777,
    "IYXXYIII": 0.03990453196788777,
    "IXYYXIII": 0.03990453196788777,
    "IXXYYIII": -0.03990453196788777,
    "XZXXZXII": 0.03990453196788777,
    "XZXYZYII": 0.03990453196788777,
    "YZYXZXII": 0.03990453196788777,
    "YZYYZYII": 0.03990453196788777,
    "IXIZZXII": -0.03990453196788768,
    "IYIZZYII": -0.03990453196788768,
    "YZZIYIII": -0.03990453196788768,
    "XZZIXIII": -0.03990453196788768,
    "IIZXZZZX": -0.039904531967887666,
    "IIZYZZZY": -0.039904531967887666,
    "IIXIZZXI": -0.039904531967887666,
    "IIYIZZYI": -0.039904531967887666,
    "XIZZXIII": -0.039904531967887576,
    "ZYZZZYII": -0.039904531967887576,
    "ZXZZZXII": -0.039904531967887576,
    "YIZZYIII": -0.039904531967887576,
    "IZYZZZYI": -0.03990453196788757,
    "IZXZZZXI": -0.03990453196788757,
    "ZIIYZZZY": -0.03990453196788757,
    "ZIIXZZZX": -0.03990453196788757,
    "XYYZZZZX": 0.03990453196788746,
    "XXYZZZZY": -0.03990453196788746,
    "YYXZZZZX": -0.03990453196788746,
    "YXXZZZZY": 0.03990453196788746,
    "YYIYZZYI": -0.03990453196788745,
    "YXIXZZYI": -0.03990453196788745,
    "XYIYZZXI": -0.03990453196788745,
    "XXIXZZXI": -0.03990453196788745,
    "IIXYYXII": 0.03274930477334173,
    "IIYYXXII": -0.03274930477334173,
    "IIYXXYII": 0.03274930477334173,
    "IIXXYYII": -0.03274930477334173,
    "IIYYIIXX": -0.032749304773341634,
    "IIYXIIXY": 0.032749304773341634,
    "IIXYIIYX": 0.032749304773341634,
    "IIXXIIYY": -0.032749304773341634,
    "XZZYIYXI": -0.03274930477334163,
    "IYXIIXYI": 0.03274930477334163,
    "IXYIIYXI": 0.03274930477334163,
    "IXXIIYYI": -0.03274930477334163,
    "IYYIYZZY": -0.03274930477334163,
    "IYXIXZZY": -0.03274930477334163,
    "IXYIYZZX": -0.03274930477334163,
    "IXXIXZZX": -0.03274930477334163,
    "YZZYIYYI": -0.03274930477334163,
    "YZZXIXYI": -0.03274930477334163,
    "IYYIIXXI": -0.03274930477334163,
    "XZZXIXXI": -0.03274930477334163,
    "YZZYXZZX": -0.03274930477334163,
    "YZZXXZZY": 0.03274930477334163,
    "XZZYYZZX": 0.03274930477334163,
    "XZZXYZZY": -0.03274930477334163,
    "YXIIXYII": 0.03274930477334161,
    "XXIIYYII": -0.03274930477334161,
    "XYIIYXII": 0.03274930477334161,
    "YYIIXXII": -0.03274930477334161,
    "XYIIIIYX": 0.03274930477334152,
    "YXIIIIXY": 0.03274930477334152,
    "YYIIIIXX": -0.03274930477334152,
    "XXIIIIYY": -0.03274930477334152,
    "IZIZIIII": 0.018172294331043948,
    "ZIZIIIII": 0.018172294331043948,
    "IIIIIZIZ": 0.018172294331043934,
    "IIIIZIZI": 0.018172294331043934,
    "YZZZYIII": 0.00614321802181738,
    "IXZZZXII": 0.00614321802181738,
    "IYZZZYII": 0.00614321802181738,
    "XZZZXIII": 0.00614321802181738,
    "IIIYZZZY": 0.006143218021817089,
    "IIIXZZZX": 0.006143218021817089,
    "IIXZZZXI": 0.006143218021817089,
    "IIYZZZYI": 0.006143218021817089
  },
  "data": {
    "molecule_id": "He2_singlet_Dooh",
    "qubit_encoding": "JW",
    "unit": "Angstrom",
    "basis": "3-21g",
    "charge": 0,
    "multiplicity": 1,
    "spin": 0,
    "geometry": "He 3.6400000000 0.0000000000 0.0000000000\nHe -3.6400000000 0.0000000000 0.0000000000",
    "n_qubits": 8,
    "n_particles": {
      "total": 4,
      "alpha": 2,
      "beta": 2
    },
    "hf_array": [
      1,
      1,
      1,
      1,
      0,
      0,
      0,
      0
    ],
    "hf_method": "pyscf.scf.hf_symm.SymAdaptedRHF",
    "convergence_threshold": 1e-06,
    "point_group": {
      "groupname": "Dooh",
      "topgroup": "Dooh"
    },
    "alpha": 1.4,
    "calculated_properties": {
      "HF": {
        "energy": -5.671359747281134,
        "converged": true
      },
      "MP2": {
        "energy": -5.694352974081559,
        "converged": false
      },
      "CISD": {
        "energy": -5.701057982686175,
        "converged": true
      },
      "CCSD": {
        "energy": -5.701153395169176,
        "converged": true
      },
      "FCI": {
        "energy": -5.701153399299466,
        "converged": true,
        "spin_matches_target": true,
        "multiplicity": 1.0000000000000147,
        "oscillatory_converged": false,
        "oscillation_energy_change": null
      }
    },
    "auxiliary_operators": {
      "number_operator": {
        "IIIIIIII": 4.0,
        "ZIIIIIII": -0.5,
        "IZIIIIII": -0.5,
        "IIZIIIII": -0.5,
        "IIIZIIII": -0.5,
        "IIIIZIII": -0.5,
        "IIIIIZII": -0.5,
        "IIIIIIZI": -0.5,
        "IIIIIIIZ": -0.5
      },
      "N_alpha": {
        "IIIIIIII": 2.0,
        "ZIIIIIII": -0.5,
        "IIZIIIII": -0.5,
        "IIIIZIII": -0.5,
        "IIIIIIZI": -0.5
      },