{
  "hamiltonian": {
    "IIIIIIZI": -0.8649255602447405,
    "IIIIIIIZ": -0.8649255602447404,
    "IIIIIZII": -0.8649255581436445,
    "IIIIZIII": -0.8649255581436441,
    "IIIIIIII": -0.38941357422545153,
    "ZIIIIIII": 0.283410451599327,
    "IZIIIIII": 0.283410451599327,
    "IIIZIIII": 0.2834104509636839,
    "IIZIIIII": 0.2834104509636838,
    "IIZZIIII": 0.14013129448482087,
    "IZZIIIII": 0.14013129441382244,
    "ZIIZIIII": 0.14013129441382244,
    "ZZIIIIII": 0.14013129434282398,
    "IIIIZZII": 0.136356064573747,
    "IIIIZIIZ": 0.13635606452973809,
    "IIIIIZZI": 0.13635606452973809,
    "IIIIIIZZ": 0.13635606448572915,
    "IIIZZIII": 0.13431621902704355,
    "IIZIIZII": 0.13431621902704355,
    "IIIZIIZI": 0.1343162189880651,
    "IIZIIIIZ": 0.1343162189880651,
    "IZIIZIII": 0.13431621895274165,
    "ZIIIIZII": 0.13431621895274165,
    "ZIIIIIIZ": 0.13431621891376322,
    "IZIIIIZI": 0.13431621891376322,
    "XXYYIIII": -0.11700291981067557,
    "XYYXIIII": 0.11700291981067557,
    "YXXYIIII": 0.11700291981067557,
    "YYXXIIII": -0.11700291981067557,
    "IIIIYXXY": 0.11322768992659124,
    "IIIIXXYY": -0.11322768992659124,
    "IIIIXYYX": 0.11322768992659124,
    "IIIIYYXX": -0.11322768992659124,
    "XZXIIYZY": 0.11118784436725652,
    "IXZXXZXI": 0.11118784436725652,
    "IXZXYZYI": 0.11118784436725652,
    "IYZYXZXI": 0.11118784436725652,
    "IYZYYZYI": 0.11118784436725652,
    "YZYIIYZY": 0.11118784436725652,
    "XZXIIXZX": 0.11118784436725652,
    "YZYIIXZX": 0.11118784436725652,
    "IIZIIIZI": 0.10156691421349398,
    "IIIZIIIZ": 0.10156691421349398,
    "IZIIIIIZ": 0.10156691420432605,
    "ZIIIIIZI": 0.10156691420432605,
    "IIIZIZII": 0.10156691418979716,
    "IIZIZIII": 0.10156691418979716,
    "IZIIIZII": 0.10156691418062919,
    "ZIIIZIII": 0.10156691418062919,
    "IXZXIXZX": 0.07843853959391475,
    "IYZYIXZX": 0.07843853959391475,
    "IYZYIYZY": 0.07843853959391475,
    "IXZXIYZY": 0.07843853959391475,
    "XZXIXZXI": 0.07843853959391475,
    "XZXIYZYI": 0.07843853959391475,
    "YZYIYZYI": 0.07843853959391475,
    "YZYIXZXI": 0.07843853959391475,
    "IIXZXXZX": 0.04297614106873102,
    "IIYZYXZX": 0.04297614106873102,
    "IIYZYYZY": 0.04297614106873102,
    "IIXZXYZY": 0.04297614106873102,
    "IIIYXXYI": 0.04297614106873102,
    "IIIXXYYI": -0.04297614106873102,
    "IIIYYXXI": -0.04297614106873102,
    "IIIXYYXI": 0.04297614106873102,
    "XZZZXZII": -0.04297614100570542,
    "IXZZIXII": -0.04297614100570542,
    "IYZZIYII": -0.04297614100570542,
    "YZZZYZII": -0.04297614100570542,
    "IIIYIZZY": -0.04297614099642366,
    "IIIXIZZX": -0.04297614099642366,
    "IIXZZIXI": -0.04297614099642366,
    "IIYZZIYI": -0.04297614099642366,
    "IYZZZYZI": -0.04297614096116569,
    "XZZZXIIZ": -0.04297614096116569,
    "YZZZYIIZ": -0.04297614096116569,
    "IXZZZXZI": -0.04297614096116569,
    "IIIXZZIX": -0.042976140951883936,
    "IIIYZZIY": -0.042976140951883936,
    "IIYZZZYZ": -0.042976140951883936,
    "IIXZZZXZ": -0.042976140951883936,
    "XZZZZYYX": 0.04297614088885831,
    "XZZZZXYY": -0.04297614088885831,
    "YZZZZXXY": 0.04297614088885831,
    "YZZZZYXX": -0.04297614088885831,
    "IYZZYIYY": -0.04297614088885831,
    "IYZZXIXY": -0.04297614088885831,
    "IXZZYIYX": -0.04297614088885831,
    "IXZZXIXX": -0.04297614088885831,
    "IXYYXIII": 0.039904532060113206,
    "IXXYYIII": -0.039904532060113206,
    "XZXYZYII": 0.039904532060113206,
    "XZXXZXII": 0.039904532060113206,
    "YZYYZYII": 0.039904532060113206,
    "IYYXXIII": -0.039904532060113206,
    "IYXXYIII": 0.039904532060113206,
    "YZYXZXII": 0.039904532060113206,
    "IYIZZYII": -0.039904532002545276,
    "XZZIXIII": -0.039904532002545276,
    "YZZIYIII": -0.039904532002545276,
    "IXIZZXII": -0.039904532002545276,
    "IIZXZZZX": -0.03990453198534502,
    "IIZYZZZY": -0.03990453198534502,
    "IIYIZZYI": -0.03990453198534502,
    "IIXIZZXI": -0.03990453198534502,
    "ZXZZZXII": -0.03990453195043321,
    "ZYZZZYII": -0.03990453195043321,
    "XIZZXIII": -0.03990453195043321,
    "YIZZYIII": -0.03990453195043321,
    "IZXZZZXI": -0.03990453193323297,
    "ZIIXZZZX": -0.03990453193323297,
    "ZIIYZZZY": -0.03990453193323297,
    "IZYZZZYI": -0.03990453193323297,
    "XYIYZZXI": -0.03990453187566502,
    "XXIXZZXI": -0.03990453187566502,
    "YYXZZZZX": -0.03990453187566502,
    "XXYZZZZY": -0.03990453187566502,
    "XYYZZZZX": 0.03990453187566502,
    "YYIYZZYI": -0.03990453187566502,
    "YXXZZZZY": 0.03990453187566502,
    "YXIXZZYI": -0.03990453187566502,
    "IIXXYYII": -0.032749304837246404,
    "IIXYYXII": 0.032749304837246404,
    "IIYXXYII": 0.032749304837246404,
    "IIYYXXII": -0.032749304837246404,
    "IIXXIIYY": -0.032749304774571095,
    "IIYYIIXX": -0.032749304774571095,
    "IIYXIIXY": 0.032749304774571095,
    "IIXYIIYX": 0.032749304774571095,
    "YZZXXZZY": 0.032749304773341786,
    "YZZYXZZX": -0.032749304773341786,
    "IYYIIXXI": -0.032749304773341786,
    "IYXIIXYI": 0.032749304773341786,
    "IXYIIYXI": 0.032749304773341786,
    "IXXIIYYI": -0.032749304773341786,
    "XZZYYZZX": 0.032749304773341786,
    "XZZXYZZY": -0.032749304773341786,
    "XZZYIYXI": -0.03274930477334178,
    "IYXIXZZY": -0.03274930477334178,
    "IXYIYZZX": -0.03274930477334178,
    "IXXIXZZX": -0.03274930477334178,
    "YZZYIYYI": -0.03274930477334178,
    "YZZXIXYI": -0.03274930477334178,
    "XZZXIXXI": -0.03274930477334178,
    "IYYIYZZY": -0.03274930477334178,
    "XXIIYYII": -0.03274930477211248,
    "YXIIXYII": 0.03274930477211248,
    "YYIIXXII": -0.03274930477211248,
    "XYIIYXII": 0.03274930477211248,
    "XYIIIIYX": 0.032749304709437155,
    "YXIIIIXY": 0.032749304709437155,
    "YYIIIIXX": -0.032749304709437155,
    "XXIIIIYY": -0.032749304709437155,
    "IZIZIIII": 0.023128374603146873,
    "ZIZIIIII": 0.023128374603146873,
    "IIIIIZIZ": 0.02312837460314683,
    "IIIIZIZI": 0.02312837460314683,
    "YZZZYIII": 0.006143218111462019,
    "IXZZZXII": 0.006143218111462019,
    "IYZZZYII": 0.006143218111462019,
    "XZZZXIII": 0.006143218111462019,
    "IIIYZZZY": 0.006143217932229848,
    "IIIXZZZX": 0.006143217932229848,
    "IIXZZZXI": 0.006143217932229848,
    "IIYZZZYI": 0.006143217932229848
  },
  "data": {
    "molecule_id": "He2_singlet_Dooh",
    "qubit_encoding": "JW",
    "unit": "Angstrom",
    "basis": "3-21g",
    "charge": 0,
    "multiplicity": 1,
    "spin": 0,
    "geometry": "He 2.8600000000 0.0000000000 0.0000000000\nHe -2.8600000000 0.0000000000 0.0000000000",
    "n_qubits": 8,
    "n_particles": {
      "total": 4,
      "alpha": 2,
      "beta": 2
    },
    "hf_array": [
      1,
      1,
      1,
      1,
      0,
      0,
      0,
      0
    ],
    "hf_method": "pyscf.scf.hf_symm.SymAdaptedRHF",
    "convergence_threshold": 1e-06,
    "point_group": {
      "groupname": "Dooh",
      "topgroup": "Dooh"
    },
    "alpha": 1.1,
    "calculated_properties": {
      "HF": {
        "energy": -5.6713597472811355,
        "converged": true
      },
      "MP2": {
        "energy": -5.6943529740815615,
        "converged": false
      },
      "CISD": {
        "energy": -5.7010579826861765,
        "converged": true
      },
      "CCSD": {
        "energy": -5.7011533951691735,
        "converged": true
      },
      "FCI": {
        "energy": -5.7011533992994625,
        "converged": true,
        "spin_matches_target": true,
        "multiplicity": 1.0000000000000147,
        "oscillatory_converged": false,
        "oscillation_energy_change": null
      }
    },
    "auxiliary_operators": {
      "number_operator": {
        "IIIIIIII": 4.0,
        "ZIIIIIII": -0.5,
        "IZIIIIII": -0.5,
        "IIZIIIII": -0.5,
        "IIIZIIII": -0.5,
        "IIIIZIII": -0.5,
        "IIIIIZII": -0.5,
        "IIIIIIZI": -0.5,
        "IIIIIIIZ": -0.5
      },
      "N_alpha": {
        "IIIIIIII": 2.0,
        "ZIIIIIII": -0.5,
        "IIZIIIII": -0.5,
        "IIIIZIII": -0.5,