{
  "hamiltonian": {
    "IIIIIIIIII": -4.122427433045915,
    "ZIIIIIIIII": 1.004274984430901,
    "IZIIIIIIII": 1.004274984430901,
    "ZZIIIIIIII": 0.4146486111051399,
    "IIIIIIIIZI": -0.23356336736397587,
    "IIIIIIIIIZ": -0.23356336736397584,
    "IIIIZIIIII": -0.23356336736397582,
    "IIIIIZIIII": -0.23356336736397582,
    "IIIIIIZIII": -0.23356336736397582,
    "IIIIIIIZII": -0.23356336736397582,
    "IIZIIIIIII": -0.17098834885631245,
    "IIIZIIIIII": -0.17098834885631242,
    "ZIIZIIIIII": 0.10013038715154506,
    "IZZIIIIIII": 0.10013038715154506,
    "IZIIIIIIZI": 0.09908220451140877,
    "ZIIIIZIIII": 0.09908220451140877,
    "ZIIIIIIIIZ": 0.09908220451140877,
    "IZIIZIIIII": 0.09908220451140877,
    "ZIIIIIIZII": 0.09908220451140876,
    "IZIIIIZIII": 0.09908220451140876,
    "IZIIIIIIIZ": 0.09662411117838729,
    "ZIIIIIIIZI": 0.09662411117838729,
    "ZIIIZIIIII": 0.09662411117838729,
    "IZIIIZIIII": 0.09662411117838729,
    "IZIIIIIZII": 0.09662411117838728,
    "ZIIIIIZIII": 0.09662411117838728,
    "IZIZIIIIII": 0.09231413002259518,
    "ZIZIIIIIII": 0.09231413002259518,
    "IIIIIIZZII": 0.0782363777898523,
    "IIIIZZIIII": 0.0782363777898523,
    "IIIIIIIIZZ": 0.0782363777898523,
    "IIIZZIIIII": 0.07141754529855632,
    "IIZIIZIIII": 0.07141754529855632,
    "IIZIIIIZII": 0.07141754529855632,
    "IIZIIIIIIZ": 0.07141754529855632,
    "IIIZIIZIII": 0.07141754529855632,
    "IIIZIIIIZI": 0.07141754529855632,
    "IIZZIIIIII": 0.07060621265096563,
    "IIIIIZZIII": 0.06980180803300681,
    "IIIIZIIIIZ": 0.06980180803300681,
    "IIIIIZIIZI": 0.06980180803300681,
    "IIIIIIIZZI": 0.06980180803300681,
    "IIIIIIZIIZ": 0.06980180803300681,
    "IIIIZIIZII": 0.06980180803300681,
    "IIIIZIZIII": 0.06558452315458405,
    "IIIIIIZIZI": 0.06558452315458405,
    "IIIIZIIIZI": 0.06558452315458405,
    "IIIIIZIZII": 0.06558452315458405,
    "IIIIIZIIIZ": 0.06558452315458405,
    "IIIIIIIZIZ": 0.06558452315458405,
    "IIZIIIZIII": 0.05622003692516708,
    "IIIZIIIIIZ": 0.05622003692516708,
    "IIZIZIIIII": 0.05622003692516708,
    "IIIZIZIIII": 0.05622003692516708,
    "IIZIIIIIZI": 0.05622003692516708,
    "IIIZIIIZII": 0.05622003692516708,
    "ZYZYIIIIII": 0.04614256480481078,
    "ZXZXIIIIII": 0.04614256480481078,
    "YIYIIIIIII": 0.04614256480481078,
    "XIXIIIIIII": 0.04614256480481078,
    "IYZYIIIIII": 0.028650267876787774,
    "IXZXIIIIII": 0.028650267876787774,
    "YZYIIIIIII": 0.028650267876787733,
    "XZXIIIIIII": 0.028650267876787733,
    "IIYYIIXXII": -0.015197508373389233,
    "IIXXIIYYII": -0.015197508373389233,
    "IIXYIIYXII": 0.015197508373389233,
    "IIYXIIXYII": 0.015197508373389233,
    "IIXYYXIIII": 0.015197508373389231,
    "IIXYIIIIYX": 0.015197508373389231,
    "IIYYXXIIII": -0.015197508373389231,
    "IIXXYYIIII": -0.015197508373389231,
    "IIXXIIIIYY": -0.015197508373389231,
    "IIYYIIIIXX": -0.015197508373389231,
    "IIYXIIIIXY": 0.015197508373389231,
    "IIYXXYIIII": 0.015197508373389231,
    "XXYYIIIIII": -0.007816257128949863,
    "XYYXIIIIII": 0.007816257128949863,
    "YYXXIIIIII": -0.007816257128949863,
    "YXXYIIIIII": 0.007816257128949863,
    "XZXIIIZIII": 0.005055180475032211,
    "YZYIIIZIII": 0.005055180475032211,
    "IYZYIIIZII": 0.005055180475032211,
    "IXZXIIIZII": 0.005055180475032211,
    "IYZYIZIIII": 0.005055180475032208,
    "IXZXIZIIII": 0.005055180475032208,
    "IXZXIIIIIZ": 0.005055180475032208,
    "YZYIZIIIII": 0.005055180475032208,
    "IYZYIIIIIZ": 0.005055180475032208,
    "XZXIIIIIZI": 0.005055180475032208,
    "YZYIIIIIZI": 0.005055180475032208,
    "XZXIZIIIII": 0.005055180475032208,
    "IIIIIIXYYX": 0.00421728487842276,
    "IIIIXXYYII": -0.00421728487842276,
    "IIIIXYYXII": 0.00421728487842276,
    "IIIIIIXXYY": -0.00421728487842276,
    "IIIIIIYYXX": -0.00421728487842276,
    "IIIIXYIIYX": 0.00421728487842276,
    "IIIIYXXYII": 0.00421728487842276,
    "IIIIYXIIXY": 0.00421728487842276,
    "IIIIYYIIXX": -0.00421728487842276,
    "IIIIXXIIYY": -0.00421728487842276,
    "IIIIIIYXXY": 0.00421728487842276,
    "IIIIYYXXII": -0.00421728487842276,
    "IYXIIIXYII": -0.0034234042364125646,
    "YZZYIIIIXX": -0.0034234042364125646,
    "YZZXXYIIII": 0.0034234042364125646,
    "IXYIIIYXII": -0.0034234042364125646,
    "IXXIIIXXII": -0.0034234042364125646,
    "IYYIIIYYII": -0.0034234042364125646,
    "YZZYXXIIII": -0.0034234042364125646,
    "XZZXYYIIII": -0.0034234042364125646,
    "XZZYYXIIII": 0.0034234042364125646,
    "YZZXIIXYII": 0.0034234042364125646,
    "YZZYIIXXII": -0.0034234042364125646,
    "XZZXIIYYII": -0.0034234042364125646,
    "XZZYIIIIYX": 0.0034234042364125646,
    "XZZXIIIIYY": -0.0034234042364125646,
    "XZZYIIYXII": 0.0034234042364125646,
    "YZZXIIIIXY": 0.0034234042364125646,
    "IXXIIIIIXX": -0.003423404236412564,
    "IYXIXYIIII": -0.003423404236412564,
    "IYYIYYIIII": -0.003423404236412564,
    "IXXIXXIIII": -0.003423404236412564,
    "IXYIYXIIII": -0.003423404236412564,
    "IYYIIIIIYY": -0.003423404236412564,
    "IXYIIIIIYX": -0.003423404236412564,
    "IYXIIIIIXY": -0.003423404236412564,
    "IYIYIIIIII": 0.002568573212932688,
    "IXIXIIIIII": 0.002568573212932688,
    "XZXZIIIIII": 0.002568573212932688,
    "YZYZIIIIII": 0.002568573212932688,
    "XYIIIIYXII": 0.0024580933330214804,
    "XXIIIIYYII": -0.0024580933330214804,
    "YXIIIIIIXY": 0.0024580933330214804,
    "YYIIIIIIXX": -0.0024580933330214804,
    "XXIIIIIIYY": -0.0024580933330214804,
    "XYIIIIIIYX": 0.0024580933330214804,
    "YXIIXYIIII": 0.0024580933330214804,
    "YYIIXXIIII": -0.0024580933330214804,
    "YYIIIIXXII": -0.0024580933330214804,
    "YXIIIIXYII": 0.0024580933330214804,
    "XXIIYYIIII": -0.0024580933330214804,
    "XYIIYXIIII": 0.0024580933330214804,
    "IYZYIIZIII": 0.0016317762386196459,
    "IXZXIIZIII": 0.0016317762386196459,
    "XZXIIIIZII": 0.0016317762386196459,
    "YZYIIIIZII": 0.0016317762386196459,
    "IYZYIIIIZI": 0.0016317762386196442,
    "IXZXIIIIZI": 0.0016317762386196442,
    "YZYIIIIIIZ": 0.0016317762386196442,
    "XZXIIIIIIZ": 0.0016317762386196442,
    "IYZYZIIIII": 0.0016317762386196442,
    "IXZXZIIIII": 0.0016317762386196442,
    "YZYIIZIIII": 0.0016317762386196442,
    "XZXIIZIIII": 0.0016317762386196442
  },
  "data": {
    "molecule_id": "Li-_singlet_Kh",
    "qubit_encoding": "JW",
    "basis": "sto-3g",
    "charge": -1,
    "multiplicity": 1,
    "geometry": "Li 0.0000000000 0.0000000000 0.0000000000",
    "n_qubits": 10,
    "alpha": 1.0,
    "energies": {
      "HF": -7.213273317260588,
      "MP2": -7.231430158360094,
      "CISD": -7.253782925304563,
      "CCSD": -7.253786538321,
      "FCI": -7.253791256605037
    },
    "converged": {
      "HF": true,
      "MP2": false,
      "CISD": true,
      "CCSD": true,
      "FCI": true
    },
    "fci_spin_matches_target": true,
    "fci_multiplicity": 0.999999999999998,
    "hf_method_fallback": "standard",
    "generation_time_s": 0.065,
    "timestamp": "2026-02-25T23:47:57.418980+00:00"
  }
}