{
  "hamiltonian": {
    "IIII": 0.9862756534740825,
    "IIZI": -0.7483410532425616,
    "IIIZ": -0.7483410532425616,
    "ZIII": -0.19279171202780138,
    "IZII": -0.19279171202780138,
    "IIZZ": 0.1742033420255437,
    "IZZI": 0.1602662691692755,
    "ZIIZ": 0.1602662691692755,
    "ZZII": 0.15999549839544208,
    "IZIZ": 0.12062924915355336,
    "ZIZI": 0.12062924915355336,
    "YZYI": 0.10305167144848182,
    "XZXI": 0.10305167144848182,
    "IYZY": 0.10305167144848182,
    "IXZX": 0.10305167144848182,
    "IXIX": -0.057084339361184774,
    "IYIY": -0.057084339361184774,
    "XZXZ": -0.057084339361184774,
    "YZYZ": -0.057084339361184774,
    "ZXZX": -0.045967332087297044,
    "ZYZY": -0.045967332087297044,
    "XIXI": -0.045967332087297044,
    "YIYI": -0.045967332087297044,
    "YYXX": -0.039637020015722176,
    "YXXY": 0.039637020015722176,
    "XYYX": 0.039637020015722176,
    "XXYY": -0.039637020015722176
  },
  "data": {
    "molecule_id": "H+_singlet_Kh",
    "qubit_encoding": "JW",
    "basis": "3-21g",
    "charge": 1,
    "multiplicity": 1,
    "geometry": "H 0.0000000000 0.0000000000 0.0000000000",
    "n_qubits": 4,
    "alpha": 1.0,
    "energies": {
      "HF": 0.0,
      "MP2": null,
      "CISD": null,
      "CCSD": null,
      "FCI": 0.0
    },
    "converged": {
      "HF": true,
      "MP2": false,
      "CISD": false,
      "CCSD": false,
      "FCI": true
    },
    "fci_spin_matches_target": true,
    "fci_multiplicity": 1.0,
    "hf_method_fallback": "standard",
    "generation_time_s": 0.022,
    "timestamp": "2026-02-25T23:45:36.231589+00:00"
  }
}