{
  "hamiltonian": {
    "IIIIIIIIII": 9.059679137312292,
    "IIIIIIZIII": -1.8727472342190117,
    "IIIIIIIZII": -1.8727472342190115,
    "IIIIZIIIII": -1.8727472342190112,
    "IIIIIIIIZI": -1.8727472342190112,
    "IIIIIIIIIZ": -1.8727472342190112,
    "IIIIIZIIII": -1.872747234219011,
    "IIZIIIIIII": -1.2036280526587493,
    "IIIZIIIIII": -1.203628052658749,
    "IZIIIIIIII": -1.0308535881188843,
    "ZIIIIIIIII": -1.030853588118884,
    "YZYIIIIIII": -0.3286441929648362,
    "XZXIIIIIII": -0.3286441929648362,
    "IXZXIIIIII": -0.32864419296483616,
    "IYZYIIIIII": -0.32864419296483616,
    "IIIIIIZZII": 0.19642967724918134,
    "IIIIZZIIII": 0.19642967724918134,
    "IIIIIIIIZZ": 0.19642967724918134,
    "IIIIIIIZZI": 0.17237706370846534,
    "IIIIIIZIIZ": 0.17237706370846534,
    "IIIIIZIIZI": 0.17237706370846534,
    "IIIIIZZIII": 0.17237706370846534,
    "IIIIZIIIIZ": 0.17237706370846534,
    "IIIIZIIZII": 0.17237706370846534,
    "IZIIZIIIII": 0.16580429757780796,
    "ZIIIIIIIIZ": 0.16580429757780796,
    "ZIIIIIIZII": 0.16580429757780796,
    "IZIIIIZIII": 0.16580429757780796,
    "ZIIIIZIIII": 0.16580429757780796,
    "IZIIIIIIZI": 0.16580429757780796,
    "IIIIIIIZIZ": 0.1603507569381073,
    "IIIIZIIIZI": 0.1603507569381073,
    "IIIIZIZIII": 0.1603507569381073,
    "IIIIIIZIZI": 0.1603507569381073,
    "IIIIIZIZII": 0.1603507569381073,
    "IIIIIZIIIZ": 0.1603507569381073,
    "ZZIIIIIIII": 0.15631582628289836,
    "IZIIIIIIIZ": 0.13315186491308142,
    "ZIIIIIZIII": 0.13315186491308142,
    "IZIIIZIIII": 0.13315186491308142,
    "ZIIIZIIIII": 0.13315186491308142,
    "ZIIIIIIIZI": 0.13315186491308142,
    "IZIIIIIZII": 0.13315186491308142,
    "IIZIIIIZII": 0.1323251978956359,
    "IIIZIIZIII": 0.1323251978956359,
    "IIIZZIIIII": 0.13232519789563588,
    "IIZIIZIIII": 0.13232519789563588,
    "IIIZIIIIZI": 0.13232519789563588,
    "IIZIIIIIIZ": 0.13232519789563588,
    "ZIIZIIIIII": 0.1296803995698342,
    "IZZIIIIIII": 0.1296803995698342,
    "IIZIZIIIII": 0.1243709856874861,
    "IIIZIIIIIZ": 0.1243709856874861,
    "IIZIIIIIZI": 0.1243709856874861,
    "IIIZIZIIII": 0.1243709856874861,
    "IIZIIIZIII": 0.12437098568748609,
    "IIIZIIIZII": 0.12437098568748609,
    "IIZZIIIIII": 0.11526473905688556,
    "IZIZIIIIII": 0.0976280765032751,
    "ZIZIIIIIII": 0.0976280765032751,
    "IXZXIIIIZI": 0.04767708936301986,
    "XZXIIIIIIZ": 0.04767708936301986,
    "YZYIIZIIII": 0.04767708936301986,
    "XZXIIZIIII": 0.04767708936301986,
    "IYZYIIIIZI": 0.04767708936301986,
    "YZYIIIIIIZ": 0.04767708936301986,
    "IXZXZIIIII": 0.04767708936301986,
    "IYZYZIIIII": 0.04767708936301986,
    "YZYIIIIZII": 0.047677089363019856,
    "IYZYIIZIII": 0.047677089363019856,
    "IXZXIIZIII": 0.047677089363019856,
    "XZXIIIIZII": 0.047677089363019856,
    "ZYZYIIIIII": 0.045428383215937646,
    "YIYIIIIIII": 0.045428383215937646,
    "XIXIIIIIII": 0.045428383215937646,
    "ZXZXIIIIII": 0.045428383215937646,
    "IYIYIIIIII": 0.0359510396011892,
    "XZXZIIIIII": 0.0359510396011892,
    "YZYZIIIIII": 0.0359510396011892,
    "IXIXIIIIII": 0.0359510396011892,
    "YZYIZIIIII": 0.03474450068621664,
    "XZXIZIIIII": 0.03474450068621664,
    "IYZYIZIIII": 0.03474450068621664,
    "YZYIIIIIZI": 0.03474450068621664,
    "XZXIIIIIZI": 0.03474450068621664,
    "IXZXIZIIII": 0.03474450068621664,
    "IYZYIIIIIZ": 0.03474450068621664,
    "IXZXIIIIIZ": 0.03474450068621664,
    "IYZYIIIZII": 0.03474450068621663,
    "XZXIIIZIII": 0.03474450068621663,
    "YZYIIIZIII": 0.03474450068621663,
    "IXZXIIIZII": 0.03474450068621663,
    "YYIIIIIIXX": -0.03265243266472657,
    "XYIIYXIIII": 0.03265243266472657,
    "YXIIIIIIXY": 0.03265243266472657,
    "YYIIIIXXII": -0.03265243266472657,
    "XXIIYYIIII": -0.03265243266472657,
    "YXIIIIXYII": 0.03265243266472657,
    "YYIIXXIIII": -0.03265243266472657,
    "XXIIIIYYII": -0.03265243266472657,
    "YXIIXYIIII": 0.03265243266472657,
    "XYIIIIIIYX": 0.03265243266472657,
    "XXIIIIIIYY": -0.03265243266472657,
    "XYIIIIYXII": 0.03265243266472657,
    "XYYXIIIIII": 0.032052323066559106,
    "XXYYIIIIII": -0.032052323066559106,
    "YYXXIIIIII": -0.032052323066559106,
    "YXXYIIIIII": 0.032052323066559106,
    "IYXIIIXYII": 0.012932588676803232,
    "XZZYIIYXII": -0.012932588676803232,
    "YZZXIIXYII": -0.012932588676803232,
    "IXYIIIYXII": 0.012932588676803232,
    "IXXIIIXXII": 0.012932588676803232,
    "IYYIIIYYII": 0.012932588676803232,
    "XZZXIIYYII": 0.012932588676803232,
    "YZZYIIXXII": 0.012932588676803232,
    "IXXIXXIIII": 0.012932588676803228,
    "IYYIYYIIII": 0.012932588676803228,
    "IXYIYXIIII": 0.012932588676803228,
    "IYXIXYIIII": 0.012932588676803228,
    "IYXIIIIIXY": 0.012932588676803228,
    "IYYIIIIIYY": 0.012932588676803228,
    "IXXIIIIIXX": 0.012932588676803228,
    "IXYIIIIIYX": 0.012932588676803228,
    "XZZYYXIIII": -0.012932588676803226,
    "XZZXYYIIII": 0.012932588676803226,
    "YZZYXXIIII": 0.012932588676803226,
    "YZZXXYIIII": -0.012932588676803226,
    "YZZYIIIIXX": 0.012932588676803226,
    "YZZXIIIIXY": -0.012932588676803226,
    "XZZXIIIIYY": 0.012932588676803226,
    "XZZYIIIIYX": -0.012932588676803226,
    "IIIIIIXXYY": -0.01202630677035804,
    "IIIIIIYYXX": -0.01202630677035804,
    "IIIIIIXYYX": 0.01202630677035804,
    "IIIIIIYXXY": 0.01202630677035804,
    "IIIIXYIIYX": 0.01202630677035804,
    "IIIIXXIIYY": -0.01202630677035804,
    "IIIIYYIIXX": -0.01202630677035804,
    "IIIIYXIIXY": 0.01202630677035804,
    "IIIIXYYXII": 0.01202630677035804,
    "IIIIXXYYII": -0.01202630677035804,
    "IIIIYYXXII": -0.01202630677035804,
    "IIIIYXXYII": 0.01202630677035804,
    "IIXYIIYXII": 0.00795421220814979,
    "IIYXIIXYII": 0.00795421220814979,
    "IIYYIIXXII": -0.00795421220814979,
    "IIXXIIYYII": -0.00795421220814979,
    "IIYYXXIIII": -0.007954212208149762,
    "IIYYIIIIXX": -0.007954212208149762,
    "IIYXIIIIXY": 0.007954212208149762,
    "IIXXYYIIII": -0.007954212208149762,
    "IIXYIIIIYX": 0.007954212208149762,
    "IIYXXYIIII": 0.007954212208149762,
    "IIXYYXIIII": 0.007954212208149762,
    "IIXXIIIIYY": -0.007954212208149762
  },
  "data": {
    "molecule_id": "H+_singlet_Kh",
    "qubit_encoding": "JW",
    "basis": "cc-pvdz",
    "charge": 1,
    "multiplicity": 1,
    "geometry": "H 0.0000000000 0.0000000000 0.0000000000",
    "n_qubits": 10,
    "alpha": 1.0,
    "energies": {
      "HF": 0.0,
      "MP2": null,
      "CISD": null,
      "CCSD": null,
      "FCI": 0.0
    },
    "converged": {
      "HF": true,
      "MP2": false,
      "CISD": false,
      "CCSD": false,
      "FCI": true
    },
    "fci_spin_matches_target": true,
    "fci_multiplicity": 1.0,
    "hf_method_fallback": "standard",
    "generation_time_s": 0.042,
    "timestamp": "2026-02-25T23:45:36.403221+00:00"
  }
}