{
  "hamiltonian": {
    "IIIIIIIIIIII": 13.920043137920711,
    "IIIIIIIIIIIZ": -2.7484693952136046,
    "IIIIIIIIIIZI": -2.7484693952136046,
    "IIIIIZIIIIII": -2.2076799743379825,
    "IIIIIIIZIIII": -2.207679974337982,
    "IIIIZIIIIIII": -2.207679974337982,
    "IIIIIIZIIIII": -2.207679974337982,
    "IIIIIIIIZIII": -2.2076799743379816,
    "IIIIIIIIIZII": -2.2076799743379816,
    "ZIIIIIIIIIII": -1.3151236305174112,
    "IZIIIIIIIIII": -1.315123630517411,
    "IIIZIIIIIIII": -1.0965690657669174,
    "IIZIIIIIIIII": -1.0965690657669172,
    "IXZXIIIIIIII": -0.3695162111694825,
    "IYZYIIIIIIII": -0.3695162111694825,
    "YZYIIIIIIIII": -0.36951621116948247,
    "XZXIIIIIIIII": -0.36951621116948247,
    "IIIXZZZZZZZX": 0.3422812715169841,
    "IIIYZZZZZZZY": 0.3422812715169841,
    "IIXZZZZZZZXI": 0.3422812715169841,
    "IIYZZZZZZZYI": 0.3422812715169841,
    "IIIIIIIIIIZZ": 0.2333067131400738,
    "XZZZZZZZZZXI": -0.21517528316821888,
    "YZZZZZZZZZYI": -0.21517528316821888,
    "IXZZZZZZZZZX": -0.21517528316821888,
    "IYZZZZZZZZZY": -0.21517528316821888,
    "IIIIIIZZIIII": 0.19951269236035904,
    "IIIIZZIIIIII": 0.19951269236035904,
    "IIIIIIIIZZII": 0.19951269236035904,
    "IIIIIIZIIIIZ": 0.17847928715906683,
    "IIIIIIIZIIZI": 0.17847928715906683,
    "IIIIZIIIIIIZ": 0.17847928715906677,
    "IIIIIZIIIIZI": 0.17847928715906677,
    "IIIIIIIIZIIZ": 0.17847928715906677,
    "IIIIIIIIIZZI": 0.17847928715906677,
    "ZIIIIIIIIIIZ": 0.17519811143118297,
    "IZIIIIIIIIZI": 0.17519811143118297,
    "IIIIIIZIIZII": 0.17508256676521303,
    "IIIIIZZIIIII": 0.17508256676521303,
    "IIIIIIIZZIII": 0.17508256676521303,
    "IIIIZIIZIIII": 0.17508256676521303,
    "IIIIIZIIZIII": 0.175082566765213,
    "IIIIZIIIIZII": 0.175082566765213,
    "IIIIIIZIIIZI": 0.17058943668303522,
    "IIIIIIIZIIIZ": 0.17058943668303522,
    "IIIIIZIIIIIZ": 0.17058943668303514,
    "IIIIIIIIIZIZ": 0.17058943668303514,
    "IIIIIIIIZIZI": 0.17058943668303514,
    "IIIIZIIIIIZI": 0.17058943668303514,
    "IZIIIIIIZIII": 0.16708311858420122,
    "IZIIZIIIIIII": 0.16708311858420122,
    "ZIIIIIIIIZII": 0.16708311858420122,
    "ZIIIIIIZIIII": 0.16708311858420122,
    "IZIIIIZIIIII": 0.16708311858420122,
    "ZIIIIZIIIIII": 0.16708311858420122,
    "IIIIIIIZIZII": 0.16286750396764002,
    "IIIIIZIZIIII": 0.16286750396764002,
    "IIIIIIZIZIII": 0.16286750396764002,
    "IIIIZIZIIIII": 0.16286750396764002,
    "IIIIZIIIZIII": 0.16286750396764,
    "IIIIIZIIIZII": 0.16286750396764,
    "ZZIIIIIIIIII": 0.15626810507270117,
    "ZIIIIIIIIIZI": 0.14525002662228934,
    "IZIIIIIIIIIZ": 0.14525002662228934,
    "ZIIIIIZIIIII": 0.13426976224782544,
    "IZIIIZIIIIII": 0.13426976224782544,
    "ZIIIIIIIZIII": 0.13426976224782544,
    "IZIIIIIZIIII": 0.13426976224782544,
    "ZIIIZIIIIIII": 0.13426976224782544,
    "IZIIIIIIIZII": 0.13426976224782544,
    "IIIZIIIIIIZI": 0.11244735938578146,
    "IIZIIIIIIIIZ": 0.11244735938578146,
    "IIZIIIIIIZII": 0.10634360387997394,
    "IIIZZIIIIIII": 0.10634360387997394,
    "IIZIIZIIIIII": 0.10634360387997394,
    "IIIZIIIIZIII": 0.10634360387997394,
    "IIIZIIZIIIII": 0.10634360387997391,
    "IIZIIIIZIIII": 0.10634360387997391,
    "ZIIZIIIIIIII": 0.10290033032666424,
    "IZZIIIIIIIII": 0.10290033032666424,
    "IIIZIZIIIIII": 0.09866079791959437,
    "IIZIIIIIZIII": 0.09866079791959437,
    "IIIZIIIIIZII": 0.09866079791959437,
    "IIZIZIIIIIII": 0.09866079791959437,
    "IIZIIIZIIIII": 0.09866079791959434,
    "IIIZIIIZIIII": 0.09866079791959434,
    "IIIZIIIIIIIZ": 0.09179116698830617,
    "IIZIIIIIIIZI": 0.09179116698830617,
    "IZIZIIIIIIII": 0.08135332220513453,
    "ZIZIIIIIIIII": 0.08135332220513453,
    "IIZZIIIIIIII": 0.08011089865117386,
    "IIIYZZZZZZIY": -0.05820022751068948,
    "IIIXZZZZZZIX": -0.05820022751068948,
    "IIYZZZZZZZYZ": -0.05820022751068947,
    "IIXZZZZZZZXZ": -0.05820022751068947,
    "XZXIIIIIIIIZ": 0.05490166218813335,
    "IXZXIIIIIIZI": 0.05490166218813335,
    "IYZYIIIIIIZI": 0.05490166218813335,
    "YZYIIIIIIIIZ": 0.05490166218813335,
    "XZZZZZZZZZXZ": 0.05365886919805141,
    "YZZZZZZZZZYZ": 0.05365886919805141,
    "IXZZZZZZZZIX": 0.0536588691980514,
    "IYZZZZZZZZIY": 0.0536588691980514,
    "IYZYZIIIIIII": 0.04472495376871264,
    "IXZXZIIIIIII": 0.04472495376871264,
    "IYZYIIZIIIII": 0.04472495376871264,
    "IXZXIIZIIIII": 0.04472495376871264,
    "XZXIIIIZIIII": 0.04472495376871264,
    "IYZYIIIIZIII": 0.04472495376871264,
    "YZYIIIIIIZII": 0.04472495376871264,
    "XZXIIIIIIZII": 0.04472495376871264,
    "IXZXIIIIZIII": 0.04472495376871264,
    "XZXIIZIIIIII": 0.04472495376871264,
    "YZYIIZIIIIII": 0.04472495376871264,
    "YZYIIIIZIIII": 0.04472495376871264,
    "YIYIIIIIIIII": 0.04041211180751055,
    "XIXIIIIIIIII": 0.04041211180751055,
    "ZXZXIIIIIIII": 0.04041211180751055,
    "ZYZYIIIIIIII": 0.04041211180751055,
    "IZYZZZZZZZYI": -0.035978584461142896,
    "ZIIYZZZZZZZY": -0.035978584461142896,
    "ZIIXZZZZZZZX": -0.035978584461142896,
    "IZXZZZZZZZXI": -0.035978584461142896,
    "IIYZZIZZZZYI": -0.03571378018471054,
    "IIXZZIZZZZXI": -0.03571378018471054,
    "IIIYIZZZZZZY": -0.03571378018471054,
    "IIYZZZZZZIYI": -0.03571378018471054,
    "IIXZZZZZZIXI": -0.03571378018471054,
    "IIIYZZZZIZZY": -0.03571378018471054,
    "IIIXZZZZIZZX": -0.03571378018471054,
    "IIIXIZZZZZZX": -0.03571378018471054,
    "IIXZZZZIZZXI": -0.0357137801847105,
    "IIYZZZZIZZYI": -0.0357137801847105,
    "IIIXZZIZZZZX": -0.0357137801847105,
    "IIIYZZIZZZZY": -0.0357137801847105,
    "IIYZIZZZZZYI": -0.03539718521007884,
    "IIIYZIZZZZZY": -0.03539718521007884,
    "IIYZZZZZIZYI": -0.03539718521007884,
    "IIXZZZZZIZXI": -0.03539718521007884,
    "IIXZIZZZZZXI": -0.03539718521007884,
    "IIIXZZZZZIZX": -0.03539718521007884,
    "IIIYZZZZZIZY": -0.03539718521007884,
    "IIIXZIZZZZZX": -0.03539718521007884,
    "IIYZZZIZZZYI": -0.0353971852100788,
    "IIXZZZIZZZXI": -0.0353971852100788,
    "IIIYZZZIZZZY": -0.0353971852100788,
    "IIIXZZZIZZZX": -0.0353971852100788,
    "XZXIIIIIIIZI": 0.033089184763477456,
    "IYZYIIIIIIIZ": 0.033089184763477456,
    "IXZXIIIIIIIZ": 0.033089184763477456,
    "YZYIIIIIIIZI": 0.033089184763477456,
    "XYIIIIIIYXII": 0.03281335633637578,
    "YXIIIIIIXYII": 0.03281335633637578,
    "YXIIXYIIIIII": 0.03281335633637578,
    "YYIIIIXXIIII": -0.03281335633637578,
    "XYIIIIYXIIII": 0.03281335633637578,
    "YYIIIIIIXXII": -0.03281335633637578,
    "XXIIIIYYIIII": -0.03281335633637578,
    "XYIIYXIIIIII": 0.03281335633637578,
    "YYIIXXIIIIII": -0.03281335633637578,
    "XXIIYYIIIIII": -0.03281335633637578,
    "XXIIIIIIYYII": -0.03281335633637578,
    "YXIIIIXYIIII": 0.03281335633637578,
    "YYIIIIIIIIXX": -0.02994808480889363,
    "XXIIIIIIIIYY": -0.02994808480889363,
    "XYIIIIIIIIYX": 0.02994808480889363,
    "YXIIIIIIIIXY": 0.02994808480889363,
    "YZYIIIIIZIII": 0.029918075793900264,
    "IYZYIIIZIIII": 0.029918075793900264,
    "XZXIIIIIZIII": 0.029918075793900264,
    "IXZXIZIIIIII": 0.029918075793900264,
    "YZYIZIIIIIII": 0.029918075793900264,
    "IYZYIIIIIZII": 0.029918075793900264,
    "IYZYIZIIIIII": 0.029918075793900264,
    "IXZXIIIZIIII": 0.029918075793900264,
    "XZXIZIIIIIII": 0.029918075793900264,
    "XZXIIIZIIIII": 0.029918075793900264,
    "YZYIIIZIIIII": 0.029918075793900264,
    "IXZXIIIIIZII": 0.029918075793900264,
    "IXZZZZZIZZZX": 0.02436023089401563,
    "XZZZZZIZZZXI": 0.02436023089401563,
    "IYZZZZZIZZZY": 0.02436023089401563,
    "YZZZZZIZZZYI": 0.02436023089401563,
    "XZZZZZZZIZXI": 0.02436023089401561,
    "IXZZZIZZZZZX": 0.02436023089401561,
    "IYZZZIZZZZZY": 0.02436023089401561,
    "YZZZZZZZIZYI": 0.02436023089401561,
    "XZZZIZZZZZXI": 0.02436023089401561,
    "YZZZIZZZZZYI": 0.02436023089401561,
    "IYZZZZZZZIZY": 0.02436023089401561,
    "IXZZZZZZZIZX": 0.02436023089401561,
    "YIZZZZZZZZYI": 0.023828242620249507,
    "ZXZZZZZZZZZX": 0.023828242620249507,