{
  "hamiltonian": {
    "IIII": -1.421684261570314,
    "ZIII": 0.77769976466901,
    "IZII": 0.77769976466901,
    "ZZII": 0.23659079613096395,
    "IIZZ": 0.18914540924970472,
    "IIZI": 0.1725216651123952,
    "IIIZ": 0.1725216651123952,
    "IZZI": 0.17241762777411157,
    "ZIIZ": 0.17241762777411157,
    "ZIZI": 0.13420781359557887,
    "IZIZ": 0.13420781359557887,
    "IYZY": 0.04907340777606948,
    "IXZX": 0.04907340777606948,
    "YZYI": 0.04907340777606948,
    "XZXI": 0.04907340777606948,
    "ZXZX": 0.04285461768648899,
    "ZYZY": 0.04285461768648899,
    "XIXI": 0.04285461768648899,
    "YIYI": 0.04285461768648899,
    "XXYY": -0.03820981417853272,
    "XYYX": 0.03820981417853272,
    "YXXY": 0.03820981417853272,
    "YYXX": -0.03820981417853272,
    "YZYZ": -0.006218780410368144,
    "XZXZ": -0.006218780410368144,
    "IYIY": -0.006218780410368144,
    "IXIX": -0.006218780410368144
  },
  "data": {
    "molecule_id": "HHe+_singlet_Coov",
    "qubit_encoding": "JW",
    "basis": "sto-3g",
    "charge": 1,
    "multiplicity": 1,
    "geometry": "He 0.2195600000 0.0000000000 0.0000000000\nH -0.4777600000 0.0000000000 0.0000000000",
    "n_qubits": 4,
    "alpha": 0.9,
    "energies": {
      "HF": -2.8195551380422574,
      "MP2": -2.8269223799891905,
      "CISD": -2.8294242681996367,
      "CCSD": -2.829424271179255,
      "FCI": -2.8294242681996358
    },
    "converged": {
      "HF": true,
      "MP2": false,
      "CISD": true,
      "CCSD": true,
      "FCI": true
    },
    "fci_spin_matches_target": true,
    "fci_multiplicity": 1.0000000000000002,
    "hf_method_fallback": "standard",
    "generation_time_s": 0.019,
    "timestamp": "2026-02-25T23:57:37.916709+00:00"
  }
}