{
  "hamiltonian": {
    "IIIIIIII": 1.5464379894150937,
    "IIIIIIZI": -1.2416544218259236,
    "IIIIIIIZ": -1.2416544218259231,
    "IIIIZIII": -0.6316062434397256,
    "IIIIIZII": -0.6316062434397255,
    "ZZIIIIII": 0.2722649403969247,
    "IIIZIIII": -0.26991265210343346,
    "IIZIIIII": -0.26991265210343346,
    "IZIIIIZI": 0.24070977446988023,
    "ZIIIIIIZ": 0.24070977446988023,
    "IIIIIIZZ": 0.22855615643722413,
    "ZIIIIIII": 0.19118883670068387,
    "IZIIIIII": 0.19118883670068387,
    "ZIIIIIZI": 0.18437461103412828,
    "IZIIIIIZ": 0.18437461103412828,
    "ZIIIIZII": 0.18026618111872308,
    "IZIIZIII": 0.18026618111872308,
    "IIIIZZII": 0.17075848075249617,
    "IIIIIZZI": 0.1581001891072219,
    "IIIIZIIZ": 0.1581001891072219,
    "ZIIIZIII": 0.15135990133899732,
    "IZIIIZII": 0.15135990133899732,
    "IIIIIZIZ": 0.1386432166953862,
    "IIIIZIZI": 0.1386432166953862,
    "ZIIZIIII": 0.1328221064696552,
    "IZZIIIII": 0.1328221064696552,
    "IIZIIIIZ": 0.1243596266103178,
    "IIIZIIZI": 0.1243596266103178,
    "IIZIIZII": 0.12086348701156115,
    "IIIZZIII": 0.12086348701156115,
    "IIZZIIII": 0.11996827947036781,
    "IZIZIIII": 0.11308238677199184,
    "ZIZIIIII": 0.11308238677199184,
    "IIZIZIII": 0.10836872064164729,
    "IIIZIZII": 0.10836872064164729,
    "IIZIIIZI": 0.1057350115208994,
    "IIIZIIIZ": 0.1057350115208994,
    "XZZZZZXZ": 0.06656681046652148,
    "IYZZZZIY": 0.06656681046652148,
    "IXZZZZIX": 0.06656681046652148,
    "YZZZZZYZ": 0.06656681046652148,
    "YIZZZZYI": 0.06431557793501219,
    "XIZZZZXI": 0.06431557793501219,
    "ZYZZZZZY": 0.06431557793501219,
    "ZXZZZZZX": 0.06431557793501219,
    "IYZZZYII": 0.06149210377599213,
    "IXZZZXII": 0.06149210377599213,
    "XZZZXIII": 0.06149210377599213,
    "YZZZYIII": 0.06149210377599213,
    "YXIIIIXY": 0.05633516343575194,
    "YYIIIIXX": -0.05633516343575194,
    "XXIIIIYY": -0.05633516343575194,
    "XYIIIIYX": 0.05633516343575194,
    "ZIIXZZZX": -0.053767410659718476,
    "ZIIYZZZY": -0.053767410659718476,
    "IZYZZZYI": -0.053767410659718476,
    "IZXZZZXI": -0.053767410659718476,
    "IIIYZZIY": -0.04793400285778409,
    "IIIXZZIX": -0.04793400285778409,
    "IIYZZZYZ": -0.04793400285778408,
    "IIXZZZXZ": -0.04793400285778408,
    "IIXZXIII": 0.03606524012564865,
    "IIYZYIII": 0.03606524012564865,
    "IIIXZXII": 0.03606524012564864,
    "IIIYZYII": 0.03606524012564864,
    "XIXIIIII": 0.03461058686071769,
    "YIYIIIII": 0.03461058686071769,
    "ZYZYIIII": 0.03461058686071768,
    "ZXZXIIII": 0.03461058686071768,
    "IXZZZZZX": -0.034369815547012635,
    "IYZZZZZY": -0.034369815547012635,
    "YZZZZZYI": -0.03436981554701262,
    "XZZZZZXI": -0.03436981554701262,
    "YZYIIIIZ": 0.033224131237738014,
    "IYZYIIZI": 0.033224131237738014,
    "IXZXIIZI": 0.033224131237738014,
    "XZXIIIIZ": 0.033224131237738014,
    "IIXZZZXI": 0.03171219603546603,
    "IIYZZZYI": 0.03171219603546603,
    "IIIXZZZX": 0.03171219603546602,
    "IIIYZZZY": 0.03171219603546602,
    "ZIIXZXII": -0.03151727674263485,
    "IZYZYIII": -0.03151727674263485,
    "ZIIYZYII": -0.03151727674263485,
    "IZXZXIII": -0.03151727674263485,
    "IXZZIXII": -0.03025829579130751,
    "IYZZIYII": -0.03025829579130751,
    "XZZZXZII": -0.03025829579130751,
    "YZZZYZII": -0.03025829579130751,
    "IIYZYZII": -0.02993558917055108,
    "IIIYIYII": -0.02993558917055108,
    "IIIXIXII": -0.02993558917055108,
    "IIXZXZII": -0.02993558917055108,
    "YXIIXYII": 0.028906279779725767,
    "YYIIXXII": -0.028906279779725767,
    "XXIIYYII": -0.028906279779725767,
    "XYIIYXII": 0.028906279779725767,
    "IIIIIYZY": 0.028485335000533983,
    "IIIIIXZX": 0.028485335000533983,
    "IIIIYZYI": 0.028485335000533976,
    "IIIIXZXI": 0.028485335000533976,
    "IIXZZIXI": -0.028286800107660923,
    "IIYZZIYI": -0.028286800107660923,
    "IIIXIZZX": -0.028286800107660923,
    "IIIYIZZY": -0.028286800107660923,
    "YXXZZZZY": 0.02714289323807902,
    "XXYZZZZY": -0.02714289323807902,
    "XYYZZZZX": 0.02714289323807902,
    "YYXZZZZX": -0.02714289323807902,
    "YXIXZZYI": -0.027142893238079016,
    "YYIYZZYI": -0.027142893238079016,
    "XXIXZZXI": -0.027142893238079016,
    "XYIYZZXI": -0.027142893238079016,
    "IZIYZZZY": -0.02662451742163946,
    "IZIXZZZX": -0.02662451742163946,
    "ZIYZZZYI": -0.02662451742163946,
    "ZIXZZZXI": -0.02662451742163946,
    "IIYZYIIZ": -0.024848886341060944,
    "IIIYZYZI": -0.024848886341060944,
    "IIIXZXZI": -0.024848886341060944,
    "IIXZXIIZ": -0.024848886341060944,
    "YIZZYIII": -0.02346344722548909,
    "XIZZXIII": -0.02346344722548909,
    "ZYZZZYII": -0.02346344722548909,
    "ZXZZZXII": -0.02346344722548909,
    "IYZZZIZY": 0.02337348955902173,
    "YZZZIZYI": 0.02337348955902173,
    "XZZZIZXI": 0.02337348955902173,
    "IXZZZIZX": 0.02337348955902173,
    "IIIXZIZX": -0.022490782098416182,
    "IIIYZIZY": -0.022490782098416182,
    "IIYZIZYI": -0.022490782098416182,
    "IIXZIZXI": -0.022490782098416182,
    "IIIYZYIZ": -0.021002718799999244,
    "IIIXZXIZ": -0.021002718799999244,
    "IIXZXIZI": -0.021002718799999244,
    "IIYZYIZI": -0.021002718799999244,
    "IXXIIIXX": 0.02100133062996446,
    "IXYIIIYX": 0.02100133062996446,
    "IYXIIIXY": 0.02100133062996446,
    "IYYIIIYY": 0.02100133062996446,
    "YZZYIIXX": 0.021001330629964458,
    "YZZXIIXY": -0.021001330629964458,
    "XZZYIIYX": -0.021001330629964458,
    "XZZXIIYY": 0.021001330629964458,
    "ZIYZYIII": -0.02056427599752527,
    "IZIXZXII": -0.02056427599752527,
    "ZIXZXIII": -0.02056427599752527,
    "IZIYZYII": -0.02056427599752527,
    "IXZZYYXI": 0.019954533752245603,
    "IXZZXYYI": -0.019954533752245603,
    "IYZZYXXI": -0.019954533752245603,
    "IYZZXXYI": 0.019954533752245603,
    "YZZZYYZY": 0.019954533752245603,
    "YZZZYXZX": 0.019954533752245603,
    "XZZZXYZY": 0.019954533752245603,
    "XZZZXXZX": 0.019954533752245603,
    "YXXYIIII": 0.01973971969766336,
    "YYXXIIII": -0.01973971969766336,
    "XXYYIIII": -0.01973971969766336,
    "XYYXIIII": 0.01973971969766336,
    "IIIIXYYX": 0.01945697241183572,
    "IIIIXXYY": -0.01945697241183572,
    "IIIIYYXX": -0.01945697241183572,
    "IIIIYXXY": 0.01945697241183572,
    "IYZYIIII": -0.018695058534107946,
    "XZXIIIII": -0.018695058534107946,
    "IXZXIIII": -0.018695058534107946,
    "YZYIIIII": -0.018695058534107946,
    "IIYXIIXY": 0.018624615089418397,
    "IIXXIIYY": -0.018624615089418397,
    "IIXYIIYX": 0.018624615089418397,
    "IIYYIIXX": -0.018624615089418397,
    "IXZIZXII": -0.016729553304823785,
    "YZIZYIII": -0.016729553304823785,
    "XZIZXIII": -0.016729553304823785,
    "IYZIZYII": -0.016729553304823785,
    "IIIIYIYI": -0.0160564892808345,
    "IIIIXIXI": -0.0160564892808345,
    "IIIIZYZY": -0.016056489280834498,
    "IIIIZXZX": -0.016056489280834498,
    "XZZIXIII": -0.015973054363554107,
    "YZZIYIII": -0.015973054363554107,
    "IYIZZYII": -0.015973054363554107,
    "IXIZZXII": -0.015973054363554107,
    "YZZZYIIZ": -0.014682107961524294,
    "XZZZXIIZ": -0.014682107961524294,
    "IYZZZYZI": -0.014682107961524294,
    "IXZZZXZI": -0.014682107961524294,
    "IIXIZZXI": -0.013392530592340877,
    "IIZYZZZY": -0.013392530592340877,
    "IIZXZZZX": -0.013392530592340877,
    "IIYIZZYI": -0.013392530592340877,
    "IIZIIXZX": -0.01332323610572856,
    "IIIZYZYI": -0.01332323610572856,
    "IIIZXZXI": -0.01332323610572856,
    "IIZIIYZY": -0.01332323610572856,
    "IIXXYYII": -0.01249476636991386,
    "IIXYYXII": 0.01249476636991386,
    "IIYYXXII": -0.01249476636991386,
    "IIYXXYII": 0.01249476636991386,
    "IIYIYIII": -0.012359589738066907,
    "IIZYZYII": -0.012359589738066907,
    "IIXIXIII": -0.012359589738066907,
    "IIZXZXII": -0.012359589738066907,
    "IXZXIIIZ": 0.01222280060777356,
    "IYZYIIIZ": 0.01222280060777356,
    "YZYIIIZI": 0.01222280060777356,
    "XZXIIIZI": 0.01222280060777356,
    "IXZXIXZX": 0.012070018465706968,