{
  "hamiltonian": {
    "IIII": -1.9394710228909853,
    "ZIII": 0.7016045144369979,
    "IZII": 0.7016045144369978,
    "ZZII": 0.263002731872953,
    "IIZZ": 0.1934195982972192,
    "IIZI": 0.15319503522557731,
    "IIIZ": 0.15319503522557731,
    "IZZI": 0.05759236552059849,
    "ZIIZ": 0.05759236552059849,
    "ZIZI": 0.05679428409411441,
    "IZIZ": 0.05679428409411441,
    "IYZY": 0.01588755438839507,
    "IXZX": 0.01588755438839507,
    "YZYI": 0.015887554388395068,
    "XZXI": 0.015887554388395068,
    "ZXZX": 0.010504916414435853,
    "ZYZY": 0.010504916414435853,
    "XIXI": 0.010504916414435853,
    "YIYI": 0.010504916414435853,
    "YZYZ": -0.0053824238767535264,
    "XZXZ": -0.0053824238767535264,
    "IYIY": -0.0053824238767535264,
    "IXIX": -0.0053824238767535264,
    "XXYY": -0.0007980814264840712,
    "XYYX": 0.0007980814264840712,
    "YXXY": 0.0007980814264840712,
    "YYXX": -0.0007980814264840712
  },
  "data": {
    "molecule_id": "HHe+_singlet_Coov",
    "qubit_encoding": "JW",
    "basis": "sto-3g",
    "charge": 1,
    "multiplicity": 1,
    "geometry": "He 1.0331000000 0.0000000000 0.0000000000\nH -1.2913000000 0.0000000000 0.0000000000",
    "n_qubits": 4,
    "alpha": 3.0,
    "energies": {
      "HF": -2.8086409503730803,
      "MP2": -2.808648893169295,
      "CISD": -2.8086456369951733,
      "CCSD": -2.8086456369963773,
      "FCI": -2.8086456369951724
    },
    "converged": {
      "HF": true,
      "MP2": false,
      "CISD": true,
      "CCSD": true,
      "FCI": true
    },
    "fci_spin_matches_target": true,
    "fci_multiplicity": 0.9999999999999993,
    "hf_method_fallback": "standard",
    "generation_time_s": 0.019,
    "timestamp": "2026-02-25T23:57:37.897552+00:00"
  }
}