{
  "hamiltonian": {
    "IIII": -1.7104282372083333,
    "ZIII": 0.730642446369106,
    "IZII": 0.7306424463691058,
    "ZZII": 0.23636045243892018,
    "IIIZ": 0.2146251664758052,
    "IIZI": 0.2146251664758052,
    "IIZZ": 0.18678777135482694,
    "IZZI": 0.14961181150722797,
    "ZIIZ": 0.14961181150722797,
    "ZIZI": 0.11791521464735802,
    "IZIZ": 0.11791521464735802,
    "IYZY": 0.0580521036201252,
    "XZXI": 0.0580521036201252,
    "YZYI": 0.0580521036201252,
    "IXZX": 0.0580521036201252,
    "ZXZX": 0.04384008628337618,
    "ZYZY": 0.04384008628337618,
    "XIXI": 0.04384008628337618,
    "YIYI": 0.04384008628337618,
    "YXXY": 0.03169659685986997,
    "XYYX": 0.03169659685986997,
    "YYXX": -0.03169659685986997,
    "XXYY": -0.03169659685986997,
    "YZYZ": -0.014211966532692029,
    "XZXZ": -0.014211966532692029,
    "IYIY": -0.014211966532692029,
    "IXIX": -0.014211966532692029
  },
  "data": {
    "molecule_id": "HHe+_singlet_Coov",
    "qubit_encoding": "JW",
    "basis": "sto-3g",
    "charge": 1,
    "multiplicity": 1,
    "geometry": "He 0.3357800000 0.0000000000 0.0000000000\nH -0.5939800000 0.0000000000 0.0000000000",
    "n_qubits": 4,
    "alpha": 1.2,
    "energies": {
      "HF": -2.854368625510358,
      "MP2": -2.8607686070746285,
      "CISD": -2.862591143118563,
      "CCSD": -2.862591122742501,
      "FCI": -2.8625911431185624
    },
    "converged": {
      "HF": true,
      "MP2": false,
      "CISD": true,
      "CCSD": true,
      "FCI": true
    },
    "fci_spin_matches_target": true,
    "fci_multiplicity": 1.0,
    "hf_method_fallback": "standard",
    "generation_time_s": 0.02,
    "timestamp": "2026-02-25T23:57:37.815354+00:00"
  }
}