{
  "hamiltonian": {
    "IIII": -1.8381214278753029,
    "ZIII": 0.7091014691142596,
    "IZII": 0.7091014691142594,
    "ZZII": 0.2412850997800833,
    "IIIZ": 0.22173470755828256,
    "IIZI": 0.22173470755828256,
    "IIZZ": 0.18686284866256284,
    "IZZI": 0.12641308107791777,
    "ZIIZ": 0.12641308107791777,
    "ZIZI": 0.10306118779963201,
    "IZIZ": 0.10306118779963201,
    "XZXI": 0.06072506367770173,
    "YZYI": 0.06072506367770173,
    "IYZY": 0.060725063677701724,
    "IXZX": 0.060725063677701724,
    "ZXZX": 0.042612330861810196,
    "ZYZY": 0.042612330861810196,
    "XIXI": 0.042612330861810196,
    "YIYI": 0.042612330861810196,
    "YXXY": 0.023351893278285775,
    "XYYX": 0.023351893278285775,
    "YYXX": -0.023351893278285775,
    "XXYY": -0.023351893278285775,
    "YZYZ": -0.018112710186970353,
    "XZXZ": -0.018112710186970353,
    "IYIY": -0.018112710186970353,
    "IXIX": -0.018112710186970353
  },
  "data": {
    "molecule_id": "HHe+_singlet_Coov",
    "qubit_encoding": "JW",
    "basis": "sto-3g",
    "charge": 1,
    "multiplicity": 1,
    "geometry": "He 0.4520000000 0.0000000000 0.0000000000\nH -0.7102000000 0.0000000000 0.0000000000",
    "n_qubits": 4,
    "alpha": 1.5,
    "energies": {
      "HF": -2.843655540299711,
      "MP2": -2.847865075056748,
      "CISD": -2.848527141641401,
      "CCSD": -2.848527097340803,
      "FCI": -2.8485271416413993
    },
    "converged": {
      "HF": true,
      "MP2": false,
      "CISD": true,
      "CCSD": true,
      "FCI": true
    },
    "fci_spin_matches_target": true,
    "fci_multiplicity": 1.0,
    "hf_method_fallback": "standard",
    "generation_time_s": 0.019,
    "timestamp": "2026-02-25T23:57:37.834950+00:00"
  }
}