{
  "hamiltonian": {
    "IIIIIIIZ": -1.0433658616071422,
    "IIIIIIZI": -1.0433658616071422,
    "IIIIIIII": 0.9063846892073453,
    "IIIIIZII": -0.7600943720979308,
    "IIIIZIII": -0.7600943720979307,
    "ZZIIIIII": 0.24884987368094497,
    "IIIIIIZZ": 0.24413387349219962,
    "ZIIIIIIZ": 0.2388151661245329,
    "IZIIIIZI": 0.2388151661245329,
    "IIIZIIII": -0.20037105732870256,
    "IIZIIIII": -0.20037105732870253,
    "IZIIIIIZ": 0.17718763196959075,
    "ZIIIIIZI": 0.17718763196959075,
    "IIIIZZII": 0.1732600661711042,
    "IIZIIZII": 0.1586744531953825,
    "IIIZZIII": 0.1586744531953825,
    "IIZZIIII": 0.15761491359474283,
    "IZIIIIII": 0.13674543206116618,
    "ZIIIIIII": 0.13674543206116607,
    "IIIZIZII": 0.11948238196785446,
    "IIZIZIII": 0.11948238196785446,
    "IIYZYIII": 0.09961589950594918,
    "IIXZXIII": 0.09961589950594918,
    "IIIYZYII": 0.09961589950594918,
    "IIIXZXII": 0.09961589950594918,
    "ZIIZIIII": 0.08985885149826897,
    "IZZIIIII": 0.08985885149826897,
    "IIZIIIIZ": 0.08591072630569288,
    "IIIZIIZI": 0.08591072630569288,
    "IIIZIIIZ": 0.08079299223432365,
    "IIZIIIZI": 0.08079299223432365,
    "YZZZZZYZ": -0.08070656843566666,
    "XZZZZZXZ": -0.08070656843566666,
    "IXZZZZIX": -0.08070656843566665,
    "IYZZZZIY": -0.08070656843566665,
    "ZIIIIZII": 0.08070020265722994,
    "IZIIZIII": 0.08070020265722994,
    "ZIZIIIII": 0.08025982799573145,
    "IZIZIIII": 0.08025982799573145,
    "IZIIIZII": 0.07908519530385805,
    "ZIIIZIII": 0.07908519530385805,
    "IIIIZIIZ": 0.07705735327753162,
    "IIIIIZZI": 0.07705735327753162,
    "IIIIZIZI": 0.0756321477447662,
    "IIIIIZIZ": 0.0756321477447662,
    "ZYZZZZZY": -0.07378855292718614,
    "ZXZZZZZX": -0.07378855292718614,
    "YIZZZZYI": -0.07378855292718614,
    "XIZZZZXI": -0.07378855292718614,
    "YXIIIIXY": 0.061627534154942154,
    "YYIIIIXX": -0.061627534154942154,
    "XYIIIIYX": 0.061627534154942154,
    "XXIIIIYY": -0.061627534154942154,
    "IIXZXZII": -0.0561308720829727,
    "IIYZYZII": -0.0561308720829727,
    "IIIXIXII": -0.056130872082972696,
    "IIIYIYII": -0.056130872082972696,
    "IIXIXIII": -0.045127782251946,
    "IIYIYIII": -0.045127782251946,
    "IIZXZXII": -0.045127782251946,
    "IIZYZYII": -0.045127782251946,
    "IIXXYYII": -0.039192071227528054,
    "IIYYXXII": -0.039192071227528054,
    "IIYXXYII": 0.039192071227528054,
    "IIXYYXII": 0.039192071227528054,
    "ZYZYIIII": 0.031929669211141376,
    "XIXIIIII": 0.031929669211141376,
    "YIYIIIII": 0.031929669211141376,
    "ZXZXIIII": 0.031929669211141376,
    "XZXIIIIZ": 0.0313304752136715,
    "YZYIIIIZ": 0.0313304752136715,
    "IYZYIIZI": 0.0313304752136715,
    "IXZXIIZI": 0.0313304752136715,
    "IIXZZZXZ": 0.02581142187907192,
    "IIYZZZYZ": 0.02581142187907192,
    "IIIYZZIY": 0.025811421879071917,
    "IIIXZZIX": 0.025811421879071917,
    "IZXZZZXI": 0.024988372230317996,
    "ZIIYZZZY": 0.024988372230317996,
    "IZYZZZYI": 0.024988372230317996,
    "ZIIXZZZX": 0.024988372230317996,
    "IYZYIIII": 0.02004180004155915,
    "IXZXIIII": 0.02004180004155915,
    "XZXIIIII": 0.020041800041559144,
    "YZYIIIII": 0.020041800041559144,
    "YZYIIIZI": 0.016664141082649624,
    "IXZXIIIZ": 0.016664141082649624,
    "XZXIIIZI": 0.016664141082649624,
    "IYZYIIIZ": 0.016664141082649624,
    "YYXZZZZX": 0.01608633878509153,
    "XYYZZZZX": -0.01608633878509153,
    "XXYZZZZY": 0.01608633878509153,
    "YXXZZZZY": -0.01608633878509153,
    "XXIXZZXI": 0.01608633878509153,
    "YYIYZZYI": 0.01608633878509153,
    "YXIXZZYI": 0.01608633878509153,
    "XYIYZZXI": 0.01608633878509153,
    "IYZZZZZY": 0.015623845379185972,
    "IXZZZZZX": 0.015623845379185972,
    "YZZZZZYI": 0.015623845379185958,
    "XZZZZZXI": 0.015623845379185958,
    "YZZXIIXY": -0.014666334131021879,
    "YZZYIIXX": 0.014666334131021879,
    "XZZXIIYY": 0.014666334131021879,
    "XZZYIIYX": -0.014666334131021879,
    "IXYIIIYX": 0.014666334131021877,
    "IYYIIIYY": 0.014666334131021877,
    "IYXIIIXY": 0.014666334131021877,
    "IXXIIIXX": 0.014666334131021877,
    "YZYIIZII": -0.014368124784196912,
    "XZXIIZII": -0.014368124784196912,
    "IYZYZIII": -0.014368124784196912,
    "IXZXZIII": -0.014368124784196912,
    "IYZZZYII": 0.01317550507794897,
    "IXZZZXII": 0.01317550507794897,
    "XZZZXIII": 0.013175505077948969,
    "YZZZYIII": 0.013175505077948969,
    "YZYZIIII": -0.012630649686404328,
    "XZXZIIII": -0.012630649686404328,
    "IXIXIIII": -0.012630649686404328,
    "IYIYIIII": -0.012630649686404328,
    "IZIIXZXI": -0.01239699800121282,
    "ZIIIIXZX": -0.01239699800121282,
    "IZIIYZYI": -0.01239699800121282,
    "ZIIIIYZY": -0.01239699800121282,
    "IIIIIXIX": -0.01237210556109969,
    "IIIIIYIY": -0.01237210556109969,
    "IIIIXZXZ": -0.012372105561099689,
    "IIIIYZYZ": -0.012372105561099689,
    "XXYYIIII": -0.009599023502537529,
    "YYXXIIII": -0.009599023502537529,
    "XYYXIIII": 0.009599023502537529,
    "YXXYIIII": 0.009599023502537529,
    "YZYIZIII": -0.0091045339051328,
    "IYZYIZII": -0.0091045339051328,
    "IXZXIZII": -0.0091045339051328,
    "XZXIZIII": -0.0091045339051328,
    "ZIYZZZYI": 0.008902033445226464,
    "ZIXZZZXI": 0.008902033445226464,
    "IZIYZZZY": 0.008902033445226464,
    "IZIXZZZX": 0.008902033445226464,
    "IIIIYZYI": -0.00869762874972373,
    "IIIIIXZX": -0.00869762874972373,
    "IIIIIYZY": -0.00869762874972373,
    "IIIIXZXI": -0.00869762874972373,
    "YZZZYIIZ": -0.007830132493943362,
    "XZZZXIIZ": -0.007830132493943362,
    "IXZZZXZI": -0.007830132493943362,
    "IYZZZYZI": -0.007830132493943362,
    "ZXZZZXII": -0.007776234500588765,
    "ZYZZZYII": -0.007776234500588765,
    "YIZZYIII": -0.007776234500588765,
    "XIZZXIII": -0.007776234500588765,
    "IZIIIXZX": -0.007636378832875521,
    "IZIIIYZY": -0.007636378832875521,
    "ZIIIXZXI": -0.007636378832875521,
    "ZIIIYZYI": -0.007636378832875521,
    "IIIXZZZX": 0.0075808118154066725,
    "IIIYZZZY": 0.0075808118154066725,
    "IIXZZZXI": 0.007580811815406669,
    "IIYZZZYI": 0.007580811815406669,
    "IYXXYIII": 0.007167413205741628,
    "IYYXXIII": -0.007167413205741628,
    "IXYYXIII": 0.007167413205741628,
    "IXXYYIII": -0.007167413205741628,
    "XZXXZXII": 0.007167413205741628,
    "XZXYZYII": 0.007167413205741628,
    "YZYXZXII": 0.007167413205741628,
    "YZYYZYII": 0.007167413205741628,
    "IYZZIYII": -0.0066698847729753435,
    "IXZZIXII": -0.0066698847729753435,
    "XZZZXZII": -0.006669884772975343,
    "YZZZYZII": -0.006669884772975343,
    "IZIYZYII": -0.006045786845393345,
    "ZIXZXIII": -0.006045786845393345,
    "IZIXZXII": -0.006045786845393345,
    "ZIYZYIII": -0.006045786845393345,
    "IIYZYIZI": -0.0057647475952852705,
    "IIIYZYIZ": -0.0057647475952852705,
    "IIIXZXIZ": -0.0057647475952852705,
    "IIXZXIZI": -0.0057647475952852705,
    "XZZIXIII": -0.0054253993214374565,
    "YZZIYIII": -0.0054253993214374565,
    "IYIZZYII": -0.0054253993214374565,
    "IXIZZXII": -0.0054253993214374565,
    "XZZYYXII": 0.0052635908790641135,
    "XZZXYYII": -0.0052635908790641135,
    "YZZYXXII": -0.0052635908790641135,
    "YZZXXYII": 0.0052635908790641135,
    "IXXIXXII": -0.005263590879064113,
    "IYYIYYII": -0.005263590879064113,
    "IYXIXYII": -0.005263590879064113,
    "IXYIYXII": -0.005263590879064113,
    "IIXXIIYY": -0.00511773407136923,
    "IIXYIIYX": 0.00511773407136923,
    "IIYYIIXX": -0.00511773407136923,
    "IIYXIIXY": 0.00511773407136923,
    "YZZZZXXY": 0.005060898160638603,
    "YZZZZYXX": -0.005060898160638603,
    "IXZZYIYX": -0.005060898160638603,
    "IXZZXIXX": -0.005060898160638603,
    "IYZZYIYY": -0.005060898160638603,
    "IYZZXIXY": -0.005060898160638603,
    "XZZZZXYY": -0.005060898160638603,
    "XZZZZYYX": 0.005060898160638603,
    "IXIZZZZX": -0.005031526733536466,
    "YZZIZZYI": -0.005031526733536466,
    "IYIZZZZY": -0.005031526733536466,
    "XZZIZZXI": -0.005031526733536466,
    "ZIIXZXII": -0.004850799606743515,