{
  "hamiltonian": {
    "IIIIIIIZ": -1.08505892476679,
    "IIIIIIZI": -1.0850589247667897,
    "IIIIIIII": 0.9751502993936054,
    "IIIIIZII": -0.7367004887459571,
    "IIIIZIII": -0.7367004887459571,
    "ZZIIIIII": 0.24315986810244686,
    "IIIIIIZZ": 0.24099238950903915,
    "IZIIIIZI": 0.23407440433266985,
    "ZIIIIIIZ": 0.23407440433266985,
    "IIZIIIII": -0.21292988211060945,
    "IIIZIIII": -0.2129298821106093,
    "IZIIIIIZ": 0.17607602524086097,
    "ZIIIIIZI": 0.17607602524086097,
    "IIIIZZII": 0.17226920705602913,
    "IIZIIZII": 0.15413328890109482,
    "IIIZZIII": 0.15413328890109482,
    "IIZZIIII": 0.1516879431293809,
    "IZIIIIII": 0.1257280899405871,
    "ZIIIIIII": 0.1257280899405868,
    "IIIZIZII": 0.11721253962624707,
    "IIZIZIII": 0.11721253962624707,
    "IZZIIIII": 0.11563666277547469,
    "ZIIZIIII": 0.11563666277547469,
    "IIIZIIZI": 0.10656272658078744,
    "IIZIIIIZ": 0.10656272658078744,
    "ZIIIIZII": 0.1004273723940828,
    "IZIIZIII": 0.1004273723940828,
    "IIZIIIZI": 0.09646305383645568,
    "IIIZIIIZ": 0.09646305383645568,
    "IZIIIZII": 0.09631518696274917,
    "ZIIIZIII": 0.09631518696274917,
    "ZIZIIIII": 0.095873465386451,
    "IZIZIIII": 0.095873465386451,
    "IIIIZIIZ": 0.09040622742032103,
    "IIIIIZZI": 0.09040622742032103,
    "IIIIZIZI": 0.08947410446408774,
    "IIIIIZIZ": 0.08947410446408774,
    "IIIXZXII": 0.0876530436547286,
    "IIIYZYII": 0.0876530436547286,
    "IIYZYIII": 0.08765304365472856,
    "IIXZXIII": 0.08765304365472856,
    "IYZZZZIY": 0.07583751515112822,
    "IXZZZZIX": 0.07583751515112822,
    "YZZZZZYZ": 0.0758375151511282,
    "XZZZZZXZ": 0.0758375151511282,
    "YIZZZZYI": 0.06886611962185643,
    "ZYZZZZZY": 0.06886611962185643,
    "ZXZZZZZX": 0.06886611962185643,
    "XIZZZZXI": 0.06886611962185643,
    "XYIIIIYX": 0.05799837909180884,
    "XXIIIIYY": -0.05799837909180884,
    "YYIIIIXX": -0.05799837909180884,
    "YXIIIIXY": 0.05799837909180884,
    "IIYZYZII": -0.052851609716814886,
    "IIXZXZII": -0.052851609716814886,
    "IIIXIXII": -0.05285160971681488,
    "IIIYIYII": -0.05285160971681488,
    "XZXIIIIZ": 0.041820368937012145,
    "IXZXIIZI": 0.041820368937012145,
    "IYZYIIZI": 0.041820368937012145,
    "YZYIIIIZ": 0.041820368937012145,
    "IIYIYIII": -0.04042700863326339,
    "IIZYZYII": -0.04042700863326339,
    "IIXIXIII": -0.04042700863326339,
    "IIZXZXII": -0.04042700863326339,
    "ZYZYIIII": 0.03990869451475679,
    "ZXZXIIII": 0.03990869451475679,
    "XIXIIIII": 0.03990869451475679,
    "YIYIIIII": 0.03990869451475679,
    "IIYYXXII": -0.03692074927484776,
    "IIXXYYII": -0.03692074927484776,
    "IIXYYXII": 0.03692074927484776,
    "IIYXXYII": 0.03692074927484776,
    "IIXZZZXZ": -0.034557664227316175,
    "IIYZZZYZ": -0.034557664227316175,
    "IIIXZZIX": -0.034557664227316175,
    "IIIYZZIY": -0.034557664227316175,
    "IZXZZZXI": -0.03320748263574014,
    "ZIIYZZZY": -0.03320748263574014,
    "IZYZZZYI": -0.03320748263574014,
    "ZIIXZZZX": -0.03320748263574014,
    "XZZZXIII": 0.03280074555326008,
    "YZZZYIII": 0.03280074555326008,
    "IYZZZYII": 0.03280074555326007,
    "IXZZZXII": 0.03280074555326007,
    "IXZZZZZX": -0.027863677498505064,
    "IYZZZZZY": -0.027863677498505064,
    "YZZZZZYI": -0.027863677498505046,
    "XZZZZZXI": -0.027863677498505046,
    "YXIXZZYI": -0.021588771616458807,
    "YYIYZZYI": -0.021588771616458807,
    "XXIXZZXI": -0.021588771616458807,
    "XYIYZZXI": -0.021588771616458807,
    "YXXZZZZY": 0.021588771616458807,
    "YYXZZZZX": -0.021588771616458807,
    "XXYZZZZY": -0.021588771616458807,
    "XYYZZZZX": 0.021588771616458807,
    "XZXIIIII": 0.021366014978638295,
    "YZYIIIII": 0.021366014978638295,
    "IXZXIIII": 0.02136601497863827,
    "IYZYIIII": 0.02136601497863827,
    "IYZYIIIZ": 0.021095914815088365,
    "YZYIIIZI": 0.021095914815088365,
    "IXZXIIIZ": 0.021095914815088365,
    "XZXIIIZI": 0.021095914815088365,
    "YZYIIZII": -0.02097075753987436,
    "XZXIIZII": -0.02097075753987436,
    "IXZXZIII": -0.02097075753987436,
    "IYZYZIII": -0.02097075753987436,
    "YZZYIIXX": 0.02072445412192379,
    "IYXIIIXY": 0.02072445412192379,
    "IYYIIIYY": 0.02072445412192379,
    "IXXIIIXX": 0.02072445412192379,
    "XZZYIIYX": -0.02072445412192379,
    "XZZXIIYY": 0.02072445412192379,
    "IXYIIIYX": 0.02072445412192379,
    "YZZXIIXY": -0.02072445412192379,
    "YYXXIIII": -0.019763197389023688,
    "XYYXIIII": 0.019763197389023688,
    "YXXYIIII": 0.019763197389023688,
    "XXYYIIII": -0.019763197389023688,
    "IZYZYIII": -0.019247200935056823,
    "IZXZXIII": -0.019247200935056823,
    "ZIIXZXII": -0.019247200935056823,
    "ZIIYZYII": -0.019247200935056823,
    "XZZZXZII": -0.017328856114593588,
    "IYZZIYII": -0.017328856114593588,
    "IXZZIXII": -0.017328856114593588,
    "YZZZYZII": -0.017328856114593588,
    "IZIXZXII": -0.014633537733609866,
    "ZIXZXIII": -0.014633537733609866,
    "ZIYZYIII": -0.014633537733609866,
    "IZIYZYII": -0.014633537733609866,
    "IIIXZXZI": -0.014210872495099714,
    "IIIYZYZI": -0.014210872495099714,
    "IIXZXIIZ": -0.014210872495099714,
    "IIYZYIIZ": -0.014210872495099714,
    "IIIXZXIZ": -0.014044809212498309,
    "IIIYZYIZ": -0.014044809212498309,
    "IIYZYIZI": -0.014044809212498309,
    "IIXZXIZI": -0.014044809212498309,
    "IYIYIIII": -0.013814555867405775,
    "YZYZIIII": -0.013814555867405775,
    "IXIXIIII": -0.013814555867405775,
    "XZXZIIII": -0.013814555867405775,
    "XZZIXIII": -0.012934235045856123,
    "IYIZZYII": -0.012934235045856123,
    "YZZIYIII": -0.012934235045856123,
    "IXIZZXII": -0.012934235045856123,
    "ZIYZZZYI": -0.011618711019281332,
    "IZIYZZZY": -0.011618711019281332,
    "ZIXZZZXI": -0.011618711019281332,
    "IZIXZZZX": -0.011618711019281332,
    "IYIZZZZY": 0.011406471951943695,
    "IXIZZZZX": 0.011406471951943695,
    "YZZIZZYI": 0.011406471951943695,
    "XZZIZZXI": 0.011406471951943695,
    "XZZYYXII": 0.011384621840405326,
    "XZZXYYII": -0.011384621840405326,
    "YZZYXXII": -0.011384621840405326,
    "YZZXXYII": 0.011384621840405326,
    "IXYIYXII": -0.011384621840405323,
    "IYYIYYII": -0.011384621840405323,
    "IXXIXXII": -0.011384621840405323,
    "IYXIXYII": -0.011384621840405323,
    "IIXYIIYX": 0.010099672744331774,
    "IIXXIIYY": -0.010099672744331774,
    "IIYYIIXX": -0.010099672744331774,
    "IIYXIIXY": 0.010099672744331774,
    "IXZXIZII": -0.009586135699469037,
    "YZYIZIII": -0.009586135699469037,
    "XZXIZIII": -0.009586135699469037,
    "IYZYIZII": -0.009586135699469037,
    "IYYXXIII": -0.00939726107757009,
    "IYXXYIII": 0.00939726107757009,
    "XZXYZYII": 0.00939726107757009,
    "IXYYXIII": 0.00939726107757009,
    "YZYYZYII": 0.00939726107757009,
    "YZYXZXII": 0.00939726107757009,
    "XZXXZXII": 0.00939726107757009,
    "IXXYYIII": -0.00939726107757009,
    "IXYYZZXI": -0.009309981492388035,
    "IXXYZZYI": 0.009309981492388035,
    "IYYXZZXI": 0.009309981492388035,
    "IYXXZZYI": -0.009309981492388035,
    "XZXYZZZY": -0.009309981492388033,
    "XZXXZZZX": -0.009309981492388033,
    "YZYXZZZX": -0.009309981492388033,
    "YZYYZZZY": -0.009309981492388033,
    "IIYZZZYI": -0.007027604394692565,
    "IIXZZZXI": -0.007027604394692565,
    "IIIYZZZY": -0.0070276043946925545,
    "IIIXZZZX": -0.0070276043946925545,
    "XYIYXIII": -0.0046136632014469525,
    "XXYZZYII": -0.0046136632014469525,
    "YYIYYIII": -0.0046136632014469525,
    "XYYZZXII": 0.0046136632014469525,
    "YYXZZXII": -0.0046136632014469525,
    "XXIXXIII": -0.0046136632014469525,
    "YXXZZYII": 0.0046136632014469525,
    "YXIXYIII": -0.0046136632014469525,
    "YXIIXYII": 0.004112185431333625,
    "XXIIYYII": -0.004112185431333625,
    "XYIIYXII": 0.004112185431333625,
    "YYIIXXII": -0.004112185431333625,
    "YZZZZIYI": 0.0037252369062643472,
    "XZZZZIXI": 0.0037252369062643472,
    "IXZZIZZX": 0.0037252369062643472,
    "IYZZIZZY": 0.0037252369062643472,