{
  "hamiltonian": {
    "IIII": -1.254752199784781,
    "ZIII": 0.8017193316112698,
    "IZII": 0.8017193316112697,
    "ZZII": 0.2382685237492435,
    "IIZZ": 0.1902542909308779,
    "IZZI": 0.17947983511898624,
    "ZIIZ": 0.17947983511898624,
    "IIZI": 0.14590856703900051,
    "IIIZ": 0.14590856703900051,
    "ZIZI": 0.1397389072213801,
    "IZIZ": 0.1397389072213801,
    "IYZY": 0.045254935700075535,
    "IXZX": 0.045254935700075535,
    "YZYI": 0.04525493570007553,
    "XZXI": 0.04525493570007553,
    "ZXZX": 0.042625676875757475,
    "ZYZY": 0.042625676875757475,
    "XIXI": 0.042625676875757475,
    "YIYI": 0.042625676875757475,
    "XXYY": -0.03974092789760611,
    "XYYX": 0.03974092789760611,
    "YXXY": 0.03974092789760611,
    "YYXX": -0.03974092789760611,
    "YZYZ": -0.0026292477871509854,
    "XZXZ": -0.0026292477871509854,
    "IYIY": -0.0026292477871509854,
    "IXIX": -0.0026292477871509854
  },
  "data": {
    "molecule_id": "HHe+_singlet_Coov",
    "qubit_encoding": "JW",
    "basis": "sto-3g",
    "charge": 1,
    "multiplicity": 1,
    "geometry": "He 0.1808200000 0.0000000000 0.0000000000\nH -0.4390200000 0.0000000000 0.0000000000",
    "n_qubits": 4,
    "alpha": 0.8,
    "energies": {
      "HF": -2.776288398929932,
      "MP2": -2.7835855915817698,
      "CISD": -2.786066999466107,
      "CCSD": -2.7860670000899876,
      "FCI": -2.7860669994661054
    },
    "converged": {
      "HF": true,
      "MP2": false,
      "CISD": true,
      "CCSD": true,
      "FCI": true
    },
    "fci_spin_matches_target": true,
    "fci_multiplicity": 1.0,
    "hf_method_fallback": "standard",
    "generation_time_s": 0.019,
    "timestamp": "2026-02-25T23:57:37.936120+00:00"
  }
}