{
  "hamiltonian": {
    "IIIIIIII": 1.2146677950103422,
    "IIIIIIIZ": -1.1625719882323273,
    "IIIIIIZI": -1.1625719882323273,
    "IIIIIZII": -0.6574620831101052,
    "IIIIZIII": -0.6574620831101052,
    "ZZIIIIII": 0.25515426118217893,
    "IIIZIIII": -0.25467630645496475,
    "IIZIIIII": -0.25467630645496475,
    "IZIIIIZI": 0.23240457232838602,
    "ZIIIIIIZ": 0.23240457232838602,
    "IIIIIIZZ": 0.22939742138360586,
    "IZIIIIIZ": 0.17768968682160297,
    "ZIIIIIZI": 0.17768968682160297,
    "IIIIZZII": 0.1695944868910338,
    "IZIIZIII": 0.15487649824519795,
    "ZIIIIZII": 0.15487649824519795,
    "ZIIIIIII": 0.15101240738060698,
    "IZIIIIII": 0.15101240738060673,
    "ZIIZIIII": 0.13757983164689574,
    "IZZIIIII": 0.13757983164689574,
    "IIZIIZII": 0.1352876005430321,
    "IIIZZIII": 0.1352876005430321,
    "IZIIIZII": 0.13379086119242603,
    "ZIIIZIII": 0.13379086119242603,
    "IIIIIZZI": 0.1324056498902737,
    "IIIIZIIZ": 0.1324056498902737,
    "IIZZIIII": 0.13170849289853417,
    "IIZIIIIZ": 0.12433176431071744,
    "IIIZIIZI": 0.12433176431071744,
    "IIIIIZIZ": 0.12074094962005844,
    "IIIIZIZI": 0.12074094962005844,
    "ZIZIIIII": 0.11278010769936002,
    "IZIZIIII": 0.11278010769936002,
    "IIIZIZII": 0.11274618124677596,
    "IIZIZIII": 0.11274618124677596,
    "IIIZIIIZ": 0.10767588124549014,
    "IIZIIIZI": 0.10767588124549014,
    "XZZZZZXZ": 0.06988837830073674,
    "IYZZZZIY": 0.06988837830073674,
    "IXZZZZIX": 0.06988837830073674,
    "YZZZZZYZ": 0.06988837830073674,
    "ZYZZZZZY": 0.06550321555794031,
    "XIZZZZXI": 0.06550321555794031,
    "ZXZZZZZX": 0.06550321555794031,
    "YIZZZZYI": 0.06550321555794031,
    "YZZZYIII": 0.06070046003883956,
    "XZZZXIII": 0.06070046003883956,
    "IYZZZYII": 0.060700460038839554,
    "IXZZZXII": 0.060700460038839554,
    "YYIIIIXX": -0.05471488550678306,
    "XXIIIIYY": -0.05471488550678306,
    "XYIIIIYX": 0.05471488550678306,
    "YXIIIIXY": 0.05471488550678306,
    "IIIYZYII": 0.05412084111324802,
    "IIXZXIII": 0.05412084111324802,
    "IIYZYIII": 0.05412084111324802,
    "IIIXZXII": 0.05412084111324802,
    "IZYZZZYI": -0.04662401585450862,
    "ZIIYZZZY": -0.04662401585450862,
    "ZIIXZZZX": -0.04662401585450862,
    "IZXZZZXI": -0.04662401585450862,
    "IIIYZZIY": -0.0428562109767069,
    "IIIXZZIX": -0.0428562109767069,
    "IIXZZZXZ": -0.042856210976706895,
    "IIYZZZYZ": -0.042856210976706895,
    "IIYZYZII": -0.040315552083775734,
    "IIIXIXII": -0.040315552083775734,
    "IIIYIYII": -0.040315552083775734,
    "IIXZXZII": -0.040315552083775734,
    "IYZYIIZI": 0.04006352140247836,
    "IXZXIIZI": 0.04006352140247836,
    "YZYIIIIZ": 0.04006352140247836,
    "XZXIIIIZ": 0.04006352140247836,
    "XZZZZZXI": -0.03802196274679104,
    "YZZZZZYI": -0.03802196274679104,
    "IXZZZZZX": -0.03802196274679104,
    "IYZZZZZY": -0.03802196274679104,
    "IZYZYIII": -0.03644710232628058,
    "ZIIXZXII": -0.03644710232628058,
    "ZIIYZYII": -0.03644710232628058,
    "IZXZXIII": -0.03644710232628058,
    "ZXZXIIII": 0.03640574622180175,
    "ZYZYIIII": 0.03640574622180175,
    "XIXIIIII": 0.03640574622180175,
    "YIYIIIII": 0.03640574622180175,
    "XZZZXZII": -0.03386461037762704,
    "YZZZYZII": -0.03386461037762704,
    "IYZZIYII": -0.03386461037762703,
    "IXZZIXII": -0.03386461037762703,
    "IIIIIYZY": 0.02880786949250054,
    "IIIIIXZX": 0.02880786949250054,
    "IIIIYZYI": 0.02880786949250054,
    "IIIIXZXI": 0.02880786949250054,
    "IIXZXIIZ": -0.026809812390794965,
    "IIYZYIIZ": -0.026809812390794965,
    "IIIXZXZI": -0.026809812390794965,
    "IIIYZYZI": -0.026809812390794965,
    "XXIXZZXI": -0.02604140553764729,
    "XYIYZZXI": -0.02604140553764729,
    "YYIYZZYI": -0.02604140553764729,
    "YXIXZZYI": -0.02604140553764729,
    "YXXZZZZY": 0.026041405537647288,
    "XYYZZZZX": 0.026041405537647288,
    "XXYZZZZY": -0.026041405537647288,
    "YYXZZZZX": -0.026041405537647288,
    "IIIYZZZY": 0.025780223074981942,
    "IIIXZZZX": 0.025780223074981942,
    "IIYZZZYI": 0.0257802230749819,
    "IIXZZZXI": 0.0257802230749819,
    "IIYZYIZI": -0.02485279959311241,
    "IIIYZYIZ": -0.02485279959311241,
    "IIIXZXIZ": -0.02485279959311241,
    "IIXZXIZI": -0.02485279959311241,
    "XXYYIIII": -0.024799723947535737,
    "YYXXIIII": -0.024799723947535737,
    "XYYXIIII": 0.024799723947535737,
    "YXXYIIII": 0.024799723947535737,
    "IYXIIIXY": 0.023287468612999823,
    "IYYIIIYY": 0.023287468612999823,
    "IXXIIIXX": 0.023287468612999823,
    "IXYIIIYX": 0.023287468612999823,
    "YZZYIIXX": 0.02328746861299982,
    "YZZXIIXY": -0.02328746861299982,
    "XZZYIIYX": -0.02328746861299982,
    "XZZXIIYY": 0.02328746861299982,
    "IZIYZYII": -0.023241231568332216,
    "IZIXZXII": -0.023241231568332216,
    "ZIXZXIII": -0.023241231568332216,
    "ZIYZYIII": -0.023241231568332216,
    "IIYXXYII": 0.02254141929625614,
    "IIYYXXII": -0.02254141929625614,
    "IIXXYYII": -0.02254141929625614,
    "IIXYYXII": 0.02254141929625614,
    "IIZXZXII": -0.02183100949089757,
    "IIXIXIII": -0.02183100949089757,
    "IIYIYIII": -0.02183100949089757,
    "IIZYZYII": -0.02183100949089757,
    "XYIIYXII": 0.021085637052771923,
    "XXIIYYII": -0.021085637052771923,
    "YYIIXXII": -0.021085637052771923,
    "YXIIXYII": 0.021085637052771923,
    "IIIYIZZY": -0.020936277308416358,
    "IIIXIZZX": -0.020936277308416358,
    "IIXZZIXI": -0.020936277308416358,
    "IIYZZIYI": -0.020936277308416358,
    "ZIYZZZYI": -0.020582610316861337,
    "IZIXZZZX": -0.020582610316861337,
    "IZIYZZZY": -0.020582610316861337,
    "ZIXZZZXI": -0.020582610316861337,
    "XZZIXIII": -0.01866942505945206,
    "YZZIYIII": -0.01866942505945206,
    "IXIZZXII": -0.01866942505945206,
    "IYIZZYII": -0.01866942505945206,
    "IIIIXIXI": -0.0168566471874513,
    "IIIIZYZY": -0.0168566471874513,
    "IIIIZXZX": -0.0168566471874513,
    "IIIIYIYI": -0.0168566471874513,
    "IXZXIIIZ": 0.016776052789478538,
    "IYZYIIIZ": 0.016776052789478538,
    "XZXIIIZI": 0.016776052789478538,
    "YZYIIIZI": 0.016776052789478538,
    "IIXXIIYY": -0.01665588306522728,
    "IIYXIIXY": 0.01665588306522728,
    "IIXYIIYX": 0.01665588306522728,
    "IIYYIIXX": -0.01665588306522728,
    "YZZZIZYI": 0.016282971024174857,
    "IXZZZIZX": 0.016282971024174857,
    "XZZZIZXI": 0.016282971024174857,
    "IYZZZIZY": 0.016282971024174857,
    "IXZIZXII": -0.015846876051881318,
    "IYZIZYII": -0.015846876051881318,
    "XZIZXIII": -0.015846876051881318,
    "YZIZYIII": -0.015846876051881318,
    "IIIXZIZX": -0.015145104201127347,
    "IIIYZIZY": -0.015145104201127347,
    "IIYZIZYI": -0.015145104201127347,
    "IIXZIZXI": -0.015145104201127347,
    "IXXIXXII": -0.01443811297609825,
    "IXYIYXII": -0.01443811297609825,
    "IYYIYYII": -0.01443811297609825,
    "IYXIXYII": -0.01443811297609825,
    "XZZXYYII": -0.01443811297609825,
    "YZZXXYII": 0.01443811297609825,
    "YZZYXXII": -0.01443811297609825,
    "XZZYYXII": 0.01443811297609825,
    "IIZXZZZX": -0.014049253378716521,
    "IIXIZZXI": -0.014049253378716521,
    "IIZYZZZY": -0.014049253378716521,
    "IIYIZZYI": -0.014049253378716521,
    "ZYZZZYII": -0.013533060387007736,
    "ZXZZZXII": -0.013533060387007736,
    "YIZZYIII": -0.013533060387007736,
    "XIZZXIII": -0.013533060387007736,
    "XYYZZXII": 0.013205870757948365,
    "YYXZZXII": -0.013205870757948365,
    "YXXZZYII": 0.013205870757948365,
    "YXIXYIII": -0.013205870757948365,
    "XXYZZYII": -0.013205870757948365,
    "XYIYXIII": -0.013205870757948365,
    "XXIXXIII": -0.013205870757948365,
    "YYIYYIII": -0.013205870757948365,
    "XZZZXYZY": 0.012943105273365646,
    "YZZZYXZX": 0.012943105273365646,
    "YZZZYYZY": 0.012943105273365646,
    "IYZZXXYI": 0.012943105273365646,
    "IXZZYYXI": 0.012943105273365646,
    "IXZZXYYI": -0.012943105273365646,
    "IYZZYXXI": -0.012943105273365646,
    "XZZZXXZX": 0.012943105273365646,
    "IYZYIYZY": 0.012616896982153314,