{
  "hamiltonian": {
    "IIIIIIII": 2.3037436963008195,
    "IIIIIIZI": -1.3742219937909201,
    "IIIIIIIZ": -1.37422199379092,
    "IIIIZIII": -0.6357825342503702,
    "IIIIIZII": -0.6357825342503701,
    "ZZIIIIII": 0.2990950165259727,
    "IIZIIIII": -0.27365287533951344,
    "IIIZIIII": -0.2736528753395134,
    "IZIIIIII": 0.26528607159874523,
    "ZIIIIIII": 0.2652860715987448,
    "IZIIIIZI": 0.25876421920536063,
    "ZIIIIIIZ": 0.25876421920536063,
    "IIIIIIZZ": 0.24047907259250037,
    "ZIIIIZII": 0.1999721807585345,
    "IZIIZIII": 0.1999721807585345,
    "ZIIIIIZI": 0.1986351913755674,
    "IZIIIIIZ": 0.1986351913755674,
    "IIIIZZII": 0.17849938151520445,
    "IIIIZIIZ": 0.17533606369417587,
    "IIIIIZZI": 0.17533606369417587,
    "ZIIIZIII": 0.16747624311189405,
    "IZIIIZII": 0.16747624311189405,
    "IIIIIZIZ": 0.15612737739718016,
    "IIIIZIZI": 0.15612737739718016,
    "ZIIZIIII": 0.12288376273288341,
    "IZZIIIII": 0.12288376273288341,
    "IIIZIIZI": 0.11985934706250527,
    "IIZIIIIZ": 0.11985934706250527,
    "IZIZIIII": 0.1095515243897477,
    "ZIZIIIII": 0.1095515243897477,
    "IIZZIIII": 0.10789759787676466,
    "IIIZZIII": 0.10598771711316118,
    "IIZIIZII": 0.10598771711316118,
    "IIIZIIIZ": 0.10284101179729052,
    "IIZIIIZI": 0.10284101179729052,
    "IIIZIZII": 0.10205042823941808,
    "IIZIZIII": 0.10205042823941808,
    "ZYZZZZZY": 0.06292116909907826,
    "ZXZZZZZX": 0.06292116909907826,
    "YIZZZZYI": 0.06292116909907826,
    "XIZZZZXI": 0.06292116909907826,
    "YYIIIIXX": -0.06012902782979323,
    "XXIIIIYY": -0.06012902782979323,
    "YXIIIIXY": 0.06012902782979323,
    "XYIIIIYX": 0.06012902782979323,
    "YZZZZZYZ": 0.0591995332736426,
    "XZZZZZXZ": 0.0591995332736426,
    "IXZZZZIX": 0.0591995332736426,
    "IYZZZZIY": 0.0591995332736426,
    "ZIIYZZZY": -0.056270423436193526,
    "ZIIXZZZX": -0.056270423436193526,
    "IZXZZZXI": -0.056270423436193526,
    "IZYZZZYI": -0.056270423436193526,
    "YZZZYIII": -0.05327581054742622,
    "XZZZXIII": -0.05327581054742622,
    "IYZZZYII": -0.053275810547426215,
    "IXZZZXII": -0.053275810547426215,
    "IIYZZZYZ": -0.04986791859571029,
    "IIXZZZXZ": -0.04986791859571029,
    "IIIYZZIY": -0.049867918595710284,
    "IIIXZZIX": -0.049867918595710284,
    "ZXZXIIII": 0.036604431608017914,
    "YIYIIIII": 0.036604431608017914,
    "ZYZYIIII": 0.036604431608017914,
    "XIXIIIII": 0.036604431608017914,
    "YYIIXXII": -0.032495937646640445,
    "XXIIYYII": -0.032495937646640445,
    "YXIIXYII": 0.032495937646640445,
    "XYIIYXII": 0.032495937646640445,
    "XZXIIIII": -0.03248084333009736,
    "YZYIIIII": -0.03248084333009736,
    "IYZYIIII": -0.032480843330097355,
    "IXZXIIII": -0.032480843330097355,
    "ZXZZZXII": 0.03196971835804149,
    "ZYZZZYII": 0.03196971835804149,
    "YIZZYIII": 0.03196971835804149,
    "XIZZXIII": 0.03196971835804149,
    "ZIYZZZYI": -0.030942121122989566,
    "ZIXZZZXI": -0.030942121122989566,
    "IZIYZZZY": -0.030942121122989566,
    "IZIXZZZX": -0.030942121122989566,
    "IIIYIZZY": -0.030664092939993528,
    "IIXZZIXI": -0.030664092939993528,
    "IIIXIZZX": -0.030664092939993528,
    "IIYZZIYI": -0.030664092939993528,
    "IXZXIIZI": 0.029408089425799373,
    "IYZYIIZI": 0.029408089425799373,
    "YZYIIIIZ": 0.029408089425799373,
    "XZXIIIIZ": 0.029408089425799373,
    "IIIXZZZX": 0.029311648484750215,
    "IIIYZZZY": 0.029311648484750215,
    "IIXZZZXI": 0.029311648484750215,
    "IIYZZZYI": 0.029311648484750215,
    "IYZZZZZY": -0.02926570458733692,
    "IXZZZZZX": -0.02926570458733692,
    "XZZZZZXI": -0.02926570458733692,
    "YZZZZZYI": -0.02926570458733692,
    "XZZZIZXI": 0.028613718796227743,
    "YZZZIZYI": 0.028613718796227743,
    "IYZZZIZY": 0.028613718796227743,
    "IXZZZIZX": 0.028613718796227743,
    "XZZZXIIZ": 0.026450874794104903,
    "YZZZYIIZ": 0.026450874794104903,
    "IYZZZYZI": 0.026450874794104903,
    "IXZZZXZI": 0.026450874794104903,
    "IIXZIZXI": -0.026024876457382384,
    "IIYZIZYI": -0.026024876457382384,
    "IIIXZIZX": -0.026024876457382384,
    "IIIYZIZY": -0.026024876457382384,
    "YYXZZZZX": -0.025328302313203956,
    "YXXZZZZY": 0.025328302313203956,
    "YYIYZZYI": -0.025328302313203956,
    "XXYZZZZY": -0.025328302313203956,
    "YXIXZZYI": -0.025328302313203956,
    "XYYZZZZX": 0.025328302313203956,
    "XXIXZZXI": -0.025328302313203956,
    "XYIYZZXI": -0.025328302313203956,
    "IIIIXZXI": -0.020228478670639642,
    "IIIIYZYI": -0.020228478670639642,
    "IIIIIXZX": -0.020228478670639635,
    "IIIIIYZY": -0.020228478670639635,
    "YZZZYXZX": 0.020134885644599473,
    "YZZZYYZY": 0.020134885644599473,
    "XZZZXYZY": 0.020134885644599473,
    "IYZZXXYI": 0.020134885644599473,
    "IYZZYXXI": -0.020134885644599473,
    "IXZZXYYI": -0.020134885644599473,
    "IXZZYYXI": 0.020134885644599473,
    "XZZZXXZX": 0.020134885644599473,
    "XZZZXZII": 0.01935034513504134,
    "IXZZIXII": 0.01935034513504134,
    "IYZZIYII": 0.01935034513504134,
    "YZZZYZII": 0.01935034513504134,
    "IIIIXXYY": -0.019208686296995712,
    "IIIIYYXX": -0.019208686296995712,
    "IIIIXYYX": 0.019208686296995712,
    "IIIIYXXY": 0.019208686296995712,
    "IYXIIIXY": 0.01824038562629146,
    "IYYIIIYY": 0.01824038562629146,
    "IXXIIIXX": 0.01824038562629146,
    "IXYIIIYX": 0.01824038562629146,
    "XZZYIIYX": -0.01824038562629146,
    "XZZXIIYY": 0.01824038562629146,
    "YZZYIIXX": 0.01824038562629146,
    "YZZXIIXY": -0.01824038562629146,
    "IIXXIIYY": -0.01701833526521475,
    "IIXYIIYX": 0.01701833526521475,
    "IIYYIIXX": -0.01701833526521475,
    "IIYXIIXY": 0.01701833526521475,
    "XZXIZIII": 0.016039524169343258,
    "YZYIZIII": 0.016039524169343258,
    "IXZXIZII": 0.016039524169343258,
    "IYZYIZII": 0.016039524169343258,
    "IYZZZYIZ": 0.015513678237308759,
    "XZZZXIZI": 0.015513678237308759,
    "YZZZYIZI": 0.015513678237308759,
    "IXZZZXIZ": 0.015513678237308759,
    "IZIIXZXI": 0.015267807819497634,
    "IZIIYZYI": 0.015267807819497634,
    "ZIIIIXZX": 0.015267807819497634,
    "ZIIIIYZY": 0.015267807819497634,
    "IIIIIXIX": 0.014653231501071028,
    "IIIIIYIY": 0.014653231501071028,
    "IIIIYZYZ": 0.014653231501071026,
    "IIIIXZXZ": 0.014653231501071026,
    "IIXZXIII": -0.014228190139362116,
    "IIYZYIII": -0.014228190139362116,
    "IIIXZXII": -0.01422819013936211,
    "IIIYZYII": -0.01422819013936211,
    "IZYZYIII": 0.013695886628542032,
    "IZXZXIII": 0.013695886628542032,
    "ZIIXZXII": 0.013695886628542032,
    "ZIIYZYII": 0.013695886628542032,
    "YXXYIIII": 0.013332238343135712,
    "YYXXIIII": -0.013332238343135712,
    "XXYYIIII": -0.013332238343135712,
    "XYYXIIII": 0.013332238343135712,
    "IYZYZIII": 0.013000723049375848,
    "YZYIIZII": 0.013000723049375848,
    "XZXIIZII": 0.013000723049375848,
    "IXZXZIII": 0.013000723049375848,
    "IIXZXIIZ": 0.012408661647410812,
    "IIIYZYZI": 0.012408661647410812,
    "IIIXZXZI": 0.012408661647410812,
    "IIYZYIIZ": 0.012408661647410812,
    "IXZIZXII": 0.012277644621944698,
    "IYZIZYII": 0.012277644621944698,
    "XZIZXIII": 0.012277644621944698,
    "YZIZYIII": 0.012277644621944698,
    "IIIIXIXI": 0.012177764314996023,
    "IIIIYIYI": 0.012177764314996023,
    "IIIIZXZX": 0.012177764314996023,
    "IIIIZYZY": 0.012177764314996023,
    "IIIXIXII": 0.011772868674411983,
    "IIXZXZII": 0.011772868674411983,
    "IIYZYZII": 0.011772868674411983,
    "IIIYIYII": 0.011772868674411983,
    "IYIZZYII": 0.011652913517812332,
    "IXIZZXII": 0.011652913517812332,
    "YZZIYIII": 0.011652913517812332,
    "XZZIXIII": 0.011652913517812332,
    "IYZYIIIZ": 0.011167703799507912,
    "IXZXIIIZ": 0.011167703799507912,
    "XZXIIIZI": 0.011167703799507912,
    "YZYIIIZI": 0.011167703799507912,
    "XZZZZXYY": 0.010937196556796147,
    "YZZZZYXX": 0.010937196556796147,
    "XZZZZYYX": -0.010937196556796147,
    "YZZZZXXY": -0.010937196556796147,
    "IXZZYIYX": 0.010937196556796147,