{
  "hamiltonian": {
    "IIIIIIZI": -1.13953107234988,
    "IIIIIIIZ": -1.1395310723498797,
    "IIIIIIII": 1.1299950475163913,
    "IIIIIZII": -0.6736686248774879,
    "IIIIZIII": -0.6736686248774879,
    "ZZIIIIII": 0.24975573498986187,
    "IIZIIIII": -0.24575397228181484,
    "IIIZIIII": -0.24575397228181473,
    "IIIIIIZZ": 0.23206198628788005,
    "ZIIIIIIZ": 0.23109534514141455,
    "IZIIIIZI": 0.23109534514141455,
    "ZIIIIIZI": 0.17639041087286111,
    "IZIIIIIZ": 0.17639041087286111,
    "IIIIZZII": 0.17100584258355533,
    "ZIIIIZII": 0.14271935811847863,
    "IZIIZIII": 0.14271935811847863,
    "IIIZZIII": 0.1408173760807494,
    "IIZIIZII": 0.1408173760807494,
    "ZIIIIIII": 0.13957066657001366,
    "IZIIIIII": 0.13957066657001346,
    "IZZIIIII": 0.13682277354261307,
    "ZIIZIIII": 0.13682277354261307,
    "IIZZIIII": 0.13674270410262726,
    "ZIIIZIII": 0.12574838489653922,
    "IZIIIZII": 0.12574838489653922,
    "IIIZIIZI": 0.12252600728553384,
    "IIZIIIIZ": 0.12252600728553384,
    "IIIIIZZI": 0.12072290584882542,
    "IIIIZIIZ": 0.12072290584882542,
    "IIIZIZII": 0.11411830022276256,
    "IIZIZIII": 0.11411830022276256,
    "IIIIIZIZ": 0.11331426313928974,
    "IIIIZIZI": 0.11331426313928974,
    "IZIZIIII": 0.11099361669438927,
    "ZIZIIIII": 0.11099361669438927,
    "IIIZIIIZ": 0.1073191621061997,
    "IIZIIIZI": 0.1073191621061997,
    "XZZZZZXZ": 0.07066834134047045,
    "YZZZZZYZ": 0.07066834134047045,
    "IYZZZZIY": 0.07066834134047045,
    "IXZZZZIX": 0.07066834134047045,
    "XIZZZZXI": 0.06585341988111425,
    "ZXZZZZZX": 0.06585341988111425,
    "YIZZZZYI": 0.06585341988111425,
    "ZYZZZZZY": 0.06585341988111425,
    "IIXZXIII": 0.061817391246089815,
    "IIYZYIII": 0.061817391246089815,
    "IIIYZYII": 0.06181739124608981,
    "IIIXZXII": 0.06181739124608981,
    "XZZZXIII": 0.05762796571227792,
    "YZZZYIII": 0.05762796571227792,
    "IYZZZYII": 0.05762796571227792,
    "IXZZZXII": 0.05762796571227792,
    "XYIIIIYX": 0.05470493426855344,
    "XXIIIIYY": -0.05470493426855344,
    "YYIIIIXX": -0.05470493426855344,
    "YXIIIIXY": 0.05470493426855344,
    "IIIXIXII": -0.044038592398951665,
    "IIXZXZII": -0.044038592398951665,
    "IIYZYZII": -0.044038592398951665,
    "IIIYIYII": -0.044038592398951665,
    "ZIIYZZZY": -0.04307138151823038,
    "ZIIXZZZX": -0.04307138151823038,
    "IZXZZZXI": -0.04307138151823038,
    "IZYZZZYI": -0.04307138151823038,
    "XZXIIIIZ": 0.04268143262150276,
    "IXZXIIZI": 0.04268143262150276,
    "YZYIIIIZ": 0.04268143262150276,
    "IYZYIIZI": 0.04268143262150276,
    "IIIXZZIX": -0.0407817705851947,
    "IIIYZZIY": -0.0407817705851947,
    "IIYZZZYZ": -0.0407817705851947,
    "IIXZZZXZ": -0.0407817705851947,
    "YZZZZZYI": -0.03866473391019515,
    "XZZZZZXI": -0.03866473391019515,
    "IYZZZZZY": -0.03866473391019515,
    "IXZZZZZX": -0.03866473391019515,
    "ZYZYIIII": 0.037825838296009745,
    "ZXZXIIII": 0.037825838296009745,
    "YIYIIIII": 0.037825838296009745,
    "XIXIIIII": 0.037825838296009745,
    "IZYZYIII": -0.035586973522357665,
    "ZIIYZYII": -0.035586973522357665,
    "ZIIXZXII": -0.035586973522357665,
    "IZXZXIII": -0.035586973522357665,
    "YZZZYZII": -0.03275572639844877,
    "XZZZXZII": -0.03275572639844877,
    "IYZZIYII": -0.03275572639844877,
    "IXZZIXII": -0.03275572639844877,
    "IIXXYYII": -0.026699075857986858,
    "IIYXXYII": 0.026699075857986858,
    "IIYYXXII": -0.026699075857986858,
    "IIXYYXII": 0.026699075857986858,
    "IIZXZXII": -0.02639618157412363,
    "IIZYZYII": -0.02639618157412363,
    "IIXIXIII": -0.02639618157412363,
    "IIYIYIII": -0.02639618157412363,
    "YYXXIIII": -0.025829156848223792,
    "XXYYIIII": -0.025829156848223792,
    "XYYXIIII": 0.025829156848223792,
    "YXXYIIII": 0.025829156848223792,
    "IIIXZXZI": -0.025476441169788516,
    "IIYZYIIZ": -0.025476441169788516,
    "IIXZXIIZ": -0.025476441169788516,
    "IIIYZYZI": -0.025476441169788516,
    "XXYZZZZY": -0.025127062771208332,
    "XYYZZZZX": 0.025127062771208332,
    "XXIXZZXI": -0.025127062771208332,
    "YYIYZZYI": -0.025127062771208332,
    "YXIXZZYI": -0.025127062771208332,
    "YYXZZZZX": -0.025127062771208332,
    "XYIYZZXI": -0.025127062771208332,
    "YXXZZZZY": 0.025127062771208332,
    "IIIIIYZY": 0.02489389829016305,
    "IIIIIXZX": 0.02489389829016305,
    "IIIIYZYI": 0.024893898290163044,
    "IIIIXZXI": 0.024893898290163044,
    "IIYZYIZI": -0.0243098228485862,
    "IIXZXIZI": -0.0243098228485862,
    "IIIYZYIZ": -0.0243098228485862,
    "IIIXZXIZ": -0.0243098228485862,
    "XZZXIIYY": 0.02375756409917171,
    "YZZYIIXX": 0.02375756409917171,
    "YZZXIIXY": -0.02375756409917171,
    "XZZYIIYX": -0.02375756409917171,
    "IYYIIIYY": 0.023757564099171707,
    "IYXIIIXY": 0.023757564099171707,
    "IXYIIIYX": 0.023757564099171707,
    "IXXIIIXX": 0.023757564099171707,
    "IZIXZXII": -0.022816695379507618,
    "IZIYZYII": -0.022816695379507618,
    "ZIYZYIII": -0.022816695379507618,
    "ZIXZXIII": -0.022816695379507618,
    "IIIYZZZY": 0.019988338748916503,
    "IIIXZZZX": 0.019988338748916503,
    "IIYZZZYI": 0.01998833874891649,
    "IIXZZZXI": 0.01998833874891649,
    "XZXIIIZI": 0.018923868522331043,
    "YZYIIIZI": 0.018923868522331043,
    "IYZYIIIZ": 0.018923868522331043,
    "IXZXIIIZ": 0.018923868522331043,
    "IYIZZYII": -0.01889735561296326,
    "XZZIXIII": -0.01889735561296326,
    "YZZIYIII": -0.01889735561296326,
    "IXIZZXII": -0.01889735561296326,
    "IZIYZZZY": -0.017944318747022053,
    "IZIXZZZX": -0.017944318747022053,
    "ZIYZZZYI": -0.017944318747022053,
    "ZIXZZZXI": -0.017944318747022053,
    "IYZYZIII": -0.016978167563761172,
    "IXZXZIII": -0.016978167563761172,
    "YZYIIZII": -0.016978167563761172,
    "XZXIIZII": -0.016978167563761172,
    "YYIIXXII": -0.016970973221939422,
    "XXIIYYII": -0.016970973221939422,
    "XYIIYXII": 0.016970973221939422,
    "YXIIXYII": 0.016970973221939422,
    "IIIXIZZX": -0.016230763174804624,
    "IIIYIZZY": -0.016230763174804624,
    "IIXZZIXI": -0.016230763174804624,
    "IIYZZIYI": -0.016230763174804624,
    "YZZXXYII": 0.015601995830941708,
    "IYYIYYII": -0.015601995830941708,
    "IXXIXXII": -0.015601995830941708,
    "YZZYXXII": -0.015601995830941708,
    "IXYIYXII": -0.015601995830941708,
    "IYXIXYII": -0.015601995830941708,
    "XZZXYYII": -0.015601995830941708,
    "XZZYYXII": 0.015601995830941708,
    "IIYXIIXY": 0.015206845179334155,
    "IIYYIIXX": -0.015206845179334155,
    "IIXXIIYY": -0.015206845179334155,
    "IIXYIIYX": 0.015206845179334155,
    "IIIIXIXI": -0.014318590001198808,
    "IIIIYIYI": -0.014318590001198808,
    "IIIIZYZY": -0.014318590001198808,
    "IIIIZXZX": -0.014318590001198808,
    "XZIZXIII": -0.014062658429917206,
    "IXZIZXII": -0.014062658429917206,
    "YZIZYIII": -0.014062658429917206,
    "IYZIZYII": -0.014062658429917206,
    "XZZZIZXI": 0.013064229071889935,
    "YZZZIZYI": 0.013064229071889935,
    "IYZZZIZY": 0.013064229071889935,
    "IXZZZIZX": 0.013064229071889935,
    "IXIZZZZX": 0.01295531945177283,
    "IYIZZZZY": 0.01295531945177283,
    "XZZIZZXI": 0.01295531945177283,
    "YZZIZZYI": 0.01295531945177283,
    "XXYZZYII": -0.012770278142850049,
    "YXXZZYII": 0.012770278142850049,
    "XYYZZXII": 0.012770278142850049,
    "YXIXYIII": -0.012770278142850049,
    "YYIYYIII": -0.012770278142850049,
    "YYXZZXII": -0.012770278142850049,
    "XXIXXIII": -0.012770278142850049,
    "XYIYXIII": -0.012770278142850049,
    "IIZXZZZX": -0.012641503971023116,
    "IIZYZZZY": -0.012641503971023116,
    "IIXIZZXI": -0.012641503971023116,
    "IIYIZZYI": -0.012641503971023116,
    "IIIXZIZX": -0.011349970362296572,
    "IIIYZIZY": -0.011349970362296572,
    "IIXZIZXI": -0.011349970362296572,
    "IIYZIZYI": -0.011349970362296572,
    "IXZXIXZX": 0.010966382367775624,
    "XZXIXZXI": 0.010966382367775624,
    "YZYIYZYI": 0.010966382367775624,
    "IYZYIYZY": 0.010966382367775624,
    "IIZIIYZY": -0.010065399902855158,