{
  "hamiltonian": {
    "IIIIIIII": 1.3460268097574732,
    "IIIIIIIZ": -1.195866936442474,
    "IIIIIIZI": -1.1958669364424739,
    "IIIIIZII": -0.6425167098560169,
    "IIIIZIII": -0.6425167098560169,
    "IIIZIIII": -0.26312629450895486,
    "IIZIIIII": -0.26312629450895486,
    "ZZIIIIII": 0.2625825716644773,
    "IZIIIIZI": 0.23541333981084167,
    "ZIIIIIIZ": 0.23541333981084167,
    "IIIIIIZZ": 0.22774837185342606,
    "IZIIIIIZ": 0.18019591743120678,
    "ZIIIIIZI": 0.18019591743120678,
    "IIIIZZII": 0.16909639211987396,
    "IZIIIIII": 0.1677456314409556,
    "ZIIIIIII": 0.16774563144095544,
    "ZIIIIZII": 0.16765607505639096,
    "IZIIZIII": 0.16765607505639096,
    "IIIIIZZI": 0.1453997749610004,
    "IIIIZIIZ": 0.1453997749610004,
    "ZIIIZIII": 0.1424248129511967,
    "IZIIIZII": 0.1424248129511967,
    "IZZIIIII": 0.1362611949775725,
    "ZIIZIIII": 0.1362611949775725,
    "IIIIZIZI": 0.12927529378367517,
    "IIIIIZIZ": 0.12927529378367517,
    "IIIZZIII": 0.128556858914591,
    "IIZIIZII": 0.128556858914591,
    "IIZZIIII": 0.12602922398797367,
    "IIIZIIZI": 0.12505687721476488,
    "IIZIIIIZ": 0.12505687721476488,
    "IZIZIIII": 0.11354926403382892,
    "ZIZIIIII": 0.11354926403382892,
    "IIZIZIII": 0.11084816668768233,
    "IIIZIZII": 0.11084816668768233,
    "IIIZIIIZ": 0.10711699729043381,
    "IIZIIIZI": 0.10711699729043381,
    "XZZZZZXZ": 0.06864169769033425,
    "YZZZZZYZ": 0.06864169769033425,
    "IXZZZZIX": 0.06864169769033424,
    "IYZZZZIY": 0.06864169769033424,
    "YIZZZZYI": 0.06499479895823763,
    "XIZZZZXI": 0.06499479895823763,
    "ZXZZZZZX": 0.06499479895823763,
    "ZYZZZZZY": 0.06499479895823763,
    "IYZZZYII": 0.062133452893518674,
    "IXZZZXII": 0.062133452893518674,
    "YZZZYIII": 0.062133452893518674,
    "XZZZXIII": 0.062133452893518674,
    "YYIIIIXX": -0.05521742237963489,
    "XXIIIIYY": -0.05521742237963489,
    "YXIIIIXY": 0.05521742237963489,
    "XYIIIIYX": 0.05521742237963489,
    "ZIIYZZZY": -0.050403252868299706,
    "IZYZZZYI": -0.050403252868299706,
    "IZXZZZXI": -0.050403252868299706,
    "ZIIXZZZX": -0.050403252868299706,
    "IIXZXIII": 0.045534110488112296,
    "IIYZYIII": 0.045534110488112296,
    "IIIXZXII": 0.04553411048811228,
    "IIIYZYII": 0.04553411048811228,
    "IIXZZZXZ": -0.04538875517821464,
    "IIIYZZIY": -0.04538875517821464,
    "IIIXZZIX": -0.04538875517821464,
    "IIYZZZYZ": -0.04538875517821464,
    "IXZXIIZI": 0.036663926003834675,
    "XZXIIIIZ": 0.036663926003834675,
    "YZYIIIIZ": 0.036663926003834675,
    "IYZYIIZI": 0.036663926003834675,
    "IXZZZZZX": -0.036471813127670755,
    "IYZZZZZY": -0.036471813127670755,
    "XZZZZZXI": -0.03647181312767074,
    "YZZZZZYI": -0.03647181312767074,
    "IIIXIXII": -0.035719491179626375,
    "IIIYIYII": -0.035719491179626375,
    "IIXZXZII": -0.035719491179626375,
    "IIYZYZII": -0.035719491179626375,
    "ZIIXZXII": -0.03532879878133994,
    "ZIIYZYII": -0.03532879878133994,
    "IZYZYIII": -0.03532879878133994,
    "IZXZXIII": -0.03532879878133994,
    "ZYZYIIII": 0.03519209964627069,
    "XIXIIIII": 0.03519209964627069,
    "YIYIIIII": 0.03519209964627069,
    "ZXZXIIII": 0.03519209964627069,
    "IYZZIYII": -0.033110301126890326,
    "IXZZIXII": -0.033110301126890326,
    "YZZZYZII": -0.03311030112689032,
    "XZZZXZII": -0.03311030112689032,
    "IIIIIXZX": 0.029986726071833378,
    "IIIIIYZY": 0.029986726071833378,
    "IIIIYZYI": 0.029986726071833374,
    "IIIIXZXI": 0.029986726071833374,
    "IIYZZZYI": 0.02985524335635967,
    "IIXZZZXI": 0.02985524335635967,
    "IIIYZZZY": 0.02985524335635965,
    "IIIXZZZX": 0.02985524335635965,
    "IIYZYIIZ": -0.02688109762201596,
    "IIIYZYZI": -0.02688109762201596,
    "IIIXZXZI": -0.02688109762201596,
    "IIXZXIIZ": -0.02688109762201596,
    "XXYZZZZY": -0.02682033946763486,
    "YYXZZZZX": -0.02682033946763486,
    "YXXZZZZY": 0.02682033946763486,
    "YYIYZZYI": -0.02682033946763486,
    "YXIXZZYI": -0.02682033946763486,
    "XYYZZZZX": 0.02682033946763486,
    "XXIXZZXI": -0.02682033946763486,
    "XYIYZZXI": -0.02682033946763486,
    "YXIIXYII": 0.02523126210519428,
    "XYIIYXII": 0.02523126210519428,
    "XXIIYYII": -0.02523126210519428,
    "YYIIXXII": -0.02523126210519428,
    "IIXZZIXI": -0.02508270914687492,
    "IIYZZIYI": -0.02508270914687492,
    "IIIYIZZY": -0.02508270914687492,
    "IIIXIZZX": -0.02508270914687492,
    "IIIYZYIZ": -0.023930379471021983,
    "IIIXZXIZ": -0.023930379471021983,
    "IIXZXIZI": -0.023930379471021983,
    "IIYZYIZI": -0.023930379471021983,
    "IZIYZZZY": -0.02358291340066486,
    "IZIXZZZX": -0.02358291340066486,
    "ZIXZZZXI": -0.02358291340066486,
    "ZIYZZZYI": -0.02358291340066486,
    "XYYXIIII": 0.02271193094374358,
    "YYXXIIII": -0.02271193094374358,
    "YXXYIIII": 0.02271193094374358,
    "XXYYIIII": -0.02271193094374358,
    "ZIYZYIII": -0.022656573757860444,
    "ZIXZXIII": -0.022656573757860444,
    "IZIXZXII": -0.022656573757860444,
    "IZIYZYII": -0.022656573757860444,
    "YZZYIIXX": 0.022307207546371964,
    "IXYIIIYX": 0.022307207546371964,
    "YZZXIIXY": -0.022307207546371964,
    "IXXIIIXX": 0.022307207546371964,
    "IYYIIIYY": 0.022307207546371964,
    "IYXIIIXY": 0.022307207546371964,
    "XZZYIIYX": -0.022307207546371964,
    "XZZXIIYY": 0.022307207546371964,
    "IXZZZIZX": 0.01980005326369734,
    "XZZZIZXI": 0.01980005326369734,
    "YZZZIZYI": 0.01980005326369734,
    "IYZZZIZY": 0.01980005326369734,
    "IIYZIZYI": -0.019041659727656698,
    "IIIYZIZY": -0.019041659727656698,
    "IIXZIZXI": -0.019041659727656698,
    "IIIXZIZX": -0.019041659727656698,
    "ZXZZZXII": -0.01849940940019111,
    "YIZZYIII": -0.01849940940019111,
    "XIZZXIII": -0.01849940940019111,
    "ZYZZZYII": -0.01849940940019111,
    "IIXXIIYY": -0.01793987992433106,
    "IIYYIIXX": -0.01793987992433106,
    "IIXYIIYX": 0.01793987992433106,
    "IIYXIIXY": 0.01793987992433106,
    "IIYXXYII": 0.017708692226908688,
    "IIXYYXII": 0.017708692226908688,
    "IIYYXXII": -0.017708692226908688,
    "IIXXYYII": -0.017708692226908688,
    "IYIZZYII": -0.01766155015165699,
    "IXIZZXII": -0.01766155015165699,
    "YZZIYIII": -0.01766155015165699,
    "XZZIXIII": -0.01766155015165699,
    "IIIIYIYI": -0.017382749658546692,
    "IIIIXIXI": -0.017382749658546692,
    "IIIIZYZY": -0.017382749658546692,
    "IIIIZXZX": -0.017382749658546692,
    "IIZXZXII": -0.016988507324209742,
    "IIZYZYII": -0.016988507324209742,
    "IIYIYIII": -0.016988507324209742,
    "IIXIXIII": -0.016988507324209742,
    "IXZZXYYI": -0.016906327967204707,
    "YZZZYXZX": 0.016906327967204707,
    "IXZZYYXI": 0.016906327967204707,
    "XZZZXYZY": 0.016906327967204707,
    "IYZZXXYI": 0.016906327967204707,
    "IYZZYXXI": -0.016906327967204707,
    "YZZZYYZY": 0.016906327967204707,
    "XZZZXXZX": 0.016906327967204707,
    "IXZIZXII": -0.01686437231629122,
    "IYZIZYII": -0.01686437231629122,
    "YZIZYIII": -0.01686437231629122,
    "XZIZXIII": -0.01686437231629122,
    "IIIIXYYX": 0.01612448117732523,
    "IIIIXXYY": -0.01612448117732523,
    "IIIIYXXY": 0.01612448117732523,
    "IIIIYYXX": -0.01612448117732523,
    "XZXIIIZI": 0.014356718457462711,
    "IXZXIIIZ": 0.014356718457462711,
    "IYZYIIIZ": 0.014356718457462711,
    "YZYIIIZI": 0.014356718457462711,
    "IIZYZZZY": -0.014328278060979064,
    "IIZXZZZX": -0.014328278060979064,
    "IIXIZZXI": -0.014328278060979064,
    "IIYIZZYI": -0.014328278060979064,
    "IIZIIYZY": -0.013188366457238814,
    "IIZIIXZX": -0.013188366457238814,
    "IIIZYZYI": -0.013188366457238814,
    "IIIZXZXI": -0.013188366457238814,
    "YZYIYZYI": 0.01314289147873396,
    "XZXIXZXI": 0.01314289147873396,
    "IXZXIXZX": 0.01314289147873396,
    "IYZYIYZY": 0.01314289147873396,
    "YXXZZYII": 0.012672225023479495,
    "YYXZZXII": -0.012672225023479495,
    "YXIXYIII": -0.012672225023479495,
    "XYYZZXII": 0.012672225023479495,
    "XXYZZYII": -0.012672225023479495,