{
  "hamiltonian": {
    "IIII": -1.0271688629618123,
    "ZIII": 0.8311290338733547,
    "IZII": 0.8311290338733547,
    "ZZII": 0.2409167832321711,
    "IIZZ": 0.1912081122212446,
    "IZZI": 0.18603386306253944,
    "ZIIZ": 0.18603386306253944,
    "IZIZ": 0.1451331131043888,
    "ZIZI": 0.1451331131043888,
    "IIZI": 0.11091962907198093,
    "IIIZ": 0.1109196290719809,
    "ZXZX": 0.0427706534837054,
    "YIYI": 0.0427706534837054,
    "XIXI": 0.0427706534837054,
    "ZYZY": 0.0427706534837054,
    "IYZY": 0.04133250278559977,
    "YZYI": 0.04133250278559977,
    "IXZX": 0.04133250278559977,
    "XZXI": 0.04133250278559977,
    "XXYY": -0.04090074995815062,
    "XYYX": 0.04090074995815062,
    "YXXY": 0.04090074995815062,
    "YYXX": -0.04090074995815062,
    "YZYZ": 0.0014381631517573136,
    "XZXZ": 0.0014381631517573136,
    "IYIY": 0.0014381631517573134,
    "IXIX": 0.0014381631517573134
  },
  "data": {
    "molecule_id": "HHe+_singlet_Coov",
    "qubit_encoding": "JW",
    "basis": "sto-3g",
    "charge": 1,
    "multiplicity": 1,
    "geometry": "He 0.1420800000 0.0000000000 0.0000000000\nH -0.4002800000 0.0000000000 0.0000000000",
    "n_qubits": 4,
    "alpha": 0.7,
    "energies": {
      "HF": -2.6977967294450025,
      "MP2": -2.7048372968833374,
      "CISD": -2.707176412479012,
      "CCSD": -2.707176411924939,
      "FCI": -2.7071764124790105
    },
    "converged": {
      "HF": true,
      "MP2": false,
      "CISD": true,
      "CCSD": true,
      "FCI": true
    },
    "fci_spin_matches_target": true,
    "fci_multiplicity": 1.0,
    "hf_method_fallback": "standard",
    "generation_time_s": 0.019,
    "timestamp": "2026-02-25T23:57:37.955665+00:00"
  }
}