{
  "hamiltonian": {
    "IIIIIIIZ": -1.1126326029949007,
    "IIIIIIZI": -1.1126326029949007,
    "IIIIIIII": 1.0394533448301013,
    "IIIIIZII": -0.7035179677718776,
    "IIIIZIII": -0.7035179677718776,
    "ZZIIIIII": 0.24394231193691576,
    "IIIIIIZZ": 0.2367202973324509,
    "IZIIIIZI": 0.2312531550454222,
    "ZIIIIIIZ": 0.2312531550454222,
    "IIZIIIII": -0.22956528342103233,
    "IIIZIIII": -0.2295652834210321,
    "IZIIIIIZ": 0.17567005361972726,
    "ZIIIIIZI": 0.17567005361972726,
    "IIIIZZII": 0.17270418869499132,
    "IIZIIZII": 0.1483778007933849,
    "IIIZZIII": 0.1483778007933849,
    "IIZZIIII": 0.14452647027411142,
    "ZIIZIIII": 0.13062361784259557,
    "IZZIIIII": 0.13062361784259557,
    "ZIIIIIII": 0.1278901434680429,
    "IZIIIIII": 0.1278901434680426,
    "IZIIZIII": 0.12202780210825834,
    "ZIIIIZII": 0.12202780210825834,
    "IIZIIIIZ": 0.1171426573265632,
    "IIIZIIZI": 0.1171426573265632,
    "IIZIZIII": 0.11576418048636758,
    "IIIZIZII": 0.11576418048636758,
    "ZIIIZIII": 0.11193082591657065,
    "IZIIIZII": 0.11193082591657065,
    "IZIZIIII": 0.10557229539585178,
    "ZIZIIIII": 0.10557229539585178,
    "IIZIIIZI": 0.10432953541947267,
    "IIIZIIIZ": 0.10432953541947267,
    "IIIIZIIZ": 0.1040059416137283,
    "IIIIIZZI": 0.1040059416137283,
    "IIIIIZIZ": 0.10160917090974524,
    "IIIIZIZI": 0.10160917090974524,
    "IIIXZXII": 0.07442154509477501,
    "IIXZXIII": 0.07442154509477501,
    "IIIYZYII": 0.07442154509477501,
    "IIYZYIII": 0.07442154509477501,
    "XZZZZZXZ": 0.07221133825482572,
    "IXZZZZIX": 0.07221133825482572,
    "IYZZZZIY": 0.07221133825482572,
    "YZZZZZYZ": 0.07221133825482572,
    "XIZZZZXI": 0.06655787331721634,
    "YIZZZZYI": 0.06655787331721634,
    "ZYZZZZZY": 0.06655787331721634,
    "ZXZZZZZX": 0.06655787331721634,
    "XYIIIIYX": 0.05558310142569499,
    "XXIIIIYY": -0.05558310142569499,
    "YYIIIIXX": -0.05558310142569499,
    "YXIIIIXY": 0.05558310142569499,
    "IIXZXZII": -0.049081091081193795,
    "IIIYIYII": -0.049081091081193795,
    "IIIXIXII": -0.049081091081193795,
    "IIYZYZII": -0.049081091081193795,
    "IXZZZXII": 0.04847580358507924,
    "IYZZZYII": 0.04847580358507924,
    "YZZZYIII": 0.048475803585079226,
    "XZZZXIII": 0.048475803585079226,
    "YZYIIIIZ": 0.04461401548200017,
    "XZXIIIIZ": 0.04461401548200017,
    "IXZXIIZI": 0.04461401548200017,
    "IYZYIIZI": 0.04461401548200017,
    "XIXIIIII": 0.040032367738601846,
    "YIYIIIII": 0.040032367738601846,
    "ZYZYIIII": 0.04003236773860184,
    "ZXZXIIII": 0.04003236773860184,
    "IIYZZZYZ": -0.03797438121074813,
    "IIXZZZXZ": -0.03797438121074813,
    "IIIYZZIY": -0.03797438121074813,
    "IIIXZZIX": -0.03797438121074813,
    "IZXZZZXI": -0.037797960270919265,
    "IZYZZZYI": -0.037797960270919265,
    "ZIIXZZZX": -0.037797960270919265,
    "ZIIYZZZY": -0.037797960270919265,
    "XZZZZZXI": -0.03653930223189865,
    "YZZZZZYI": -0.03653930223189865,
    "IXZZZZZX": -0.03653930223189865,
    "IYZZZZZY": -0.03653930223189865,
    "IIYIYIII": -0.033728071976413865,
    "IIXIXIII": -0.033728071976413865,
    "IIZYZYII": -0.033728071976413865,
    "IIZXZXII": -0.033728071976413865,
    "IIYXXYII": 0.0326136203070173,
    "IIYYXXII": -0.0326136203070173,
    "IIXYYXII": 0.0326136203070173,
    "IIXXYYII": -0.0326136203070173,
    "ZIIYZYII": -0.030280235034436106,
    "ZIIXZXII": -0.030280235034436106,
    "IZYZYIII": -0.030280235034436106,
    "IZXZXIII": -0.030280235034436106,
    "IXZZIXII": -0.027108589471827288,
    "IYZZIYII": -0.027108589471827288,
    "YZZZYZII": -0.027108589471827288,
    "XZZZXZII": -0.027108589471827288,
    "XXYYIIII": -0.025051322446743796,
    "XYYXIIII": 0.025051322446743796,
    "YYXXIIII": -0.025051322446743796,
    "YXXYIIII": 0.025051322446743796,
    "XYIYZZXI": -0.02357157979706167,
    "XXIXZZXI": -0.02357157979706167,
    "YYIYZZYI": -0.02357157979706167,
    "YXIXZZYI": -0.02357157979706167,
    "XXYZZZZY": -0.023571579797061662,
    "YYXZZZZX": -0.023571579797061662,
    "YXXZZZZY": 0.023571579797061662,
    "XYYZZZZX": 0.023571579797061662,
    "XZZYIIYX": -0.023265423966377683,
    "XZZXIIYY": 0.023265423966377683,
    "YZZYIIXX": 0.023265423966377683,
    "YZZXIIXY": -0.023265423966377683,
    "IYXIIIXY": 0.023265423966377676,
    "IXYIIIYX": 0.023265423966377676,
    "IXXIIIXX": 0.023265423966377676,
    "IYYIIIYY": 0.023265423966377676,
    "YZYIIZII": -0.02156729161416504,
    "IYZYZIII": -0.02156729161416504,
    "IXZXZIII": -0.02156729161416504,
    "XZXIIZII": -0.02156729161416504,
    "IIIYZYZI": -0.021360340017647025,
    "IIIXZXZI": -0.021360340017647025,
    "IIXZXIIZ": -0.021360340017647025,
    "IIYZYIIZ": -0.021360340017647025,
    "IYZYIIIZ": 0.021348591515622486,
    "XZXIIIZI": 0.021348591515622486,
    "YZYIIIZI": 0.021348591515622486,
    "IXZXIIIZ": 0.021348591515622486,
    "IIXZXIZI": -0.020762715109090522,
    "IIIYZYIZ": -0.020762715109090522,
    "IIIXZXIZ": -0.020762715109090522,
    "IIYZYIZI": -0.020762715109090522,
    "IZIXZXII": -0.02023037146886624,
    "IZIYZYII": -0.02023037146886624,
    "ZIYZYIII": -0.02023037146886624,
    "ZIXZXIII": -0.02023037146886624,
    "YZZIYIII": -0.01742891302164333,
    "IYIZZYII": -0.01742891302164333,
    "IXIZZXII": -0.01742891302164333,
    "XZZIXIII": -0.01742891302164333,
    "IYXIXYII": -0.015187462433577985,
    "IYYIYYII": -0.015187462433577985,
    "XZZYYXII": 0.015187462433577985,
    "XZZXYYII": -0.015187462433577985,
    "YZZYXXII": -0.015187462433577985,
    "IXXIXXII": -0.015187462433577985,
    "IXYIYXII": -0.015187462433577985,
    "YZZXXYII": 0.015187462433577985,
    "IZIXZZZX": -0.014226380473857592,
    "ZIYZZZYI": -0.014226380473857592,
    "IZIYZZZY": -0.014226380473857592,
    "ZIXZZZXI": -0.014226380473857592,
    "YZZIZZYI": 0.014033585051987742,
    "XZZIZZXI": 0.014033585051987742,
    "IYIZZZZY": 0.014033585051987742,
    "IXIZZZZX": 0.014033585051987742,
    "YZYIIIII": 0.013330635492289663,
    "XZXIIIII": 0.013330635492289663,
    "IYZYIIII": 0.01333063549228965,
    "IXZXIIII": 0.01333063549228965,
    "IIXXIIYY": -0.012813121907090537,
    "IIYYIIXX": -0.012813121907090537,
    "IIYXIIXY": 0.012813121907090537,
    "IIXYIIYX": 0.012813121907090537,
    "IIIIIXZX": 0.012181245383717985,
    "IIIIXZXI": 0.012181245383717985,
    "IIIIIYZY": 0.012181245383717985,
    "IIIIYZYI": 0.012181245383717985,
    "XZXZIIII": -0.01131324591245154,
    "YZYZIIII": -0.01131324591245154,
    "IYIYIIII": -0.011313245912451537,
    "IXIXIIII": -0.011313245912451537,
    "IYYXZZXI": 0.010201749180381456,
    "XZXXZZZX": -0.010201749180381456,
    "XZXYZZZY": -0.010201749180381456,
    "IYXXZZYI": -0.010201749180381456,
    "YZYXZZZX": -0.010201749180381456,
    "YZYYZZZY": -0.010201749180381456,
    "IXYYZZXI": -0.010201749180381456,
    "IXXYZZYI": 0.010201749180381456,
    "XYIIYXII": 0.010096976191687689,
    "XXIIYYII": -0.010096976191687689,
    "YYIIXXII": -0.010096976191687689,
    "YXIIXYII": 0.010096976191687689,
    "XYYZZXII": 0.010049863565569864,
    "YYXZZXII": -0.010049863565569864,
    "YXXZZYII": 0.010049863565569864,
    "XYIYXIII": -0.010049863565569864,
    "XXIXXIII": -0.010049863565569864,
    "YXIXYIII": -0.010049863565569864,
    "YYIYYIII": -0.010049863565569864,
    "XXYZZYII": -0.010049863565569864,
    "YZIZYIII": -0.009595147503258615,
    "XZIZXIII": -0.009595147503258615,
    "IXZIZXII": -0.009595147503258615,
    "IYZIZYII": -0.009595147503258615,
    "IIZXZZZX": -0.00805076096834252,
    "IIYIZZYI": -0.00805076096834252,
    "IIXIZZXI": -0.00805076096834252,
    "IIZYZZZY": -0.00805076096834252,
    "IXZZZIZX": 0.0079517566717473,
    "XZZZIZXI": 0.0079517566717473,
    "IYZZZIZY": 0.0079517566717473,
    "YZZZIZYI": 0.0079517566717473,
    "IXXYYIII": -0.007833765518384715,
    "XZXXZXII": 0.007833765518384715,
    "IYXXYIII": 0.007833765518384715,
    "IYYXXIII": -0.007833765518384715,
    "YZYYZYII": 0.007833765518384715,