{
  "hamiltonian": {
    "IIII": -1.5458702237440076,
    "ZIII": 0.7582841397537895,
    "IZII": 0.7582841397537894,
    "ZZII": 0.2357714719386912,
    "IIZI": 0.19199555781172536,
    "IIIZ": 0.1919955578117253,
    "IIZZ": 0.18812537120562928,
    "IZZI": 0.16501438795697887,
    "ZIIZ": 0.16501438795697887,
    "ZIZI": 0.128678163527995,
    "IZIZ": 0.128678163527995,
    "IYZY": 0.05258563107513989,
    "XZXI": 0.05258563107513989,
    "YZYI": 0.05258563107513989,
    "IXZX": 0.05258563107513989,
    "ZXZX": 0.0432447843486047,
    "ZYZY": 0.0432447843486047,
    "XIXI": 0.043244784348604695,
    "YIYI": 0.043244784348604695,
    "YXXY": 0.036336224428983856,
    "XYYX": 0.036336224428983856,
    "YYXX": -0.036336224428983856,
    "XXYY": -0.036336224428983856,
    "IYIY": -0.009339374294952709,
    "IXIX": -0.009339374294952709,
    "YZYZ": -0.009339374294952707,
    "XZXZ": -0.009339374294952707
  },
  "data": {
    "molecule_id": "HHe+_singlet_Coov",
    "qubit_encoding": "JW",
    "basis": "sto-3g",
    "charge": 1,
    "multiplicity": 1,
    "geometry": "He 0.2583000000 0.0000000000 0.0000000000\nH -0.5165000000 0.0000000000 0.0000000000",
    "n_qubits": 4,
    "alpha": 1.0,
    "energies": {
      "HF": -2.8419356474537625,
      "MP2": -2.8491724690565334,
      "CISD": -2.851562662232365,
      "CCSD": -2.851562666931454,
      "FCI": -2.851562662232365
    },
    "converged": {
      "HF": true,
      "MP2": false,
      "CISD": true,
      "CCSD": true,
      "FCI": true
    },
    "fci_spin_matches_target": true,
    "fci_multiplicity": 0.9999999999999998,
    "hf_method_fallback": "standard",
    "generation_time_s": 0.032,
    "timestamp": "2026-02-25T23:57:37.794642+00:00"
  }
}