{
  "hamiltonian": {
    "IIII": -1.914803054131633,
    "ZIII": 0.7001778222680476,
    "IZII": 0.7001778222680474,
    "ZZII": 0.2527167380240182,
    "IIZI": 0.20143934659252993,
    "IIIZ": 0.20143934659252982,
    "IIZZ": 0.19004680314714228,
    "IZZI": 0.09318528864266817,
    "ZIIZ": 0.09318528864266817,
    "ZIZI": 0.0827100783523134,
    "IZIZ": 0.0827100783523134,
    "IYZY": 0.04997299119551615,
    "XZXI": 0.04997299119551615,
    "YZYI": 0.04997299119551615,
    "IXZX": 0.04997299119551615,
    "ZXZX": 0.03331498059944327,
    "ZYZY": 0.03331498059944327,
    "XIXI": 0.03331498059944327,
    "YIYI": 0.03331498059944327,
    "YZYZ": -0.016657714392620756,
    "XZXZ": -0.016657714392620756,
    "IYIY": -0.016657714392620752,
    "IXIX": -0.016657714392620752,
    "YXXY": 0.010475210290354794,
    "XYYX": 0.010475210290354794,
    "YYXX": -0.010475210290354794,
    "XXYY": -0.010475210290354794
  },
  "data": {
    "molecule_id": "HHe+_singlet_Coov",
    "qubit_encoding": "JW",
    "basis": "sto-3g",
    "charge": 1,
    "multiplicity": 1,
    "geometry": "He 0.6457000000 0.0000000000 0.0000000000\nH -0.9039000000 0.0000000000 0.0000000000",
    "n_qubits": 4,
    "alpha": 2.0,
    "energies": {
      "HF": -2.821307198301472,
      "MP2": -2.822383599873384,
      "CISD": -2.8222590632886013,
      "CCSD": -2.8222590557119314,
      "FCI": -2.822259063288601
    },
    "converged": {
      "HF": true,
      "MP2": false,
      "CISD": true,
      "CCSD": true,
      "FCI": true
    },
    "fci_spin_matches_target": true,
    "fci_multiplicity": 1.0,
    "hf_method_fallback": "standard",
    "generation_time_s": 0.021,
    "timestamp": "2026-02-25T23:57:37.856069+00:00"
  }
}