{
  "hamiltonian": {
    "IIII": -1.9346507488392097,
    "ZIII": 0.7007978799428359,
    "IZII": 0.7007978799428358,
    "ZZII": 0.26023532757824686,
    "IIZZ": 0.1925768288990381,
    "IIZI": 0.17464560185373204,
    "IIIZ": 0.17464560185373199,
    "IZZI": 0.07097698526020499,
    "ZIIZ": 0.07097698526020499,
    "ZIZI": 0.06769305262444747,
    "IZIZ": 0.06769305262444747,
    "IYZY": 0.030860785588123944,
    "IXZX": 0.030860785588123944,
    "YZYI": 0.030860785588123944,
    "XZXI": 0.030860785588123944,
    "ZXZX": 0.020339815487937896,
    "ZYZY": 0.020339815487937896,
    "XIXI": 0.020339815487937896,
    "YIYI": 0.020339815487937896,
    "YZYZ": -0.01052020054534307,
    "XZXZ": -0.01052020054534307,
    "IYIY": -0.01052020054534307,
    "IXIX": -0.01052020054534307,
    "XXYY": -0.0032839326357575085,
    "XYYX": 0.0032839326357575085,
    "YXXY": 0.0032839326357575085,
    "YYXX": -0.0032839326357575085
  },
  "data": {
    "molecule_id": "HHe+_singlet_Coov",
    "qubit_encoding": "JW",
    "basis": "sto-3g",
    "charge": 1,
    "multiplicity": 1,
    "geometry": "He 0.8394000000 0.0000000000 0.0000000000\nH -1.0976000000 0.0000000000 0.0000000000",
    "n_qubits": 4,
    "alpha": 2.5,
    "energies": {
      "HF": -2.8114832243094368,
      "MP2": -2.8116062331333214,
      "CISD": -2.8115679604564674,
      "CCSD": -2.8115679604349317,
      "FCI": -2.8115679604564674
    },
    "converged": {
      "HF": true,
      "MP2": false,
      "CISD": true,
      "CCSD": true,
      "FCI": true
    },
    "fci_spin_matches_target": true,
    "fci_multiplicity": 1.0,
    "hf_method_fallback": "standard",
    "generation_time_s": 0.022,
    "timestamp": "2026-02-25T23:57:37.877972+00:00"
  }
}