{
  "hamiltonian": {
    "IIII": -0.4890618220224615,
    "IIZZ": 0.1463594231031927,
    "ZIIZ": 0.14035093052957628,
    "IZZI": 0.14035093052957628,
    "ZZII": 0.1386675301342869,
    "ZIII": 0.09461056796285716,
    "IZII": 0.09461056796285716,
    "ZIZI": 0.08324152361109247,
    "IZIZ": 0.08324152361109247,
    "XXYY": -0.05710940691848381,
    "XYYX": 0.05710940691848381,
    "YXXY": 0.05710940691848381,
    "YYXX": -0.05710940691848381,
    "IIZI": -0.037771153820272935,
    "IIIZ": -0.037771153820272935
  },
  "data": {
    "molecule_id": "D2_singlet_Dooh",
    "qubit_encoding": "JW",
    "unit": "Angstrom",
    "basis": "sto-3g",
    "charge": 0,
    "multiplicity": 1,
    "spin": 0,
    "geometry": "H 0.0000000000 0.0000000000 -0.3707500000\nH 0.0000000000 0.0000000000 1.1122500000",
    "n_qubits": 4,
    "n_particles": {
      "total": 2,
      "alpha": 1,
      "beta": 1
    },
    "hf_array": [
      1,
      1,
      0,
      0
    ],
    "hf_method": "pyscf.scf.hf_symm.SymAdaptedRHF",
    "convergence_threshold": 1e-06,
    "point_group": {
      "groupname": "Dooh",
      "topgroup": "Dooh"
    },
    "alpha": 2.0,
    "calculated_properties": {
      "HF": {
        "energy": -0.9159832206325795,
        "converged": true
      },
      "MP2": {
        "energy": -0.9602758523583454,
        "converged": false
      },
      "CISD": {
        "energy": -1.000910255613219,
        "converged": true
      },
      "CCSD": {
        "energy": -1.0009102558110627,
        "converged": true
      },
      "FCI": {
        "energy": -1.0009102556132197,
        "converged": true,
        "spin_matches_target": true,
        "multiplicity": 1.0,
        "oscillatory_converged": false,
        "oscillation_energy_change": null
      }
    },
    "auxiliary_operators": {
      "number_operator": {
        "IIII": 2.0,
        "ZIII": -0.5,
        "IZII": -0.5,
        "IIZI": -0.5,
        "IIIZ": -0.5
      },
      "N_alpha": {
        "IIII": 1.0,
        "ZIII": -0.5,
        "IIZI": -0.5
      },
      "N_beta": {
        "IIII": 1.0,
        "IZII": -0.5,
        "IIIZ": -0.5
      },
      "S^2_operator": {
        "IIII": 0.75,
        "ZZII": -0.375,
        "IIZZ": -0.375,
        "YXYX": 0.125,
        "YXXY": -0.125,
        "XXYY": 0.125,
        "XXXX": 0.125,
        "YYYY": 0.125,
        "YYXX": 0.125,
        "XYYX": -0.125,
        "XYXY": 0.125,
        "ZIZI": 0.125,
        "ZIIZ": -0.125,
        "IZZI": -0.125,
        "IZIZ": 0.125
      },
      "UCCSD_operator": {
        "XXYX": 0.0464716759029873,
        "YYYX": -0.0464716759029873,
        "YXYY": 0.0464716759029873,
        "XYYY": 0.0464716759029873,
        "YXXX": -0.0464716759029873,
        "XYXX": -0.0464716759029873,
        "XXXY": 0.0464716759029873,
        "YYXY": -0.0464716759029873
      }
    },
    "hf_method_fallback": "standard",
    "generation_time_s": 0.02,
    "timestamp": "2026-04-03T21:43:51.294431+00:00"
  }
}