{
  "hamiltonian": {
    "IIII": -0.47559515141603953,
    "IIZZ": 0.14863256589502155,
    "ZIIZ": 0.14230179363848716,
    "IZZI": 0.14230179363848716,
    "ZZII": 0.14092321501319904,
    "ZIII": 0.09988024820423841,
    "IZII": 0.0998802482042384,
    "ZIZI": 0.08640100428134657,
    "IZIZ": 0.08640100428134657,
    "XXYY": -0.05590078935714061,
    "XYYX": 0.05590078935714061,
    "YXXY": 0.05590078935714061,
    "YYXX": -0.05590078935714061,
    "IIIZ": -0.04775869361672898,
    "IIZI": -0.047758693616728964
  },
  "data": {
    "molecule_id": "D2_singlet_Dooh",
    "qubit_encoding": "JW",
    "unit": "Angstrom",
    "basis": "sto-3g",
    "charge": 0,
    "multiplicity": 1,
    "spin": 0,
    "geometry": "H 0.0000000000 0.0000000000 -0.3336750000\nH 0.0000000000 0.0000000000 1.0751750000",
    "n_qubits": 4,
    "n_particles": {
      "total": 2,
      "alpha": 1,
      "beta": 1
    },
    "hf_array": [
      1,
      1,
      0,
      0
    ],
    "hf_method": "pyscf.scf.hf_symm.SymAdaptedRHF",
    "convergence_threshold": 1e-06,
    "point_group": {
      "groupname": "Dooh",
      "topgroup": "Dooh"
    },
    "alpha": 1.9,
    "calculated_properties": {
      "HF": {
        "energy": -0.9387228499894209,
        "converged": true
      },
      "MP2": {
        "energy": -0.978342623231657,
        "converged": false
      },
      "CISD": {
        "energy": -1.0138331418878002,
        "converged": true
      },
      "CCSD": {
        "energy": -1.0138331419894264,
        "converged": true
      },
      "FCI": {
        "energy": -1.0138331418878006,
        "converged": true,
        "spin_matches_target": true,
        "multiplicity": 1.0,
        "oscillatory_converged": false,
        "oscillation_energy_change": null
      }
    },
    "auxiliary_operators": {
      "number_operator": {
        "IIII": 2.0,
        "ZIII": -0.5,
        "IZII": -0.5,
        "IIZI": -0.5,
        "IIIZ": -0.5
      },
      "N_alpha": {
        "IIII": 1.0,
        "ZIII": -0.5,
        "IIZI": -0.5
      },
      "N_beta": {
        "IIII": 1.0,
        "IZII": -0.5,
        "IIIZ": -0.5
      },
      "S^2_operator": {
        "IIII": 0.75,
        "ZZII": -0.375,
        "IIZZ": -0.375,
        "YXYX": 0.125,
        "YXXY": -0.125,
        "XXYY": 0.125,
        "XXXX": 0.125,
        "YYYY": 0.125,
        "YYXX": 0.125,
        "XYYX": -0.125,
        "XYXY": 0.125,
        "ZIZI": 0.125,
        "ZIIZ": -0.125,
        "IZZI": -0.125,
        "IZIZ": 0.125
      },
      "UCCSD_operator": {
        "XXYX": 0.041988613255607814,
        "YYYX": -0.041988613255607814,
        "YXYY": 0.041988613255607814,
        "XYYY": 0.041988613255607814,
        "YXXX": -0.041988613255607814,
        "XYXX": -0.041988613255607814,
        "XXXY": 0.041988613255607814,
        "YYXY": -0.041988613255607814
      }
    },
    "hf_method_fallback": "standard",
    "generation_time_s": 0.019,
    "timestamp": "2026-04-03T21:43:51.273904+00:00",
    "formula_latex": "$\\mathrm{D_{2}}$"
  }
}