{
  "hamiltonian": {
    "IIZI": -0.3035127425286459,
    "IIIZ": -0.3035127425286459,
    "ZIII": 0.1960430153431345,
    "IZII": 0.1960430153431345,
    "IIZZ": 0.18146579459315332,
    "ZZII": 0.17565277289201453,
    "ZIIZ": 0.17251033502385787,
    "IZZI": 0.17251033502385787,
    "IIII": 0.1465448978598627,
    "ZIZI": 0.1291637442160432,
    "IZIZ": 0.1291637442160432,
    "XXYY": -0.043346590807814694,
    "XYYX": 0.043346590807814694,
    "YXXY": 0.043346590807814694,
    "YYXX": -0.043346590807814694
  },
  "data": {
    "molecule_id": "D2_singlet_Dooh",
    "qubit_encoding": "JW",
    "unit": "Angstrom",
    "basis": "sto-3g",
    "charge": 0,
    "multiplicity": 1,
    "spin": 0,
    "geometry": "H 0.0000000000 0.0000000000 0.0741500000\nH 0.0000000000 0.0000000000 0.6673500000",
    "n_qubits": 4,
    "n_particles": {
      "total": 2,
      "alpha": 1,
      "beta": 1
    },
    "hf_array": [
      1,
      1,
      0,
      0
    ],
    "hf_method": "pyscf.scf.hf_symm.SymAdaptedRHF",
    "convergence_threshold": 1e-06,
    "point_group": {
      "groupname": "Dooh",
      "topgroup": "Dooh"
    },
    "alpha": 0.8,
    "calculated_properties": {
      "HF": {
        "energy": -1.0987962088783325,
        "converged": true
      },
      "MP2": {
        "energy": -1.1088737838133513,
        "converged": false
      },
      "CISD": {
        "energy": -1.1137293922708391,
        "converged": true
      },
      "CCSD": {
        "energy": -1.113729458921445,
        "converged": true
      },
      "FCI": {
        "energy": -1.1137293922708391,
        "converged": true,
        "spin_matches_target": true,
        "multiplicity": 1.0,
        "oscillatory_converged": false,
        "oscillation_energy_change": null
      }
    },
    "auxiliary_operators": {
      "number_operator": {
        "IIII": 2.0,
        "ZIII": -0.5,
        "IZII": -0.5,
        "IIZI": -0.5,
        "IIIZ": -0.5
      },
      "N_alpha": {
        "IIII": 1.0,
        "ZIII": -0.5,
        "IIZI": -0.5
      },
      "N_beta": {
        "IIII": 1.0,
        "IZII": -0.5,
        "IIIZ": -0.5
      },
      "S^2_operator": {
        "IIII": 0.75,
        "ZZII": -0.375,
        "IIZZ": -0.375,
        "YXYX": 0.125,
        "YXXY": -0.125,
        "XXYY": 0.125,
        "XXXX": 0.125,
        "YYYY": 0.125,
        "YYXX": 0.125,
        "XYYX": -0.125,
        "XYXY": 0.125,
        "ZIZI": 0.125,
        "ZIIZ": -0.125,
        "IZZI": -0.125,
        "IZIZ": 0.125
      },
      "UCCSD_operator": {
        "XXYX": 0.010765876973262119,
        "YYYX": -0.010765876973262119,
        "YXYY": 0.010765876973262119,
        "XYYY": 0.010765876973262119,
        "YXXX": -0.010765876973262119,
        "XYXX": -0.010765876973262119,
        "XXXY": 0.010765876973262119,
        "YYXY": -0.010765876973262119
      }
    },
    "hf_method_fallback": "standard",
    "generation_time_s": 0.014,
    "timestamp": "2026-04-03T21:43:51.542093+00:00"
  }
}