{
  "hamiltonian": {
    "IIIIIIII": 2.2849957089211164,
    "IIIIIIIZ": -0.9047290996114157,
    "IIIIIIZI": -0.9047290996114156,
    "IIIIZIII": -0.8871775913193654,
    "IIIIIZII": -0.8871775913193652,
    "IIZIIIII": -0.3334877172994352,
    "IIIZIIII": -0.3334877172994352,
    "ZIIIIIII": -0.28144406040059355,
    "IZIIIIII": -0.2814440604005935,
    "IIIIZZII": 0.13225159406005432,
    "IIIIZIIZ": 0.12593082310859877,
    "IIIIIZZI": 0.12593082310859877,
    "IIIIIIZZ": 0.12158255742840206,
    "IZIIZIII": 0.1131584590555168,
    "ZIIIIZII": 0.1131584590555168,
    "IIIZZIII": 0.112708713240396,
    "IIZIIZII": 0.112708713240396,
    "IIZIIIIZ": 0.10869471253034427,
    "IIIZIIZI": 0.10869471253034427,
    "ZZIIIIII": 0.10770329295964362,
    "ZIIIIIIZ": 0.10748771805792207,
    "IZIIIIZI": 0.10748771805792207,
    "IIZZIIII": 0.10594343200966129,
    "ZIIZIIII": 0.10530533048252003,
    "IZZIIIII": 0.10530533048252003,
    "ZIIIZIII": 0.0949065997800344,
    "IZIIIZII": 0.0949065997800344,
    "IIIZIZII": 0.09119813981813454,
    "IIZIZIII": 0.09119813981813454,
    "ZIIIIIZI": 0.0910351006321063,
    "IZIIIIIZ": 0.0910351006321063,
    "IIIZIIIZ": 0.08851973856900217,
    "IIZIIIZI": 0.08851973856900217,
    "IIIIXXYY": -0.06462382393637979,
    "IIIIYXXY": 0.06462382393637979,
    "IIIIXYYX": 0.06462382393637979,
    "IIIIYYXX": -0.06462382393637979,
    "XZZZXIII": 0.06339189605283954,
    "IXZZZXII": 0.06339189605283954,
    "IYZZZYII": 0.06339189605283954,
    "YZZZYIII": 0.06339189605283954,
    "IZIZIIII": 0.06250668141365982,
    "ZIZIIIII": 0.06250668141365982,
    "IIXZZZXI": 0.06179609337353095,
    "IIYZZZYI": 0.06179609337353095,
    "IIIXZZZX": 0.061796093373530946,
    "IIIYZZZY": 0.061796093373530946,
    "IIIIIZIZ": 0.06130699917221898,
    "IIIIZIZI": 0.06130699917221898,
    "IXZXXZXI": 0.047992039029941036,
    "IXZXYZYI": 0.047992039029941036,
    "YZYIIXZX": 0.047992039029941036,
    "XZXIIYZY": 0.047992039029941036,
    "YZYIIYZY": 0.047992039029941036,
    "XZXIIXZX": 0.047992039029941036,
    "IYZYXZXI": 0.047992039029941036,
    "IYZYYZYI": 0.047992039029941036,
    "YXXYIIII": 0.04279864906886021,
    "YYXXIIII": -0.04279864906886021,
    "XYYXIIII": 0.04279864906886021,
    "XXYYIIII": -0.04279864906886021,
    "IIIXIZZX": -0.03463007254741254,
    "IIYZZIYI": -0.03463007254741254,
    "IIXZZIXI": -0.03463007254741254,
    "IIIYIZZY": -0.03463007254741254,
    "IIXZXXZX": 0.032868126023111316,
    "IIYZYYZY": 0.032868126023111316,
    "IIYZYXZX": 0.032868126023111316,
    "IIIYYXXI": -0.032868126023111316,
    "IIIYXXYI": 0.032868126023111316,
    "IIIXXYYI": -0.032868126023111316,
    "IIXZXYZY": 0.032868126023111316,
    "IIIXYYXI": 0.032868126023111316,
    "IIIYZZIY": -0.03157375609911738,
    "IIXZZZXZ": -0.03157375609911738,
    "IIYZZZYZ": -0.03157375609911738,
    "IIIXZZIX": -0.03157375609911738,
    "YZZZYZII": -0.030165317664019888,
    "XZZZXZII": -0.030165317664019888,
    "IXZZIXII": -0.030165317664019888,
    "IYZZIYII": -0.030165317664019888,
    "IXZXIYZY": 0.029948722969949965,
    "YZYIXZXI": 0.029948722969949965,
    "XZXIYZYI": 0.029948722969949965,
    "IYZYIXZX": 0.029948722969949965,
    "XZXIXZXI": 0.029569248972033464,
    "IYZYIYZY": 0.029569248972033464,
    "IXZXIXZX": 0.029569248972033464,
    "YZYIYZYI": 0.029569248972033464,
    "YZZZYIIZ": -0.029009296070062907,
    "IYZZZYZI": -0.029009296070062907,
    "IXZZZXZI": -0.029009296070062907,
    "XZZZXIIZ": -0.029009296070062907,
    "IXZZYIYX": -0.02613159102071133,
    "IYZZXIXY": -0.02613159102071133,
    "IYZZYIYY": -0.02613159102071133,
    "YZZZZYXX": -0.02613159102071133,
    "XZZZZXYY": -0.02613159102071133,
    "XZZZZYYX": 0.02613159102071133,
    "YZZZZXXY": 0.02613159102071133,
    "IXZZXIXX": -0.02613159102071133,
    "IIXIZZXI": -0.022788817960879847,
    "IIYIZZYI": -0.022788817960879847,
    "IIZXZZZX": -0.022788817960879844,
    "IIZYZZZY": -0.022788817960879844,
    "IZXZZZXI": -0.02259752878249904,
    "IZYZZZYI": -0.02259752878249904,
    "ZIIYZZZY": -0.02259752878249904,
    "ZIIXZZZX": -0.02259752878249904,
    "YZYYZYII": 0.022090602891447014,
    "YZYXZXII": 0.022090602891447014,
    "XZXYZYII": 0.022090602891447014,
    "XZXXZXII": 0.022090602891447014,
    "IXXYYIII": -0.022090602891447014,
    "IXYYXIII": 0.022090602891447014,
    "IYXXYIII": 0.022090602891447014,
    "IYYXXIII": -0.022090602891447014,
    "IIXXYYII": -0.021510573422261446,
    "IIYYXXII": -0.021510573422261446,
    "IIYXXYII": 0.021510573422261446,
    "IIXYYXII": 0.021510573422261446,
    "YZZIYIII": -0.020776002718028496,
    "IYIZZYII": -0.020776002718028496,
    "IXIZZXII": -0.020776002718028496,
    "XZZIXIII": -0.020776002718028496,
    "IIXYIIYX": 0.020174973961342095,
    "IIYXIIXY": 0.020174973961342095,
    "IIYYIIXX": -0.020174973961342095,
    "IIXXIIYY": -0.020174973961342095,
    "XZZYIYXI": -0.018422790057907576,
    "YZZYIYYI": -0.018422790057907576,
    "IYYIYZZY": -0.018422790057907576,
    "IYXIXZZY": -0.018422790057907576,
    "IXYIYZZX": -0.018422790057907576,
    "IXXIXZZX": -0.018422790057907576,
    "XZZXIXXI": -0.018422790057907576,
    "YZZXIXYI": -0.018422790057907576,
    "XXIIYYII": -0.018251859275482393,
    "YYIIXXII": -0.018251859275482393,
    "YXIIXYII": 0.018251859275482393,
    "XYIIYXII": 0.018251859275482393,
    "ZXZZZXII": -0.018121826686927786,
    "ZYZZZYII": -0.018121826686927786,
    "YIZZYIII": -0.018121826686927786,
    "XIZZXIII": -0.018121826686927786,
    "IXXIIYYI": -0.018043316059991075,
    "YZZYXZZX": -0.018043316059991075,
    "YZZXXZZY": 0.018043316059991075,
    "IYYIIXXI": -0.018043316059991075,
    "XZZYYZZX": 0.018043316059991075,
    "XZZXYZZY": -0.018043316059991075,
    "IXYIIYXI": 0.018043316059991075,
    "IYXIIXYI": 0.018043316059991075,
    "YYIIIIXX": -0.016452617425815743,
    "YXIIIIXY": 0.016452617425815743,
    "XXIIIIYY": -0.016452617425815743,
    "XYIIIIYX": 0.016452617425815743,
    "YYIYZZYI": -0.016236557946011813,
    "YXIXZZYI": -0.016236557946011813,
    "XYIYZZXI": -0.016236557946011813,
    "XXIXZZXI": -0.016236557946011813,
    "XXYZZZZY": -0.01623655794601181,
    "XYYZZZZX": 0.01623655794601181,
    "YXXZZZZY": 0.01623655794601181,
    "YYXZZZZX": -0.01623655794601181,
    "IZIYZZZY": -0.006360970836487228,
    "ZIXZZZXI": -0.006360970836487228,
    "IZIXZZZX": -0.006360970836487228,
    "ZIYZZZYI": -0.006360970836487228,
    "XZZZXIZI": -0.002877705049351576,
    "IYZZZYIZ": -0.002877705049351576,
    "IXZZZXIZ": -0.002877705049351576,
    "YZZZYIZI": -0.002877705049351576,
    "IIXZIZXI": -0.0017619465243012208,
    "IIIXZIZX": -0.0017619465243012208,
    "IIIYZIZY": -0.0017619465243012208,
    "IIYZIZYI": -0.0017619465243012208,
    "XZIZXIII": 0.00131460017341852,
    "IYZIZYII": 0.00131460017341852,
    "IXZIZXII": 0.00131460017341852,
    "YZIZYIII": 0.00131460017341852,
    "XZYIYZXI": -0.00037947399791650113,
    "YZXIXZYI": -0.00037947399791650113,
    "IYZXIXZY": -0.00037947399791650113,
    "IXZYIYZX": -0.00037947399791650113
  },
  "data": {
    "molecule_id": "D2_singlet_Dooh",
    "qubit_encoding": "JW",
    "unit": "Angstrom",
    "basis": "3-21g",
    "charge": 0,
    "multiplicity": 1,
    "spin": 0,
    "geometry": "H 0.0000000000 0.0000000000 -0.6302750000\nH 0.0000000000 0.0000000000 1.3717750000",
    "n_qubits": 8,
    "n_particles": {
      "total": 2,
      "alpha": 1,
      "beta": 1
    },
    "hf_array": [
      1,
      1,
      0,
      0,
      0,
      0,
      0,
      0
    ],
    "hf_method": "pyscf.scf.hf_symm.SymAdaptedRHF",
    "convergence_threshold": 1e-06,
    "point_group": {
      "groupname": "Dooh",
      "topgroup": "Dooh"
    },
    "alpha": 2.7,
    "calculated_properties": {
      "HF": {
        "energy": -0.9075056362464977,
        "converged": true
      },
      "MP2": {
        "energy": -0.9558554683916396,
        "converged": false
      },
      "CISD": {
        "energy": -1.0100034589225353,