{
  "hamiltonian": {
    "IIII": -0.5384986318669924,
    "IIZZ": 0.1308665395743433,
    "ZIIZ": 0.12754151729323376,
    "IZZI": 0.12754151729323376,
    "ZZII": 0.1252036024856254,
    "XXYY": -0.06669626629275531,
    "XYYX": 0.06669626629275531,
    "YXXY": 0.06669626629275531,
    "YYXX": -0.06669626629275531,
    "ZIII": 0.06188643804507579,
    "IZII": 0.061886438045075785,
    "ZIZI": 0.060845251000478474,
    "IZIZ": 0.060845251000478474,
    "IIIZ": 0.0139854757307665,
    "IIZI": 0.013985475730766472
  },
  "data": {
    "molecule_id": "D2_singlet_Dooh",
    "qubit_encoding": "JW",
    "unit": "Angstrom",
    "basis": "sto-3g",
    "charge": 0,
    "multiplicity": 1,
    "spin": 0,
    "geometry": "H 0.0000000000 0.0000000000 -0.7044250000\nH 0.0000000000 0.0000000000 1.4459250000",
    "n_qubits": 4,
    "n_particles": {
      "total": 2,
      "alpha": 1,
      "beta": 1
    },
    "hf_array": [
      1,
      1,
      0,
      0
    ],
    "hf_method": "pyscf.scf.hf_symm.SymAdaptedRHF",
    "convergence_threshold": 1e-06,
    "point_group": {
      "groupname": "Dooh",
      "topgroup": "Dooh"
    },
    "alpha": 2.9,
    "calculated_properties": {
      "HF": {
        "energy": -0.7550039510230666,
        "converged": true
      },
      "MP2": {
        "energy": -0.8605383991410102,
        "converged": false
      },
      "CISD": {
        "energy": -0.9426668033259984,
        "converged": true
      },
      "CCSD": {
        "energy": -0.9426668040390676,
        "converged": true,
        "t1_diagnostic": 4.168926110404454e-16
      },
      "FCI": {
        "energy": -0.9426668033259986,
        "converged": true,
        "spin_matches_target": true,
        "multiplicity": 1.0,
        "oscillatory_converged": false,
        "oscillation_energy_change": null
      }
    },
    "auxiliary_operators": {
      "number_operator": {
        "IIII": 2.0,
        "ZIII": -0.5,
        "IZII": -0.5,
        "IIZI": -0.5,
        "IIIZ": -0.5
      },
      "N_alpha": {
        "IIII": 1.0,
        "ZIII": -0.5,
        "IIZI": -0.5
      },
      "N_beta": {
        "IIII": 1.0,
        "IZII": -0.5,
        "IIIZ": -0.5
      },
      "S^2_operator": {
        "IIII": 0.75,
        "ZZII": -0.375,
        "IIZZ": -0.375,
        "YXYX": 0.125,
        "YXXY": -0.125,
        "XXYY": 0.125,
        "XXXX": 0.125,
        "YYYY": 0.125,
        "YYXX": 0.125,
        "XYYX": -0.125,
        "XYXY": 0.125,
        "ZIZI": 0.125,
        "ZIIZ": -0.125,
        "IZZI": -0.125,
        "IZIZ": 0.125
      },
      "UCCSD_operator": {
        "XXYX": 0.08792792284666529,
        "YYYX": -0.08792792284666529,
        "YXYY": 0.08792792284666529,
        "XYYY": 0.08792792284666529,
        "YXXX": -0.08792792284666529,
        "XYXX": -0.08792792284666529,
        "XXXY": 0.08792792284666529,
        "YYXY": -0.08792792284666529
      }
    },
    "hf_method_fallback": "standard",
    "generation_time_s": 0.019,
    "timestamp": "2026-04-03T21:43:51.493000+00:00",
    "formula_latex": "$\\mathrm{D_{2}}$"
  }
}