{
  "hamiltonian": {
    "IIII": 0.5608649993526749,
    "IIZI": -0.4138920625509149,
    "IIIZ": -0.4138920625509149,
    "ZIII": 0.22541604393474424,
    "IZII": 0.2254160439347442,
    "IIZZ": 0.18905734234903065,
    "ZZII": 0.18234105367944892,
    "ZIIZ": 0.1793295157504532,
    "IZZI": 0.1793295157504532,
    "ZIZI": 0.13772958481101363,
    "IZIZ": 0.13772958481101363,
    "XXYY": -0.041599930939439554,
    "XYYX": 0.041599930939439554,
    "YXXY": 0.041599930939439554,
    "YYXX": -0.041599930939439554
  },
  "data": {
    "molecule_id": "D2_singlet_Dooh",
    "qubit_encoding": "JW",
    "unit": "Angstrom",
    "basis": "sto-3g",
    "charge": 0,
    "multiplicity": 1,
    "spin": 0,
    "geometry": "H 0.0000000000 0.0000000000 0.1483000000\nH 0.0000000000 0.0000000000 0.5932000000",
    "n_qubits": 4,
    "n_particles": {
      "total": 2,
      "alpha": 1,
      "beta": 1
    },
    "hf_array": [
      1,
      1,
      0,
      0
    ],
    "hf_method": "pyscf.scf.hf_symm.SymAdaptedRHF",
    "convergence_threshold": 1e-06,
    "point_group": {
      "groupname": "Dooh",
      "topgroup": "Dooh"
    },
    "alpha": 0.6,
    "calculated_properties": {
      "HF": {
        "energy": -0.9804710187130976,
        "converged": true
      },
      "MP2": {
        "energy": -0.9881450794908164,
        "converged": false
      },
      "CISD": {
        "energy": -0.9912532267660079,
        "converged": true
      },
      "CCSD": {
        "energy": -0.9912532548313436,
        "converged": true
      },
      "FCI": {
        "energy": -0.9912532267660079,
        "converged": true,
        "spin_matches_target": true,
        "multiplicity": 1.0,
        "oscillatory_converged": false,
        "oscillation_energy_change": null
      }
    },
    "auxiliary_operators": {
      "number_operator": {
        "IIII": 2.0,
        "ZIII": -0.5,
        "IZII": -0.5,
        "IIZI": -0.5,
        "IIIZ": -0.5
      },
      "N_alpha": {
        "IIII": 1.0,
        "ZIII": -0.5,
        "IIZI": -0.5
      },
      "N_beta": {
        "IIII": 1.0,
        "IZII": -0.5,
        "IIIZ": -0.5
      },
      "S^2_operator": {
        "IIII": 0.75,
        "ZZII": -0.375,
        "IIZZ": -0.375,
        "YXYX": 0.125,
        "YXXY": -0.125,
        "XXYY": 0.125,
        "XXXX": 0.125,
        "YYYY": 0.125,
        "YYXX": 0.125,
        "XYYX": -0.125,
        "XYXY": 0.125,
        "ZIZI": 0.125,
        "ZIIZ": -0.125,
        "IZZI": -0.125,
        "IZIZ": 0.125
      },
      "UCCSD_operator": {
        "XXYX": 0.008099649953402762,
        "YYYX": -0.008099649953402762,
        "YXYY": 0.008099649953402762,
        "XYYY": 0.008099649953402762,
        "YXXX": -0.008099649953402762,
        "XYXX": -0.008099649953402762,
        "XXXY": 0.008099649953402762,
        "YYXY": -0.008099649953402762
      }
    },
    "hf_method_fallback": "standard",
    "generation_time_s": 0.014,
    "timestamp": "2026-04-03T21:43:51.570798+00:00",
    "formula_latex": "$\\mathrm{D_{2}}$"
  }
}