{
  "hamiltonian": {
    "IIII": -0.30508050087649163,
    "IIZZ": 0.16472272436069166,
    "ZZII": 0.15821339754127822,
    "ZIIZ": 0.15678345948054886,
    "IZZI": 0.15678345948054886,
    "IZII": 0.14129829170071923,
    "ZIII": 0.1412982917007192,
    "IIZI": -0.14067913048382485,
    "IIIZ": -0.14067913048382485,
    "ZIZI": 0.10815331323714382,
    "IZIZ": 0.10815331323714382,
    "XXYY": -0.04863014624340503,
    "XYYX": 0.04863014624340503,
    "YXXY": 0.04863014624340503,
    "YYXX": -0.04863014624340503
  },
  "data": {
    "molecule_id": "D2_singlet_Dooh",
    "qubit_encoding": "JW",
    "unit": "Angstrom",
    "basis": "sto-3g",
    "charge": 0,
    "multiplicity": 1,
    "spin": 0,
    "geometry": "H 0.0000000000 0.0000000000 -0.1112250000\nH 0.0000000000 0.0000000000 0.8527250000",
    "n_qubits": 4,
    "n_particles": {
      "total": 2,
      "alpha": 1,
      "beta": 1
    },
    "hf_array": [
      1,
      1,
      0,
      0
    ],
    "hf_method": "pyscf.scf.hf_symm.SymAdaptedRHF",
    "convergence_threshold": 1e-06,
    "point_group": {
      "groupname": "Dooh",
      "topgroup": "Dooh"
    },
    "alpha": 1.3,
    "calculated_properties": {
      "HF": {
        "energy": -1.0759727687789953,
        "converged": true
      },
      "MP2": {
        "energy": -1.0953208507148766,
        "converged": false
      },
      "CISD": {
        "energy": -1.1085774976847325,
        "converged": true
      },
      "CCSD": {
        "energy": -1.1085774976928497,
        "converged": true,
        "t1_diagnostic": 1.3066546578167743e-16
      },
      "FCI": {
        "energy": -1.108577497684733,
        "converged": true,
        "spin_matches_target": true,
        "multiplicity": 1.0,
        "oscillatory_converged": false,
        "oscillation_energy_change": null
      }
    },
    "auxiliary_operators": {
      "number_operator": {
        "IIII": 2.0,
        "ZIII": -0.5,
        "IZII": -0.5,
        "IIZI": -0.5,
        "IIIZ": -0.5
      },
      "N_alpha": {
        "IIII": 1.0,
        "ZIII": -0.5,
        "IIZI": -0.5
      },
      "N_beta": {
        "IIII": 1.0,
        "IZII": -0.5,
        "IIIZ": -0.5
      },
      "S^2_operator": {
        "IIII": 0.75,
        "ZZII": -0.375,
        "IIZZ": -0.375,
        "YXYX": 0.125,
        "YXXY": -0.125,
        "XXYY": 0.125,
        "XXXX": 0.125,
        "YYYY": 0.125,
        "YYXX": 0.125,
        "XYYX": -0.125,
        "XYXY": 0.125,
        "ZIZI": 0.125,
        "ZIIZ": -0.125,
        "IZZI": -0.125,
        "IZIZ": 0.125
      },
      "UCCSD_operator": {
        "XXYX": 0.020951978500293563,
        "YYYX": -0.020951978500293563,
        "YXYY": 0.020951978500293563,
        "XYYY": 0.020951978500293563,
        "YXXX": -0.020951978500293563,
        "XYXX": -0.020951978500293563,
        "XXXY": 0.020951978500293563,
        "YYXY": -0.020951978500293563
      }
    },
    "hf_method_fallback": "standard",
    "generation_time_s": 0.019,
    "timestamp": "2026-04-03T21:43:51.155937+00:00",
    "formula_latex": "$\\mathrm{D_{2}}$"
  }
}