{
  "hamiltonian": {
    "IIZI": -0.2598238280453975,
    "IIIZ": -0.2598238280453975,
    "ZIII": 0.1830804828590194,
    "IZII": 0.1830804828590194,
    "IIZZ": 0.1778301750056979,
    "ZZII": 0.17215227108864606,
    "ZIIZ": 0.16913942932195836,
    "IZZI": 0.16913942932195836,
    "ZIZI": 0.12482973632196143,
    "IZIZ": 0.12482973632196143,
    "XXYY": -0.044309692999996916,
    "XYYX": 0.044309692999996916,
    "YXXY": 0.044309692999996916,
    "YYXX": -0.044309692999996916,
    "IIII": 0.00851895250507037
  },
  "data": {
    "molecule_id": "D2_singlet_Dooh",
    "qubit_encoding": "JW",
    "unit": "Angstrom",
    "basis": "sto-3g",
    "charge": 0,
    "multiplicity": 1,
    "spin": 0,
    "geometry": "H 0.0000000000 0.0000000000 0.0370750000\nH 0.0000000000 0.0000000000 0.7044250000",
    "n_qubits": 4,
    "n_particles": {
      "total": 2,
      "alpha": 1,
      "beta": 1
    },
    "hf_array": [
      1,
      1,
      0,
      0
    ],
    "hf_method": "pyscf.scf.hf_symm.SymAdaptedRHF",
    "convergence_threshold": 1e-06,
    "point_group": {
      "groupname": "Dooh",
      "topgroup": "Dooh"
    },
    "alpha": 0.9,
    "calculated_properties": {
      "HF": {
        "energy": -1.115245554497259,
        "converged": true
      },
      "MP2": {
        "energy": -1.1267800745353294,
        "converged": false
      },
      "CISD": {
        "energy": -1.1328031357151542,
        "converged": true
      },
      "CCSD": {
        "energy": -1.1328032633430571,
        "converged": true
      },
      "FCI": {
        "energy": -1.1328031357151542,
        "converged": true,
        "spin_matches_target": true,
        "multiplicity": 1.0,
        "oscillatory_converged": false,
        "oscillation_energy_change": null
      }
    },
    "auxiliary_operators": {
      "number_operator": {
        "IIII": 2.0,
        "ZIII": -0.5,
        "IZII": -0.5,
        "IIZI": -0.5,
        "IIIZ": -0.5
      },
      "N_alpha": {
        "IIII": 1.0,
        "ZIII": -0.5,
        "IIZI": -0.5
      },
      "N_beta": {
        "IIII": 1.0,
        "IZII": -0.5,
        "IIIZ": -0.5
      },
      "S^2_operator": {
        "IIII": 0.75,
        "ZZII": -0.375,
        "IIZZ": -0.375,
        "YXYX": 0.125,
        "YXXY": -0.125,
        "XXYY": 0.125,
        "XXXX": 0.125,
        "YYYY": 0.125,
        "YYXX": 0.125,
        "XYYX": -0.125,
        "XYXY": 0.125,
        "ZIZI": 0.125,
        "ZIIZ": -0.125,
        "IZZI": -0.125,
        "IZIZ": 0.125
      },
      "UCCSD_operator": {
        "XXYX": 0.012382807559312816,
        "YYYX": -0.012382807559312816,
        "YXYY": 0.012382807559312816,
        "XYYY": 0.012382807559312816,
        "YXXX": -0.012382807559312816,
        "XYXX": -0.012382807559312816,
        "XXXY": 0.012382807559312816,
        "YYXY": -0.012382807559312816
      }
    },
    "hf_method_fallback": "standard",
    "generation_time_s": 0.014,
    "timestamp": "2026-04-03T21:43:51.527889+00:00",
    "formula_latex": "$\\mathrm{D_{2}}$"
  }
}