{
  "hamiltonian": {
    "IIIIIIII": 2.308199973157905,
    "IIIIZIII": -0.9043086817359098,
    "IIIIIZII": -0.9043086817359098,
    "IIIIIIZI": -0.9023074627229702,
    "IIIIIIIZ": -0.9023074627229702,
    "IIIZIIII": -0.3442485481689243,
    "IIZIIIII": -0.34424854816892425,
    "ZIIIIIII": -0.2851334795052519,
    "IZIIIIII": -0.2851334795052519,
    "IIIIZZII": 0.13371906303739411,
    "IIIIIZZI": 0.1275396292584478,
    "IIIIZIIZ": 0.1275396292584478,
    "IIIIIIZZ": 0.12337579641739058,
    "ZIIIIZII": 0.11559248361584273,
    "IZIIZIII": 0.11559248361584273,
    "IIZIIZII": 0.11372043148466376,
    "IIIZZIII": 0.11372043148466376,
    "ZZIIIIII": 0.11109180556455392,
    "IZIIIIZI": 0.11004624025740517,
    "ZIIIIIIZ": 0.11004624025740517,
    "IIZIIIIZ": 0.10998504768315742,
    "IIIZIIZI": 0.10998504768315742,
    "IZZIIIII": 0.10706494121539484,
    "ZIIZIIII": 0.10706494121539484,
    "IIZZIIII": 0.10695182697310508,
    "IZIIIZII": 0.09731838696101122,
    "ZIIIZIII": 0.09731838696101122,
    "ZIIIIIZI": 0.0931419196046383,
    "IZIIIIIZ": 0.0931419196046383,
    "IIIZIZII": 0.09277424134127367,
    "IIZIZIII": 0.09277424134127367,
    "IIIZIIIZ": 0.08940466526002439,
    "IIZIIIZI": 0.08940466526002439,
    "ZIZIIIII": 0.0658716088967841,
    "IZIZIIII": 0.0658716088967841,
    "IIIIZIZI": 0.06460089109184809,
    "IIIIIZIZ": 0.06460089109184809,
    "IYZZZYII": 0.0643702634949363,
    "YZZZYIII": 0.0643702634949363,
    "XZZZXIII": 0.0643702634949363,
    "IXZZZXII": 0.0643702634949363,
    "IIIIXXYY": -0.06293873816659973,
    "IIIIXYYX": 0.06293873816659973,
    "IIIIYXXY": 0.06293873816659973,
    "IIIIYYXX": -0.06293873816659973,
    "IIIXZZZX": -0.062292434793184116,
    "IIIYZZZY": -0.062292434793184116,
    "IIXZZZXI": -0.06229243479318411,
    "IIYZZZYI": -0.06229243479318411,
    "IYZYXZXI": -0.04638472298651232,
    "IYZYYZYI": -0.04638472298651232,
    "YZYIIYZY": -0.04638472298651232,
    "YZYIIXZX": -0.04638472298651232,
    "IXZXYZYI": -0.04638472298651232,
    "XZXIIXZX": -0.04638472298651232,
    "XZXIIYZY": -0.04638472298651232,
    "IXZXXZXI": -0.04638472298651232,
    "YYXXIIII": -0.04119333231861074,
    "YXXYIIII": 0.04119333231861074,
    "XYYXIIII": 0.04119333231861074,
    "XXYYIIII": -0.04119333231861074,
    "IIIYIZZY": 0.03515208385835822,
    "IIIXIZZX": 0.03515208385835822,
    "IIYZZIYI": 0.03515208385835822,
    "IIXZZIXI": 0.03515208385835822,
    "IIYZZZYZ": 0.032081025556736496,
    "IIXZZZXZ": 0.032081025556736496,
    "IIIYZZIY": 0.032081025556736496,
    "IIIXZZIX": 0.032081025556736496,
    "IIXZXXZX": -0.03182532537473398,
    "IIXZXYZY": -0.03182532537473398,
    "IIIYYXXI": 0.03182532537473398,
    "IIYZYXZX": -0.03182532537473398,
    "IIYZYYZY": -0.03182532537473398,
    "IIIXXYYI": 0.03182532537473398,
    "IIIXYYXI": -0.03182532537473398,
    "IIIYXXYI": -0.03182532537473398,
    "XZZZXZII": -0.03037196817789889,
    "IXZZIXII": -0.03037196817789889,
    "YZZZYZII": -0.03037196817789889,
    "IYZZIYII": -0.03037196817789889,
    "IYZZZYZI": -0.02927038396662835,
    "XZZZXIIZ": -0.02927038396662835,
    "YZZZYIIZ": -0.02927038396662835,
    "IXZZZXZI": -0.02927038396662835,
    "IXZXIYZY": -0.028292692414539376,
    "IYZYIXZX": -0.028292692414539376,
    "XZXIYZYI": -0.028292692414539376,
    "YZYIXZXI": -0.028292692414539376,
    "IXZXIXZX": -0.0279606492830766,
    "YZYIYZYI": -0.0279606492830766,
    "IYZYIYZY": -0.0279606492830766,
    "XZXIXZXI": -0.0279606492830766,
    "XZZZZXYY": -0.026353755535306323,
    "IYZZXIXY": -0.026353755535306323,
    "IXZZYIYX": -0.026353755535306323,
    "IXZZXIXX": -0.026353755535306323,
    "IYZZYIYY": -0.026353755535306323,
    "XZZZZYYX": 0.026353755535306323,
    "YZZZZXXY": 0.026353755535306323,
    "YZZZZYXX": -0.026353755535306323,
    "IZXZZZXI": 0.023821326041063164,
    "ZIIYZZZY": 0.023821326041063164,
    "ZIIXZZZX": 0.023821326041063164,
    "IZYZZZYI": 0.023821326041063164,
    "IIZXZZZX": 0.022939230112430504,
    "IIZYZZZY": 0.022939230112430504,
    "IIYIZZYI": 0.0229392301124305,
    "IIXIZZXI": 0.0229392301124305,
    "IYYXXIII": -0.021166106735580663,
    "IYXXYIII": 0.021166106735580663,
    "IXXYYIII": -0.021166106735580663,
    "IXYYXIII": 0.021166106735580663,
    "YZYYZYII": 0.021166106735580663,
    "YZYXZXII": 0.021166106735580663,
    "XZXYZYII": 0.021166106735580663,
    "XZXXZXII": 0.021166106735580663,
    "IIXXYYII": -0.020946190143390078,
    "IIXYYXII": 0.020946190143390078,
    "IIYXXYII": 0.020946190143390078,
    "IIYYXXII": -0.020946190143390078,
    "IXIZZXII": -0.020810995493342678,
    "XZZIXIII": -0.020810995493342678,
    "IYIZZYII": -0.020810995493342678,
    "YZZIYIII": -0.020810995493342678,
    "IIXXIIYY": -0.020580382423133037,
    "IIXYIIYX": 0.020580382423133037,
    "IIYXIIXY": 0.020580382423133037,
    "IIYYIIXX": -0.020580382423133037,
    "ZXZZZXII": -0.018644603222319357,
    "ZYZZZYII": -0.018644603222319357,
    "XIZZXIII": -0.018644603222319357,
    "YIZZYIII": -0.018644603222319357,
    "XZZYIYXI": 0.018424073703435715,
    "YZZYIYYI": 0.018424073703435715,
    "IXXIXZZX": 0.018424073703435715,
    "IXYIYZZX": 0.018424073703435715,
    "IYXIXZZY": 0.018424073703435715,
    "IYYIYZZY": 0.018424073703435715,
    "XZZXIXXI": 0.018424073703435715,
    "YZZXIXYI": 0.018424073703435715,
    "YYIIXXII": -0.018274096654831498,
    "YXIIXYII": 0.018274096654831498,
    "XYIIYXII": 0.018274096654831498,
    "XXIIYYII": -0.018274096654831498,
    "YZZXXZZY": -0.018092030571972943,
    "YZZYXZZX": 0.018092030571972943,
    "XZZYYZZX": -0.018092030571972943,
    "XZZXYZZY": 0.018092030571972943,
    "IXXIIYYI": 0.018092030571972943,
    "IXYIIYXI": -0.018092030571972943,
    "IYYIIXXI": 0.018092030571972943,
    "IYXIIXYI": -0.018092030571972943,
    "YYIIIIXX": -0.01690432065276687,
    "XXIIIIYY": -0.01690432065276687,
    "YXIIIIXY": 0.01690432065276687,
    "XYIIIIYX": 0.01690432065276687,
    "XYYZZZZX": -0.016435989099299317,
    "YYXZZZZX": 0.016435989099299317,
    "XXIXZZXI": 0.016435989099299317,
    "YXXZZZZY": -0.016435989099299317,
    "XXYZZZZY": 0.016435989099299317,
    "XYIYZZXI": 0.016435989099299317,
    "YXIXZZYI": 0.016435989099299317,
    "YYIYZZYI": 0.016435989099299317,
    "ZIYZZZYI": 0.007385336941763848,
    "ZIXZZZXI": 0.007385336941763848,
    "IZIYZZZY": 0.007385336941763848,
    "IZIXZZZX": 0.007385336941763848,
    "IIYZIZYI": 0.0033267584836242335,
    "IIXZIZXI": 0.0033267584836242335,
    "IIIXZIZX": 0.0033267584836242335,
    "IIIYZIZY": 0.0033267584836242335,
    "YZZZYIZI": -0.0029166284313220285,
    "XZZZXIZI": -0.0029166284313220285,
    "IYZZZYIZ": -0.0029166284313220285,
    "IXZZZXIZ": -0.0029166284313220285,
    "IXZIZXII": 0.00035511124223798485,
    "YZIZYIII": 0.00035511124223798485,
    "IYZIZYII": 0.00035511124223798485,
    "XZIZXIII": 0.00035511124223798485,
    "XZYIYZXI": 0.00033204313146276664,
    "YZXIXZYI": 0.00033204313146276664,
    "IYZXIXZY": 0.00033204313146276664,
    "IXZYIYZX": 0.00033204313146276664
  },
  "data": {
    "molecule_id": "D2_singlet_Dooh",
    "qubit_encoding": "JW",
    "unit": "Angstrom",
    "basis": "3-21g",
    "charge": 0,
    "multiplicity": 1,
    "spin": 0,
    "geometry": "H 0.0000000000 0.0000000000 -0.5561250000\nH 0.0000000000 0.0000000000 1.2976250000",
    "n_qubits": 8,
    "n_particles": {
      "total": 2,
      "alpha": 1,
      "beta": 1
    },
    "hf_array": [
      1,
      1,
      0,
      0,
      0,
      0,
      0,
      0
    ],
    "hf_method": "pyscf.scf.hf_symm.SymAdaptedRHF",
    "convergence_threshold": 1e-06,
    "point_group": {
      "groupname": "Dooh",
      "topgroup": "Dooh"
    },
    "alpha": 2.5,
    "calculated_properties": {
      "HF": {
        "energy": -0.9301453099580783,
        "converged": true
      },
      "MP2": {
        "energy": -0.9721567876130485,
        "converged": false
      },
      "CISD": {
        "energy": -1.0182649125756056,