{
  "hamiltonian": {
    "IIZI": -0.22273989123651122,
    "IIIZ": -0.22273989123651122,
    "IIZZ": 0.17434384143022574,
    "ZIII": 0.17118240027516618,
    "IZII": 0.17118240027516615,
    "ZZII": 0.16861742098065213,
    "ZIIZ": 0.16586268100207213,
    "IZZI": 0.16586268100207213,
    "ZIZI": 0.1205390792720005,
    "IZIZ": 0.1205390792720005,
    "IIII": -0.09899206547328532,
    "XXYY": -0.045323601730071605,
    "XYYX": 0.045323601730071605,
    "YXXY": 0.045323601730071605,
    "YYXX": -0.045323601730071605
  },
  "data": {
    "molecule_id": "D2_singlet_Dooh",
    "qubit_encoding": "JW",
    "unit": "Angstrom",
    "basis": "sto-3g",
    "charge": 0,
    "multiplicity": 1,
    "spin": 0,
    "geometry": "H 0.0000000000 0.0000000000 0.0000000000\nH 0.0000000000 0.0000000000 0.7415000000",
    "n_qubits": 4,
    "n_particles": {
      "total": 2,
      "alpha": 1,
      "beta": 1
    },
    "hf_array": [
      1,
      1,
      0,
      0
    ],
    "hf_method": "pyscf.scf.hf_symm.SymAdaptedRHF",
    "convergence_threshold": 1e-06,
    "point_group": {
      "groupname": "Dooh",
      "topgroup": "Dooh"
    },
    "alpha": 1.0,
    "calculated_properties": {
      "HF": {
        "energy": -1.1166789066339073,
        "converged": true
      },
      "MP2": {
        "energy": -1.1298520109723458,
        "converged": false
      },
      "CISD": {
        "energy": -1.137269076067312,
        "converged": true
      },
      "CCSD": {
        "energy": -1.1372692421807737,
        "converged": true
      },
      "FCI": {
        "energy": -1.1372690760673123,
        "converged": true,
        "spin_matches_target": true,
        "multiplicity": 1.0,
        "oscillatory_converged": false,
        "oscillation_energy_change": null
      }
    },
    "auxiliary_operators": {
      "number_operator": {
        "IIII": 2.0,
        "ZIII": -0.5,
        "IZII": -0.5,
        "IIZI": -0.5,
        "IIIZ": -0.5
      },
      "N_alpha": {
        "IIII": 1.0,
        "ZIII": -0.5,
        "IIZI": -0.5
      },
      "N_beta": {
        "IIII": 1.0,
        "IZII": -0.5,
        "IIIZ": -0.5
      },
      "S^2_operator": {
        "IIII": 0.75,
        "ZZII": -0.375,
        "IIZZ": -0.375,
        "YXYX": 0.125,
        "YXXY": -0.125,
        "XXYY": 0.125,
        "XXXX": 0.125,
        "YYYY": 0.125,
        "YYXX": 0.125,
        "XYYX": -0.125,
        "XYXY": 0.125,
        "ZIZI": 0.125,
        "ZIIZ": -0.125,
        "IZZI": -0.125,
        "IZIZ": 0.125
      },
      "UCCSD_operator": {
        "XXYX": 0.014196753154607599,
        "YYYX": -0.014196753154607599,
        "YXYY": 0.014196753154607599,
        "XYYY": 0.014196753154607599,
        "YXXX": -0.014196753154607599,
        "XYXX": -0.014196753154607599,
        "XXXY": 0.014196753154607599,
        "YYXY": -0.014196753154607599
      }
    },
    "hf_method_fallback": "standard",
    "generation_time_s": 0.402,
    "timestamp": "2026-04-03T21:43:51.085203+00:00"
  }
}