{
  "hamiltonian": {
    "IIIIIIII": 2.251275406786254,
    "IIIIIIZI": -0.905551279444218,
    "IIIIIIIZ": -0.905551279444218,
    "IIIIZIII": -0.863945995283213,
    "IIIIIZII": -0.863945995283213,
    "IIIZIIII": -0.31862694009160963,
    "IIZIIIII": -0.3186269400916096,
    "ZIIIIIII": -0.27587543037821816,
    "IZIIIIII": -0.27587543037821816,
    "IIIIZZII": 0.12943374880566783,
    "IIIIZIIZ": 0.12379496011808068,
    "IIIIIZZI": 0.12379496011808068,
    "IIIIIIZZ": 0.11987249211892816,
    "IIIZZIII": 0.11065558271231829,
    "IIZIIZII": 0.11065558271231829,
    "IZIIZIII": 0.10967664655582812,
    "ZIIIIZII": 0.10967664655582812,
    "IIZIIIIZ": 0.10691280780105472,
    "IIIZIIZI": 0.10691280780105472,
    "ZIIIIIIZ": 0.10465755421005277,
    "IZIIIIZI": 0.10465755421005277,
    "IIZZIIII": 0.10412119365424193,
    "ZZIIIIII": 0.10339742738297292,
    "ZIIZIIII": 0.10275277698173287,
    "IZZIIIII": 0.10275277698173287,
    "ZIIIZIII": 0.09138543893661744,
    "IZIIIZII": 0.09138543893661744,
    "IIIZIZII": 0.08886877477462701,
    "IIZIZIII": 0.08886877477462701,
    "ZIIIIIZI": 0.08850041635676678,
    "IZIIIIIZ": 0.08850041635676678,
    "IIIZIIIZ": 0.08723672758325854,
    "IIZIIIZI": 0.08723672758325854,
    "IIIIXXYY": -0.06703810654316943,
    "IIIIYXXY": 0.06703810654316943,
    "IIIIXYYX": 0.06703810654316943,
    "IIIIYYXX": -0.06703810654316943,
    "XZZZXIII": 0.06264374164809994,
    "IXZZZXII": 0.06264374164809994,
    "IYZZZYII": 0.06264374164809994,
    "YZZZYIII": 0.06264374164809994,
    "IIXZZZXI": 0.06106708741449324,
    "IIYZZZYI": 0.06106708741449324,
    "IIIXZZZX": 0.06106708741449324,
    "IIIYZZZY": 0.06106708741449324,
    "IZIZIIII": 0.057693927145152805,
    "ZIZIIIII": 0.057693927145152805,
    "IIIIIZIZ": 0.05675685357491126,
    "IIIIZIZI": 0.05675685357491126,
    "YZYIIYZY": 0.05027908864170198,
    "YZYIIXZX": 0.05027908864170198,
    "XZXIIXZX": 0.05027908864170198,
    "XZXIIYZY": 0.05027908864170198,
    "IXZXYZYI": 0.05027908864170198,
    "IYZYXZXI": 0.05027908864170198,
    "IXZXXZXI": 0.05027908864170198,
    "IYZYYZYI": 0.05027908864170198,
    "XXYYIIII": -0.04505884983658005,
    "YXXYIIII": 0.04505884983658005,
    "XYYXIIII": 0.04505884983658005,
    "YYXXIIII": -0.04505884983658005,
    "IIXZZIXI": -0.03371177287184547,
    "IIIYIZZY": -0.03371177287184547,
    "IIIXIZZX": -0.03371177287184547,
    "IIYZZIYI": -0.03371177287184547,
    "IIYZYYZY": 0.03370237462211906,
    "IIYZYXZX": 0.03370237462211906,
    "IIXZXYZY": 0.03370237462211906,
    "IIXZXXZX": 0.03370237462211906,
    "IIIXXYYI": -0.03370237462211906,
    "IIIXYYXI": 0.03370237462211906,
    "IIIYXXYI": 0.03370237462211906,
    "IIIYYXXI": -0.03370237462211906,
    "IXZXIYZY": 0.0321600520318016,
    "IYZYIXZX": 0.0321600520318016,
    "XZXIYZYI": 0.0321600520318016,
    "YZYIXZXI": 0.0321600520318016,
    "IYZYIYZY": 0.031872961405967515,
    "IXZXIXZX": 0.031872961405967515,
    "XZXIXZXI": 0.031872961405967515,
    "YZYIYZYI": 0.031872961405967515,
    "IIIYZZIY": -0.031146593553321993,
    "IIIXZZIX": -0.031146593553321993,
    "IIYZZZYZ": -0.031146593553321993,
    "IIXZZZXZ": -0.031146593553321993,
    "IXZZIXII": -0.030003015860723056,
    "YZZZYZII": -0.030003015860723056,
    "XZZZXZII": -0.030003015860723056,
    "IYZZIYII": -0.030003015860723056,
    "IYZZZYZI": -0.02901436977319599,
    "YZZZYIIZ": -0.02901436977319599,
    "XZZZXIIZ": -0.02901436977319599,
    "IXZZZXZI": -0.02901436977319599,
    "IXZZYIYX": -0.026155039689808746,
    "IYZZXIXY": -0.026155039689808746,
    "XZZZZXYY": -0.026155039689808746,
    "IYZZYIYY": -0.026155039689808746,
    "YZZZZXXY": 0.026155039689808746,
    "YZZZZYXX": -0.026155039689808746,
    "IXZZXIXX": -0.026155039689808746,
    "XZZZZYYX": 0.026155039689808746,
    "IXXYYIII": -0.022815004444871407,
    "IXYYXIII": 0.022815004444871407,
    "IYYXXIII": -0.022815004444871407,
    "YZYXZXII": 0.022815004444871407,
    "XZXYZYII": 0.022815004444871407,
    "XZXXZXII": 0.022815004444871407,
    "IYXXYIII": 0.022815004444871407,
    "YZYYZYII": 0.022815004444871407,
    "IIXIZZXI": -0.022385182107161266,
    "IIYIZZYI": -0.022385182107161266,
    "IIZYZZZY": -0.022385182107161262,
    "IIZXZZZX": -0.022385182107161262,
    "IIXXYYII": -0.021786807937691263,
    "IIXYYXII": 0.021786807937691263,
    "IIYXXYII": 0.021786807937691263,
    "IIYYXXII": -0.021786807937691263,
    "IZYZZZYI": -0.021185859343982087,
    "ZIIXZZZX": -0.021185859343982087,
    "ZIIYZZZY": -0.021185859343982087,
    "IZXZZZXI": -0.021185859343982087,
    "XZZIXIII": -0.02073585867998349,
    "YZZIYIII": -0.02073585867998349,
    "IYIZZYII": -0.02073585867998349,
    "IXIZZXII": -0.02073585867998349,
    "IIYYIIXX": -0.01967608021779618,
    "IIYXIIXY": 0.01967608021779618,
    "IIXYIIYX": 0.01967608021779618,
    "IIXXIIYY": -0.01967608021779618,
    "IXYIYZZX": -0.018406127235734464,
    "IXXIXZZX": -0.018406127235734464,
    "XZZXIXXI": -0.018406127235734464,
    "YZZXIXYI": -0.018406127235734464,
    "YZZYIYYI": -0.018406127235734464,
    "XZZYIYXI": -0.018406127235734464,
    "IYYIYZZY": -0.018406127235734464,
    "IYXIXZZY": -0.018406127235734464,
    "YXIIXYII": 0.018291207619210693,
    "YYIIXXII": -0.018291207619210693,
    "XYIIYXII": 0.018291207619210693,
    "XXIIYYII": -0.018291207619210693,
    "XZZYYZZX": 0.018119036609900375,
    "IXXIIYYI": -0.018119036609900375,
    "IXYIIYXI": 0.018119036609900375,
    "YZZXXZZY": 0.018119036609900375,
    "YZZYXZZX": -0.018119036609900375,
    "IYXIIXYI": 0.018119036609900375,
    "XZZXYZZY": -0.018119036609900375,
    "IYYIIXXI": -0.018119036609900375,
    "YIZZYIII": -0.017889687840471374,
    "ZXZZZXII": -0.017889687840471374,
    "ZYZZZYII": -0.017889687840471374,
    "XIZZXIII": -0.017889687840471374,
    "YYIYZZYI": -0.01618585937962684,
    "YXIXZZYI": -0.01618585937962684,
    "XYIYZZXI": -0.01618585937962684,
    "XXYZZZZY": -0.01618585937962684,
    "XXIXZZXI": -0.01618585937962684,
    "YYXZZZZX": -0.01618585937962684,
    "YXXZZZZY": 0.01618585937962684,
    "XYYZZZZX": 0.01618585937962684,
    "YYIIIIXX": -0.01615713785328598,
    "XYIIIIYX": 0.01615713785328598,
    "XXIIIIYY": -0.01615713785328598,
    "YXIIIIXY": 0.01615713785328598,
    "IZIYZZZY": -0.004999999964355243,
    "ZIYZZZYI": -0.004999999964355243,
    "IZIXZZZX": -0.004999999964355243,
    "ZIXZZZXI": -0.004999999964355243,
    "XZZZXIZI": -0.002859330083387241,
    "YZZZYIZI": -0.002859330083387241,
    "IYZZZYIZ": -0.002859330083387241,
    "IXZZZXIZ": -0.002859330083387241,
    "XZIZXIII": 0.002079145764887918,
    "IXZIZXII": 0.002079145764887918,
    "IYZIZYII": 0.002079145764887918,
    "YZIZYIII": 0.002079145764887918,
    "XZYIYZXI": -0.0002870906258340862,
    "YZXIXZYI": -0.0002870906258340862,
    "IXZYIYZX": -0.0002870906258340862,
    "IYZXIXZY": -0.0002870906258340862,
    "IIXZIZXI": -9.39824972640696e-06,
    "IIIXZIZX": -9.39824972640696e-06,
    "IIIYZIZY": -9.39824972640696e-06,
    "IIYZIZYI": -9.39824972640696e-06
  },
  "data": {
    "molecule_id": "D2_singlet_Dooh",
    "qubit_encoding": "JW",
    "unit": "Angstrom",
    "basis": "3-21g",
    "charge": 0,
    "multiplicity": 1,
    "spin": 0,
    "geometry": "H 0.0000000000 0.0000000000 -0.7415000000\nH 0.0000000000 0.0000000000 1.4830000000",
    "n_qubits": 8,
    "n_particles": {
      "total": 2,
      "alpha": 1,
      "beta": 1
    },
    "hf_array": [
      1,
      1,
      0,
      0,
      0,
      0,
      0,
      0
    ],
    "hf_method": "pyscf.scf.hf_symm.SymAdaptedRHF",
    "convergence_threshold": 1e-06,
    "point_group": {
      "groupname": "Dooh",
      "topgroup": "Dooh"
    },
    "alpha": 3.0,
    "calculated_properties": {
      "HF": {
        "energy": -0.8772794073773811,
        "converged": true
      },
      "MP2": {
        "energy": -0.936762851902234,
        "converged": false
      },
      "CISD": {
        "energy": -1.0019410423456814,