{
  "hamiltonian": {
    "IIII": 0.8779407276413667,
    "IIZI": -0.4807446339545607,
    "IIIZ": -0.4807446339545607,
    "IZII": 0.2419584610061485,
    "ZIII": 0.24195846100614846,
    "IIZZ": 0.1928352097200788,
    "ZZII": 0.18539045565448123,
    "ZIIZ": 0.18260009183990403,
    "IZZI": 0.18260009183990403,
    "ZIZI": 0.14176062016359278,
    "IZIZ": 0.14176062016359278,
    "XXYY": -0.040839471676311245,
    "XYYX": 0.040839471676311245,
    "YXXY": 0.040839471676311245,
    "YYXX": -0.040839471676311245
  },
  "data": {
    "molecule_id": "D2_singlet_Dooh",
    "qubit_encoding": "JW",
    "unit": "Angstrom",
    "basis": "sto-3g",
    "charge": 0,
    "multiplicity": 1,
    "spin": 0,
    "geometry": "H 0.0000000000 0.0000000000 0.1853750000\nH 0.0000000000 0.0000000000 0.5561250000",
    "n_qubits": 4,
    "n_particles": {
      "total": 2,
      "alpha": 1,
      "beta": 1
    },
    "hf_array": [
      1,
      1,
      0,
      0
    ],
    "hf_method": "pyscf.scf.hf_symm.SymAdaptedRHF",
    "convergence_threshold": 1e-06,
    "point_group": {
      "groupname": "Dooh",
      "topgroup": "Dooh"
    },
    "alpha": 0.5,
    "calculated_properties": {
      "HF": {
        "energy": -0.8379612209124854,
        "converged": true
      },
      "MP2": {
        "energy": -0.8446783549114477,
        "converged": false
      },
      "CISD": {
        "energy": -0.8471631751357211,
        "converged": true
      },
      "CCSD": {
        "energy": -0.8471631887792409,
        "converged": true
      },
      "FCI": {
        "energy": -0.8471631751357209,
        "converged": true,
        "spin_matches_target": true,
        "multiplicity": 1.0,
        "oscillatory_converged": false,
        "oscillation_energy_change": null
      }
    },
    "auxiliary_operators": {
      "number_operator": {
        "IIII": 2.0,
        "ZIII": -0.5,
        "IZII": -0.5,
        "IIZI": -0.5,
        "IIIZ": -0.5
      },
      "N_alpha": {
        "IIII": 1.0,
        "ZIII": -0.5,
        "IIZI": -0.5
      },
      "N_beta": {
        "IIII": 1.0,
        "IZII": -0.5,
        "IIIZ": -0.5
      },
      "S^2_operator": {
        "IIII": 0.75,
        "ZZII": -0.375,
        "IIZZ": -0.375,
        "YXYX": 0.125,
        "YXXY": -0.125,
        "XXYY": 0.125,
        "XXXX": 0.125,
        "YYYY": 0.125,
        "YYXX": 0.125,
        "XYYX": -0.125,
        "XYXY": 0.125,
        "ZIZI": 0.125,
        "ZIIZ": -0.125,
        "IZZI": -0.125,
        "IZIZ": 0.125
      },
      "UCCSD_operator": {
        "XXYX": 0.007041263856576975,
        "YYYX": -0.007041263856576975,
        "YXYY": 0.007041263856576975,
        "XYYY": 0.007041263856576975,
        "YXXX": -0.007041263856576975,
        "XYXX": -0.007041263856576975,
        "XXXY": 0.007041263856576975,
        "YYXY": -0.007041263856576975
      }
    },
    "hf_method_fallback": "standard",
    "generation_time_s": 0.014,
    "timestamp": "2026-04-03T21:43:51.584939+00:00",
    "formula_latex": "$\\mathrm{D_{2}}$"
  }
}