{
  "hamiltonian": {
    "IIIIIIII": 2.3199222558620636,
    "IIIIIIZI": -0.9125505379571405,
    "IIIIIIIZ": -0.9125505379571405,
    "IIIIZIII": -0.9012094978357101,
    "IIIIIZII": -0.9012094978357101,
    "IIIZIIII": -0.34988848741398754,
    "IIZIIIII": -0.3498884874139875,
    "ZIIIIIII": -0.28691953733997055,
    "IZIIIIII": -0.28691953733997055,
    "IIIIIIZZ": 0.1342360788799236,
    "IIIIIZZI": 0.12841028040022623,
    "IIIIZIIZ": 0.12841028040022623,
    "IIIIZZII": 0.12459120826701223,
    "ZIIIIIIZ": 0.11682196476355622,
    "IZIIIIZI": 0.11682196476355622,
    "IIZIIIIZ": 0.11406206266632413,
    "IIIZIIZI": 0.11406206266632413,
    "ZZIIIIII": 0.11295181219605807,
    "IZIIZIII": 0.11159133871580412,
    "ZIIIIZII": 0.11159133871580412,
    "IIZIIZII": 0.11067155180903603,
    "IIIZZIII": 0.11067155180903603,
    "IZZIIIII": 0.10794459065868892,
    "ZIIZIIII": 0.10794459065868892,
    "IIZZIIII": 0.10736634089077103,
    "ZIIIIIZI": 0.09850433630316263,
    "IZIIIIIZ": 0.09850433630316263,
    "ZIIIZIII": 0.09436702808518571,
    "IZIIIZII": 0.09436702808518571,
    "IIZIIIZI": 0.09354902795219117,
    "IIIZIIIZ": 0.09354902795219117,
    "IIZIZIII": 0.08987333496173877,
    "IIIZIZII": 0.08987333496173877,
    "IZIZIIII": 0.06758718701484423,
    "ZIZIIIII": 0.06758718701484423,
    "IIIIZIZI": 0.06633020407710408,
    "IIIIIZIZ": 0.06633020407710408,
    "IXZZZZZX": 0.06506741648243672,
    "IYZZZZZY": 0.06506741648243672,
    "YZZZZZYI": 0.06506741648243672,
    "XZZZZZXI": 0.06506741648243672,
    "IIIXZXII": -0.06253597004136102,
    "IIYZYIII": -0.06253597004136102,
    "IIXZXIII": -0.06253597004136102,
    "IIIYZYII": -0.06253597004136102,
    "IIIIXXYY": -0.06208007632312215,
    "IIIIXYYX": 0.06208007632312215,
    "IIIIYXXY": 0.06208007632312215,
    "IIIIYYXX": -0.06208007632312215,
    "IXZXYZYI": -0.045554816309254606,
    "YZYIIXZX": -0.045554816309254606,
    "XZXIIYZY": -0.045554816309254606,
    "XZXIIXZX": -0.045554816309254606,
    "IXZXXZXI": -0.045554816309254606,
    "YZYIIYZY": -0.045554816309254606,
    "IYZYYZYI": -0.045554816309254606,
    "IYZYXZXI": -0.045554816309254606,
    "XXYYIIII": -0.040357403643844686,
    "YYXXIIII": -0.040357403643844686,
    "YXXYIIII": 0.040357403643844686,
    "XYYXIIII": 0.040357403643844686,
    "IIIYZYZI": 0.03534873580431349,
    "IIYZYIIZ": 0.03534873580431349,
    "IIXZXIIZ": 0.03534873580431349,
    "IIIXZXZI": 0.03534873580431349,
    "IIXZXZII": 0.03243839943805072,
    "IIYZYZII": 0.03243839943805072,
    "IIIXIXII": 0.03243839943805072,
    "IIIYIYII": 0.03243839943805072,
    "IIXZZYYX": -0.031116504245102816,
    "IIIYYIYY": 0.031116504245102816,
    "IIIYXIXY": 0.031116504245102816,
    "IIIXYIYX": 0.031116504245102816,
    "IIIXXIXX": 0.031116504245102816,
    "IIYZZXXY": -0.031116504245102816,
    "IIYZZYXX": 0.031116504245102816,
    "IIXZZXYY": 0.031116504245102816,
    "IYZZZZIY": -0.030489401050714435,
    "IXZZZZIX": -0.030489401050714435,
    "XZZZZZXZ": -0.030489401050714435,
    "YZZZZZYZ": -0.030489401050714435,
    "YZZZZIYI": -0.0295345267936034,
    "IXZZIZZX": -0.0295345267936034,
    "XZZZZIXI": -0.0295345267936034,
    "IYZZIZZY": -0.0295345267936034,
    "IYZYIYZY": -0.027389627448987944,
    "IXZXIXZX": -0.027389627448987944,
    "XZXIXZXI": -0.027389627448987944,
    "YZYIYZYI": -0.027389627448987944,
    "IYZYIXZX": -0.027146569705465223,
    "IXZXIYZY": -0.027146569705465223,
    "XZXIYZYI": -0.027146569705465223,
    "YZYIXZXI": -0.027146569705465223,
    "IYZZYXXI": -0.02655533868836212,
    "YZZZYYZY": 0.02655533868836212,
    "YZZZYXZX": 0.02655533868836212,
    "XZZZXYZY": 0.02655533868836212,
    "XZZZXXZX": 0.02655533868836212,
    "IYZZXXYI": 0.02655533868836212,
    "IXZZXYYI": -0.02655533868836212,
    "IXZZYYXI": 0.02655533868836212,
    "ZIIYZYII": 0.024514946071054526,
    "IZYZYIII": 0.024514946071054526,
    "IZXZXIII": 0.024514946071054526,
    "ZIIXZXII": 0.024514946071054526,
    "IIXIXIII": 0.02295823775640647,
    "IIZXZXII": 0.02295823775640647,
    "IIZYZYII": 0.02295823775640647,
    "IIYIYIII": 0.02295823775640647,
    "XZZIZZXI": -0.020827028549464298,
    "YZZIZZYI": -0.020827028549464298,
    "IXIZZZZX": -0.020827028549464298,
    "IYIZZZZY": -0.020827028549464298,
    "IIYXXYII": 0.02079821684729726,
    "IIYYXXII": -0.02079821684729726,
    "IIXXYYII": -0.02079821684729726,
    "IIXYYXII": 0.02079821684729726,
    "IYYXZZXI": -0.02053364381260176,
    "YZYYZZZY": 0.02053364381260176,
    "XZXYZZZY": 0.02053364381260176,
    "XZXXZZZX": 0.02053364381260176,
    "IXXYZZYI": -0.02053364381260176,
    "IXYYZZXI": 0.02053364381260176,
    "YZYXZZZX": 0.02053364381260176,
    "IYXXZZYI": 0.02053364381260176,
    "IIXXIIYY": -0.020513034714132974,
    "IIXYIIYX": 0.020513034714132974,
    "IIYYIIXX": -0.020513034714132974,
    "IIYXIIXY": 0.020513034714132974,
    "ZYZZZZZY": -0.019056114918567017,
    "ZXZZZZZX": -0.019056114918567017,
    "YIZZZZYI": -0.019056114918567013,
    "XIZZZZXI": -0.019056114918567013,
    "IYYIIXXI": 0.018408246603789383,
    "IYXIIXYI": -0.018408246603789383,
    "IXYIIYXI": -0.018408246603789383,
    "IXXIIYYI": 0.018408246603789383,
    "YZZYXZZX": 0.018408246603789383,
    "YZZXXZZY": -0.018408246603789383,
    "XZZYYZZX": -0.018408246603789383,
    "XZZXYZZY": 0.018408246603789383,
    "YXIIIIXY": 0.0183176284603936,
    "XYIIIIYX": 0.0183176284603936,
    "XXIIIIYY": -0.0183176284603936,
    "YYIIIIXX": -0.0183176284603936,
    "IXXIXZZX": 0.018165188860266666,
    "IXYIYZZX": 0.018165188860266666,
    "XZZYIYXI": 0.018165188860266666,
    "XZZXIXXI": 0.018165188860266666,
    "YZZXIXYI": 0.018165188860266666,
    "YZZYIYYI": 0.018165188860266666,
    "IYXIXZZY": 0.018165188860266666,
    "IYYIYZZY": 0.018165188860266666,
    "YXIIXYII": 0.017224310630618404,
    "XXIIYYII": -0.017224310630618404,
    "XYIIYXII": 0.017224310630618404,
    "YYIIXXII": -0.017224310630618404,
    "XYIYXIII": 0.016588257929865752,
    "XXIXXIII": 0.016588257929865752,
    "YYIYYIII": 0.016588257929865752,
    "YXIXYIII": 0.016588257929865752,
    "YYXZZXII": 0.01658825792986575,
    "XXYZZYII": 0.01658825792986575,
    "XYYZZXII": -0.01658825792986575,
    "YXXZZYII": -0.01658825792986575,
    "IZIYZYII": 0.00792668814118877,
    "IZIXZXII": 0.00792668814118877,
    "ZIXZXIII": 0.00792668814118877,
    "ZIYZYIII": 0.00792668814118877,
    "IIIXZXIZ": 0.004232231559210674,
    "IIXZXIZI": 0.004232231559210674,
    "IIYZYIZI": 0.004232231559210674,
    "IIIYZYIZ": 0.004232231559210674,
    "IXZZZIZX": -0.002979188105241285,
    "YZZZIZYI": -0.002979188105241285,
    "XZZZIZXI": -0.002979188105241285,
    "IYZZZIZY": -0.002979188105241285,
    "IXZIZZZX": -0.00029338473686253697,
    "IYZIZZZY": -0.00029338473686253697,
    "XZIZZZXI": -0.00029338473686253697,
    "YZIZZZYI": -0.00029338473686253697,
    "IXZYIYZX": -0.0002430577435227222,
    "IYZXIXZY": -0.0002430577435227222,
    "XZYIYZXI": -0.0002430577435227222,
    "YZXIXZYI": -0.0002430577435227222
  },
  "data": {
    "molecule_id": "D2_singlet_Dooh",
    "qubit_encoding": "JW",
    "unit": "Angstrom",
    "basis": "3-21g",
    "charge": 0,
    "multiplicity": 1,
    "spin": 0,
    "geometry": "H 0.0000000000 0.0000000000 -0.5190500000\nH 0.0000000000 0.0000000000 1.2605500000",
    "n_qubits": 8,
    "n_particles": {
      "total": 2,
      "alpha": 1,
      "beta": 1
    },
    "hf_array": [
      1,
      1,
      0,
      0,
      0,
      0,
      0,
      0
    ],
    "hf_method": "pyscf.scf.hf_symm.SymAdaptedRHF",
    "convergence_threshold": 1e-06,
    "point_group": {
      "groupname": "Dooh",
      "topgroup": "Dooh"
    },
    "alpha": 2.4,
    "calculated_properties": {
      "HF": {
        "energy": -0.9422302429871479,
        "converged": true
      },
      "MP2": {
        "energy": -0.98138525024431,
        "converged": false
      },
      "CISD": {
        "energy": -1.0234702301336565,
        "converged": true
      },