{
  "hamiltonian": {
    "IIII": -0.5163374350773506,
    "IIZZ": 0.14025079965408088,
    "ZIIZ": 0.13520661004776272,
    "IZZI": 0.13520661004776272,
    "ZZII": 0.13293846107808036,
    "ZIII": 0.08098359611640016,
    "IZII": 0.08098359611640016,
    "ZIZI": 0.07460588318592118,
    "IZIZ": 0.07460588318592118,
    "XXYY": -0.060600726861841536,
    "XYYX": 0.060600726861841536,
    "YXXY": 0.060600726861841536,
    "YYXX": -0.060600726861841536,
    "IIIZ": -0.01407901618552243,
    "IIZI": -0.014079016185522403
  },
  "data": {
    "molecule_id": "D2_singlet_Dooh",
    "qubit_encoding": "JW",
    "unit": "Angstrom",
    "basis": "sto-3g",
    "charge": 0,
    "multiplicity": 1,
    "spin": 0,
    "geometry": "H 0.0000000000 0.0000000000 -0.4819750000\nH 0.0000000000 0.0000000000 1.2234750000",
    "n_qubits": 4,
    "n_particles": {
      "total": 2,
      "alpha": 1,
      "beta": 1
    },
    "hf_array": [
      1,
      1,
      0,
      0
    ],
    "hf_method": "pyscf.scf.hf_symm.SymAdaptedRHF",
    "convergence_threshold": 1e-06,
    "point_group": {
      "groupname": "Dooh",
      "topgroup": "Dooh"
    },
    "alpha": 2.3,
    "calculated_properties": {
      "HF": {
        "energy": -0.8528983854164023,
        "converged": true
      },
      "MP2": {
        "energy": -0.9137261016819924,
        "converged": false
      },
      "CISD": {
        "energy": -0.9708425857310305,
        "converged": true
      },
      "CCSD": {
        "energy": -0.9708425866186366,
        "converged": true
      },
      "FCI": {
        "energy": -0.9708425857310305,
        "converged": true,
        "spin_matches_target": true,
        "multiplicity": 1.0,
        "oscillatory_converged": false,
        "oscillation_energy_change": null
      }
    },
    "auxiliary_operators": {
      "number_operator": {
        "IIII": 2.0,
        "ZIII": -0.5,
        "IZII": -0.5,
        "IIZI": -0.5,
        "IIIZ": -0.5
      },
      "N_alpha": {
        "IIII": 1.0,
        "ZIII": -0.5,
        "IIZI": -0.5
      },
      "N_beta": {
        "IIII": 1.0,
        "IZII": -0.5,
        "IIIZ": -0.5
      },
      "S^2_operator": {
        "IIII": 0.75,
        "ZZII": -0.375,
        "IIZZ": -0.375,
        "YXYX": 0.125,
        "YXXY": -0.125,
        "XXYY": 0.125,
        "XXXX": 0.125,
        "YYYY": 0.125,
        "YYXX": 0.125,
        "XYYX": -0.125,
        "XYXY": 0.125,
        "ZIZI": 0.125,
        "ZIIZ": -0.125,
        "IZZI": -0.125,
        "IZIZ": 0.125
      },
      "UCCSD_operator": {
        "XXYX": 0.06082033134639898,
        "YYYX": -0.06082033134639898,
        "YXYY": 0.06082033134639898,
        "XYYY": 0.06082033134639898,
        "YXXX": -0.06082033134639898,
        "XYXX": -0.06082033134639898,
        "XXXY": 0.06082033134639898,
        "YYXY": -0.06082033134639898
      }
    },
    "hf_method_fallback": "standard",
    "generation_time_s": 0.026,
    "timestamp": "2026-04-03T21:43:51.363162+00:00",
    "formula_latex": "$\\mathrm{D_{2}}$"
  }
}