{
  "hamiltonian": {
    "IIIIIIII": 3.2571289231747675,
    "IIIIIIZI": -1.404333240598472,
    "IIIIIIIZ": -1.404333240598472,
    "IIIIZIII": -0.7119028047280427,
    "IIIIIZII": -0.7119028047280427,
    "IIZIIIII": -0.462703775492571,
    "IIIZIIII": -0.462703775492571,
    "ZIIIIIII": -0.2859059021322369,
    "IZIIIIII": -0.2859059021322369,
    "IIIIIIZZ": 0.2190205210928963,
    "ZIIIIIIZ": 0.1986376531181288,
    "IZIIIIZI": 0.1986376531181288,
    "ZZIIIIII": 0.19505055887321004,
    "ZIIIIIZI": 0.15872396371799075,
    "IZIIIIIZ": 0.15872396371799075,
    "IIIIIZZI": 0.15093804128293542,
    "IIIIZIIZ": 0.15093804128293542,
    "IZIIZIII": 0.14855183710642844,
    "ZIIIIZII": 0.14855183710642844,
    "IIIIIZIZ": 0.12932472768896075,
    "IIIIZIZI": 0.12932472768896075,
    "IIIIZZII": 0.12361072518475291,
    "IZIIIZII": 0.11641663744704495,
    "ZIIIZIII": 0.11641663744704495,
    "IIIZIIZI": 0.11442724129619906,
    "IIZIIIIZ": 0.11442724129619906,
    "IZZIIIII": 0.11185892163836442,
    "ZIIZIIII": 0.11185892163836442,
    "IIIZIIIZ": 0.10141477380076254,
    "IIZIIIZI": 0.10141477380076254,
    "IIZZIIII": 0.0997251747694133,
    "IIIZZIII": 0.09833206609381187,
    "IIZIIZII": 0.09833206609381187,
    "ZIZIIIII": 0.09739691667969985,
    "IZIZIIII": 0.09739691667969985,
    "YZZZYIII": 0.09627667486515586,
    "XZZZXIII": 0.09627667486515586,
    "IYZZZYII": 0.09627667486515584,
    "IXZZZXII": 0.09627667486515584,
    "IIZIZIII": 0.08626977116934897,
    "IIIZIZII": 0.08626977116934897,
    "XZZZXIIZ": -0.05818318604659946,
    "IXZZZXZI": -0.05818318604659946,
    "IYZZZYZI": -0.05818318604659946,
    "YZZZYIIZ": -0.05818318604659946,
    "YIZZYIII": -0.05205027287424175,
    "XIZZXIII": -0.05205027287424175,
    "ZXZZZXII": -0.05205027287424175,
    "ZYZZZYII": -0.05205027287424175,
    "IIIYZZZY": -0.04260532347971016,
    "IIIXZZZX": -0.04260532347971016,
    "IIXZZZXI": -0.04260532347971015,
    "IIYZZZYI": -0.04260532347971015,
    "IIIYZZIY": 0.04037127083217924,
    "IIIXZZIX": 0.04037127083217924,
    "IIYZZZYZ": 0.04037127083217924,
    "IIXZZZXZ": 0.04037127083217924,
    "YYIIIIXX": -0.03991368940013806,
    "YXIIIIXY": 0.03991368940013806,
    "XYIIIIYX": 0.03991368940013806,
    "XXIIIIYY": -0.03991368940013806,
    "IZYZZZYI": 0.035544343440510266,
    "IZXZZZXI": 0.035544343440510266,
    "ZIIXZZZX": 0.035544343440510266,
    "ZIIYZZZY": 0.035544343440510266,
    "XYIIYXII": 0.03213519965938348,
    "YXIIXYII": 0.03213519965938348,
    "YYIIXXII": -0.03213519965938348,
    "XXIIYYII": -0.03213519965938348,
    "IXZZIXII": -0.032058071270591376,
    "YZZZYZII": -0.032058071270591376,
    "IYZZIYII": -0.032058071270591376,
    "XZZZXZII": -0.032058071270591376,
    "IXZZZXIZ": -0.031140964686566762,
    "IYZZZYIZ": -0.031140964686566762,
    "YZZZYIZI": -0.031140964686566762,
    "XZZZXIZI": -0.031140964686566762,
    "IXZZYIYX": -0.027042221360032703,
    "IXZZXIXX": -0.027042221360032703,
    "IYZZYIYY": -0.027042221360032703,
    "IYZZXIXY": -0.027042221360032703,
    "YZZZZYXX": -0.027042221360032703,
    "YZZZZXXY": 0.027042221360032703,
    "XZZZZYYX": 0.027042221360032703,
    "XZZZZXYY": -0.027042221360032703,
    "IIXZIZXI": 0.024344479551377963,
    "IIYZIZYI": 0.024344479551377963,
    "IIIXZIZX": 0.024344479551377963,
    "IIIYZIZY": 0.024344479551377963,
    "IIIIXXYY": -0.021613313593974687,
    "IIIIXYYX": 0.021613313593974687,
    "IIIIYXXY": 0.021613313593974687,
    "IIIIYYXX": -0.021613313593974687,
    "IIIYIZZY": 0.0206458227088231,
    "IIIXIZZX": 0.0206458227088231,
    "IIYZZIYI": 0.0206458227088231,
    "IIXZZIXI": 0.0206458227088231,
    "YZIZYIII": -0.017978466342532806,
    "XZIZXIII": -0.017978466342532806,
    "IYZIZYII": -0.017978466342532806,
    "IXZIZXII": -0.017978466342532806,
    "XYYZZZZX": -0.01783157742567029,
    "XXYZZZZY": 0.01783157742567029,
    "XYIYZZXI": 0.01783157742567029,
    "XXIXZZXI": 0.01783157742567029,
    "YXIXZZYI": 0.01783157742567029,
    "YYXZZZZX": 0.01783157742567029,
    "YXXZZZZY": -0.01783157742567029,
    "YYIYZZYI": 0.01783157742567029,
    "IZIYZZZY": 0.017712766014839978,
    "ZIYZZZYI": 0.017712766014839978,
    "IZIXZZZX": 0.017712766014839978,
    "ZIXZZZXI": 0.017712766014839978,
    "YZXIXZYI": -0.016562834141696195,
    "XZYIYZXI": -0.016562834141696195,
    "IXZYIYZX": -0.016562834141696195,
    "IYZXIXZY": -0.016562834141696195,
    "IYYIIXXI": 0.015278791182870205,
    "YZZXXZZY": -0.015278791182870205,
    "XZZYYZZX": -0.015278791182870205,
    "XZZXYZZY": 0.015278791182870205,
    "IYXIIXYI": -0.015278791182870205,
    "IXXIIYYI": 0.015278791182870205,
    "YZZYXZZX": 0.015278791182870205,
    "IXYIIYXI": -0.015278791182870205,
    "YYXXIIII": -0.014462004958664575,
    "YXXYIIII": 0.014462004958664575,
    "XYYXIIII": 0.014462004958664575,
    "XXYYIIII": -0.014462004958664575,
    "XZXIXZXI": -0.014151742164720787,
    "IYZYIYZY": -0.014151742164720787,
    "YZYIYZYI": -0.014151742164720787,
    "IXZXIXZX": -0.014151742164720787,
    "IIXXIIYY": -0.01301246749543653,
    "IIYYIIXX": -0.01301246749543653,
    "IIYXIIXY": 0.01301246749543653,
    "IIXYIIYX": 0.01301246749543653,
    "IYZYYZYI": -0.012867699205894796,
    "IXZXYZYI": -0.012867699205894796,
    "IXZXXZXI": -0.012867699205894796,
    "XZXIIXZX": -0.012867699205894796,
    "XZXIIYZY": -0.012867699205894796,
    "YZYIIXZX": -0.012867699205894796,
    "YZYIIYZY": -0.012867699205894796,
    "IYZYXZXI": -0.012867699205894796,
    "IIYYXXII": -0.012062294924462895,
    "IIYXXYII": 0.012062294924462895,
    "IIXYYXII": 0.012062294924462895,
    "IIXXYYII": -0.012062294924462895,
    "IIZYZZZY": 0.010500837304396812,
    "IIZXZZZX": 0.010500837304396812,
    "IIXIZZXI": 0.01050083730439681,
    "IIYIZZYI": 0.01050083730439681,
    "YZYXZXII": -0.00901218322136767,
    "IXXYYIII": 0.00901218322136767,
    "IXYYXIII": -0.00901218322136767,
    "IYXXYIII": -0.00901218322136767,
    "IYYXXIII": 0.00901218322136767,
    "XZXXZXII": -0.00901218322136767,
    "XZXYZYII": -0.00901218322136767,
    "YZYYZYII": -0.00901218322136767,
    "YZZIYIII": -0.008966283121165135,
    "XZZIXIII": -0.008966283121165135,
    "IXIZZXII": -0.008966283121165135,
    "IYIZZYII": -0.008966283121165135,
    "IIXZXYZY": 0.0036986568425548634,
    "IIYZYXZX": 0.0036986568425548634,
    "IIYZYYZY": 0.0036986568425548634,
    "IIIYXXYI": 0.0036986568425548634,
    "IIIXXYYI": -0.0036986568425548634,
    "IIIXYYXI": 0.0036986568425548634,
    "IIXZXXZX": 0.0036986568425548634,
    "IIIYYXXI": -0.0036986568425548634,
    "YZYIXZXI": 0.002411091976975409,
    "IXZXIYZY": 0.002411091976975409,
    "IYZYIXZX": 0.002411091976975409,
    "XZXIYZYI": 0.002411091976975409,
    "YZZXIXYI": -0.0012840429588259895,
    "IYYIYZZY": -0.0012840429588259895,
    "IYXIXZZY": -0.0012840429588259895,
    "IXYIYZZX": -0.0012840429588259895,
    "IXXIXZZX": -0.0012840429588259895,
    "YZZYIYYI": -0.0012840429588259895,
    "XZZXIXXI": -0.0012840429588259895,
    "XZZYIYXI": -0.0012840429588259895
  },
  "data": {
    "molecule_id": "D2_singlet_Dooh",
    "qubit_encoding": "JW",
    "unit": "Angstrom",
    "basis": "3-21g",
    "charge": 0,
    "multiplicity": 1,
    "spin": 0,
    "geometry": "H 0.0000000000 0.0000000000 0.1483000000\nH 0.0000000000 0.0000000000 0.5932000000",
    "n_qubits": 8,
    "n_particles": {
      "total": 2,
      "alpha": 1,
      "beta": 1
    },
    "hf_array": [
      1,
      1,
      0,
      0,
      0,
      0,
      0,
      0
    ],
    "hf_method": "pyscf.scf.hf_symm.SymAdaptedRHF",
    "convergence_threshold": 1e-06,
    "point_group": {
      "groupname": "Dooh",
      "topgroup": "Dooh"
    },
    "alpha": 0.6,
    "calculated_properties": {
      "HF": {
        "energy": -0.9932905510299344,
        "converged": true
      },
      "MP2": {
        "energy": -1.007692390085274,
        "converged": false
      },
      "CISD": {
        "energy": -1.0126763175230058,