{
  "hamiltonian": {
    "IIIIIIII": 2.464024455250787,
    "IIIIIIZI": -1.041135179301131,
    "IIIIIIIZ": -1.041135179301131,
    "IIIIZIII": -0.8293490080068053,
    "IIIIIZII": -0.8293490080068053,
    "IIIZIIII": -0.42764318700222176,
    "IIZIIIII": -0.4276431870022217,
    "ZIIIIIII": -0.29960566833529223,
    "IZIIIIII": -0.29960566833529223,
    "IIIIIIZZ": 0.1721745216298619,
    "IZIIIIZI": 0.15366519505908408,
    "ZIIIIIIZ": 0.15366519505908408,
    "ZZIIIIII": 0.1511001484132825,
    "IIIIIZZI": 0.14313282530926247,
    "IIIIZIIZ": 0.14313282530926247,
    "IZIIZIII": 0.13522106286669044,
    "ZIIIIZII": 0.13522106286669044,
    "IIIIZZII": 0.12691601570151095,
    "IZIIIIIZ": 0.12457382807560316,
    "ZIIIIIZI": 0.12457382807560316,
    "IIIZIIZI": 0.1175376493103214,
    "IIZIIIIZ": 0.1175376493103214,
    "IZZIIIII": 0.11448356437021882,
    "ZIIZIIII": 0.11448356437021882,
    "IZIIIZII": 0.10943210744671586,
    "ZIIIZIII": 0.10943210744671586,
    "IIIZZIII": 0.10495779062601224,
    "IIZIIZII": 0.10495779062601224,
    "IIZZIIII": 0.10432722388229934,
    "IIIIZIZI": 0.10075408025335089,
    "IIIIIZIZ": 0.10075408025335089,
    "IIZIIIZI": 0.09762921712423066,
    "IIIZIIIZ": 0.09762921712423066,
    "IIZIZIII": 0.09605613945124275,
    "IIIZIZII": 0.09605613945124275,
    "IYZZZYII": 0.0890434582988279,
    "IXZZZXII": 0.0890434582988279,
    "XZZZXIII": 0.08904345829882788,
    "YZZZYIII": 0.08904345829882788,
    "ZIZIIIII": 0.08837579013178316,
    "IZIZIIII": 0.08837579013178316,
    "IIYZZZYI": -0.06206705544145488,
    "IIXZZZXI": -0.06206705544145488,
    "IIIXZZZX": -0.06206705544145487,
    "IIIYZZZY": -0.06206705544145487,
    "XZZZXIIZ": -0.04630589902058347,
    "IYZZZYZI": -0.04630589902058347,
    "IXZZZXZI": -0.04630589902058347,
    "YZZZYIIZ": -0.04630589902058347,
    "IIIIXYYX": 0.042378745055911576,
    "IIIIXXYY": -0.042378745055911576,
    "IIIIYXXY": 0.042378745055911576,
    "IIIIYYXX": -0.042378745055911576,
    "IIIXZZIX": 0.042050857430916196,
    "IIIYZZIY": 0.042050857430916196,
    "IIYZZZYZ": 0.042050857430916196,
    "IIXZZZXZ": 0.042050857430916196,
    "XIZZXIII": -0.03643884454970383,
    "YIZZYIII": -0.03643884454970383,
    "ZYZZZYII": -0.03643884454970383,
    "ZXZZZXII": -0.03643884454970383,
    "ZIIXZZZX": 0.03489248147937619,
    "IZYZZZYI": 0.03489248147937619,
    "IZXZZZXI": 0.03489248147937619,
    "ZIIYZZZY": 0.03489248147937619,
    "IXZZIXII": -0.03214595249075943,
    "XZZZXZII": -0.03214595249075943,
    "YZZZYZII": -0.03214595249075943,
    "IYZZIYII": -0.03214595249075943,
    "YZZZZXXY": 0.03198699028002301,
    "YZZZZYXX": -0.03198699028002301,
    "IXZZXIXX": -0.03198699028002301,
    "IXZZYIYX": -0.03198699028002301,
    "IYZZXIXY": -0.03198699028002301,
    "IYZZYIYY": -0.03198699028002301,
    "XZZZZYYX": 0.03198699028002301,
    "XZZZZXYY": -0.03198699028002301,
    "IIYZZIYI": 0.0297545883602464,
    "IIIXIZZX": 0.0297545883602464,
    "IIIYIZZY": 0.0297545883602464,
    "IIXZZIXI": 0.0297545883602464,
    "XYIIIIYX": 0.0290913669834809,
    "YXIIIIXY": 0.0290913669834809,
    "YYIIIIXX": -0.0290913669834809,
    "XXIIIIYY": -0.0290913669834809,
    "YZYIIYZY": -0.028673822573686947,
    "YZYIIXZX": -0.028673822573686947,
    "XZXIIXZX": -0.028673822573686947,
    "IYZYYZYI": -0.028673822573686947,
    "XZXIIYZY": -0.028673822573686947,
    "IXZXYZYI": -0.028673822573686947,
    "IXZXXZXI": -0.028673822573686947,
    "IYZYXZXI": -0.028673822573686947,
    "YXXYIIII": 0.026107774238435653,
    "XYYXIIII": 0.026107774238435653,
    "XXYYIIII": -0.026107774238435653,
    "YYXXIIII": -0.026107774238435653,
    "YXIIXYII": 0.025788955419974603,
    "XYIIYXII": 0.025788955419974603,
    "YYIIXXII": -0.025788955419974603,
    "XXIIYYII": -0.025788955419974603,
    "IIXZIZXI": 0.02286996264082623,
    "IIIYZIZY": 0.02286996264082623,
    "IIYZIZYI": 0.02286996264082623,
    "IIIXZIZX": 0.02286996264082623,
    "IYYIIXXI": 0.020381290741595025,
    "YZZYXZZX": 0.020381290741595025,
    "YZZXXZZY": -0.020381290741595025,
    "XZZYYZZX": -0.020381290741595025,
    "XZZXYZZY": 0.020381290741595025,
    "IXYIIYXI": -0.020381290741595025,
    "IYXIIXYI": -0.020381290741595025,
    "IXXIIYYI": 0.020381290741595025,
    "XXYZZZZY": 0.02014193719992431,
    "XYIYZZXI": 0.02014193719992431,
    "XYYZZZZX": -0.02014193719992431,
    "YXXZZZZY": -0.02014193719992431,
    "YYXZZZZX": 0.02014193719992431,
    "XXIXZZXI": 0.02014193719992431,
    "YXIXZZYI": 0.02014193719992431,
    "YYIYZZYI": 0.02014193719992431,
    "IIYYIIXX": -0.019908432186090754,
    "IIYXIIXY": 0.019908432186090754,
    "IIXYIIYX": 0.019908432186090754,
    "IIXXIIYY": -0.019908432186090754,
    "YZYIYZYI": -0.018004053634338837,
    "XZXIXZXI": -0.018004053634338837,
    "IYZYIYZY": -0.018004053634338837,
    "IXZXIXZX": -0.018004053634338837,
    "IIYIZZYI": 0.017034670754457096,
    "IIXIZZXI": 0.017034670754457096,
    "IIZXZZZX": 0.017034670754457096,
    "IIZYZZZY": 0.017034670754457096,
    "IXIZZXII": -0.016389743752087436,
    "XZZIXIII": -0.016389743752087436,
    "YZZIYIII": -0.016389743752087436,
    "IYIZZYII": -0.016389743752087436,
    "IYZIZYII": -0.01632180160662244,
    "IXZIZXII": -0.01632180160662244,
    "YZIZYIII": -0.01632180160662244,
    "XZIZXIII": -0.01632180160662244,
    "ZIYZZZYI": 0.014750544279451883,
    "ZIXZZZXI": 0.014750544279451883,
    "IZIYZZZY": 0.014750544279451883,
    "IZIXZZZX": 0.014750544279451883,
    "IXZZZXIZ": -0.014318908740560458,
    "XZZZXIZI": -0.014318908740560458,
    "YZZZYIZI": -0.014318908740560458,
    "IYZZZYIZ": -0.014318908740560458,
    "IXYIYZZX": 0.010669768939348113,
    "XZZYIYXI": 0.010669768939348113,
    "XZZXIXXI": 0.010669768939348113,
    "YZZXIXYI": 0.010669768939348113,
    "YZZYIYYI": 0.010669768939348113,
    "IXXIXZZX": 0.010669768939348113,
    "IYYIYZZY": 0.010669768939348113,
    "IYXIXZZY": 0.010669768939348113,
    "XZYIYZXI": -0.009711521802246912,
    "YZXIXZYI": -0.009711521802246912,
    "IYZXIXZY": -0.009711521802246912,
    "IXZYIYZX": -0.009711521802246912,
    "IIYXXYII": 0.008901651174769484,
    "IIYYXXII": -0.008901651174769484,
    "IIXXYYII": -0.008901651174769484,
    "IIXYYXII": 0.008901651174769484,
    "IXZXIYZY": -0.008292531832091925,
    "IYZYIXZX": -0.008292531832091925,
    "YZYIXZXI": -0.008292531832091925,
    "XZXIYZYI": -0.008292531832091925,
    "IIIYYXXI": 0.006884625719420173,
    "IIYZYXZX": -0.006884625719420173,
    "IIXZXYZY": -0.006884625719420173,
    "IIXZXXZX": -0.006884625719420173,
    "IIIXXYYI": 0.006884625719420173,
    "IIIXYYXI": -0.006884625719420173,
    "IIIYXXYI": -0.006884625719420173,
    "IIYZYYZY": -0.006884625719420173,
    "IYYXXIII": -6.794214546499582e-05,
    "YZYXZXII": 6.794214546499582e-05,
    "XZXYZYII": 6.794214546499582e-05,
    "YZYYZYII": 6.794214546499582e-05,
    "IXYYXIII": 6.794214546499582e-05,
    "IYXXYIII": 6.794214546499582e-05,
    "XZXXZXII": 6.794214546499582e-05,
    "IXXYYIII": -6.794214546499582e-05
  },
  "data": {
    "molecule_id": "D2_singlet_Dooh",
    "qubit_encoding": "JW",
    "unit": "Angstrom",
    "basis": "3-21g",
    "charge": 0,
    "multiplicity": 1,
    "spin": 0,
    "geometry": "H 0.0000000000 0.0000000000 -0.0741500000\nH 0.0000000000 0.0000000000 0.8156500000",
    "n_qubits": 8,
    "n_particles": {
      "total": 2,
      "alpha": 1,
      "beta": 1
    },
    "hf_array": [
      1,
      1,
      0,
      0,
      0,
      0,
      0,
      0
    ],
    "hf_method": "pyscf.scf.hf_symm.SymAdaptedRHF",
    "convergence_threshold": 1e-06,
    "point_group": {
      "groupname": "Dooh",
      "topgroup": "Dooh"
    },
    "alpha": 1.2,
    "calculated_properties": {
      "HF": {
        "energy": -1.10986873882334,
        "converged": true
      },
      "MP2": {
        "energy": -1.128701660012336,
        "converged": false
      },
      "CISD": {
        "energy": -1.1383279247214886,
        "converged": true
      },