{
  "hamiltonian": {
    "IIZI": -0.354707159432999,
    "IIIZ": -0.354707159432999,
    "IIII": 0.32553088032523647,
    "IZII": 0.21012610013683922,
    "ZIII": 0.21012610013683916,
    "IIZZ": 0.1852288826005845,
    "ZZII": 0.17906936829852038,
    "ZIIZ": 0.17593111690590071,
    "IZZI": 0.17593111690590071,
    "ZIZI": 0.13349090218026557,
    "IZIZ": 0.13349090218026557,
    "XXYY": -0.04244021472563512,
    "XYYX": 0.04244021472563512,
    "YXXY": 0.04244021472563512,
    "YYXX": -0.04244021472563512
  },
  "data": {
    "molecule_id": "D2_singlet_Dooh",
    "qubit_encoding": "JW",
    "unit": "Angstrom",
    "basis": "sto-3g",
    "charge": 0,
    "multiplicity": 1,
    "spin": 0,
    "geometry": "H 0.0000000000 0.0000000000 0.1112250000\nH 0.0000000000 0.0000000000 0.6302750000",
    "n_qubits": 4,
    "n_particles": {
      "total": 2,
      "alpha": 1,
      "beta": 1
    },
    "hf_array": [
      1,
      1,
      0,
      0
    ],
    "hf_method": "pyscf.scf.hf_symm.SymAdaptedRHF",
    "convergence_threshold": 1e-06,
    "point_group": {
      "groupname": "Dooh",
      "topgroup": "Dooh"
    },
    "alpha": 0.7,
    "calculated_properties": {
      "HF": {
        "energy": -1.058681426087668,
        "converged": true
      },
      "MP2": {
        "energy": -1.0674742885993354,
        "converged": false
      },
      "CISD": {
        "energy": -1.071365638413806,
        "converged": true
      },
      "CCSD": {
        "energy": -1.071365672174747,
        "converged": true
      },
      "FCI": {
        "energy": -1.0713656384138053,
        "converged": true,
        "spin_matches_target": true,
        "multiplicity": 1.0,
        "oscillatory_converged": false,
        "oscillation_energy_change": null
      }
    },
    "auxiliary_operators": {
      "number_operator": {
        "IIII": 2.0,
        "ZIII": -0.5,
        "IZII": -0.5,
        "IIZI": -0.5,
        "IIIZ": -0.5
      },
      "N_alpha": {
        "IIII": 1.0,
        "ZIII": -0.5,
        "IIZI": -0.5
      },
      "N_beta": {
        "IIII": 1.0,
        "IZII": -0.5,
        "IIIZ": -0.5
      },
      "S^2_operator": {
        "IIII": 0.75,
        "ZZII": -0.375,
        "IIZZ": -0.375,
        "YXYX": 0.125,
        "YXXY": -0.125,
        "XXYY": 0.125,
        "XXXX": 0.125,
        "YYYY": 0.125,
        "YYXX": 0.125,
        "XYYX": -0.125,
        "XYXY": 0.125,
        "ZIZI": 0.125,
        "ZIIZ": -0.125,
        "IZZI": -0.125,
        "IZIZ": 0.125
      },
      "UCCSD_operator": {
        "XXYX": 0.009339789932349117,
        "YYYX": -0.009339789932349117,
        "YXYY": 0.009339789932349117,
        "XYYY": 0.009339789932349117,
        "YXXX": -0.009339789932349117,
        "XYXX": -0.009339789932349117,
        "XXXY": 0.009339789932349117,
        "YYXY": -0.009339789932349117
      }
    },
    "hf_method_fallback": "standard",
    "generation_time_s": 0.014,
    "timestamp": "2026-04-03T21:43:51.556590+00:00"
  }
}