{
  "hamiltonian": {
    "IIIIIIII": 2.3430224534528974,
    "IIIIIIZI": -0.9262075600708966,
    "IIIIIIIZ": -0.9262075600708966,
    "IIIIZIII": -0.9009033940741771,
    "IIIIIZII": -0.9009033940741771,
    "IIZIIIII": -0.36167565147806086,
    "IIIZIIII": -0.3616756514780608,
    "ZIIIIIII": -0.29026677254255584,
    "IZIIIIII": -0.29026677254255584,
    "IIIIIIZZ": 0.13464661569970032,
    "IIIIIZZI": 0.13029004868250876,
    "IIIIZIIZ": 0.13029004868250876,
    "IIIIZZII": 0.12790659717477243,
    "ZIIIIIIZ": 0.11928177596143325,
    "IZIIIIZI": 0.11928177596143325,
    "ZZIIIIII": 0.11703619122445433,
    "IZIIZIII": 0.11532784971342777,
    "ZIIIIZII": 0.11532784971342777,
    "IIZIIIIZ": 0.11430871483036961,
    "IIIZIIZI": 0.11430871483036961,
    "IIZIIZII": 0.11213082194235127,
    "IIIZZIII": 0.11213082194235127,
    "IZZIIIII": 0.10966590707353785,
    "ZIIZIIII": 0.10966590707353785,
    "IIZZIIII": 0.10796461829860016,
    "ZIIIIIZI": 0.10076317635404242,
    "IZIIIIIZ": 0.10076317635404242,
    "ZIIIZIII": 0.09724324717500527,
    "IZIIIZII": 0.09724324717500527,
    "IIZIIIZI": 0.09502600934060837,
    "IIIZIIIZ": 0.09502600934060837,
    "IIZIZIII": 0.09089196534760044,
    "IIIZIZII": 0.09089196534760044,
    "IZIZIIII": 0.0710591456768912,
    "ZIZIIIII": 0.0710591456768912,
    "IIIIZIZI": 0.06997141804339431,
    "IIIIIZIZ": 0.06997141804339431,
    "IXZZZZZX": 0.06699184319507903,
    "IYZZZZZY": 0.06699184319507903,
    "YZZZZZYI": 0.06699184319507903,
    "XZZZZZXI": 0.06699184319507903,
    "IIIXZXII": -0.06301098363864441,
    "IIYZYIII": -0.06301098363864441,
    "IIXZXIII": -0.06301098363864441,
    "IIIYZYII": -0.06301098363864441,
    "IIIIXXYY": -0.06031863063911445,
    "IIIIXYYX": 0.06031863063911445,
    "IIIIYXXY": 0.06031863063911445,
    "IIIIYYXX": -0.06031863063911445,
    "IYZYYZYI": -0.04382363538075542,
    "YZYIIXZX": -0.04382363538075542,
    "XZXIIYZY": -0.04382363538075542,
    "XZXIIXZX": -0.04382363538075542,
    "YZYIIYZY": -0.04382363538075542,
    "IYZYXZXI": -0.04382363538075542,
    "IXZXYZYI": -0.04382363538075542,
    "IXZXXZXI": -0.04382363538075542,
    "XXYYIIII": -0.03860676139664666,
    "XYYXIIII": 0.03860676139664666,
    "YYXXIIII": -0.03860676139664666,
    "YXXYIIII": 0.03860676139664666,
    "IIYZYIIZ": 0.03554040156281129,
    "IIXZXIIZ": 0.03554040156281129,
    "IIIYZYZI": 0.03554040156281129,
    "IIIXZXZI": 0.03554040156281129,
    "IIIYIYII": 0.033421124609926176,
    "IIIXIXII": 0.033421124609926176,
    "IIXZXZII": 0.033421124609926176,
    "IIYZYZII": 0.033421124609926176,
    "IXZZZZIX": -0.030702303099359497,
    "YZZZZZYZ": -0.030702303099359497,
    "XZZZZZXZ": -0.030702303099359497,
    "IYZZZZIY": -0.030702303099359497,
    "IXZZIZZX": -0.030447705040064443,
    "XZZZZIXI": -0.030447705040064443,
    "YZZZZIYI": -0.030447705040064443,
    "IYZZIZZY": -0.030447705040064443,
    "IIIYYIYY": 0.02923247680844441,
    "IIIYXIXY": 0.02923247680844441,
    "IIXZZXYY": 0.02923247680844441,
    "IIXZZYYX": -0.02923247680844441,
    "IIYZZXXY": -0.02923247680844441,
    "IIYZZYXX": 0.02923247680844441,
    "IIIXXIXX": 0.02923247680844441,
    "IIIXYIYX": 0.02923247680844441,
    "IYZZXXYI": 0.02716888171352879,
    "IYZZYXXI": -0.02716888171352879,
    "XZZZXYZY": 0.02716888171352879,
    "IXZZYYXI": 0.02716888171352879,
    "YZZZYXZX": 0.02716888171352879,
    "XZZZXXZX": 0.02716888171352879,
    "IXZZXYYI": -0.02716888171352879,
    "YZZZYYZY": 0.02716888171352879,
    "IZXZXIII": 0.026051389713653044,
    "IZYZYIII": 0.026051389713653044,
    "ZIIYZYII": 0.026051389713653044,
    "ZIIXZXII": 0.026051389713653044,
    "IXZXIYZY": -0.025523935267899818,
    "YZYIXZXI": -0.025523935267899818,
    "IYZYIXZX": -0.025523935267899818,
    "XZXIYZYI": -0.025523935267899818,
    "IYZYIYZY": -0.025383509962586696,
    "IXZXIXZX": -0.025383509962586696,
    "XZXIXZXI": -0.025383509962586696,
    "YZYIYZYI": -0.025383509962586696,
    "IIZXZXII": 0.022844632750004763,
    "IIZYZYII": 0.022844632750004763,
    "IIXIXIII": 0.022844632750004763,
    "IIYIYIII": 0.022844632750004763,
    "IIYXXYII": 0.021238856594750822,
    "IIYYXXII": -0.021238856594750822,
    "IIXXYYII": -0.021238856594750822,
    "IIXYYXII": 0.021238856594750822,
    "IXIZZZZX": -0.020833627179274342,
    "IYIZZZZY": -0.020833627179274342,
    "XZZIZZXI": -0.020833627179274342,
    "YZZIZZYI": -0.020833627179274342,
    "XIZZZZXI": -0.020252127326537882,
    "YIZZZZYI": -0.020252127326537882,
    "ZYZZZZZY": -0.020252127326537882,
    "ZXZZZZZX": -0.020252127326537882,
    "IIXXIIYY": -0.019282705489761236,
    "IIXYIIYX": 0.019282705489761236,
    "IIYXIIXY": 0.019282705489761236,
    "IIYYIIXX": -0.019282705489761236,
    "IYYXZZXI": -0.018852118070322103,
    "XZXYZZZY": 0.018852118070322103,
    "XZXXZZZX": 0.018852118070322103,
    "YZYXZZZX": 0.018852118070322103,
    "YZYYZZZY": 0.018852118070322103,
    "IXXYZZYI": -0.018852118070322103,
    "IXYYZZXI": 0.018852118070322103,
    "IYXXZZYI": 0.018852118070322103,
    "XXIIIIYY": -0.01851859960739084,
    "XYIIIIYX": 0.01851859960739084,
    "YXIIIIXY": 0.01851859960739084,
    "YYIIIIXX": -0.01851859960739084,
    "XZZXIXXI": 0.018440125418168724,
    "YZZXIXYI": 0.018440125418168724,
    "YZZYIYYI": 0.018440125418168724,
    "XZZYIYXI": 0.018440125418168724,
    "IXYIYZZX": 0.018440125418168724,
    "IXXIXZZX": 0.018440125418168724,
    "IYXIXZZY": 0.018440125418168724,
    "IYYIYZZY": 0.018440125418168724,
    "IXYIIYXI": -0.018299700112855602,
    "IYXIIXYI": -0.018299700112855602,
    "XZZYYZZX": -0.018299700112855602,
    "YZZXXZZY": -0.018299700112855602,
    "XZZXYZZY": 0.018299700112855602,
    "IXXIIYYI": 0.018299700112855602,
    "YZZYXZZX": 0.018299700112855602,
    "IYYIIXXI": 0.018299700112855602,
    "XXIIYYII": -0.0180846025384225,
    "XYIIYXII": 0.0180846025384225,
    "YXIIXYII": 0.0180846025384225,
    "YYIIXXII": -0.0180846025384225,
    "YYXZZXII": 0.01699967989420907,
    "YXXZZYII": -0.01699967989420907,
    "XYYZZXII": -0.01699967989420907,
    "XXIXXIII": 0.01699967989420907,
    "XYIYXIII": 0.01699967989420907,
    "YXIXYIII": 0.01699967989420907,
    "YYIYYIII": 0.01699967989420907,
    "XXYZZYII": 0.01699967989420907,
    "ZIXZXIII": 0.009051709819443976,
    "IZIXZXII": 0.009051709819443976,
    "ZIYZYIII": 0.009051709819443976,
    "IZIYZYII": 0.009051709819443976,
    "IIXZXIZI": 0.006307924754366877,
    "IIIXZXIZ": 0.006307924754366877,
    "IIIYZYIZ": 0.006307924754366877,
    "IIYZYIZI": 0.006307924754366877,
    "IYZZZIZY": -0.0032788233265356546,
    "IXZZZIZX": -0.0032788233265356546,
    "XZZZIZXI": -0.0032788233265356546,
    "YZZZIZYI": -0.0032788233265356546,
    "XZIZZZXI": -0.001981509108952239,
    "YZIZZZYI": -0.001981509108952239,
    "IYZIZZZY": -0.001981509108952239,
    "IXZIZZZX": -0.001981509108952239,
    "XZYIYZXI": 0.00014042530531311985,
    "YZXIXZYI": 0.00014042530531311985,
    "IXZYIYZX": 0.00014042530531311985,
    "IYZXIXZY": 0.00014042530531311985
  },
  "data": {
    "molecule_id": "D2_singlet_Dooh",
    "qubit_encoding": "JW",
    "unit": "Angstrom",
    "basis": "3-21g",
    "charge": 0,
    "multiplicity": 1,
    "spin": 0,
    "geometry": "H 0.0000000000 0.0000000000 -0.4449000000\nH 0.0000000000 0.0000000000 1.1864000000",
    "n_qubits": 8,
    "n_particles": {
      "total": 2,
      "alpha": 1,
      "beta": 1
    },
    "hf_array": [
      1,
      1,
      0,
      0,
      0,
      0,
      0,
      0
    ],
    "hf_method": "pyscf.scf.hf_symm.SymAdaptedRHF",
    "convergence_threshold": 1e-06,
    "point_group": {
      "groupname": "Dooh",
      "topgroup": "Dooh"
    },
    "alpha": 2.2,
    "calculated_properties": {
      "HF": {
        "energy": -0.9679074378457424,
        "converged": true
      },
      "MP2": {
        "energy": -1.0019490170979604,
        "converged": false
      },
      "CISD": {
        "energy": -1.0362971777628895,
        "converged": true
      },