{
  "hamiltonian": {
    "IIIIIIII": 2.331594239953539,
    "IIIIIIZI": -0.9200232255257329,
    "IIIIIIIZ": -0.9200232255257328,
    "IIIIIZII": -0.9006175249639676,
    "IIIIZIII": -0.9006175249639675,
    "IIIZIIII": -0.3556991259492209,
    "IIZIIIII": -0.3556991259492208,
    "ZIIIIIII": -0.28863823396561006,
    "IZIIIIII": -0.28863823396561006,
    "IIIIIIZZ": 0.13455820204887584,
    "IIIIIZZI": 0.1293271751488111,
    "IIIIZIIZ": 0.1293271751488111,
    "IIIIZZII": 0.1260845128459399,
    "ZIIIIIIZ": 0.1180524480288378,
    "IZIIIIZI": 0.1180524480288378,
    "ZZIIIIII": 0.11493020360014591,
    "IIZIIIIZ": 0.11426541406067593,
    "IIIZIIZI": 0.11426541406067593,
    "IZIIZIII": 0.11334419967732291,
    "ZIIIIZII": 0.11334419967732291,
    "IIZIIZII": 0.11138745000787845,
    "IIIZZIII": 0.11138745000787845,
    "IZZIIIII": 0.1088143643202677,
    "ZIIZIIII": 0.1088143643202677,
    "IIZZIIII": 0.10770742239791806,
    "ZIIIIIZI": 0.09965737329723368,
    "IZIIIIIZ": 0.09965737329723368,
    "ZIIIZIII": 0.09572872769444085,
    "IZIIIZII": 0.09572872769444085,
    "IIZIIIZI": 0.09430314879719724,
    "IIIZIIIZ": 0.09430314879719724,
    "IIZIZIII": 0.09036742982166614,
    "IIIZIZII": 0.09036742982166614,
    "IZIZIIII": 0.06931803947584994,
    "ZIZIIIII": 0.06931803947584994,
    "IIIIZIZI": 0.0681180356431072,
    "IIIIIZIZ": 0.0681180356431072,
    "IXZZZZZX": 0.06593396069789206,
    "IYZZZZZY": 0.06593396069789206,
    "YZZZZZYI": 0.06593396069789206,
    "XZZZZZXI": 0.06593396069789206,
    "IIIXZXII": -0.062775354510358,
    "IIIYZYII": -0.062775354510358,
    "IIYZYIII": -0.06277535451035798,
    "IIXZXIII": -0.06277535451035798,
    "IIIIXXYY": -0.061209139505703884,
    "IIIIXYYX": 0.061209139505703884,
    "IIIIYXXY": 0.061209139505703884,
    "IIIIYYXX": -0.061209139505703884,
    "IXZXYZYI": -0.044703348944890475,
    "XZXIIXZX": -0.044703348944890475,
    "XZXIIYZY": -0.044703348944890475,
    "YZYIIXZX": -0.044703348944890475,
    "YZYIIYZY": -0.044703348944890475,
    "IYZYYZYI": -0.044703348944890475,
    "IYZYXZXI": -0.044703348944890475,
    "IXZXXZXI": -0.044703348944890475,
    "XXYYIIII": -0.03949632484441777,
    "XYYXIIII": 0.03949632484441777,
    "YXXYIIII": 0.03949632484441777,
    "YYXXIIII": -0.03949632484441777,
    "IIYZYIIZ": 0.0354831460656772,
    "IIXZXIIZ": 0.0354831460656772,
    "IIIYZYZI": 0.0354831460656772,
    "IIIXZXZI": 0.0354831460656772,
    "IIIYIYII": 0.032881715501564525,
    "IIIXIXII": 0.032881715501564525,
    "IIYZYZII": 0.032881715501564525,
    "IIXZXZII": 0.032881715501564525,
    "XZZZZZXZ": -0.030603400270214624,
    "IXZZZZIX": -0.030603400270214624,
    "IYZZZZIY": -0.030603400270214624,
    "YZZZZZYZ": -0.030603400270214624,
    "IIIXYIYX": 0.030259216700441932,
    "IIIXXIXX": 0.030259216700441932,
    "IIXZZXYY": 0.030259216700441932,
    "IIYZZYXX": 0.030259216700441932,
    "IIYZZXXY": -0.030259216700441932,
    "IIIYXIXY": 0.030259216700441932,
    "IIIYYIYY": 0.030259216700441932,
    "IIXZZYYX": -0.030259216700441932,
    "YZZZZIYI": -0.02991856156291517,
    "XZZZZIXI": -0.02991856156291517,
    "IYZZIZZY": -0.02991856156291517,
    "IXZZIZZX": -0.02991856156291517,
    "IYZZYXXI": -0.026825511270762374,
    "IXZZXYYI": -0.026825511270762374,
    "IYZZXXYI": 0.026825511270762374,
    "XZZZXXZX": 0.026825511270762374,
    "XZZZXYZY": 0.026825511270762374,
    "YZZZYXZX": 0.026825511270762374,
    "YZZZYYZY": 0.026825511270762374,
    "IXZZYYXI": 0.026825511270762374,
    "IYZYIYZY": -0.026423844205712144,
    "IXZXIXZX": -0.026423844205712144,
    "XZXIXZXI": -0.026423844205712144,
    "YZYIYZYI": -0.026423844205712144,
    "IYZYIXZX": -0.026332650193870086,
    "IXZXIYZY": -0.026332650193870086,
    "XZXIYZYI": -0.026332650193870086,
    "YZYIXZXI": -0.026332650193870086,
    "IZYZYIII": 0.025259519207125106,
    "IZXZXIII": 0.025259519207125106,
    "ZIIYZYII": 0.025259519207125106,
    "ZIIXZXII": 0.025259519207125106,
    "IIZYZYII": 0.02292945114507653,
    "IIZXZXII": 0.02292945114507653,
    "IIXIXIII": 0.02292945114507653,
    "IIYIYIII": 0.02292945114507653,
    "IIXYYXII": 0.021020020186212317,
    "IIXXYYII": -0.021020020186212317,
    "IIYXXYII": 0.021020020186212317,
    "IIYYXXII": -0.021020020186212317,
    "IXIZZZZX": -0.02083686355663632,
    "IYIZZZZY": -0.02083686355663632,
    "XZZIZZXI": -0.02083686355663632,
    "YZZIZZYI": -0.02083686355663632,
    "IIXXIIYY": -0.019962265263478687,
    "IIXYIIYX": 0.019962265263478687,
    "IIYXIIXY": 0.019962265263478687,
    "IIYYIIXX": -0.019962265263478687,
    "IYYXZZXI": -0.019767761389906054,
    "XZXYZZZY": 0.019767761389906054,
    "IXXYZZYI": -0.019767761389906054,
    "IXYYZZXI": 0.019767761389906054,
    "IYXXZZYI": 0.019767761389906054,
    "YZYYZZZY": 0.019767761389906054,
    "XZXXZZZX": 0.019767761389906054,
    "YZYXZZZX": 0.019767761389906054,
    "ZYZZZZZY": -0.019587019611264446,
    "ZXZZZZZX": -0.019587019611264446,
    "YIZZZZYI": -0.019587019611264442,
    "XIZZZZXI": -0.019587019611264442,
    "YXIIIIXY": 0.018395074731604122,
    "XYIIIIYX": 0.018395074731604122,
    "XXIIIIYY": -0.018395074731604122,
    "YYIIIIXX": -0.018395074731604122,
    "IXXIIYYI": 0.018370698751020386,
    "YZZYXZZX": 0.018370698751020386,
    "XZZXYZZY": 0.018370698751020386,
    "XZZYYZZX": -0.018370698751020386,
    "YZZXXZZY": -0.018370698751020386,
    "IXYIIYXI": -0.018370698751020386,
    "IYXIIXYI": -0.018370698751020386,
    "IYYIIXXI": 0.018370698751020386,
    "YZZYIYYI": 0.018279504739178325,
    "YZZXIXYI": 0.018279504739178325,
    "IYYIYZZY": 0.018279504739178325,
    "IYXIXZZY": 0.018279504739178325,
    "IXYIYZZX": 0.018279504739178325,
    "XZZYIYXI": 0.018279504739178325,
    "XZZXIXXI": 0.018279504739178325,
    "IXXIXZZX": 0.018279504739178325,
    "XXIIYYII": -0.017615471982882054,
    "YXIIXYII": 0.017615471982882054,
    "XYIIYXII": 0.017615471982882054,
    "YYIIXXII": -0.017615471982882054,
    "YYIYYIII": 0.016776151240157203,
    "XXYZZYII": 0.016776151240157203,
    "XYYZZXII": -0.016776151240157203,
    "YXXZZYII": -0.016776151240157203,
    "YYXZZXII": 0.016776151240157203,
    "XXIXXIII": 0.016776151240157203,
    "XYIYXIII": 0.016776151240157203,
    "YXIXYIII": 0.016776151240157203,
    "IZIYZYII": 0.008483367966967904,
    "ZIYZYIII": 0.008483367966967904,
    "IZIXZXII": 0.008483367966967904,
    "ZIXZXIII": 0.008483367966967904,
    "IIIXZXIZ": 0.005223929365235262,
    "IIIYZYIZ": 0.005223929365235262,
    "IIXZXIZI": 0.005223929365235262,
    "IIYZYIZI": 0.005223929365235262,
    "IYZZZIZY": -0.0030930502921527967,
    "XZZZIZXI": -0.0030930502921527967,
    "YZZZIZYI": -0.0030930502921527967,
    "IXZZZIZX": -0.0030930502921527967,
    "IXZIZZZX": -0.0010691021667302639,
    "IYZIZZZY": -0.0010691021667302639,
    "XZIZZZXI": -0.0010691021667302639,
    "YZIZZZYI": -0.0010691021667302639,
    "XZYIYZXI": -9.119401184205789e-05,
    "YZXIXZYI": -9.119401184205789e-05,
    "IXZYIYZX": -9.119401184205789e-05,
    "IYZXIXZY": -9.119401184205789e-05
  },
  "data": {
    "molecule_id": "D2_singlet_Dooh",
    "qubit_encoding": "JW",
    "unit": "Angstrom",
    "basis": "3-21g",
    "charge": 0,
    "multiplicity": 1,
    "spin": 0,
    "geometry": "H 0.0000000000 0.0000000000 -0.4819750000\nH 0.0000000000 0.0000000000 1.2234750000",
    "n_qubits": 8,
    "n_particles": {
      "total": 2,
      "alpha": 1,
      "beta": 1
    },
    "hf_array": [
      1,
      1,
      0,
      0,
      0,
      0,
      0,
      0
    ],
    "hf_method": "pyscf.scf.hf_symm.SymAdaptedRHF",
    "convergence_threshold": 1e-06,
    "point_group": {
      "groupname": "Dooh",
      "topgroup": "Dooh"
    },
    "alpha": 2.3,
    "calculated_properties": {
      "HF": {
        "energy": -0.9548217021294378,
        "converged": true
      },
      "MP2": {
        "energy": -0.9913219226039011,
        "converged": false
      },
      "CISD": {
        "energy": -1.0294680133713277,