{
  "hamiltonian": {
    "IIIIIIII": 2.3933117929030336,
    "IIIIIIZI": -0.9435441112827064,
    "IIIIIIIZ": -0.9435441112827064,
    "IIIIZIII": -0.9049224348731242,
    "IIIIIZII": -0.9049224348731242,
    "IIIZIIII": -0.40045846184143175,
    "IIZIIIII": -0.4004584618414317,
    "IZIIIIII": -0.29735418805002745,
    "ZIIIIIII": -0.2973541880500274,
    "IIIIIIZZ": 0.1481541884171217,
    "IIIIIZZI": 0.1370713531451866,
    "IIIIZIIZ": 0.1370713531451866,
    "ZZIIIIII": 0.1335059746184001,
    "ZIIIIIIZ": 0.13345107653126692,
    "IZIIIIZI": 0.13345107653126692,
    "IIIIZZII": 0.12984618262504763,
    "ZIIIIZII": 0.1272647897282606,
    "IZIIZIII": 0.1272647897282606,
    "IIIZIIZI": 0.11650843626348634,
    "IIZIIIIZ": 0.11650843626348634,
    "IZZIIIII": 0.11379425715161291,
    "ZIIZIIII": 0.11379425715161291,
    "IIIZZIII": 0.11046297594515697,
    "IIZIIZII": 0.11046297594515697,
    "IZIIIIIZ": 0.11040644580741313,
    "ZIIIIIZI": 0.11040644580741313,
    "IIZZIIII": 0.10721851246576791,
    "IZIIIZII": 0.1060720400801937,
    "ZIIIZIII": 0.1060720400801937,
    "IIIZIZII": 0.09780679959902983,
    "IIZIZIII": 0.09780679959902983,
    "IIZIIIZI": 0.09473674877161328,
    "IIIZIIIZ": 0.09473674877161328,
    "IIIIIZIZ": 0.08417837561401753,
    "IIIIZIZI": 0.08417837561401753,
    "ZIZIIIII": 0.0815256142588191,
    "IZIZIIII": 0.0815256142588191,
    "XZZZXIII": 0.07809614025554906,
    "YZZZYIII": 0.07809614025554906,
    "IYZZZYII": 0.07809614025554906,
    "IXZZZXII": 0.07809614025554906,
    "IIIYZZZY": -0.064179330829439,
    "IIIXZZZX": -0.064179330829439,
    "IIXZZZXI": -0.06417933082943897,
    "IIYZZZYI": -0.06417933082943897,
    "IIIIXXYY": -0.052892977531169075,
    "IIIIXYYX": 0.052892977531169075,
    "IIIIYXXY": 0.052892977531169075,
    "IIIIYYXX": -0.052892977531169075,
    "IIIYZZIY": 0.03858719696143685,
    "IIYZZZYZ": 0.03858719696143685,
    "IIXZZZXZ": 0.03858719696143685,
    "IIIXZZIX": 0.03858719696143685,
    "IXZZZXZI": -0.03777442488063862,
    "IYZZZYZI": -0.03777442488063862,
    "YZZZYIIZ": -0.03777442488063862,
    "XZZZXIIZ": -0.03777442488063862,
    "XZXIIXZX": -0.03692296443363938,
    "YZYIIXZX": -0.03692296443363938,
    "XZXIIYZY": -0.03692296443363938,
    "IXZXXZXI": -0.03692296443363938,
    "IXZXYZYI": -0.03692296443363938,
    "IYZYXZXI": -0.03692296443363938,
    "IYZYYZYI": -0.03692296443363938,
    "YZYIIYZY": -0.03692296443363938,
    "IIYZZIYI": 0.033596381060755125,
    "IIIXIZZX": 0.033596381060755125,
    "IIIYIZZY": 0.033596381060755125,
    "IIXZZIXI": 0.033596381060755125,
    "XXYYIIII": -0.03226864289279381,
    "XYYXIIII": 0.03226864289279381,
    "YXXYIIII": 0.03226864289279381,
    "YYXXIIII": -0.03226864289279381,
    "ZIIYZZZY": 0.03149567800826756,
    "ZIIXZZZX": 0.03149567800826756,
    "IZYZZZYI": 0.03149567800826756,
    "IZXZZZXI": 0.03149567800826756,
    "XZZZXZII": -0.030839477319744332,
    "YZZZYZII": -0.030839477319744332,
    "IYZZIYII": -0.030839477319744332,
    "IXZZIXII": -0.030839477319744332,
    "XZZZZXYY": -0.0305067703175824,
    "XZZZZYYX": 0.0305067703175824,
    "YZZZZXXY": 0.0305067703175824,
    "IYZZYIYY": -0.0305067703175824,
    "IYZZXIXY": -0.0305067703175824,
    "IXZZXIXX": -0.0305067703175824,
    "IXZZYIYX": -0.0305067703175824,
    "YZZZZYXX": -0.0305067703175824,
    "YIZZYIII": -0.027768866023224394,
    "XIZZXIII": -0.027768866023224394,
    "ZXZZZXII": -0.02776886602322439,
    "ZYZZZYII": -0.02776886602322439,
    "YYIIIIXX": -0.023044630723853793,
    "YXIIIIXY": 0.023044630723853793,
    "XYIIIIYX": 0.023044630723853793,
    "XXIIIIYY": -0.023044630723853793,
    "IIYXIIXY": 0.021771687491873047,
    "IIXXIIYY": -0.021771687491873047,
    "IIXYIIYX": 0.021771687491873047,
    "IIYYIIXX": -0.021771687491873047,
    "YYIIXXII": -0.021192749648066906,
    "YXIIXYII": 0.021192749648066906,
    "XYIIYXII": 0.021192749648066906,
    "XXIIYYII": -0.021192749648066906,
    "XZXIXZXI": -0.02092456375455394,
    "IYZYIYZY": -0.02092456375455394,
    "IXZXIXZX": -0.02092456375455394,
    "YZYIYZYI": -0.02092456375455394,
    "IIZYZZZY": 0.02065164787274663,
    "IIZXZZZX": 0.02065164787274663,
    "IIXIZZXI": 0.020651647872746627,
    "IIYIZZYI": 0.020651647872746627,
    "IXYIIYXI": -0.020174574253997386,
    "YZZXXZZY": -0.020174574253997386,
    "IYXIIXYI": -0.020174574253997386,
    "YZZYXZZX": 0.020174574253997386,
    "XZZYYZZX": -0.020174574253997386,
    "XZZXYZZY": 0.020174574253997386,
    "IYYIIXXI": 0.020174574253997386,
    "IXXIIYYI": 0.020174574253997386,
    "YZZIYIII": -0.01970414902410142,
    "XZZIXIII": -0.01970414902410142,
    "IYIZZYII": -0.01970414902410142,
    "IXIZZXII": -0.01970414902410142,
    "YXIXZZYI": 0.01898773889212069,
    "XYIYZZXI": 0.01898773889212069,
    "YYXZZZZX": 0.01898773889212069,
    "XXYZZZZY": 0.01898773889212069,
    "YYIYZZYI": 0.01898773889212069,
    "XYYZZZZX": -0.01898773889212069,
    "XXIXZZXI": 0.01898773889212069,
    "YXXZZZZY": -0.01898773889212069,
    "IIIXYYXI": -0.018248657923114177,
    "IIIXXYYI": 0.018248657923114177,
    "IIYZYXZX": -0.018248657923114177,
    "IIIYXXYI": -0.018248657923114177,
    "IIIYYXXI": 0.018248657923114177,
    "IIXZXYZY": -0.018248657923114177,
    "IIYZYYZY": -0.018248657923114177,
    "IIXZXXZX": -0.018248657923114177,
    "IXZXIYZY": -0.01674839017964199,
    "YZYIXZXI": -0.01674839017964199,
    "XZXIYZYI": -0.01674839017964199,
    "IYZYIXZX": -0.01674839017964199,
    "XZZYIYXI": 0.015998400679085437,
    "IYXIXZZY": 0.015998400679085437,
    "IXXIXZZX": 0.015998400679085437,
    "IXYIYZZX": 0.015998400679085437,
    "XZZXIXXI": 0.015998400679085437,
    "YZZXIXYI": 0.015998400679085437,
    "IYYIYZZY": 0.015998400679085437,
    "YZZYIYYI": 0.015998400679085437,
    "IIIXZIZX": 0.01534772313764095,
    "IIIYZIZY": 0.01534772313764095,
    "IIYZIZYI": 0.01534772313764095,
    "IIXZIZXI": 0.01534772313764095,
    "IIXXYYII": -0.01265617634612715,
    "IIXYYXII": 0.01265617634612715,
    "IIYXXYII": 0.01265617634612715,
    "IIYYXXII": -0.01265617634612715,
    "IZIXZZZX": 0.012507939116146869,
    "ZIYZZZYI": 0.012507939116146869,
    "IZIYZZZY": 0.012507939116146869,
    "ZIXZZZXI": 0.012507939116146869,
    "XZIZXIII": -0.010279298017944943,
    "YZIZYIII": -0.010279298017944943,
    "IYZIZYII": -0.010279298017944943,
    "IXZIZXII": -0.010279298017944943,
    "IXXYYIII": -0.009424851006156476,
    "XZXXZXII": 0.009424851006156476,
    "XZXYZYII": 0.009424851006156476,
    "IYYXXIII": -0.009424851006156476,
    "YZYYZYII": 0.009424851006156476,
    "IXYYXIII": 0.009424851006156476,
    "IYXXYIII": 0.009424851006156476,
    "YZYXZXII": 0.009424851006156476,
    "XZZZXIZI": -0.007267654563056212,
    "YZZZYIZI": -0.007267654563056212,
    "IYZZZYIZ": -0.007267654563056212,
    "IXZZZXIZ": -0.007267654563056212,
    "YZXIXZYI": -0.004176173574911948,
    "XZYIYZXI": -0.004176173574911948,
    "IYZXIXZY": -0.004176173574911948,
    "IXZYIYZX": -0.004176173574911948
  },
  "data": {
    "molecule_id": "D2_singlet_Dooh",
    "qubit_encoding": "JW",
    "unit": "Angstrom",
    "basis": "3-21g",
    "charge": 0,
    "multiplicity": 1,
    "spin": 0,
    "geometry": "H 0.0000000000 0.0000000000 -0.2224500000\nH 0.0000000000 0.0000000000 0.9639500000",
    "n_qubits": 8,
    "n_particles": {
      "total": 2,
      "alpha": 1,
      "beta": 1
    },
    "hf_array": [
      1,
      1,
      0,
      0,
      0,
      0,
      0,
      0
    ],
    "hf_method": "pyscf.scf.hf_symm.SymAdaptedRHF",
    "convergence_threshold": 1e-06,
    "point_group": {
      "groupname": "Dooh",
      "topgroup": "Dooh"
    },
    "alpha": 1.6,
    "calculated_properties": {
      "HF": {
        "energy": -1.054604057303251,
        "converged": true
      },
      "MP2": {
        "energy": -1.0776794431783068,
        "converged": false
      },
      "CISD": {
        "energy": -1.0940874373481209,
        "converged": true
      },