{
  "hamiltonian": {
    "IIIIIIII": 2.372846534008892,
    "IIIIIIZI": -0.9310549449825013,
    "IIIIIIIZ": -0.9310549449825013,
    "IIIIZIII": -0.9110090959843871,
    "IIIIIZII": -0.9110090959843871,
    "IIZIIIII": -0.3805156017301048,
    "IIIZIIII": -0.3805156017301048,
    "ZIIIIIII": -0.29441518175130954,
    "IZIIIIII": -0.29441518175130954,
    "IIIIZZII": 0.1358170195992282,
    "IIIIIZZI": 0.13344518237507402,
    "IIIIZIIZ": 0.13344518237507402,
    "IIIIIIZZ": 0.13324498740657234,
    "ZZIIIIII": 0.12427721250555304,
    "ZIIIIIIZ": 0.12301860017050512,
    "IZIIIIZI": 0.12301860017050512,
    "IZIIZIII": 0.12289676635988049,
    "ZIIIIZII": 0.12289676635988049,
    "IIZIIZII": 0.1144456412666473,
    "IIIZZIII": 0.1144456412666473,
    "IIZIIIIZ": 0.11329688538502783,
    "IIIZIIZI": 0.11329688538502783,
    "IZZIIIII": 0.11201436954226517,
    "ZIIZIIII": 0.11201436954226517,
    "IIZZIIII": 0.10813235246459926,
    "ZIIIIIZI": 0.10369263449004239,
    "IZIIIIIZ": 0.10369263449004239,
    "ZIIIZIII": 0.10285619388150742,
    "IZIIIZII": 0.10285619388150742,
    "IIZIIIZI": 0.09687256050506346,
    "IIIZIIIZ": 0.09687256050506346,
    "IIZIZIII": 0.09267427728961641,
    "IIIZIZII": 0.09267427728961641,
    "IZIZIIII": 0.07630203200635506,
    "ZIZIIIII": 0.07630203200635506,
    "IIIIZIZI": 0.07612529543732977,
    "IIIIIZIZ": 0.07612529543732977,
    "IXZZZZZX": 0.07148575353641366,
    "IYZZZZZY": 0.07148575353641366,
    "YZZZZZYI": 0.07148575353641366,
    "XZZZZZXI": 0.07148575353641366,
    "IIIXZXII": -0.06369828413145656,
    "IIYZYIII": -0.06369828413145656,
    "IIXZXIII": -0.06369828413145656,
    "IIIYZYII": -0.06369828413145656,
    "IIIIXXYY": -0.05731988693774426,
    "IIIIXYYX": 0.05731988693774426,
    "IIIIYXXY": 0.05731988693774426,
    "IIIIYYXX": -0.05731988693774426,
    "IXZXXZXI": -0.04087626080925261,
    "IYZYYZYI": -0.04087626080925261,
    "IYZYXZXI": -0.04087626080925261,
    "IXZXYZYI": -0.04087626080925261,
    "XZXIIXZX": -0.04087626080925261,
    "XZXIIYZY": -0.04087626080925261,
    "YZYIIXZX": -0.04087626080925261,
    "YZYIIYZY": -0.04087626080925261,
    "XXYYIIII": -0.035712337535910105,
    "YYXXIIII": -0.035712337535910105,
    "YXXYIIII": 0.035712337535910105,
    "XYYXIIII": 0.035712337535910105,
    "IIXZXZII": 0.03565067004835212,
    "IIYZYZII": 0.03565067004835212,
    "IIIXIXII": 0.03565067004835212,
    "IIIYIYII": 0.03565067004835212,
    "IIIYZYZI": 0.03511371478922751,
    "IIXZXIIZ": 0.03511371478922751,
    "IIYZYIIZ": 0.03511371478922751,
    "IIIXZXZI": 0.03511371478922751,
    "IXZZIZZX": -0.03314265677443127,
    "IYZZIZZY": -0.03314265677443127,
    "YZZZZIYI": -0.03314265677443127,
    "XZZZZIXI": -0.03314265677443127,
    "IYZZZZIY": -0.030820625678499414,
    "IXZZZZIX": -0.030820625678499414,
    "XZZZZZXZ": -0.030820625678499414,
    "YZZZZZYZ": -0.030820625678499414,
    "ZIIXZXII": 0.02866437369542894,
    "ZIIYZYII": 0.02866437369542894,
    "IZXZXIII": 0.02866437369542894,
    "IZYZYIII": 0.02866437369542894,
    "IYZZYXXI": -0.028636295223425347,
    "XZZZXYZY": 0.028636295223425347,
    "YZZZYXZX": 0.028636295223425347,
    "YZZZYYZY": 0.028636295223425347,
    "IXZZYYXI": 0.028636295223425347,
    "IYZZXXYI": 0.028636295223425347,
    "XZZZXXZX": 0.028636295223425347,
    "IXZZXYYI": -0.028636295223425347,
    "IIYZZXXY": -0.02489325616915572,
    "IIIYXIXY": 0.02489325616915572,
    "IIIXXIXX": 0.02489325616915572,
    "IIXZZXYY": 0.02489325616915572,
    "IIXZZYYX": -0.02489325616915572,
    "IIYZZYXX": 0.02489325616915572,
    "IIIXYIYX": 0.02489325616915572,
    "IIIYYIYY": 0.02489325616915572,
    "ZYZZZZZY": -0.023192721108067083,
    "ZXZZZZZX": -0.023192721108067083,
    "XIZZZZXI": -0.02319272110806708,
    "YIZZZZYI": -0.02319272110806708,
    "IXZXIYZY": -0.023166871168550297,
    "XZXIYZYI": -0.023166871168550297,
    "IYZYIXZX": -0.023166871168550297,
    "YZYIXZXI": -0.023166871168550297,
    "IIXIXIII": 0.0221659989877504,
    "IIYIYIII": 0.0221659989877504,
    "IIZXZXII": 0.022165998987750398,
    "IIZYZYII": 0.022165998987750398,
    "IIYXXYII": 0.02177136397703089,
    "IIXYYXII": 0.02177136397703089,
    "IIXXYYII": -0.02177136397703089,
    "IIYYXXII": -0.02177136397703089,
    "IYZYIYZY": -0.02166985416046567,
    "XZXIXZXI": -0.02166985416046567,
    "YZYIYZYI": -0.02166985416046567,
    "IXZXIXZX": -0.02166985416046567,
    "YZZIZZYI": -0.020625665485123935,
    "IYIZZZZY": -0.020625665485123935,
    "IXIZZZZX": -0.020625665485123935,
    "XZZIZZXI": -0.020625665485123935,
    "YYIIXXII": -0.02004057247837307,
    "YXIIXYII": 0.02004057247837307,
    "XYIIYXII": 0.02004057247837307,
    "XXIIYYII": -0.02004057247837307,
    "YYIIIIXX": -0.019325965680462718,
    "XYIIIIYX": 0.019325965680462718,
    "XXIIIIYY": -0.019325965680462718,
    "YXIIIIXY": 0.019325965680462718,
    "XZZYIYXI": 0.019206406648786933,
    "IXYIYZZX": 0.019206406648786933,
    "YZZXIXYI": 0.019206406648786933,
    "YZZYIYYI": 0.019206406648786933,
    "IXXIXZZX": 0.019206406648786933,
    "XZZXIXXI": 0.019206406648786933,
    "IYXIXZZY": 0.019206406648786933,
    "IYYIYZZY": 0.019206406648786933,
    "YYIYYIII": 0.017876190055362534,
    "XYIYXIII": 0.017876190055362534,
    "XXIXXIII": 0.017876190055362534,
    "YXIXYIII": 0.017876190055362534,
    "YYXZZXII": 0.017876190055362534,
    "YXXZZYII": -0.017876190055362534,
    "XYYZZXII": -0.017876190055362534,
    "XXYZZYII": 0.017876190055362534,
    "IXYIIYXI": -0.01770938964070231,
    "IYXIIXYI": -0.01770938964070231,
    "IYYIIXXI": 0.01770938964070231,
    "XZZXYZZY": 0.01770938964070231,
    "XZZYYZZX": -0.01770938964070231,
    "YZZXXZZY": -0.01770938964070231,
    "IXXIIYYI": 0.01770938964070231,
    "YZZYXZZX": 0.01770938964070231,
    "IIXYIIYX": 0.016424324879964383,
    "IIXXIIYY": -0.016424324879964383,
    "IIYXIIXY": 0.016424324879964383,
    "IIYYIIXX": -0.016424324879964383,
    "XZXYZZZY": 0.015042503818692458,
    "XZXXZZZX": 0.015042503818692458,
    "YZYYZZZY": 0.015042503818692458,
    "YZYXZZZX": 0.015042503818692458,
    "IYYXZZXI": -0.015042503818692458,
    "IXXYZZYI": -0.015042503818692458,
    "IXYYZZXI": 0.015042503818692458,
    "IYXXZZYI": 0.015042503818692458,
    "IZIYZYII": 0.010788183640066406,
    "ZIYZYIII": 0.010788183640066406,
    "ZIXZXIII": 0.010788183640066406,
    "IZIXZXII": 0.010788183640066406,
    "IIIYZYIZ": 0.010220458620071786,
    "IIIXZXIZ": 0.010220458620071786,
    "IIXZXIZI": 0.010220458620071786,
    "IIYZYIZI": 0.010220458620071786,
    "IXZIZZZX": -0.005583161666431477,
    "YZIZZZYI": -0.005583161666431477,
    "XZIZZZXI": -0.005583161666431477,
    "IYZIZZZY": -0.005583161666431477,
    "XZZZIZXI": -0.004506361551005925,
    "YZZZIZYI": -0.004506361551005925,
    "IXZZZIZX": -0.004506361551005925,
    "IYZZZIZY": -0.004506361551005925,
    "XZYIYZXI": 0.0014970170080846178,
    "YZXIXZYI": 0.0014970170080846178,
    "IYZXIXZY": 0.0014970170080846178,
    "IXZYIYZX": 0.0014970170080846178
  },
  "data": {
    "molecule_id": "D2_singlet_Dooh",
    "qubit_encoding": "JW",
    "unit": "Angstrom",
    "basis": "3-21g",
    "charge": 0,
    "multiplicity": 1,
    "spin": 0,
    "geometry": "H 0.0000000000 0.0000000000 -0.3336750000\nH 0.0000000000 0.0000000000 1.0751750000",
    "n_qubits": 8,
    "n_particles": {
      "total": 2,
      "alpha": 1,
      "beta": 1
    },
    "hf_array": [
      1,
      1,
      0,
      0,
      0,
      0,
      0,
      0
    ],
    "hf_method": "pyscf.scf.hf_symm.SymAdaptedRHF",
    "convergence_threshold": 1e-06,
    "point_group": {
      "groupname": "Dooh",
      "topgroup": "Dooh"
    },
    "alpha": 1.9,
    "calculated_properties": {
      "HF": {
        "energy": -1.009852324290117,
        "converged": true
      },
      "MP2": {
        "energy": -1.03763640157501,
        "converged": false
      },
      "CISD": {
        "energy": -1.0618532383603552,
        "converged": true
      },