{
  "hamiltonian": {
    "IIIIIIII": 2.363971198033321,
    "IIIIIIZI": -0.9323318724382851,
    "IIIIIIIZ": -0.9323318724382851,
    "IIIIZIII": -0.9056939815922964,
    "IIIIIZII": -0.9056939815922964,
    "IIZIIIII": -0.3740944841092868,
    "IIIZIIII": -0.3740944841092868,
    "ZIIIIIII": -0.2931696401120304,
    "IZIIIIII": -0.2931696401120304,
    "IIIIIIZZ": 0.13399939356179633,
    "IIIIZZII": 0.1327303328687849,
    "IIIIIZZI": 0.1323491203035842,
    "IIIIZIIZ": 0.1323491203035842,
    "ZIIIIIIZ": 0.12175241920672265,
    "IZIIIIZI": 0.12175241920672265,
    "ZZIIIIII": 0.12168835225974739,
    "IZIIZIII": 0.1200800069521997,
    "ZIIIIZII": 0.1200800069521997,
    "IIZIIIIZ": 0.11383806972580411,
    "IIIZIIZI": 0.11383806972580411,
    "IIZIIZII": 0.11367272377129178,
    "IIIZZIII": 0.11367272377129178,
    "IZZIIIII": 0.11127662491267779,
    "ZIIZIIII": 0.11127662491267779,
    "IIZZIIII": 0.10818661515716727,
    "ZIIIIIZI": 0.10278683412631838,
    "IZIIIIIZ": 0.10278683412631838,
    "ZIIIZIII": 0.10079215678015926,
    "IZIIIZII": 0.10079215678015926,
    "IIZIIIZI": 0.09632671114984596,
    "IIIZIIIZ": 0.09632671114984596,
    "IIZIZIII": 0.09204478585355524,
    "IIIZIZII": 0.09204478585355524,
    "IZIZIIII": 0.0745544870943993,
    "ZIZIIIII": 0.0745544870943993,
    "IIIIZIZI": 0.07394252632569384,
    "IIIIIZIZ": 0.07394252632569384,
    "IXZZZZZX": 0.06975492061193478,
    "IYZZZZZY": 0.06975492061193478,
    "YZZZZZYI": 0.06975492061193478,
    "XZZZZZXI": 0.06975492061193478,
    "IIIXZXII": -0.06347365526729266,
    "IIYZYIII": -0.06347365526729266,
    "IIXZXIII": -0.06347365526729266,
    "IIIYZYII": -0.06347365526729266,
    "IIIIXXYY": -0.058406593977890345,
    "IIIIXYYX": 0.058406593977890345,
    "IIIIYXXY": 0.058406593977890345,
    "IIIIYYXX": -0.058406593977890345,
    "IYZYYZYI": -0.0419298534189547,
    "YZYIIYZY": -0.0419298534189547,
    "IYZYXZXI": -0.0419298534189547,
    "IXZXYZYI": -0.0419298534189547,
    "YZYIIXZX": -0.0419298534189547,
    "XZXIIYZY": -0.0419298534189547,
    "IXZXXZXI": -0.0419298534189547,
    "XZXIIXZX": -0.0419298534189547,
    "XXYYIIII": -0.0367221378182785,
    "XYYXIIII": 0.0367221378182785,
    "YYXXIIII": -0.0367221378182785,
    "YXXYIIII": 0.0367221378182785,
    "IIIYZYZI": 0.03536751156860028,
    "IIXZXIIZ": 0.03536751156860028,
    "IIYZYIIZ": 0.03536751156860028,
    "IIIXZXZI": 0.03536751156860028,
    "IIYZYZII": 0.03480801609721171,
    "IIXZXZII": 0.03480801609721171,
    "IIIXIXII": 0.03480801609721171,
    "IIIYIYII": 0.03480801609721171,
    "YZZZZIYI": -0.03203932716329773,
    "XZZZZIXI": -0.03203932716329773,
    "IYZZIZZY": -0.03203932716329773,
    "IXZZIZZX": -0.03203932716329773,
    "XZZZZZXZ": -0.030814295719434497,
    "YZZZZZYZ": -0.030814295719434497,
    "IXZZZZIX": -0.030814295719434497,
    "IYZZZZIY": -0.030814295719434497,
    "YZZZYXZX": 0.02807912774049181,
    "XZZZXYZY": 0.02807912774049181,
    "YZZZYYZY": 0.02807912774049181,
    "XZZZXXZX": 0.02807912774049181,
    "IYZZXXYI": 0.02807912774049181,
    "IYZZYXXI": -0.02807912774049181,
    "IXZZXYYI": -0.02807912774049181,
    "IXZZYYXI": 0.02807912774049181,
    "ZIIXZXII": 0.02775910302191626,
    "IZYZYIII": 0.02775910302191626,
    "IZXZXIII": 0.02775910302191626,
    "ZIIYZYII": 0.02775910302191626,
    "IIIYYIYY": 0.02657457009626958,
    "IIIYXIXY": 0.02657457009626958,
    "IIIXYIYX": 0.02657457009626958,
    "IIIXXIXX": 0.02657457009626958,
    "IIXZZYYX": -0.02657457009626958,
    "IIYZZXXY": -0.02657457009626958,
    "IIXZZXYY": 0.02657457009626958,
    "IIYZZYXX": 0.02657457009626958,
    "IXZXIYZY": -0.023938664969987714,
    "YZYIXZXI": -0.023938664969987714,
    "IYZYIXZX": -0.023938664969987714,
    "XZXIYZYI": -0.023938664969987714,
    "IYZYIYZY": -0.023022446621118714,
    "IXZXIXZX": -0.023022446621118714,
    "XZXIXZXI": -0.023022446621118714,
    "YZYIYZYI": -0.023022446621118714,
    "IIZXZXII": 0.022472111762138015,
    "IIZYZYII": 0.022472111762138015,
    "IIYIYIII": 0.022472111762138012,
    "IIXIXIII": 0.022472111762138012,
    "YIZZZZYI": -0.022042165703447237,
    "XIZZZZXI": -0.022042165703447237,
    "ZXZZZZZX": -0.022042165703447233,
    "ZYZZZZZY": -0.022042165703447233,
    "IIXXYYII": -0.021627937917736553,
    "IIYXXYII": 0.021627937917736553,
    "IIYYXXII": -0.021627937917736553,
    "IIXYYXII": 0.021627937917736553,
    "IYIZZZZY": -0.020743993245655158,
    "IXIZZZZX": -0.020743993245655158,
    "YZZIZZYI": -0.020743993245655158,
    "XZZIZZXI": -0.020743993245655158,
    "YYIIXXII": -0.019287850172040433,
    "YXIIXYII": 0.019287850172040433,
    "XYIIYXII": 0.019287850172040433,
    "XXIIYYII": -0.019287850172040433,
    "YXIIIIXY": 0.01896558508040428,
    "XYIIIIYX": 0.01896558508040428,
    "XXIIIIYY": -0.01896558508040428,
    "YYIIIIXX": -0.01896558508040428,
    "XZZYIYXI": 0.018907406797835983,
    "IXYIYZZX": 0.018907406797835983,
    "YZZXIXYI": 0.018907406797835983,
    "YZZYIYYI": 0.018907406797835983,
    "IXXIXZZX": 0.018907406797835983,
    "XZZXIXXI": 0.018907406797835983,
    "IYXIXZZY": 0.018907406797835983,
    "IYYIYZZY": 0.018907406797835983,
    "YZZXXZZY": -0.017991188448966987,
    "XZZYYZZX": -0.017991188448966987,
    "XZZXYZZY": 0.017991188448966987,
    "YZZYXZZX": 0.017991188448966987,
    "IXYIIYXI": -0.017991188448966987,
    "IYXIIXYI": -0.017991188448966987,
    "IYYIIXXI": 0.017991188448966987,
    "IXXIIYYI": 0.017991188448966987,
    "XXIXXIII": 0.017551281216359786,
    "XYIYXIII": 0.017551281216359786,
    "YYIYYIII": 0.017551281216359786,
    "YYXZZXII": 0.017551281216359786,
    "YXXZZYII": -0.017551281216359786,
    "XYYZZXII": -0.017551281216359786,
    "XXYZZYII": 0.017551281216359786,
    "YXIXYIII": 0.017551281216359786,
    "IIXYIIYX": 0.017511358575958154,
    "IIXXIIYY": -0.017511358575958154,
    "IIYXIIXY": 0.017511358575958154,
    "IIYYIIXX": -0.017511358575958154,
    "XZXYZZZY": 0.016504725807177996,
    "XZXXZZZX": 0.016504725807177996,
    "YZYYZZZY": 0.016504725807177996,
    "YZYXZZZX": 0.016504725807177996,
    "IYYXZZXI": -0.016504725807177996,
    "IXXYZZYI": -0.016504725807177996,
    "IXYYZZXI": 0.016504725807177996,
    "IYXXZZYI": 0.016504725807177996,
    "IZIYZYII": 0.010207821805556475,
    "ZIYZYIII": 0.010207821805556475,
    "ZIXZXIII": 0.010207821805556475,
    "IZIXZXII": 0.010207821805556475,
    "IIIYZYIZ": 0.008792941472330704,
    "IIIXZXIZ": 0.008792941472330704,
    "IIXZXIZI": 0.008792941472330704,
    "IIYZYIZI": 0.008792941472330704,
    "IXZIZZZX": -0.0042392674384771605,
    "YZIZZZYI": -0.0042392674384771605,
    "XZIZZZXI": -0.0042392674384771605,
    "IYZIZZZY": -0.0042392674384771605,
    "XZZZIZXI": -0.003960199422805916,
    "YZZZIZYI": -0.003960199422805916,
    "IXZZZIZX": -0.003960199422805916,
    "IYZZZIZY": -0.003960199422805916,
    "XZYIYZXI": 0.0009162183488689978,
    "YZXIXZYI": 0.0009162183488689978,
    "IYZXIXZY": 0.0009162183488689978,
    "IXZYIYZX": 0.0009162183488689978
  },
  "data": {
    "molecule_id": "D2_singlet_Dooh",
    "qubit_encoding": "JW",
    "unit": "Angstrom",
    "basis": "3-21g",
    "charge": 0,
    "multiplicity": 1,
    "spin": 0,
    "geometry": "H 0.0000000000 0.0000000000 -0.3707500000\nH 0.0000000000 0.0000000000 1.1122500000",
    "n_qubits": 8,
    "n_particles": {
      "total": 2,
      "alpha": 1,
      "beta": 1
    },
    "hf_array": [
      1,
      1,
      0,
      0,
      0,
      0,
      0,
      0
    ],
    "hf_method": "pyscf.scf.hf_symm.SymAdaptedRHF",
    "convergence_threshold": 1e-06,
    "point_group": {
      "groupname": "Dooh",
      "topgroup": "Dooh"
    },
    "alpha": 2.0,
    "calculated_properties": {
      "HF": {
        "energy": -0.9954626880602631,
        "converged": true
      },
      "MP2": {
        "energy": -1.0251521649325968,
        "converged": false
      },
      "CISD": {
        "energy": -1.0525051304951873,
        "converged": true
      },