{
  "hamiltonian": {
    "IIII": -0.5270438687826787,
    "IIZZ": 0.13673802448143457,
    "ZIIZ": 0.132305801874536,
    "IZZI": 0.132305801874536,
    "ZZII": 0.12988305541636586,
    "ZIII": 0.07352201026032162,
    "IZII": 0.07352201026032161,
    "ZIZI": 0.06952842813066869,
    "IZIZ": 0.06952842813066869,
    "XXYY": -0.0627773737438673,
    "XYYX": 0.0627773737438673,
    "YXXY": 0.0627773737438673,
    "YYXX": -0.0627773737438673,
    "IIZI": -0.0024132987104775183,
    "IIIZ": -0.0024132987104775183
  },
  "data": {
    "molecule_id": "D2_singlet_Dooh",
    "qubit_encoding": "JW",
    "unit": "Angstrom",
    "basis": "sto-3g",
    "charge": 0,
    "multiplicity": 1,
    "spin": 0,
    "geometry": "H 0.0000000000 0.0000000000 -0.5561250000\nH 0.0000000000 0.0000000000 1.2976250000",
    "n_qubits": 4,
    "n_particles": {
      "total": 2,
      "alpha": 1,
      "beta": 1
    },
    "hf_array": [
      1,
      1,
      0,
      0
    ],
    "hf_method": "pyscf.scf.hf_symm.SymAdaptedRHF",
    "convergence_threshold": 1e-06,
    "point_group": {
      "groupname": "Dooh",
      "topgroup": "Dooh"
    },
    "alpha": 2.5,
    "calculated_properties": {
      "HF": {
        "energy": -0.8159618668368864,
        "converged": true
      },
      "MP2": {
        "energy": -0.8899772466057807,
        "converged": false
      },
      "CISD": {
        "energy": -0.957554471566883,
        "converged": true
      },
      "CCSD": {
        "energy": -0.9575544730824197,
        "converged": true,
        "t1_diagnostic": 4.681276577918776e-16
      },
      "FCI": {
        "energy": -0.9575544715668827,
        "converged": true,
        "spin_matches_target": true,
        "multiplicity": 1.0,
        "oscillatory_converged": false,
        "oscillation_energy_change": null
      }
    },
    "auxiliary_operators": {
      "number_operator": {
        "IIII": 2.0,
        "ZIII": -0.5,
        "IZII": -0.5,
        "IIZI": -0.5,
        "IIIZ": -0.5
      },
      "N_alpha": {
        "IIII": 1.0,
        "ZIII": -0.5,
        "IIZI": -0.5
      },
      "N_beta": {
        "IIII": 1.0,
        "IZII": -0.5,
        "IIIZ": -0.5
      },
      "S^2_operator": {
        "IIII": 0.75,
        "ZZII": -0.375,
        "IIZZ": -0.375,
        "YXYX": 0.125,
        "YXXY": -0.125,
        "XXYY": 0.125,
        "XXXX": 0.125,
        "YYYY": 0.125,
        "YYXX": 0.125,
        "XYYX": -0.125,
        "XYXY": 0.125,
        "ZIZI": 0.125,
        "ZIIZ": -0.125,
        "IZZI": -0.125,
        "IZIZ": 0.125
      },
      "UCCSD_operator": {
        "XXYX": 0.07048349877180345,
        "YYYX": -0.07048349877180345,
        "YXYY": 0.07048349877180345,
        "XYYY": 0.07048349877180345,
        "YXXX": -0.07048349877180345,
        "XYXX": -0.07048349877180345,
        "XXXY": 0.07048349877180345,
        "YYXY": -0.07048349877180345
      }
    },
    "hf_method_fallback": "standard",
    "generation_time_s": 0.023,
    "timestamp": "2026-04-03T21:43:51.407964+00:00",
    "formula_latex": "$\\mathrm{D_{2}}$"
  }
}