{
  "hamiltonian": {
    "IIIIIIII": 2.6763836353869284,
    "IIIIIIZI": -1.1733108915652022,
    "IIIIIIIZ": -1.173310891565202,
    "IIIIZIII": -0.7695459230226382,
    "IIIIIZII": -0.7695459230226382,
    "IIIZIIII": -0.4466953679864122,
    "IIZIIIII": -0.44669536798641213,
    "ZIIIIIII": -0.2974126090956771,
    "IZIIIIII": -0.297412609095677,
    "IIIIIIZZ": 0.1947911734473173,
    "IZIIIIZI": 0.17405432007158625,
    "ZIIIIIIZ": 0.17405432007158625,
    "ZZIIIIII": 0.16998402874761176,
    "IIIIIZZI": 0.14807499528092916,
    "IIIIZIIZ": 0.14807499528092916,
    "ZIIIIZII": 0.14260602584830512,
    "IZIIZIII": 0.14260602584830512,
    "ZIIIIIZI": 0.13940464117807297,
    "IZIIIIIZ": 0.13940464117807297,
    "IIIIZZII": 0.12651728292675984,
    "IIZIIIIZ": 0.11640418733573095,
    "IIIZIIZI": 0.11640418733573095,
    "IIIIZIZI": 0.11630946549084434,
    "IIIIIZIZ": 0.11630946549084434,
    "ZIIZIIII": 0.1134165871094325,
    "IZZIIIII": 0.1134165871094325,
    "IZIIIZII": 0.11279728670906934,
    "ZIIIZIII": 0.11279728670906934,
    "IIZZIIII": 0.10170142961819063,
    "IIIZZIII": 0.101110199306971,
    "IIZIIZII": 0.101110199306971,
    "IIZIIIZI": 0.0996459972220918,
    "IIIZIIIZ": 0.0996459972220918,
    "XZZZXIII": 0.09549526169541162,
    "YZZZYIII": 0.09549526169541162,
    "IYZZZYII": 0.09549526169541162,
    "IXZZZXII": 0.09549526169541162,
    "IZIZIIII": 0.09313815213152017,
    "ZIZIIIII": 0.09313815213152017,
    "IIIZIZII": 0.09179067867922068,
    "IIZIZIII": 0.09179067867922068,
    "IIIXZZZX": -0.05491798064600498,
    "IIIYZZZY": -0.05491798064600498,
    "IIYZZZYI": -0.05491798064600498,
    "IIXZZZXI": -0.05491798064600498,
    "XZZZXIIZ": -0.05296344808363032,
    "IXZZZXZI": -0.05296344808363032,
    "YZZZYIIZ": -0.05296344808363032,
    "IYZZZYZI": -0.05296344808363032,
    "ZYZZZYII": -0.04428990432494619,
    "ZXZZZXII": -0.04428990432494619,
    "YIZZYIII": -0.044289904324946186,
    "XIZZXIII": -0.044289904324946186,
    "IIIYZZIY": 0.04247336296832925,
    "IIIXZZIX": 0.04247336296832925,
    "IIYZZZYZ": 0.04247336296832925,
    "IIXZZZXZ": 0.04247336296832925,
    "IZXZZZXI": 0.03605559431146878,
    "ZIIYZZZY": 0.03605559431146878,
    "ZIIXZZZX": 0.03605559431146878,
    "IZYZZZYI": 0.03605559431146878,
    "XXIIIIYY": -0.03464967889351327,
    "XYIIIIYX": 0.03464967889351327,
    "YXIIIIXY": 0.03464967889351327,
    "YYIIIIXX": -0.03464967889351327,
    "IXZZIXII": -0.0334524888323368,
    "IYZZIYII": -0.0334524888323368,
    "YZZZYZII": -0.0334524888323368,
    "XZZZXZII": -0.0334524888323368,
    "IIIIXYYX": 0.031765529790084804,
    "IIIIYXXY": 0.031765529790084804,
    "IIIIXXYY": -0.031765529790084804,
    "IIIIYYXX": -0.031765529790084804,
    "YZZZZYXX": -0.030711284703265253,
    "XZZZZXYY": -0.030711284703265253,
    "XZZZZYYX": 0.030711284703265253,
    "IXZZXIXX": -0.030711284703265253,
    "IXZZYIYX": -0.030711284703265253,
    "YZZZZXXY": 0.030711284703265253,
    "IYZZXIXY": -0.030711284703265253,
    "IYZZYIYY": -0.030711284703265253,
    "XYIIYXII": 0.029808739139235797,
    "XXIIYYII": -0.029808739139235797,
    "YXIIXYII": 0.029808739139235797,
    "YYIIXXII": -0.029808739139235797,
    "IIIXZIZX": 0.025722559521776298,
    "IIYZIZYI": 0.025722559521776298,
    "IIXZIZXI": 0.025722559521776298,
    "IIIYZIZY": 0.025722559521776298,
    "IIIXIZZX": 0.025564764937270404,
    "IIIYIZZY": 0.025564764937270404,
    "IIXZZIXI": 0.025564764937270404,
    "IIYZZIYI": 0.025564764937270404,
    "IYZZZYIZ": -0.02225216338036507,
    "YZZZYIZI": -0.02225216338036507,
    "XZZZXIZI": -0.02225216338036507,
    "IXZZZXIZ": -0.02225216338036507,
    "IXZXXZXI": -0.020592257295424004,
    "IYZYYZYI": -0.020592257295424004,
    "IYZYXZXI": -0.020592257295424004,
    "IXZXYZYI": -0.020592257295424004,
    "YZYIIXZX": -0.020592257295424004,
    "XZXIIYZY": -0.020592257295424004,
    "XZXIIXZX": -0.020592257295424004,
    "YZYIIYZY": -0.020592257295424004,
    "XXYYIIII": -0.020278434977912325,
    "XYYXIIII": 0.020278434977912325,
    "YXXYIIII": 0.020278434977912325,
    "YYXXIIII": -0.020278434977912325,
    "XYIYZZXI": 0.01970831059067167,
    "XXIXZZXI": 0.01970831059067167,
    "YXXZZZZY": -0.01970831059067167,
    "XXYZZZZY": 0.01970831059067167,
    "XYYZZZZX": -0.01970831059067167,
    "YYXZZZZX": 0.01970831059067167,
    "YXIXZZYI": 0.01970831059067167,
    "YYIYZZYI": 0.01970831059067167,
    "YZZYXZZX": 0.018605852687405007,
    "YZZXXZZY": -0.018605852687405007,
    "XZZYYZZX": -0.018605852687405007,
    "IXXIIYYI": 0.018605852687405007,
    "IXYIIYXI": -0.018605852687405007,
    "IYXIIXYI": -0.018605852687405007,
    "IYYIIXXI": 0.018605852687405007,
    "XZZXYZZY": 0.018605852687405007,
    "IYZIZYII": -0.01849706728227782,
    "XZIZXIII": -0.01849706728227782,
    "IXZIZXII": -0.01849706728227782,
    "YZIZYIII": -0.01849706728227782,
    "IIXYIIYX": 0.016758190113639146,
    "IIXXIIYY": -0.016758190113639146,
    "IIYYIIXX": -0.016758190113639146,
    "IIYXIIXY": 0.016758190113639146,
    "ZIYZZZYI": 0.016347283720797107,
    "ZIXZZZXI": 0.016347283720797107,
    "IZIYZZZY": 0.016347283720797107,
    "IZIXZZZX": 0.016347283720797107,
    "XZXIXZXI": -0.01592807338389981,
    "IXZXIXZX": -0.01592807338389981,
    "YZYIYZYI": -0.01592807338389981,
    "IYZYIYZY": -0.01592807338389981,
    "IYZXIXZY": -0.013941668775880812,
    "IXZYIYZX": -0.013941668775880812,
    "XZYIYZXI": -0.013941668775880812,
    "YZXIXZYI": -0.013941668775880812,
    "IIYIZZYI": 0.013560162861006397,
    "IIZYZZZY": 0.013560162861006397,
    "IIZXZZZX": 0.013560162861006397,
    "IIXIZZXI": 0.013560162861006397,
    "YZZIYIII": -0.012620007516389878,
    "IYIZZYII": -0.012620007516389878,
    "IXIZZXII": -0.012620007516389878,
    "XZZIXIII": -0.012620007516389878,
    "IIXXYYII": -0.00931952062775032,
    "IIXYYXII": 0.00931952062775032,
    "IIYXXYII": 0.00931952062775032,
    "IIYYXXII": -0.00931952062775032,
    "IYYXXIII": 0.005877059765887943,
    "XZXYZYII": -0.005877059765887943,
    "YZYYZYII": -0.005877059765887943,
    "IXYYXIII": -0.005877059765887943,
    "IXXYYIII": 0.005877059765887943,
    "XZXXZXII": -0.005877059765887943,
    "YZYXZXII": -0.005877059765887943,
    "IYXXYIII": -0.005877059765887943,
    "YZZYIYYI": 0.004664183911524196,
    "XZZXIXXI": 0.004664183911524196,
    "XZZYIYXI": 0.004664183911524196,
    "YZZXIXYI": 0.004664183911524196,
    "IXXIXZZX": 0.004664183911524196,
    "IYYIYZZY": 0.004664183911524196,
    "IYXIXZZY": 0.004664183911524196,
    "IXYIYZZX": 0.004664183911524196,
    "IYZYIXZX": -0.0019864046080189978,
    "XZXIYZYI": -0.0019864046080189978,
    "IXZXIYZY": -0.0019864046080189978,
    "YZYIXZXI": -0.0019864046080189978,
    "IIYZYXZX": 0.00015779458450589437,
    "IIIYXXYI": 0.00015779458450589437,
    "IIIXYYXI": 0.00015779458450589437,
    "IIIXXYYI": -0.00015779458450589437,
    "IIXZXXZX": 0.00015779458450589437,
    "IIXZXYZY": 0.00015779458450589437,
    "IIYZYYZY": 0.00015779458450589437,
    "IIIYYXXI": -0.00015779458450589437
  },
  "data": {
    "molecule_id": "D2_singlet_Dooh",
    "qubit_encoding": "JW",
    "unit": "Angstrom",
    "basis": "3-21g",
    "charge": 0,
    "multiplicity": 1,
    "spin": 0,
    "geometry": "H 0.0000000000 0.0000000000 0.0370750000\nH 0.0000000000 0.0000000000 0.7044250000",
    "n_qubits": 8,
    "n_particles": {
      "total": 2,
      "alpha": 1,
      "beta": 1
    },
    "hf_array": [
      1,
      1,
      0,
      0,
      0,
      0,
      0,
      0
    ],
    "hf_method": "pyscf.scf.hf_symm.SymAdaptedRHF",
    "convergence_threshold": 1e-06,
    "point_group": {
      "groupname": "Dooh",
      "topgroup": "Dooh"
    },
    "alpha": 0.9,
    "calculated_properties": {
      "HF": {
        "energy": -1.1190645762947393,
        "converged": true
      },
      "MP2": {
        "energy": -1.1357065296025255,
        "converged": false
      },
      "CISD": {
        "energy": -1.1425060940225518,