{
  "hamiltonian": {
    "IIIIIIII": 2.386949933883315,
    "IIIIIIZI": -0.9295204178472987,
    "IIIIIIIZ": -0.9295204178472987,
    "IIIIIZII": -0.9174745854362845,
    "IIIIZIII": -0.9174745854362844,
    "IIIZIIII": -0.39371498137380234,
    "IIZIIIII": -0.3937149813738023,
    "ZIIIIIII": -0.2964930950117044,
    "IZIIIIII": -0.2964930950117044,
    "IIIIIIZZ": 0.14350593841965759,
    "IIIIIZZI": 0.13579445234959697,
    "IIIIZIIZ": 0.13579445234959697,
    "IIIIZZII": 0.13106821171832717,
    "ZZIIIIII": 0.13014163860001945,
    "ZIIIIIIZ": 0.12954954097035098,
    "IZIIIIZI": 0.12954954097035098,
    "ZIIIIZII": 0.12573824630628555,
    "IZIIZIII": 0.12573824630628555,
    "IIIZIIZI": 0.11589170190165948,
    "IIZIIIIZ": 0.11589170190165948,
    "IZZIIIII": 0.11328948714809649,
    "ZIIZIIII": 0.11328948714809649,
    "IIIZZIII": 0.11159437353303885,
    "IIZIIZII": 0.11159437353303885,
    "IIZZIIII": 0.10765320703464075,
    "IZIIIIIZ": 0.10764344839463079,
    "ZIIIIIZI": 0.10764344839463079,
    "IZIIIZII": 0.10531653778750691,
    "ZIIIZIII": 0.10531653778750691,
    "IIIZIZII": 0.09764394897327812,
    "IIZIZIII": 0.09764394897327812,
    "IIZIIIZI": 0.09402594826455282,
    "IIIZIIIZ": 0.09402594826455282,
    "IIIIIZIZ": 0.08116712713805163,
    "IIIIZIZI": 0.08116712713805163,
    "ZIZIIIII": 0.07978813606319303,
    "IZIZIIII": 0.07978813606319303,
    "XZZZXIII": 0.07566538475661913,
    "YZZZYIII": 0.07566538475661913,
    "IYZZZYII": 0.07566538475661912,
    "IXZZZXII": 0.07566538475661912,
    "IIIYZZZY": -0.06408247153691138,
    "IIIXZZZX": -0.06408247153691138,
    "IIXZZZXI": -0.06408247153691136,
    "IIYZZZYI": -0.06408247153691136,
    "IIIIXXYY": -0.05462732521154534,
    "IIIIXYYX": 0.05462732521154534,
    "IIIIYXXY": 0.05462732521154534,
    "IIIIYYXX": -0.05462732521154534,
    "XZXIIYZY": -0.038409056512897694,
    "IYZYYZYI": -0.038409056512897694,
    "IYZYXZXI": -0.038409056512897694,
    "IXZXYZYI": -0.038409056512897694,
    "IXZXXZXI": -0.038409056512897694,
    "XZXIIXZX": -0.038409056512897694,
    "YZYIIXZX": -0.038409056512897694,
    "YZYIIYZY": -0.038409056512897694,
    "IIYZZZYZ": 0.037566620610604326,
    "IIXZZZXZ": 0.037566620610604326,
    "IIIYZZIY": 0.037566620610604326,
    "IIIXZZIX": 0.037566620610604326,
    "XZZZXIIZ": -0.036015193227972774,
    "YZZZYIIZ": -0.036015193227972774,
    "IYZZZYZI": -0.036015193227972774,
    "IXZZZXZI": -0.036015193227972774,
    "IIYZZIYI": 0.034231829820928816,
    "IIIXIZZX": 0.034231829820928816,
    "IIIYIZZY": 0.034231829820928816,
    "IIXZZIXI": 0.034231829820928816,
    "XXYYIIII": -0.033501351084903465,
    "XYYXIIII": 0.033501351084903465,
    "YXXYIIII": 0.033501351084903465,
    "YYXXIIII": -0.033501351084903465,
    "XZZZXZII": -0.030799526506768773,
    "YZZZYZII": -0.030799526506768773,
    "IYZZIYII": -0.030799526506768773,
    "IXZZIXII": -0.030799526506768773,
    "ZIIYZZZY": 0.030543131972215497,
    "ZIIXZZZX": 0.030543131972215497,
    "IZYZZZYI": 0.030543131972215497,
    "IZXZZZXI": 0.030543131972215497,
    "XZZZZXYY": -0.029878684890201807,
    "XZZZZYYX": 0.029878684890201807,
    "YZZZZXXY": 0.029878684890201807,
    "IYZZYIYY": -0.029878684890201807,
    "IYZZXIXY": -0.029878684890201807,
    "IXZZXIXX": -0.029878684890201807,
    "IXZZYIYX": -0.029878684890201807,
    "YZZZZYXX": -0.029878684890201807,
    "ZXZZZXII": -0.026051779425401773,
    "YIZZYIII": -0.026051779425401773,
    "XIZZXIII": -0.026051779425401773,
    "ZYZZZYII": -0.026051779425401773,
    "YYIIIIXX": -0.021906092575720217,
    "YXIIIIXY": 0.021906092575720217,
    "XYIIIIYX": 0.021906092575720217,
    "XXIIIIYY": -0.021906092575720217,
    "IIYXIIXY": 0.02186575363710665,
    "IIXYIIYX": 0.02186575363710665,
    "IIXXIIYY": -0.02186575363710665,
    "IIYYIIXX": -0.02186575363710665,
    "XZXIXZXI": -0.0216627687979737,
    "IXZXIXZX": -0.0216627687979737,
    "IYZYIYZY": -0.0216627687979737,
    "YZYIYZYI": -0.0216627687979737,
    "IIZXZZZX": 0.021265296080184126,
    "IIYIZZYI": 0.021265296080184126,
    "IIXIZZXI": 0.021265296080184126,
    "IIZYZZZY": 0.021265296080184126,
    "IIIYXXYI": -0.02073048762986917,
    "IIIYYXXI": 0.02073048762986917,
    "IIIXYYXI": -0.02073048762986917,
    "IIYZYXZX": -0.02073048762986917,
    "IIXZXYZY": -0.02073048762986917,
    "IIXZXXZX": -0.02073048762986917,
    "IIYZYYZY": -0.02073048762986917,
    "IIIXXYYI": 0.02073048762986917,
    "YYIIXXII": -0.020421708518778656,
    "YXIIXYII": 0.020421708518778656,
    "XYIIYXII": 0.020421708518778656,
    "XXIIYYII": -0.020421708518778656,
    "IXIZZXII": -0.020131643160260677,
    "XZZIXIII": -0.020131643160260677,
    "YZZIYIII": -0.020131643160260677,
    "IYIZZYII": -0.020131643160260677,
    "IXXIIYYI": 0.019866025985170153,
    "IXYIIYXI": -0.019866025985170153,
    "IYXIIXYI": -0.019866025985170153,
    "IYYIIXXI": 0.019866025985170153,
    "XZZXYZZY": 0.019866025985170153,
    "XZZYYZZX": -0.019866025985170153,
    "YZZYXZZX": 0.019866025985170153,
    "YZZXXZZY": -0.019866025985170153,
    "YYIYZZYI": 0.018603647977839786,
    "YXIXZZYI": 0.018603647977839786,
    "YXXZZZZY": -0.018603647977839786,
    "XYYZZZZX": -0.018603647977839786,
    "XYIYZZXI": 0.018603647977839786,
    "YYXZZZZX": 0.018603647977839786,
    "XXYZZZZY": 0.018603647977839786,
    "XXIXZZXI": 0.018603647977839786,
    "YZYIXZXI": -0.018543030527727537,
    "IYZYIXZX": -0.018543030527727537,
    "XZXIYZYI": -0.018543030527727537,
    "IXZXIYZY": -0.018543030527727537,
    "XZZYIYXI": 0.016746287714923994,
    "IYYIYZZY": 0.016746287714923994,
    "XZZXIXXI": 0.016746287714923994,
    "IXXIXZZX": 0.016746287714923994,
    "IXYIYZZX": 0.016746287714923994,
    "IYXIXZZY": 0.016746287714923994,
    "YZZYIYYI": 0.016746287714923994,
    "YZZXIXYI": 0.016746287714923994,
    "IIXXYYII": -0.013950424559760737,
    "IIXYYXII": 0.013950424559760737,
    "IIYXXYII": 0.013950424559760737,
    "IIYYXXII": -0.013950424559760737,
    "IIYZIZYI": 0.013501342191059647,
    "IIIYZIZY": 0.013501342191059647,
    "IIXZIZXI": 0.013501342191059647,
    "IIIXZIZX": 0.013501342191059647,
    "ZIYZZZYI": 0.011939483994375711,
    "IZIXZZZX": 0.011939483994375711,
    "IZIYZZZY": 0.011939483994375711,
    "ZIXZZZXI": 0.011939483994375711,
    "XZXXZXII": 0.011497353391798828,
    "XZXYZYII": 0.011497353391798828,
    "YZYXZXII": 0.011497353391798828,
    "YZYYZYII": 0.011497353391798828,
    "IXXYYIII": -0.011497353391798828,
    "IYYXXIII": -0.011497353391798828,
    "IXYYXIII": 0.011497353391798828,
    "IYXXYIII": 0.011497353391798828,
    "IXZIZXII": -0.008634289768461848,
    "IYZIZYII": -0.008634289768461848,
    "YZIZYIII": -0.008634289768461848,
    "XZIZXIII": -0.008634289768461848,
    "YZZZYIZI": -0.006136508337770966,
    "IYZZZYIZ": -0.006136508337770966,
    "IXZZZXIZ": -0.006136508337770966,
    "XZZZXIZI": -0.006136508337770966,
    "IYZXIXZY": -0.003119738270246161,
    "YZXIXZYI": -0.003119738270246161,
    "XZYIYZXI": -0.003119738270246161,
    "IXZYIYZX": -0.003119738270246161
  },
  "data": {
    "molecule_id": "D2_singlet_Dooh",
    "qubit_encoding": "JW",
    "unit": "Angstrom",
    "basis": "3-21g",
    "charge": 0,
    "multiplicity": 1,
    "spin": 0,
    "geometry": "H 0.0000000000 0.0000000000 -0.2595250000\nH 0.0000000000 0.0000000000 1.0010250000",
    "n_qubits": 8,
    "n_particles": {
      "total": 2,
      "alpha": 1,
      "beta": 1
    },
    "hf_array": [
      1,
      1,
      0,
      0,
      0,
      0,
      0,
      0
    ],
    "hf_method": "pyscf.scf.hf_symm.SymAdaptedRHF",
    "convergence_threshold": 1e-06,
    "point_group": {
      "groupname": "Dooh",
      "topgroup": "Dooh"
    },
    "alpha": 1.7,
    "calculated_properties": {
      "HF": {
        "energy": -1.0395305386551739,
        "converged": true
      },
      "MP2": {
        "energy": -1.0640143025302404,
        "converged": false
      },
      "CISD": {
        "energy": -1.082756041128681,