{
  "hamiltonian": {
    "IIIIIIII": 2.2623437698037736,
    "IIIIIIZI": -0.905848089722459,
    "IIIIIIIZ": -0.905848089722459,
    "IIIIZIII": -0.8711198921851465,
    "IIIIIZII": -0.8711198921851465,
    "IIZIIIII": -0.32341280283291146,
    "IIIZIIII": -0.3234128028329114,
    "ZIIIIIII": -0.2777170269331112,
    "IZIIIIII": -0.2777170269331112,
    "IIIIZZII": 0.13042115677077099,
    "IIIIZIIZ": 0.12447579715263601,
    "IIIIIZZI": 0.12447579715263601,
    "IIIIIIZZ": 0.12035646012848417,
    "IIIZZIII": 0.11138925357525636,
    "IIZIIZII": 0.11138925357525636,
    "IZIIZIII": 0.11080514248782457,
    "ZIIIIZII": 0.11080514248782457,
    "IIZIIIIZ": 0.10749161566494408,
    "IIIZIIZI": 0.10749161566494408,
    "ZIIIIIIZ": 0.1054927261628827,
    "IZIIIIZI": 0.1054927261628827,
    "IIZZIIII": 0.10475881581658902,
    "ZZIIIIII": 0.10473258736979664,
    "ZIIZIIII": 0.10358567793319412,
    "IZZIIIII": 0.10358567793319412,
    "ZIIIZIII": 0.09253132691112215,
    "IZIIIZII": 0.09253132691112215,
    "IIIZIZII": 0.08963346922128013,
    "IIZIZIII": 0.08963346922128013,
    "ZIIIIIZI": 0.08928052083139167,
    "IZIIIIIZ": 0.08928052083139167,
    "IIIZIIIZ": 0.08766511704780994,
    "IIZIIIZI": 0.08766511704780994,
    "IIIIXXYY": -0.06625210300669368,
    "IIIIYXXY": 0.06625210300669368,
    "IIIIXYYX": 0.06625210300669368,
    "IIIIYYXX": -0.06625210300669368,
    "XZZZXIII": 0.06282252934998579,
    "YZZZYIII": 0.06282252934998579,
    "IXZZZXII": 0.06282252934998579,
    "IYZZZYII": 0.06282252934998579,
    "IIIXZZZX": 0.06130317733334888,
    "IIIYZZZY": 0.06130317733334888,
    "IIXZZZXI": 0.06130317733334887,
    "IIYZZZYI": 0.06130317733334887,
    "IZIZIIII": 0.05926151276068001,
    "ZIZIIIII": 0.05926151276068001,
    "IIIIIZIZ": 0.05822369414594235,
    "IIIIZIZI": 0.05822369414594235,
    "YZYIIYZY": 0.04953377606604302,
    "IYZYXZXI": 0.04953377606604302,
    "IXZXYZYI": 0.04953377606604302,
    "XZXIIXZX": 0.04953377606604302,
    "XZXIIYZY": 0.04953377606604302,
    "YZYIIXZX": 0.04953377606604302,
    "IYZYYZYI": 0.04953377606604302,
    "IXZXXZXI": 0.04953377606604302,
    "XXYYIIII": -0.04432416517251411,
    "XYYXIIII": 0.04432416517251411,
    "YXXYIIII": 0.04432416517251411,
    "YYXXIIII": -0.04432416517251411,
    "IIIYIZZY": -0.03402199568863903,
    "IIIXIZZX": -0.03402199568863903,
    "IIXZZIXI": -0.03402199568863903,
    "IIYZZIYI": -0.03402199568863903,
    "IIYZYYZY": 0.03350612440632305,
    "IIIXYYXI": 0.03350612440632305,
    "IIIXXYYI": -0.03350612440632305,
    "IIIYYXXI": -0.03350612440632305,
    "IIXZXXZX": 0.03350612440632305,
    "IIXZXYZY": 0.03350612440632305,
    "IIYZYXZX": 0.03350612440632305,
    "IIIYXXYI": 0.03350612440632305,
    "IXZXIYZY": 0.0314523086875161,
    "IYZYIXZX": 0.0314523086875161,
    "XZXIYZYI": 0.0314523086875161,
    "YZYIXZXI": 0.0314523086875161,
    "IIYZZZYZ": -0.031258820676162306,
    "IIIXZZIX": -0.031258820676162306,
    "IIIYZZIY": -0.031258820676162306,
    "IIXZZZXZ": -0.031258820676162306,
    "IXZXIXZX": 0.031123688356155102,
    "YZYIYZYI": 0.031123688356155102,
    "XZXIXZXI": 0.031123688356155102,
    "IYZYIYZY": 0.031123688356155102,
    "YZZZYZII": -0.03003475257355928,
    "XZZZXZII": -0.03003475257355928,
    "IYZZIYII": -0.03003475257355928,
    "IXZZIXII": -0.03003475257355928,
    "YZZZYIIZ": -0.028978641096611538,
    "XZZZXIIZ": -0.028978641096611538,
    "IXZZZXZI": -0.028978641096611538,
    "IYZZZYZI": -0.028978641096611538,
    "IXZZXIXX": -0.02610752428728188,
    "IXZZYIYX": -0.02610752428728188,
    "IYZZXIXY": -0.02610752428728188,
    "IYZZYIYY": -0.02610752428728188,
    "XZZZZXYY": -0.02610752428728188,
    "YZZZZXXY": 0.02610752428728188,
    "YZZZZYXX": -0.02610752428728188,
    "XZZZZYYX": 0.02610752428728188,
    "IXXYYIII": -0.022647312739029306,
    "IXYYXIII": 0.022647312739029306,
    "IYYXXIII": -0.022647312739029306,
    "YZYXZXII": 0.022647312739029306,
    "XZXYZYII": 0.022647312739029306,
    "XZXXZXII": 0.022647312739029306,
    "IYXXYIII": 0.022647312739029306,
    "YZYYZYII": 0.022647312739029306,
    "IIZYZZZY": -0.02253530367916453,
    "IIXIZZXI": -0.02253530367916453,
    "IIYIZZYI": -0.02253530367916453,
    "IIZXZZZX": -0.02253530367916453,
    "IIXXYYII": -0.02175578435397623,
    "IIXYYXII": 0.02175578435397623,
    "IIYXXYII": 0.02175578435397623,
    "IIYYXXII": -0.02175578435397623,
    "IZYZZZYI": -0.021600088883475782,
    "ZIIXZZZX": -0.021600088883475782,
    "ZIIYZZZY": -0.021600088883475782,
    "IZXZZZXI": -0.021600088883475782,
    "XZZIXIII": -0.020747456874485228,
    "YZZIYIII": -0.020747456874485228,
    "IYIZZYII": -0.020747456874485228,
    "IXIZZXII": -0.020747456874485228,
    "IIYYIIXX": -0.019826498617134154,
    "IIYXIIXY": 0.019826498617134154,
    "IIXYIIYX": 0.019826498617134154,
    "IIXXIIYY": -0.019826498617134154,
    "IXYIYZZX": -0.018410087709887918,
    "IXXIXZZX": -0.018410087709887918,
    "XZZXIXXI": -0.018410087709887918,
    "YZZXIXYI": -0.018410087709887918,
    "YZZYIYYI": -0.018410087709887918,
    "XZZYIYXI": -0.018410087709887918,
    "IYYIYZZY": -0.018410087709887918,
    "IYXIXZZY": -0.018410087709887918,
    "YXIIXYII": 0.01827381557670242,
    "YYIIXXII": -0.01827381557670242,
    "XYIIYXII": 0.01827381557670242,
    "XXIIYYII": -0.01827381557670242,
    "XZZYYZZX": 0.018081467378526922,
    "IXXIIYYI": -0.018081467378526922,
    "IXYIIYXI": 0.018081467378526922,
    "YZZXXZZY": 0.018081467378526922,
    "YZZYXZZX": -0.018081467378526922,
    "IYXIIXYI": 0.018081467378526922,
    "IYYIIXXI": -0.018081467378526922,
    "XZZXYZZY": -0.018081467378526922,
    "YIZZYIII": -0.01790958316125299,
    "ZXZZZXII": -0.01790958316125299,
    "ZYZZZYII": -0.01790958316125299,
    "XIZZXIII": -0.01790958316125299,
    "XXIIIIYY": -0.016212205331491036,
    "XYIIIIYX": 0.016212205331491036,
    "YYIIIIXX": -0.016212205331491036,
    "YXIIIIXY": 0.016212205331491036,
    "YYIYZZYI": -0.0161713638539976,
    "YXIXZZYI": -0.0161713638539976,
    "XXYZZZZY": -0.0161713638539976,
    "XXIXZZXI": -0.0161713638539976,
    "YYXZZZZX": -0.0161713638539976,
    "YXXZZZZY": 0.0161713638539976,
    "XYYZZZZX": 0.0161713638539976,
    "XYIYZZXI": -0.0161713638539976,
    "IZIYZZZY": -0.005428725029478183,
    "ZIYZZZYI": -0.005428725029478183,
    "IZIXZZZX": -0.005428725029478183,
    "ZIXZZZXI": -0.005428725029478183,
    "XZZZXIZI": -0.002871116809329659,
    "YZZZYIZI": -0.002871116809329659,
    "IYZZZYIZ": -0.002871116809329659,
    "IXZZZXIZ": -0.002871116809329659,
    "XZIZXIII": 0.0018998558645440776,
    "IXZIZXII": 0.0018998558645440776,
    "IYZIZYII": 0.0018998558645440776,
    "YZIZYIII": 0.0018998558645440776,
    "IIXZIZXI": -0.0005158712823159772,
    "IIIXZIZX": -0.0005158712823159772,
    "IIIYZIZY": -0.0005158712823159772,
    "IIYZIZYI": -0.0005158712823159772,
    "XZYIYZXI": -0.0003286203313609959,
    "YZXIXZYI": -0.0003286203313609959,
    "IXZYIYZX": -0.0003286203313609959,
    "IYZXIXZY": -0.0003286203313609959
  },
  "data": {
    "molecule_id": "D2_singlet_Dooh",
    "qubit_encoding": "JW",
    "unit": "Angstrom",
    "basis": "3-21g",
    "charge": 0,
    "multiplicity": 1,
    "spin": 0,
    "geometry": "H 0.0000000000 0.0000000000 -0.7044250000\nH 0.0000000000 0.0000000000 1.4459250000",
    "n_qubits": 8,
    "n_particles": {
      "total": 2,
      "alpha": 1,
      "beta": 1
    },
    "hf_array": [
      1,
      1,
      0,
      0,
      0,
      0,
      0,
      0
    ],
    "hf_method": "pyscf.scf.hf_symm.SymAdaptedRHF",
    "convergence_threshold": 1e-06,
    "point_group": {
      "groupname": "Dooh",
      "topgroup": "Dooh"
    },
    "alpha": 2.9,
    "calculated_properties": {
      "HF": {
        "energy": -0.8868706462838507,
        "converged": true
      },
      "MP2": {
        "energy": -0.9424216460798832,
        "converged": false
      },
      "CISD": {
        "energy": -1.0041472211184825,
        "converged": true
      },