{
  "hamiltonian": {
    "IIIIIIII": 2.3804210961586065,
    "IIIIIIIZ": -0.9261960812763725,
    "IIIIIIZI": -0.9261960812763724,
    "IIIIIZII": -0.9188141593175629,
    "IIIIZIII": -0.9188141593175628,
    "IIZIIIII": -0.3870608882064349,
    "IIIZIIII": -0.38706088820643486,
    "ZIIIIIII": -0.29551945448780753,
    "IZIIIIII": -0.29551945448780753,
    "IIIIZZII": 0.13940004249668633,
    "IIIIIZZI": 0.1345904525087975,
    "IIIIZIIZ": 0.1345904525087975,
    "IIIIIIZZ": 0.13224131006283865,
    "ZZIIIIII": 0.12708151800170567,
    "ZIIIIZII": 0.12604295929795695,
    "IZIIZIII": 0.12604295929795695,
    "IZIIIIZI": 0.12433599409632495,
    "ZIIIIIIZ": 0.12433599409632495,
    "IIZIIZII": 0.11519396732052947,
    "IIIZZIII": 0.11519396732052947,
    "IZZIIIII": 0.11269034238366918,
    "ZIIZIIII": 0.11269034238366918,
    "IIIZIIZI": 0.11254608388225416,
    "IIZIIIIZ": 0.11254608388225416,
    "IIZZIIII": 0.10795669150709648,
    "IZIIIZII": 0.10513394108122832,
    "ZIIIZIII": 0.10513394108122832,
    "ZIIIIIZI": 0.10453123884755929,
    "IZIIIIIZ": 0.10453123884755929,
    "IIZIIIZI": 0.09732093548777766,
    "IIIZIIIZ": 0.09732093548777766,
    "IIZIZIII": 0.09333627037455924,
    "IIIZIZII": 0.09333627037455924,
    "IIIIIZIZ": 0.07850949887083822,
    "IIIIZIZI": 0.07850949887083822,
    "ZIZIIIII": 0.07804682990184034,
    "IZIZIIII": 0.07804682990184034,
    "IXZZZZZX": 0.07345708402188397,
    "IYZZZZZY": 0.07345708402188397,
    "YZZZZZYI": 0.07345708402188397,
    "XZZZZZXI": 0.07345708402188397,
    "IIIXZXII": -0.06390840077636878,
    "IIYZYIII": -0.06390840077636878,
    "IIXZXIII": -0.06390840077636878,
    "IIIYZYII": -0.06390840077636878,
    "IIIIXXYY": -0.05608095363795927,
    "IIIIXYYX": 0.05608095363795927,
    "IIIIYXXY": 0.05608095363795927,
    "IIIIYYXX": -0.05608095363795927,
    "YZYIIYZY": -0.039714328963715476,
    "YZYIIXZX": -0.039714328963715476,
    "XZXIIYZY": -0.039714328963715476,
    "XZXIIXZX": -0.039714328963715476,
    "IYZYYZYI": -0.039714328963715476,
    "IXZXXZXI": -0.039714328963715476,
    "IXZXYZYI": -0.039714328963715476,
    "IYZYXZXI": -0.039714328963715476,
    "IIXZXZII": 0.036577481274294166,
    "IIIXIXII": 0.036577481274294166,
    "IIIYIYII": 0.036577481274294166,
    "IIYZYZII": 0.036577481274294166,
    "IIXZXIIZ": 0.034736820486002164,
    "IIYZYIIZ": 0.034736820486002164,
    "IIIYZYZI": 0.034736820486002164,
    "IIIXZXZI": 0.034736820486002164,
    "XXYYIIII": -0.03464351248182885,
    "YYXXIIII": -0.03464351248182885,
    "YXXYIIII": 0.03464351248182885,
    "XYYXIIII": 0.03464351248182885,
    "IXZZIZZX": -0.03446766945356799,
    "IYZZIZZY": -0.03446766945356799,
    "XZZZZIXI": -0.03446766945356799,
    "YZZZZIYI": -0.03446766945356799,
    "IXZZZZIX": -0.030806639556865276,
    "IYZZZZIY": -0.030806639556865276,
    "YZZZZZYZ": -0.030806639556865276,
    "XZZZZZXZ": -0.030806639556865276,
    "IZXZXIII": 0.02959529674123151,
    "IZYZYIII": 0.02959529674123151,
    "ZIIXZXII": 0.02959529674123151,
    "ZIIYZYII": 0.02959529674123151,
    "XZZZXYZY": 0.029244033103637393,
    "IYZZYXXI": -0.029244033103637393,
    "IYZZXXYI": 0.029244033103637393,
    "XZZZXXZX": 0.029244033103637393,
    "YZZZYYZY": 0.029244033103637393,
    "IXZZXYYI": -0.029244033103637393,
    "YZZZYXZX": 0.029244033103637393,
    "IXZZYYXI": 0.029244033103637393,
    "YIZZZZYI": -0.024527168202405303,
    "ZXZZZZZX": -0.024527168202405303,
    "ZYZZZZZY": -0.024527168202405303,
    "XIZZZZXI": -0.024527168202405303,
    "IIIYYIYY": 0.022948424031510047,
    "IIIYXIXY": 0.022948424031510047,
    "IIIXYIYX": 0.022948424031510047,
    "IIIXXIXX": 0.022948424031510047,
    "IIXZZYYX": -0.022948424031510047,
    "IIXZZXYY": 0.022948424031510047,
    "IIYZZYXX": 0.022948424031510047,
    "IIYZZXXY": -0.022948424031510047,
    "XZXIYZYI": -0.022409015873105287,
    "YZYIXZXI": -0.022409015873105287,
    "IXZXIYZY": -0.022409015873105287,
    "IYZYIXZX": -0.022409015873105287,
    "IIYXXYII": 0.02185769694597022,
    "IIXXYYII": -0.02185769694597022,
    "IIXYYXII": 0.02185769694597022,
    "IIYYXXII": -0.02185769694597022,
    "IIZYZYII": 0.021767029032315394,
    "IIXIXIII": 0.021767029032315394,
    "IIYIYIII": 0.021767029032315394,
    "IIZXZXII": 0.021767029032315394,
    "XXIIYYII": -0.02090901821672863,
    "XYIIYXII": 0.02090901821672863,
    "YXIIXYII": 0.02090901821672863,
    "YYIIXXII": -0.02090901821672863,
    "IXIZZZZX": -0.020430036179850487,
    "IYIZZZZY": -0.020430036179850487,
    "YZZIZZYI": -0.020430036179850487,
    "XZZIZZXI": -0.020430036179850487,
    "IYZYIYZY": -0.020181119678322944,
    "XZXIXZXI": -0.020181119678322944,
    "YZYIYZYI": -0.020181119678322944,
    "IXZXIXZX": -0.020181119678322944,
    "XYIIIIYX": 0.01980475524876566,
    "YXIIIIXY": 0.01980475524876566,
    "YYIIIIXX": -0.01980475524876566,
    "XXIIIIYY": -0.01980475524876566,
    "XZZYIYXI": 0.019533209285392525,
    "IXYIYZZX": 0.019533209285392525,
    "YZZXIXYI": 0.019533209285392525,
    "YZZYIYYI": 0.019533209285392525,
    "IYYIYZZY": 0.019533209285392525,
    "IYXIXZZY": 0.019533209285392525,
    "XZZXIXXI": 0.019533209285392525,
    "IXXIXZZX": 0.019533209285392525,
    "XXYZZYII": 0.018229268142347304,
    "XYYZZXII": -0.018229268142347304,
    "YXXZZYII": -0.018229268142347304,
    "YYXZZXII": 0.018229268142347304,
    "YYIYYIII": 0.0182292681423473,
    "XYIYXIII": 0.0182292681423473,
    "YXIXYIII": 0.0182292681423473,
    "XXIXXIII": 0.0182292681423473,
    "IXXIIYYI": 0.017305313090610182,
    "IXYIIYXI": -0.017305313090610182,
    "XZZXYZZY": 0.017305313090610182,
    "XZZYYZZX": -0.017305313090610182,
    "YZZXXZZY": -0.017305313090610182,
    "IYXIIXYI": -0.017305313090610182,
    "IYYIIXXI": 0.017305313090610182,
    "YZZYXZZX": 0.017305313090610182,
    "IIXYIIYX": 0.015225148394476508,
    "IIXXIIYY": -0.015225148394476508,
    "IIYXIIXY": 0.015225148394476508,
    "IIYYIIXX": -0.015225148394476508,
    "XZXYZZZY": 0.013373768972357813,
    "XZXXZZZX": 0.013373768972357813,
    "YZYYZZZY": 0.013373768972357813,
    "YZYXZZZX": 0.013373768972357813,
    "IYYXZZXI": -0.013373768972357813,
    "IXXYZZYI": -0.013373768972357813,
    "IXYYZZXI": 0.013373768972357813,
    "IYXXZZYI": 0.013373768972357813,
    "IIIYZYIZ": 0.011788396454492122,
    "IIIXZXIZ": 0.011788396454492122,
    "IIXZXIZI": 0.011788396454492122,
    "IIYZYIZI": 0.011788396454492122,
    "IZIYZYII": 0.011366028598884212,
    "ZIYZYIII": 0.011366028598884212,
    "ZIXZXIII": 0.011366028598884212,
    "IZIXZXII": 0.011366028598884212,
    "IXZIZZZX": -0.007056267207492674,
    "YZIZZZYI": -0.007056267207492674,
    "XZIZZZXI": -0.007056267207492674,
    "IYZIZZZY": -0.007056267207492674,
    "XZZZIZXI": -0.005223636349930595,
    "YZZZIZYI": -0.005223636349930595,
    "IXZZZIZX": -0.005223636349930595,
    "IYZZZIZY": -0.005223636349930595,
    "XZYIYZXI": 0.002227896194782345,
    "YZXIXZYI": 0.002227896194782345,
    "IYZXIXZY": 0.002227896194782345,
    "IXZYIYZX": 0.002227896194782345
  },
  "data": {
    "molecule_id": "D2_singlet_Dooh",
    "qubit_encoding": "JW",
    "unit": "Angstrom",
    "basis": "3-21g",
    "charge": 0,
    "multiplicity": 1,
    "spin": 0,
    "geometry": "H 0.0000000000 0.0000000000 -0.2966000000\nH 0.0000000000 0.0000000000 1.0381000000",
    "n_qubits": 8,
    "n_particles": {
      "total": 2,
      "alpha": 1,
      "beta": 1
    },
    "hf_array": [
      1,
      1,
      0,
      0,
      0,
      0,
      0,
      0
    ],
    "hf_method": "pyscf.scf.hf_symm.SymAdaptedRHF",
    "convergence_threshold": 1e-06,
    "point_group": {
      "groupname": "Dooh",
      "topgroup": "Dooh"
    },
    "alpha": 1.8,
    "calculated_properties": {
      "HF": {
        "energy": -1.024570884725837,
        "converged": true
      },
      "MP2": {
        "energy": -1.0506218620473264,
        "converged": false
      },
      "CISD": {
        "energy": -1.071966349218723,