{
  "hamiltonian": {
    "IIIIIIII": 2.29653969082586,
    "IIIIIIZI": -0.9035759151494742,
    "IIIIIIIZ": -0.9035759151494742,
    "IIIIZIII": -0.8957341761833267,
    "IIIIIZII": -0.8957341761833267,
    "IIZIIIII": -0.33878158212120846,
    "IIIZIIII": -0.33878158212120846,
    "ZIIIIIII": -0.28330178169157116,
    "IZIIIIII": -0.28330178169157116,
    "IIIIZZII": 0.13304573035041609,
    "IIIIIZZI": 0.12671402878594265,
    "IIIIZIIZ": 0.12671402878594265,
    "IIIIIIZZ": 0.12238840633591691,
    "IZIIZIII": 0.1143690759580136,
    "ZIIIIZII": 0.1143690759580136,
    "IIIZZIII": 0.11326236718946225,
    "IIZIIZII": 0.11326236718946225,
    "ZZIIIIII": 0.10934378634839827,
    "IIIZIIZI": 0.10932703108751154,
    "IIZIIIIZ": 0.10932703108751154,
    "ZIIIIIIZ": 0.10868590039859893,
    "IZIIIIZI": 0.10868590039859893,
    "IIZZIIII": 0.10647421291000284,
    "ZIIZIIII": 0.10618295452974606,
    "IZZIIIII": 0.10618295452974606,
    "IZIIIZII": 0.09611435426565453,
    "ZIIIZIII": 0.09611435426565453,
    "IZIIIIIZ": 0.09203677307660761,
    "ZIIIIIZI": 0.09203677307660761,
    "IIZIZIII": 0.09198797603766125,
    "IIIZIZII": 0.09198797603766125,
    "IIIZIIIZ": 0.0889555280550501,
    "IIZIIIZI": 0.0889555280550501,
    "IZIZIIII": 0.06417644268353469,
    "ZIZIIIII": 0.06417644268353469,
    "IXZZZXII": 0.06381939204150613,
    "YZZZYIII": 0.06381939204150613,
    "IYZZZYII": 0.06381939204150613,
    "XZZZXIII": 0.06381939204150613,
    "IIIIXXYY": -0.06378704686977946,
    "IIIIXYYX": 0.06378704686977946,
    "IIIIYXXY": 0.06378704686977946,
    "IIIIYYXX": -0.06378704686977946,
    "IIIIIZIZ": 0.0629269819161632,
    "IIIIZIZI": 0.0629269819161632,
    "IIXZZZXI": 0.06204527337938316,
    "IIYZZZYI": 0.06204527337938316,
    "IIIXZZZX": 0.062045273379383155,
    "IIIYZZZY": 0.062045273379383155,
    "YZYIIXZX": 0.04719663105111772,
    "XZXIIYZY": 0.04719663105111772,
    "XZXIIXZX": 0.04719663105111772,
    "YZYIIYZY": 0.04719663105111772,
    "IXZXYZYI": 0.04719663105111772,
    "IXZXXZXI": 0.04719663105111772,
    "IYZYXZXI": 0.04719663105111772,
    "IYZYYZYI": 0.04719663105111772,
    "YXXYIIII": 0.04200651184621138,
    "XYYXIIII": 0.04200651184621138,
    "XXYYIIII": -0.04200651184621138,
    "YYXXIIII": -0.04200651184621138,
    "IIIYIZZY": -0.03490790521982683,
    "IIIXIZZX": -0.03490790521982683,
    "IIYZZIYI": -0.03490790521982683,
    "IIXZZIXI": -0.03490790521982683,
    "IIXZXXZX": 0.032403940213977876,
    "IIYZYYZY": 0.032403940213977876,
    "IIYZYXZX": 0.032403940213977876,
    "IIIXXYYI": -0.032403940213977876,
    "IIIXYYXI": 0.032403940213977876,
    "IIIYXXYI": 0.032403940213977876,
    "IIIYYXXI": -0.032403940213977876,
    "IIXZXYZY": 0.032403940213977876,
    "IIXZZZXZ": -0.0317971929351501,
    "IIYZZZYZ": -0.0317971929351501,
    "IIIXZZIX": -0.0317971929351501,
    "IIIYZZIY": -0.0317971929351501,
    "YZZZYZII": -0.03026134112606716,
    "XZZZXZII": -0.03026134112606716,
    "IXZZIXII": -0.03026134112606716,
    "IYZZIYII": -0.03026134112606716,
    "IXZXIYZY": 0.029142980388612974,
    "IYZYIXZX": 0.029142980388612974,
    "YZYIXZXI": 0.029142980388612974,
    "XZXIYZYI": 0.029142980388612974,
    "YZZZYIIZ": -0.029102379998487263,
    "XZZZXIIZ": -0.029102379998487263,
    "IXZZZXZI": -0.029102379998487263,
    "IYZZZYZI": -0.029102379998487263,
    "YZYIYZYI": 0.02876978544314493,
    "IYZYIYZY": 0.02876978544314493,
    "XZXIXZXI": 0.02876978544314493,
    "IXZXIXZX": 0.02876978544314493,
    "YZZZZYXX": -0.026214706465021102,
    "YZZZZXXY": 0.026214706465021102,
    "XZZZZYYX": 0.026214706465021102,
    "XZZZZXYY": -0.026214706465021102,
    "IXZZYIYX": -0.026214706465021102,
    "IYZZYIYY": -0.026214706465021102,
    "IYZZXIXY": -0.026214706465021102,
    "IXZZXIXX": -0.026214706465021102,
    "IZYZZZYI": -0.023181527344232202,
    "ZIIXZZZX": -0.023181527344232202,
    "ZIIYZZZY": -0.023181527344232202,
    "IZXZZZXI": -0.023181527344232202,
    "IIXIZZXI": -0.02288028472157343,
    "IIYIZZYI": -0.02288028472157343,
    "IIZYZZZY": -0.022880284721573427,
    "IIZXZZZX": -0.022880284721573427,
    "IYYXXIII": -0.021680438124133658,
    "IYXXYIII": 0.021680438124133658,
    "IXYYXIII": 0.021680438124133658,
    "IXXYYIII": -0.021680438124133658,
    "YZYYZYII": 0.021680438124133658,
    "YZYXZXII": 0.021680438124133658,
    "XZXYZYII": 0.021680438124133658,
    "XZXXZXII": 0.021680438124133658,
    "IIXXYYII": -0.021274391151800985,
    "IIYYXXII": -0.021274391151800985,
    "IIYXXYII": 0.021274391151800985,
    "IIXYYXII": 0.021274391151800985,
    "XZZIXIII": -0.02079315024283042,
    "IXIZZXII": -0.02079315024283042,
    "YZZIYIII": -0.02079315024283042,
    "IYIZZYII": -0.02079315024283042,
    "IIXXIIYY": -0.020371503032461453,
    "IIXYIIYX": 0.020371503032461453,
    "IIYXIIXY": 0.020371503032461453,
    "IIYYIIXX": -0.020371503032461453,
    "XZZXIXXI": -0.018426845607972787,
    "XZZYIYXI": -0.018426845607972787,
    "IXXIXZZX": -0.018426845607972787,
    "YZZYIYYI": -0.018426845607972787,
    "YZZXIXYI": -0.018426845607972787,
    "IXYIYZZX": -0.018426845607972787,
    "IYXIXZZY": -0.018426845607972787,
    "IYYIYZZY": -0.018426845607972787,
    "ZXZZZXII": -0.018337866617227288,
    "ZYZZZYII": -0.018337866617227288,
    "XIZZXIII": -0.018337866617227288,
    "YIZZYIII": -0.018337866617227288,
    "YXIIXYII": 0.018254721692359078,
    "YYIIXXII": -0.018254721692359078,
    "XYIIYXII": 0.018254721692359078,
    "XXIIYYII": -0.018254721692359078,
    "IYYIIXXI": -0.018053650662504743,
    "XZZYYZZX": 0.018053650662504743,
    "XZZXYZZY": -0.018053650662504743,
    "IXYIIYXI": 0.018053650662504743,
    "IYXIIXYI": 0.018053650662504743,
    "YZZYXZZX": -0.018053650662504743,
    "YZZXXZZY": 0.018053650662504743,
    "IXXIIYYI": -0.018053650662504743,
    "XYIIIIYX": 0.016649127321991343,
    "XXIIIIYY": -0.016649127321991343,
    "YYIIIIXX": -0.016649127321991343,
    "YXIIIIXY": 0.016649127321991343,
    "XXYZZZZY": -0.016318980366709795,
    "YYXZZZZX": -0.016318980366709795,
    "YXXZZZZY": 0.016318980366709795,
    "XYYZZZZX": 0.016318980366709795,
    "XXIXZZXI": -0.01631898036670979,
    "XYIYZZXI": -0.01631898036670979,
    "YXIXZZYI": -0.01631898036670979,
    "YYIYZZYI": -0.01631898036670979,
    "IZIYZZZY": -0.006862546977522407,
    "ZIXZZZXI": -0.006862546977522407,
    "IZIXZZZX": -0.006862546977522407,
    "ZIYZZZYI": -0.006862546977522407,
    "IYZZZYIZ": -0.0028876735334661605,
    "YZZZYIZI": -0.0028876735334661605,
    "XZZZXIZI": -0.0028876735334661605,
    "IXZZZXIZ": -0.0028876735334661605,
    "IIXZIZXI": -0.002503965005848957,
    "IIIXZIZX": -0.002503965005848957,
    "IIIYZIZY": -0.002503965005848957,
    "IIYZIZYI": -0.002503965005848957,
    "XZIZXIII": 0.0008872878813032392,
    "YZIZYIII": 0.0008872878813032392,
    "IXZIZXII": 0.0008872878813032392,
    "IYZIZYII": 0.0008872878813032392,
    "XZYIYZXI": -0.00037319494546804444,
    "YZXIXZYI": -0.00037319494546804444,
    "IYZXIXZY": -0.00037319494546804444,
    "IXZYIYZX": -0.00037319494546804444
  },
  "data": {
    "molecule_id": "D2_singlet_Dooh",
    "qubit_encoding": "JW",
    "unit": "Angstrom",
    "basis": "3-21g",
    "charge": 0,
    "multiplicity": 1,
    "spin": 0,
    "geometry": "H 0.0000000000 0.0000000000 -0.5932000000\nH 0.0000000000 0.0000000000 1.3347000000",
    "n_qubits": 8,
    "n_particles": {
      "total": 2,
      "alpha": 1,
      "beta": 1
    },
    "hf_array": [
      1,
      1,
      0,
      0,
      0,
      0,
      0,
      0
    ],
    "hf_method": "pyscf.scf.hf_symm.SymAdaptedRHF",
    "convergence_threshold": 1e-06,
    "point_group": {
      "groupname": "Dooh",
      "topgroup": "Dooh"
    },
    "alpha": 2.6,
    "calculated_properties": {
      "HF": {
        "energy": -0.918571132435011,
        "converged": true
      },
      "MP2": {
        "energy": -0.9636459638042886,
        "converged": false
      },
      "CISD": {
        "energy": -1.0137977066123902,