{
  "hamiltonian": {
    "IIIIIIII": 2.353926896144911,
    "IIIIIIZI": -0.930517153276719,
    "IIIIIIIZ": -0.9305171532767189,
    "IIIIZIII": -0.9024609483957661,
    "IIIIIZII": -0.9024609483957661,
    "IIIZIIII": -0.3678106651746999,
    "IIZIIIII": -0.36781066517469985,
    "ZIIIIIII": -0.29178325912851893,
    "IZIIIIII": -0.29178325912851893,
    "IIIIIIZZ": 0.13446738015101456,
    "IIIIIZZI": 0.13129769829981242,
    "IIIIZIIZ": 0.13129769829981242,
    "IIIIZZII": 0.1301067572274207,
    "ZIIIIIIZ": 0.12051226101976388,
    "IZIIIIZI": 0.12051226101976388,
    "ZZIIIIII": 0.11928285456009743,
    "IZIIZIII": 0.11756530348787067,
    "ZIIIIZII": 0.11756530348787067,
    "IIZIIIIZ": 0.11417179633325326,
    "IIIZIIZI": 0.11417179633325326,
    "IIZIIZII": 0.1128959918833688,
    "IIIZZIII": 0.1128959918833688,
    "IZZIIIII": 0.11049003396354429,
    "ZIIZIIII": 0.11049003396354429,
    "IIZZIIII": 0.10812763872963507,
    "ZIIIIIZI": 0.10180928256390835,
    "IZIIIIIZ": 0.10180928256390835,
    "ZIIIZIII": 0.09892610069081406,
    "IZIIIZII": 0.09892610069081406,
    "IIZIIIZI": 0.095705346748082,
    "IIIZIIIZ": 0.095705346748082,
    "IIZIZIII": 0.09145052091846895,
    "IIIZIZII": 0.09145052091846895,
    "IZIZIIII": 0.07280591135038927,
    "ZIZIIIII": 0.07280591135038927,
    "IIIIZIZI": 0.07190452377728082,
    "IIIIIZIZ": 0.07190452377728082,
    "IXZZZZZX": 0.06826038077716808,
    "IYZZZZZY": 0.06826038077716808,
    "YZZZZZYI": 0.06826038077716808,
    "XZZZZZXI": 0.06826038077716808,
    "IIIXZXII": -0.06324368831628095,
    "IIYZYIII": -0.06324368831628095,
    "IIXZXIII": -0.06324368831628095,
    "IIIYZYII": -0.06324368831628095,
    "IIIIXXYY": -0.05939317452253158,
    "IIIIXYYX": 0.05939317452253158,
    "IIIIYXXY": 0.05939317452253158,
    "IIIIYYXX": -0.05939317452253158,
    "XZXIIXZX": -0.042904654314375366,
    "IXZXYZYI": -0.042904654314375366,
    "IYZYXZXI": -0.042904654314375366,
    "IYZYYZYI": -0.042904654314375366,
    "YZYIIYZY": -0.042904654314375366,
    "IXZXXZXI": -0.042904654314375366,
    "YZYIIXZX": -0.042904654314375366,
    "XZXIIYZY": -0.042904654314375366,
    "YYXXIIII": -0.037684122613155006,
    "YXXYIIII": 0.037684122613155006,
    "XYYXIIII": 0.037684122613155006,
    "XXYYIIII": -0.037684122613155006,
    "IIIYZYZI": 0.035506165011560044,
    "IIIXZXZI": 0.035506165011560044,
    "IIXZXIIZ": 0.035506165011560044,
    "IIYZYIIZ": 0.035506165011560044,
    "IIXZXZII": 0.03406291964573029,
    "IIYZYZII": 0.03406291964573029,
    "IIIYIYII": 0.03406291964573029,
    "IIIXIXII": 0.03406291964573029,
    "XZZZZIXI": -0.031147025609354857,
    "YZZZZIYI": -0.031147025609354857,
    "IXZZIZZX": -0.031147025609354857,
    "IYZZIZZY": -0.031147025609354857,
    "IXZZZZIX": -0.03077503934031847,
    "IYZZZZIY": -0.03077503934031847,
    "XZZZZZXZ": -0.03077503934031847,
    "YZZZZZYZ": -0.03077503934031847,
    "IIIXYIYX": 0.02801269651281037,
    "IIIYYIYY": 0.02801269651281037,
    "IIIXXIXX": 0.02801269651281037,
    "IIXZZXYY": 0.02801269651281037,
    "IIYZZYXX": 0.02801269651281037,
    "IIXZZYYX": -0.02801269651281037,
    "IIYZZXXY": -0.02801269651281037,
    "IIIYXIXY": 0.02801269651281037,
    "YZZZYYZY": 0.027587436428063498,
    "IXZZYYXI": 0.027587436428063498,
    "IYZZXXYI": 0.027587436428063498,
    "IYZZYXXI": -0.027587436428063498,
    "XZZZXYZY": 0.027587436428063498,
    "XZZZXXZX": 0.027587436428063498,
    "IXZZXYYI": -0.027587436428063498,
    "YZZZYXZX": 0.027587436428063498,
    "IZXZXIII": 0.02688622946256708,
    "IZYZYIII": 0.02688622946256708,
    "ZIIYZYII": 0.02688622946256708,
    "ZIIXZXII": 0.02688622946256708,
    "IXZXIYZY": -0.02472486124430807,
    "XZXIYZYI": -0.02472486124430807,
    "IYZYIXZX": -0.02472486124430807,
    "YZYIXZXI": -0.02472486124430807,
    "IYZYIYZY": -0.024254860651160264,
    "IXZXIXZX": -0.024254860651160264,
    "XZXIXZXI": -0.024254860651160264,
    "YZYIYZYI": -0.024254860651160264,
    "IIXIXIII": 0.022695182695017604,
    "IIYIYIII": 0.022695182695017604,
    "IIZXZXII": 0.0226951826950176,
    "IIZYZYII": 0.0226951826950176,
    "IIYXXYII": 0.02144547096489985,
    "IIYYXXII": -0.02144547096489985,
    "IIXXYYII": -0.02144547096489985,
    "IIXYYXII": 0.02144547096489985,
    "XIZZZZXI": -0.021065965600680157,
    "YIZZZZYI": -0.021065965600680157,
    "ZYZZZZZY": -0.021065965600680157,
    "ZXZZZZZX": -0.021065965600680157,
    "IXIZZZZX": -0.0208072845613963,
    "IYIZZZZY": -0.0208072845613963,
    "XZZIZZXI": -0.0208072845613963,
    "YZZIZZYI": -0.0208072845613963,
    "YYIIIIXX": -0.018702978455855526,
    "YXIIIIXY": 0.018702978455855526,
    "XYIIIIYX": 0.018702978455855526,
    "XXIIIIYY": -0.018702978455855526,
    "XZZYIYXI": 0.018649793663215102,
    "YZZXIXYI": 0.018649793663215102,
    "YZZYIYYI": 0.018649793663215102,
    "XZZXIXXI": 0.018649793663215102,
    "IXXIXZZX": 0.018649793663215102,
    "IYYIYZZY": 0.018649793663215102,
    "IYXIXZZY": 0.018649793663215102,
    "IXYIYZZX": 0.018649793663215102,
    "XXIIYYII": -0.01863920279705661,
    "XYIIYXII": 0.01863920279705661,
    "YXIIXYII": 0.01863920279705661,
    "YYIIXXII": -0.01863920279705661,
    "IIYXIIXY": 0.01846644958517126,
    "IIYYIIXX": -0.01846644958517126,
    "IIXYIIYX": 0.01846644958517126,
    "IIXXIIYY": -0.01846644958517126,
    "YZZYXZZX": 0.018179793070067295,
    "YZZXXZZY": -0.018179793070067295,
    "XZZXYZZY": 0.018179793070067295,
    "XZZYYZZX": -0.018179793070067295,
    "IXXIIYYI": 0.018179793070067295,
    "IXYIIYXI": -0.018179793070067295,
    "IYXIIXYI": -0.018179793070067295,
    "IYYIIXXI": 0.018179793070067295,
    "YZYXZZZX": 0.017769879942969528,
    "YZYYZZZY": 0.017769879942969528,
    "XZXXZZZX": 0.017769879942969528,
    "XZXYZZZY": 0.017769879942969528,
    "IYYXZZXI": -0.017769879942969528,
    "IXXYZZYI": -0.017769879942969528,
    "IXYYZZXI": 0.017769879942969528,
    "IYXXZZYI": 0.017769879942969528,
    "YXXZZYII": -0.01725841203396537,
    "XYIYXIII": 0.01725841203396537,
    "XXIXXIII": 0.01725841203396537,
    "YYXZZXII": 0.01725841203396537,
    "YXIXYIII": 0.01725841203396537,
    "YYIYYIII": 0.01725841203396537,
    "XYYZZXII": -0.01725841203396537,
    "XXYZZYII": 0.01725841203396537,
    "ZIYZYIII": 0.009627817428601707,
    "ZIXZXIII": 0.009627817428601707,
    "IZIXZXII": 0.009627817428601707,
    "IZIYZYII": 0.009627817428601707,
    "IIIYZYIZ": 0.007493468498749673,
    "IIXZXIZI": 0.007493468498749673,
    "IIYZYIZI": 0.007493468498749673,
    "IIIXZXIZ": 0.007493468498749673,
    "IXZZZIZX": -0.003559589181291357,
    "IYZZZIZY": -0.003559589181291357,
    "YZZZIZYI": -0.003559589181291357,
    "XZZZIZXI": -0.003559589181291357,
    "IYZIZZZY": -0.0030374046184267704,
    "XZIZZZXI": -0.0030374046184267704,
    "YZIZZZYI": -0.0030374046184267704,
    "IXZIZZZX": -0.0030374046184267704,
    "IXZYIYZX": 0.0004700005931478103,
    "XZYIYZXI": 0.0004700005931478103,
    "YZXIXZYI": 0.0004700005931478103,
    "IYZXIXZY": 0.0004700005931478103
  },
  "data": {
    "molecule_id": "D2_singlet_Dooh",
    "qubit_encoding": "JW",
    "unit": "Angstrom",
    "basis": "3-21g",
    "charge": 0,
    "multiplicity": 1,
    "spin": 0,
    "geometry": "H 0.0000000000 0.0000000000 -0.4078250000\nH 0.0000000000 0.0000000000 1.1493250000",
    "n_qubits": 8,
    "n_particles": {
      "total": 2,
      "alpha": 1,
      "beta": 1
    },
    "hf_array": [
      1,
      1,
      0,
      0,
      0,
      0,
      0,
      0
    ],
    "hf_method": "pyscf.scf.hf_symm.SymAdaptedRHF",
    "convergence_threshold": 1e-06,
    "point_group": {
      "groupname": "Dooh",
      "topgroup": "Dooh"
    },
    "alpha": 2.1,
    "calculated_properties": {
      "HF": {
        "energy": -0.9814655188563017,
        "converged": true
      },
      "MP2": {
        "energy": -1.013238825019736,
        "converged": false
      },
      "CISD": {
        "energy": -1.04397720706466,
        "converged": true
      },