{
  "hamiltonian": {
    "IIIIIIII": 2.273591698618814,
    "IIIIIIZI": -0.9055406818100342,
    "IIIIIIIZ": -0.9055406818100342,
    "IIIIZIII": -0.878907728843138,
    "IIIIIZII": -0.878907728843138,
    "IIZIIIII": -0.3283655476045412,
    "IIIZIIII": -0.3283655476045412,
    "ZIIIIIII": -0.27957751402172526,
    "IZIIIIII": -0.27957751402172526,
    "IIIIZZII": 0.1313678623194894,
    "IIIIZIIZ": 0.12518622407479446,
    "IIIIIZZI": 0.12518622407479446,
    "IIIIIIZZ": 0.12091694354701363,
    "IIIZZIII": 0.11207863143573457,
    "IIZIIZII": 0.11207863143573457,
    "IZIIZIII": 0.11196802666739207,
    "ZIIIIZII": 0.11196802666739207,
    "IIZIIIIZ": 0.10808428131994398,
    "IIIZIIZI": 0.10808428131994398,
    "ZIIIIIIZ": 0.10643004295736469,
    "IZIIIIZI": 0.10643004295736469,
    "ZZIIIIII": 0.10616708713326568,
    "IIZZIIII": 0.10536879020023587,
    "ZIIZIIII": 0.10443791066921106,
    "IZZIIIII": 0.10443791066921106,
    "ZIIIZIII": 0.09370835844613998,
    "IZIIIZII": 0.09370835844613998,
    "IIIZIZII": 0.09041144181074887,
    "IIZIZIII": 0.09041144181074887,
    "ZIIIIIZI": 0.09012116441489153,
    "IZIIIIIZ": 0.09012116441489153,
    "IIIZIIIZ": 0.08809135640038034,
    "IIZIIIZI": 0.08809135640038034,
    "IIIIXXYY": -0.0654464769772229,
    "IIIIYXXY": 0.0654464769772229,
    "IIIIXYYX": 0.0654464769772229,
    "IIIIYYXX": -0.0654464769772229,
    "XZZZXIII": 0.06306615224784201,
    "YZZZYIII": 0.06306615224784201,
    "IXZZZXII": 0.06306615224784201,
    "IYZZZYII": 0.06306615224784201,
    "IIIXZZZX": 0.06154755165913996,
    "IIIYZZZY": 0.06154755165913996,
    "IIXZZZXI": 0.06154755165913996,
    "IIYZZZYI": 0.06154755165913996,
    "IZIZIIII": 0.06086697742640022,
    "ZIZIIIII": 0.06086697742640022,
    "IIIIIZIZ": 0.059739747097571565,
    "IIIIZIZI": 0.059739747097571565,
    "IXZXYZYI": 0.048771212807057665,
    "IXZXXZXI": 0.048771212807057665,
    "XZXIIXZX": 0.048771212807057665,
    "XZXIIYZY": 0.048771212807057665,
    "YZYIIXZX": 0.048771212807057665,
    "YZYIIYZY": 0.048771212807057665,
    "IYZYXZXI": 0.048771212807057665,
    "IYZYYZYI": 0.048771212807057665,
    "XXYYIIII": -0.04357093324281083,
    "XYYXIIII": 0.04357093324281083,
    "YXXYIIII": 0.04357093324281083,
    "YYXXIIII": -0.04357093324281083,
    "IIIYIZZY": -0.034331133327544436,
    "IIIXIZZX": -0.034331133327544436,
    "IIYZZIYI": -0.034331133327544436,
    "IIXZZIXI": -0.034331133327544436,
    "IIIYYXXI": -0.033231546289418004,
    "IIIXXYYI": -0.033231546289418004,
    "IIIXYYXI": 0.033231546289418004,
    "IIXZXYZY": 0.033231546289418004,
    "IIYZYXZX": 0.033231546289418004,
    "IIYZYYZY": 0.033231546289418004,
    "IIXZXXZX": 0.033231546289418004,
    "IIIYXXYI": 0.033231546289418004,
    "IIXZZZXZ": -0.03139806194237833,
    "IIYZZZYZ": -0.03139806194237833,
    "IIIXZZIX": -0.03139806194237833,
    "IIIYZZIY": -0.03139806194237833,
    "IXZXIYZY": 0.03071666992404498,
    "IYZYIXZX": 0.03071666992404498,
    "XZXIYZYI": 0.03071666992404498,
    "YZYIXZXI": 0.03071666992404498,
    "IXZXIXZX": 0.030354971520501588,
    "YZYIYZYI": 0.030354971520501588,
    "IYZYIYZY": 0.030354971520501588,
    "XZXIXZXI": 0.030354971520501588,
    "XZZZXZII": -0.030088959257028158,
    "IYZZIYII": -0.030088959257028158,
    "IXZZIXII": -0.030088959257028158,
    "YZZZYZII": -0.030088959257028158,
    "YZZZYIIZ": -0.028973010906744114,
    "XZZZXIIZ": -0.028973010906744114,
    "IXZZZXZI": -0.028973010906744114,
    "IYZZZYZI": -0.028973010906744114,
    "IXZZXIXX": -0.026097887699591794,
    "XZZZZYYX": 0.026097887699591794,
    "YZZZZXXY": 0.026097887699591794,
    "IYZZYIYY": -0.026097887699591794,
    "YZZZZYXX": -0.026097887699591794,
    "IYZZXIXY": -0.026097887699591794,
    "IXZZYIYX": -0.026097887699591794,
    "XZZZZXYY": -0.026097887699591794,
    "IIYIZZYI": -0.022671725848577642,
    "IIZXZZZX": -0.022671725848577642,
    "IIZYZZZY": -0.022671725848577642,
    "IIXIZZXI": -0.022671725848577642,
    "IXYYXIII": 0.022409161975223725,
    "YZYYZYII": 0.022409161975223725,
    "IYYXXIII": -0.022409161975223725,
    "YZYXZXII": 0.022409161975223725,
    "XZXYZYII": 0.022409161975223725,
    "IYXXYIII": 0.022409161975223725,
    "XZXXZXII": 0.022409161975223725,
    "IXXYYIII": -0.022409161975223725,
    "IZYZZZYI": -0.02207035966949723,
    "IZXZZZXI": -0.02207035966949723,
    "ZIIYZZZY": -0.02207035966949723,
    "ZIIXZZZX": -0.02207035966949723,
    "IIXYYXII": 0.021667189624985705,
    "IIYYXXII": -0.021667189624985705,
    "IIYXXYII": 0.021667189624985705,
    "IIXXYYII": -0.021667189624985705,
    "YZZIYIII": -0.020760702653445064,
    "XZZIXIII": -0.020760702653445064,
    "IYIZZYII": -0.020760702653445064,
    "IXIZZXII": -0.020760702653445064,
    "IIXXIIYY": -0.01999292491956365,
    "IIXYIIYX": 0.01999292491956365,
    "IIYXIIXY": 0.01999292491956365,
    "IIYYIIXX": -0.01999292491956365,
    "XZZXIXXI": -0.018416241286556077,
    "YZZXIXYI": -0.018416241286556077,
    "XZZYIYXI": -0.018416241286556077,
    "IXYIYZZX": -0.018416241286556077,
    "YZZYIYYI": -0.018416241286556077,
    "IYYIYZZY": -0.018416241286556077,
    "IYXIXZZY": -0.018416241286556077,
    "IXXIXZZX": -0.018416241286556077,
    "XXIIYYII": -0.018259668221252093,
    "XYIIYXII": 0.018259668221252093,
    "YXIIXYII": 0.018259668221252093,
    "YYIIXXII": -0.018259668221252093,
    "IXYIIYXI": 0.018054542883012684,
    "XZZXYZZY": -0.018054542883012684,
    "XZZYYZZX": 0.018054542883012684,
    "YZZXXZZY": 0.018054542883012684,
    "YZZYXZZX": -0.018054542883012684,
    "IYYIIXXI": -0.018054542883012684,
    "IXXIIYYI": -0.018054542883012684,
    "IYXIIXYI": 0.018054542883012684,
    "ZYZZZYII": -0.01798318566124499,
    "ZXZZZXII": -0.01798318566124499,
    "YIZZYIII": -0.017983185661244988,
    "XIZZXIII": -0.017983185661244988,
    "XXIIIIYY": -0.01630887854247317,
    "YYIIIIXX": -0.01630887854247317,
    "XYIIIIYX": 0.01630887854247317,
    "YXIIIIXY": 0.01630887854247317,
    "YYIYZZYI": -0.016187762947638847,
    "XYIYZZXI": -0.016187762947638847,
    "XXIXZZXI": -0.016187762947638847,
    "YYXZZZZX": -0.016187762947638847,
    "YXXZZZZY": 0.016187762947638847,
    "XYYZZZZX": 0.016187762947638847,
    "XXYZZZZY": -0.016187762947638847,
    "YXIXZZYI": -0.016187762947638847,
    "ZIYZZZYI": -0.005882596721858383,
    "ZIXZZZXI": -0.005882596721858383,
    "IZIXZZZX": -0.005882596721858383,
    "IZIYZZZY": -0.005882596721858383,
    "YZZZYIZI": -0.0028751232071523225,
    "XZZZXIZI": -0.0028751232071523225,
    "IYZZZYIZ": -0.0028751232071523225,
    "IXZZZXIZ": -0.0028751232071523225,
    "XZIZXIII": 0.001648459321778659,
    "YZIZYIII": 0.001648459321778659,
    "IYZIZYII": 0.001648459321778659,
    "IXZIZXII": 0.001648459321778659,
    "IIXZIZXI": -0.0010995870381264317,
    "IIYZIZYI": -0.0010995870381264317,
    "IIIXZIZX": -0.0010995870381264317,
    "IIIYZIZY": -0.0010995870381264317,
    "YZXIXZYI": -0.000361698403543392,
    "IXZYIYZX": -0.000361698403543392,
    "XZYIYZXI": -0.000361698403543392,
    "IYZXIXZY": -0.000361698403543392
  },
  "data": {
    "molecule_id": "D2_singlet_Dooh",
    "qubit_encoding": "JW",
    "unit": "Angstrom",
    "basis": "3-21g",
    "charge": 0,
    "multiplicity": 1,
    "spin": 0,
    "geometry": "H 0.0000000000 0.0000000000 -0.6673500000\nH 0.0000000000 0.0000000000 1.4088500000",
    "n_qubits": 8,
    "n_particles": {
      "total": 2,
      "alpha": 1,
      "beta": 1
    },
    "hf_array": [
      1,
      1,
      0,
      0,
      0,
      0,
      0,
      0
    ],
    "hf_method": "pyscf.scf.hf_symm.SymAdaptedRHF",
    "convergence_threshold": 1e-06,
    "point_group": {
      "groupname": "Dooh",
      "topgroup": "Dooh"
    },
    "alpha": 2.8,
    "calculated_properties": {
      "HF": {
        "energy": -0.8969421035376088,
        "converged": true
      },
      "MP2": {
        "energy": -0.9487828067522007,
        "converged": false
      },
      "CISD": {
        "energy": -1.0068109541210846,