{
  "hamiltonian": {
    "IIII": -0.4391295192825554,
    "IIZZ": 0.15353733673789038,
    "ZIIZ": 0.14658837564550292,
    "IZZI": 0.14658837564550292,
    "ZZII": 0.1459896700853472,
    "IZII": 0.11165692268098616,
    "ZIII": 0.11165692268098615,
    "ZIZI": 0.09313790930545894,
    "IZIZ": 0.09313790930545894,
    "IIZI": -0.0716826174131574,
    "IIIZ": -0.07168261741315739,
    "XXYY": -0.053450466340044,
    "XYYX": 0.053450466340044,
    "YXXY": 0.053450466340044,
    "YYXX": -0.053450466340044
  },
  "data": {
    "molecule_id": "D2_singlet_Dooh",
    "qubit_encoding": "JW",
    "unit": "Angstrom",
    "basis": "sto-3g",
    "charge": 0,
    "multiplicity": 1,
    "spin": 0,
    "geometry": "H 0.0000000000 0.0000000000 -0.2595250000\nH 0.0000000000 0.0000000000 1.0010250000",
    "n_qubits": 4,
    "n_particles": {
      "total": 2,
      "alpha": 1,
      "beta": 1
    },
    "hf_array": [
      1,
      1,
      0,
      0
    ],
    "hf_method": "pyscf.scf.hf_symm.SymAdaptedRHF",
    "convergence_threshold": 1e-06,
    "point_group": {
      "groupname": "Dooh",
      "topgroup": "Dooh"
    },
    "alpha": 1.7,
    "calculated_properties": {
      "HF": {
        "energy": -0.9857341625495286,
        "converged": true
      },
      "MP2": {
        "energy": -1.0171927565847385,
        "converged": false
      },
      "CISD": {
        "energy": -1.0435133081965045,
        "converged": true
      },
      "CCSD": {
        "energy": -1.043513308218883,
        "converged": true
      },
      "FCI": {
        "energy": -1.0435133081965042,
        "converged": true,
        "spin_matches_target": true,
        "multiplicity": 1.0,
        "oscillatory_converged": false,
        "oscillation_energy_change": null
      }
    },
    "auxiliary_operators": {
      "number_operator": {
        "IIII": 2.0,
        "ZIII": -0.5,
        "IZII": -0.5,
        "IIZI": -0.5,
        "IIIZ": -0.5
      },
      "N_alpha": {
        "IIII": 1.0,
        "ZIII": -0.5,
        "IIZI": -0.5
      },
      "N_beta": {
        "IIII": 1.0,
        "IZII": -0.5,
        "IIIZ": -0.5
      },
      "S^2_operator": {
        "IIII": 0.75,
        "ZZII": -0.375,
        "IIZZ": -0.375,
        "YXYX": 0.125,
        "YXXY": -0.125,
        "XXYY": 0.125,
        "XXXX": 0.125,
        "YYYY": 0.125,
        "YYXX": 0.125,
        "XYYX": -0.125,
        "XYXY": 0.125,
        "ZIZI": 0.125,
        "ZIIZ": -0.125,
        "IZZI": -0.125,
        "IZIZ": 0.125
      },
      "UCCSD_operator": {
        "XXYX": 0.03378077734028312,
        "YYYX": -0.03378077734028312,
        "YXYY": 0.03378077734028312,
        "XYYY": 0.03378077734028312,
        "YXXX": -0.03378077734028312,
        "XYXX": -0.03378077734028312,
        "XXXY": 0.03378077734028312,
        "YYXY": -0.03378077734028312
      }
    },
    "hf_method_fallback": "standard",
    "generation_time_s": 0.018,
    "timestamp": "2026-04-03T21:43:51.235034+00:00",
    "formula_latex": "$\\mathrm{D_{2}}$"
  }
}