{
  "hamiltonian": {
    "IIIIIIII": 2.810703398129095,
    "IIIIIIZI": -1.2354744740699939,
    "IIIIIIIZ": -1.2354744740699939,
    "IIIIZIII": -0.7503615743326961,
    "IIIIIZII": -0.7503615743326961,
    "IIIZIIII": -0.45244320128040105,
    "IIZIIIII": -0.452443201280401,
    "IZIIIIII": -0.2949280422739841,
    "ZIIIIIII": -0.29492804227398406,
    "IIIIIIZZ": 0.20281811331290844,
    "IZIIIIZI": 0.1818309135255074,
    "ZIIIIIIZ": 0.1818309135255074,
    "ZZIIIIII": 0.1776120822692558,
    "IIIIIZZI": 0.14940295276042836,
    "IIIIZIIZ": 0.14940295276042836,
    "ZIIIIIZI": 0.14533130430027846,
    "IZIIIIIZ": 0.14533130430027846,
    "ZIIIIZII": 0.14490171037999602,
    "IZIIZIII": 0.14490171037999602,
    "IIIIZZII": 0.12596735980935095,
    "IIIIIZIZ": 0.12119629442358754,
    "IIIIZIZI": 0.12119629442358754,
    "IIIZIIZI": 0.11576333297145464,
    "IIZIIIIZ": 0.11576333297145464,
    "ZIIIZIII": 0.11401824283463564,
    "IZIIIZII": 0.11401824283463564,
    "ZIIZIIII": 0.11287846624286005,
    "IZZIIIII": 0.11287846624286005,
    "IIZZIIII": 0.10093245204714228,
    "IIIZIIIZ": 0.10026590559969387,
    "IIZIIIZI": 0.10026590559969387,
    "IIIZZIII": 0.1000467558479379,
    "IIZIIZII": 0.1000467558479379,
    "IYZZZYII": 0.09653834066690693,
    "IXZZZXII": 0.09653834066690693,
    "XZZZXIII": 0.09653834066690693,
    "YZZZYIII": 0.09653834066690693,
    "IZIZIIII": 0.09460857912797652,
    "ZIZIIIII": 0.09460857912797652,
    "IIIZIZII": 0.08998221588574744,
    "IIZIZIII": 0.08998221588574744,
    "IXZZZXZI": -0.0549527430228095,
    "YZZZYIIZ": -0.0549527430228095,
    "IYZZZYZI": -0.0549527430228095,
    "XZZZXIIZ": -0.0549527430228095,
    "IIYZZZYI": -0.05124094258327161,
    "IIXZZZXI": -0.05124094258327161,
    "IIIYZZZY": -0.05124094258327161,
    "IIIXZZZX": -0.05124094258327161,
    "XIZZXIII": -0.04697590152527647,
    "ZXZZZXII": -0.04697590152527647,
    "ZYZZZYII": -0.04697590152527647,
    "YIZZYIII": -0.04697590152527647,
    "IIIYZZIY": 0.04201442430325741,
    "IIIXZZIX": 0.04201442430325741,
    "IIYZZZYZ": 0.04201442430325741,
    "IIXZZZXZ": 0.04201442430325741,
    "XXIIIIYY": -0.03649960922522893,
    "YYIIIIXX": -0.03649960922522893,
    "YXIIIIXY": 0.03649960922522893,
    "XYIIIIYX": 0.03649960922522893,
    "IZXZZZXI": 0.036048005082772686,
    "IZYZZZYI": 0.036048005082772686,
    "ZIIYZZZY": 0.036048005082772686,
    "ZIIXZZZX": 0.036048005082772686,
    "YZZZYZII": -0.03341015928257653,
    "XZZZXZII": -0.03341015928257653,
    "IXZZIXII": -0.03341015928257653,
    "IYZZIYII": -0.03341015928257653,
    "YXIIXYII": 0.0308834675453604,
    "YYIIXXII": -0.0308834675453604,
    "XXIIYYII": -0.0308834675453604,
    "XYIIYXII": 0.0308834675453604,
    "IYZZXIXY": -0.029729260899240224,
    "IXZZXIXX": -0.029729260899240224,
    "YZZZZYXX": -0.029729260899240224,
    "YZZZZXXY": 0.029729260899240224,
    "XZZZZYYX": 0.029729260899240224,
    "XZZZZXYY": -0.029729260899240224,
    "IXZZYIYX": -0.029729260899240224,
    "IYZZYIYY": -0.029729260899240224,
    "IIIIXYYX": 0.028206658336840815,
    "IIIIXXYY": -0.028206658336840815,
    "IIIIYXXY": 0.028206658336840815,
    "IIIIYYXX": -0.028206658336840815,
    "IIIXZIZX": 0.02570374598781815,
    "IIXZIZXI": 0.02570374598781815,
    "IIYZIZYI": 0.02570374598781815,
    "IIIYZIZY": 0.02570374598781815,
    "IYZZZYIZ": -0.025223482123569275,
    "IXZZZXIZ": -0.025223482123569275,
    "XZZZXIZI": -0.025223482123569275,
    "YZZZYIZI": -0.025223482123569275,
    "IIIYIZZY": 0.023958045827685973,
    "IIIXIZZX": 0.023958045827685973,
    "IIYZZIYI": 0.023958045827685973,
    "IIXZZIXI": 0.023958045827685973,
    "XXYZZZZY": 0.019220460622124937,
    "XXIXZZXI": 0.019220460622124937,
    "YXIXZZYI": 0.019220460622124937,
    "YYIYZZYI": 0.019220460622124937,
    "YYXZZZZX": 0.019220460622124937,
    "XYYZZZZX": -0.019220460622124937,
    "XYIYZZXI": 0.019220460622124937,
    "YXXZZZZY": -0.019220460622124937,
    "IYZIZYII": -0.018596795423115528,
    "IXZIZXII": -0.018596795423115528,
    "YZIZYIII": -0.018596795423115528,
    "XZIZXIII": -0.018596795423115528,
    "XXYYIIII": -0.018269887114883546,
    "YYXXIIII": -0.018269887114883546,
    "YXXYIIII": 0.018269887114883546,
    "XYYXIIII": 0.018269887114883546,
    "IYZYXZXI": -0.017871508492704344,
    "IYZYYZYI": -0.017871508492704344,
    "YZYIIYZY": -0.017871508492704344,
    "IXZXXZXI": -0.017871508492704344,
    "YZYIIXZX": -0.017871508492704344,
    "XZXIIYZY": -0.017871508492704344,
    "XZXIIXZX": -0.017871508492704344,
    "IXZXYZYI": -0.017871508492704344,
    "YZZXXZZY": -0.017623991515468704,
    "IYXIIXYI": -0.017623991515468704,
    "XZZYYZZX": -0.017623991515468704,
    "IXXIIYYI": 0.017623991515468704,
    "YZZYXZZX": 0.017623991515468704,
    "XZZXYZZY": 0.017623991515468704,
    "IXYIIYXI": -0.017623991515468704,
    "IYYIIXXI": 0.017623991515468704,
    "IZIXZZZX": 0.016827544460647756,
    "IZIYZZZY": 0.016827544460647756,
    "ZIYZZZYI": 0.016827544460647756,
    "ZIXZZZXI": 0.016827544460647756,
    "IIYYIIXX": -0.01549742737176076,
    "IIXXIIYY": -0.01549742737176076,
    "IIXYIIYX": 0.01549742737176076,
    "IIYXIIXY": 0.01549742737176076,
    "IXZXIXZX": -0.015294381234188689,
    "XZXIXZXI": -0.015294381234188689,
    "YZYIYZYI": -0.015294381234188689,
    "IYZYIYZY": -0.015294381234188689,
    "IYZXIXZY": -0.01504686425695305,
    "IXZYIYZX": -0.01504686425695305,
    "XZYIYZXI": -0.01504686425695305,
    "YZXIXZYI": -0.01504686425695305,
    "IIZXZZZX": 0.012440263831167395,
    "IIXIZZXI": 0.012440263831167395,
    "IIYIZZYI": 0.012440263831167395,
    "IIZYZZZY": 0.012440263831167395,
    "XZZIXIII": -0.01133107505311365,
    "YZZIYIII": -0.01133107505311365,
    "IXIZZXII": -0.01133107505311365,
    "IYIZZYII": -0.01133107505311365,
    "IIXXYYII": -0.010064539962190458,
    "IIXYYXII": 0.010064539962190458,
    "IIYXXYII": 0.010064539962190458,
    "IIYYXXII": -0.010064539962190458,
    "IXXYYIII": 0.007265720370001878,
    "XZXXZXII": -0.007265720370001878,
    "XZXYZYII": -0.007265720370001878,
    "IXYYXIII": -0.007265720370001878,
    "YZYYZYII": -0.007265720370001878,
    "IYYXXIII": 0.007265720370001878,
    "YZYXZXII": -0.007265720370001878,
    "IYXXYIII": -0.007265720370001878,
    "YZZYIYYI": 0.002577127258515655,
    "XZZXIXXI": 0.002577127258515655,
    "YZZXIXYI": 0.002577127258515655,
    "XZZYIYXI": 0.002577127258515655,
    "IXXIXZZX": 0.002577127258515655,
    "IXYIYZZX": 0.002577127258515655,
    "IYXIXZZY": 0.002577127258515655,
    "IYYIYZZY": 0.002577127258515655,
    "IIYZYXZX": 0.0017457001601321768,
    "IIXZXYZY": 0.0017457001601321768,
    "IIIXXYYI": -0.0017457001601321768,
    "IIIXYYXI": 0.0017457001601321768,
    "IIIYXXYI": 0.0017457001601321768,
    "IIIYYXXI": -0.0017457001601321768,
    "IIXZXXZX": 0.0017457001601321768,
    "IIYZYYZY": 0.0017457001601321768,
    "XZXIYZYI": -0.0002475169772356402,
    "YZYIXZXI": -0.0002475169772356402,
    "IXZXIYZY": -0.0002475169772356402,
    "IYZYIXZX": -0.0002475169772356402
  },
  "data": {
    "molecule_id": "D2_singlet_Dooh",
    "qubit_encoding": "JW",
    "unit": "Angstrom",
    "basis": "3-21g",
    "charge": 0,
    "multiplicity": 1,
    "spin": 0,
    "geometry": "H 0.0000000000 0.0000000000 0.0741500000\nH 0.0000000000 0.0000000000 0.6673500000",
    "n_qubits": 8,
    "n_particles": {
      "total": 2,
      "alpha": 1,
      "beta": 1
    },
    "hf_array": [
      1,
      1,
      0,
      0,
      0,
      0,
      0,
      0
    ],
    "hf_method": "pyscf.scf.hf_symm.SymAdaptedRHF",
    "convergence_threshold": 1e-06,
    "point_group": {
      "groupname": "Dooh",
      "topgroup": "Dooh"
    },
    "alpha": 0.8,
    "calculated_properties": {
      "HF": {
        "energy": -1.1024925270952701,
        "converged": true
      },
      "MP2": {
        "energy": -1.118444847465366,
        "converged": false
      },
      "CISD": {
        "energy": -1.1245798448139797,