{
  "hamiltonian": {
    "IIIIIIII": 3.6203098318792657,
    "IIIIIIIZ": -1.5163515706945292,
    "IIIIIIZI": -1.5163515706945287,
    "IIIIZIII": -0.6927648108813245,
    "IIIIIZII": -0.6927648108813245,
    "IIZIIIII": -0.46710341389400345,
    "IIIZIIII": -0.46710341389400334,
    "ZIIIIIII": -0.27881390001574324,
    "IZIIIIII": -0.27881390001574324,
    "IIIIIIZZ": 0.22690831348008944,
    "ZIIIIIIZ": 0.20742958416107565,
    "IZIIIIZI": 0.20742958416107565,
    "ZZIIIIII": 0.20475166754045568,
    "ZIIIIIZI": 0.16603431843894378,
    "IZIIIIIZ": 0.16603431843894378,
    "IIIIIZZI": 0.15096750110500978,
    "IIIIZIIZ": 0.15096750110500978,
    "IZIIZIII": 0.1497105573323902,
    "ZIIIIZII": 0.1497105573323902,
    "IIIIIZIZ": 0.1322531574257043,
    "IIIIZIZI": 0.1322531574257043,
    "IIIIZZII": 0.12184094714710399,
    "IZIIIZII": 0.1175290261907263,
    "ZIIIZIII": 0.1175290261907263,
    "IIIZIIZI": 0.11385061091858326,
    "IIZIIIIZ": 0.11385061091858326,
    "IZZIIIII": 0.11148381682503744,
    "ZIIZIIII": 0.11148381682503744,
    "IIIZIIIZ": 0.1019325276547948,
    "IIZIIIZI": 0.1019325276547948,
    "IIZZIIII": 0.09930714169251609,
    "ZIZIIIII": 0.0987228302201806,
    "IZIZIIII": 0.0987228302201806,
    "IIZIIZII": 0.09768808118640149,
    "IIIZZIII": 0.09768808118640149,
    "IYZZZYII": -0.0948188501564883,
    "IXZZZXII": -0.0948188501564883,
    "YZZZYIII": -0.0948188501564883,
    "XZZZXIII": -0.0948188501564883,
    "IIIZIZII": 0.08453046872008446,
    "IIZIZIII": 0.08453046872008446,
    "XZZZXIIZ": 0.05923534443981518,
    "IXZZZXZI": 0.05923534443981518,
    "IYZZZYZI": 0.05923534443981518,
    "YZZZYIIZ": 0.05923534443981518,
    "ZYZZZYII": 0.054230048312663676,
    "ZXZZZXII": 0.054230048312663676,
    "YIZZYIII": 0.05423004831266367,
    "XIZZXIII": 0.05423004831266367,
    "XXIIIIYY": -0.04139526572213187,
    "YXIIIIXY": 0.04139526572213187,
    "YYIIIIXX": -0.04139526572213187,
    "XYIIIIYX": 0.04139526572213187,
    "IIXZZZXZ": 0.03935673456408294,
    "IIYZZZYZ": 0.03935673456408294,
    "IIIXZZIX": 0.03935673456408294,
    "IIIYZZIY": 0.03935673456408294,
    "IIYZZZYI": -0.03806310782484004,
    "IIIYZZZY": -0.03806310782484004,
    "IIXZZZXI": -0.03806310782484004,
    "IIIXZZZX": -0.03806310782484004,
    "IZXZZZXI": 0.03516220796285737,
    "ZIIXZZZX": 0.03516220796285737,
    "IZYZZZYI": 0.03516220796285737,
    "ZIIYZZZY": 0.03516220796285737,
    "IXZZZXIZ": 0.03380450333141775,
    "IYZZZYIZ": 0.03380450333141775,
    "YZZZYIZI": 0.03380450333141775,
    "XZZZXIZI": 0.03380450333141775,
    "YXIIXYII": 0.03218153114166388,
    "XYIIYXII": 0.03218153114166388,
    "YYIIXXII": -0.03218153114166388,
    "XXIIYYII": -0.03218153114166388,
    "IYZZIYII": 0.030708623085364577,
    "IXZZIXII": 0.030708623085364577,
    "XZZZXZII": 0.030708623085364577,
    "YZZZYZII": 0.030708623085364577,
    "IYZZXIXY": 0.025430841108397426,
    "IXZZYIYX": 0.025430841108397426,
    "IXZZXIXX": 0.025430841108397426,
    "XZZZZXYY": 0.025430841108397426,
    "XZZZZYYX": -0.025430841108397426,
    "YZZZZXXY": -0.025430841108397426,
    "IYZZYIYY": 0.025430841108397426,
    "YZZZZYXX": 0.025430841108397426,
    "IIXZIZXI": 0.023209395057430825,
    "IIYZIZYI": 0.023209395057430825,
    "IIIXZIZX": 0.023209395057430825,
    "IIIYZIZY": 0.023209395057430825,
    "IIIYIZZY": 0.019066129536750225,
    "IIIXIZZX": 0.019066129536750225,
    "IIYZZIYI": 0.019066129536750225,
    "IIXZZIXI": 0.019066129536750225,
    "IIIIXXYY": -0.018714343679305485,
    "IIIIXYYX": 0.018714343679305485,
    "IIIIYYXX": -0.018714343679305485,
    "IIIIYXXY": 0.018714343679305485,
    "IZIYZZZY": 0.018143298335777602,
    "ZIYZZZYI": 0.018143298335777602,
    "ZIXZZZXI": 0.018143298335777602,
    "IZIXZZZX": 0.018143298335777602,
    "XZIZXIII": 0.01735511047172463,
    "YZIZYIII": 0.01735511047172463,
    "IXZIZXII": 0.01735511047172463,
    "IYZIZYII": 0.01735511047172463,
    "YYIYZZYI": 0.01701890962707977,
    "YXIXZZYI": 0.01701890962707977,
    "XYIYZZXI": 0.01701890962707977,
    "XXIXZZXI": 0.01701890962707977,
    "YXXZZZZY": -0.01701890962707977,
    "YYXZZZZX": 0.01701890962707977,
    "XXYZZZZY": 0.01701890962707977,
    "XYYZZZZX": -0.01701890962707977,
    "IYZXIXZY": 0.01696629545480343,
    "IXZYIYZX": 0.01696629545480343,
    "XZYIYZXI": 0.01696629545480343,
    "YZXIXZYI": 0.01696629545480343,
    "XZZXYZZY": -0.01402858495505235,
    "XZZYYZZX": 0.01402858495505235,
    "YZZXXZZY": 0.01402858495505235,
    "YZZYXZZX": -0.01402858495505235,
    "IXXIIYYI": -0.01402858495505235,
    "IXYIIYXI": 0.01402858495505235,
    "IYXIIXYI": 0.01402858495505235,
    "IYYIIXXI": -0.01402858495505235,
    "IYZYIYZY": 0.013654697766008552,
    "IXZXIXZX": 0.013654697766008552,
    "YZYIYZYI": 0.013654697766008552,
    "XZXIXZXI": 0.013654697766008552,
    "IIYXXYII": 0.013157612466317026,
    "IIYYXXII": -0.013157612466317026,
    "IIXXYYII": -0.013157612466317026,
    "IIXYYXII": 0.013157612466317026,
    "YYXXIIII": -0.012760986604856837,
    "YXXYIIII": 0.012760986604856837,
    "XYYXIIII": 0.012760986604856837,
    "XXYYIIII": -0.012760986604856837,
    "IIXYIIYX": 0.011918083263788456,
    "IIYXIIXY": 0.011918083263788456,
    "IIXXIIYY": -0.011918083263788456,
    "IIYYIIXX": -0.011918083263788456,
    "XZXIIYZY": 0.010716987266257468,
    "IYZYYZYI": 0.010716987266257468,
    "IYZYXZXI": 0.010716987266257468,
    "IXZXYZYI": 0.010716987266257468,
    "IXZXXZXI": 0.010716987266257468,
    "YZYIIYZY": 0.010716987266257468,
    "YZYIIXZX": 0.010716987266257468,
    "XZXIIXZX": 0.010716987266257468,
    "IIXIZZXI": 0.009736326543538804,
    "IIZXZZZX": 0.009736326543538804,
    "IIZYZZZY": 0.009736326543538804,
    "IIYIZZYI": 0.009736326543538804,
    "XZXXZXII": 0.00940976206858942,
    "IXXYYIII": -0.00940976206858942,
    "IXYYXIII": 0.00940976206858942,
    "IYXXYIII": 0.00940976206858942,
    "IYYXXIII": -0.00940976206858942,
    "YZYXZXII": 0.00940976206858942,
    "XZXYZYII": 0.00940976206858942,
    "YZYYZYII": 0.00940976206858942,
    "XZZIXIII": 0.007945348403135214,
    "IXIZZXII": 0.007945348403135214,
    "YZZIYIII": 0.007945348403135214,
    "IYIZZYII": 0.007945348403135214,
    "IIIYYXXI": -0.0041432655206805995,
    "IIIYXXYI": 0.0041432655206805995,
    "IIIXYYXI": 0.0041432655206805995,
    "IIXZXYZY": 0.0041432655206805995,
    "IIYZYXZX": 0.0041432655206805995,
    "IIYZYYZY": 0.0041432655206805995,
    "IIIXXYYI": -0.0041432655206805995,
    "IIXZXXZX": 0.0041432655206805995,
    "YZYIXZXI": -0.0033115976887948782,
    "IXZXIYZY": -0.0033115976887948782,
    "IYZYIXZX": -0.0033115976887948782,
    "XZXIYZYI": -0.0033115976887948782,
    "IXXIXZZX": 0.0029377104997510835,
    "IXYIYZZX": 0.0029377104997510835,
    "IYXIXZZY": 0.0029377104997510835,
    "IYYIYZZY": 0.0029377104997510835,
    "XZZXIXXI": 0.0029377104997510835,
    "YZZXIXYI": 0.0029377104997510835,
    "YZZYIYYI": 0.0029377104997510835,
    "XZZYIYXI": 0.0029377104997510835
  },
  "data": {
    "molecule_id": "D2_singlet_Dooh",
    "qubit_encoding": "JW",
    "unit": "Angstrom",
    "basis": "3-21g",
    "charge": 0,
    "multiplicity": 1,
    "spin": 0,
    "geometry": "H 0.0000000000 0.0000000000 0.1853750000\nH 0.0000000000 0.0000000000 0.5561250000",
    "n_qubits": 8,
    "n_particles": {
      "total": 2,
      "alpha": 1,
      "beta": 1
    },
    "hf_array": [
      1,
      1,
      0,
      0,
      0,
      0,
      0,
      0
    ],
    "hf_method": "pyscf.scf.hf_symm.SymAdaptedRHF",
    "convergence_threshold": 1e-06,
    "point_group": {
      "groupname": "Dooh",
      "topgroup": "Dooh"
    },
    "alpha": 0.5,
    "calculated_properties": {
      "HF": {
        "energy": -0.861069461484347,
        "converged": true
      },
      "MP2": {
        "energy": -0.8745629062536542,
        "converged": false
      },
      "CISD": {
        "energy": -0.8790020069217157,
        "converged": true
      },