{
  "hamiltonian": {
    "IIIIIIII": 2.511297129535298,
    "IIIIIIZI": -1.0781634343425184,
    "IIIIIIIZ": -1.0781634343425184,
    "IIIIZIII": -0.8088262170967032,
    "IIIIIZII": -0.8088262170967031,
    "IIIZIIII": -0.4342308930875702,
    "IIZIIIII": -0.4342308930875701,
    "ZIIIIIII": -0.29952285416328867,
    "IZIIIIII": -0.29952285416328867,
    "IIIIIIZZ": 0.179385264714477,
    "IZIIIIZI": 0.15996389263743027,
    "ZIIIIIIZ": 0.15996389263743027,
    "ZZIIIIII": 0.15678069433299133,
    "IIIIZIIZ": 0.14483579575350425,
    "IIIIIZZI": 0.14483579575350425,
    "IZIIZIII": 0.13765301423903087,
    "ZIIIIZII": 0.13765301423903087,
    "ZIIIIIZI": 0.12906010934415468,
    "IZIIIIIZ": 0.12906010934415468,
    "IIIIZZII": 0.12681368139077592,
    "IIIZIIZI": 0.11733116454905569,
    "IIZIIIIZ": 0.11733116454905569,
    "IZZIIIII": 0.11426105839054528,
    "ZIIZIIII": 0.11426105839054528,
    "ZIIIZIII": 0.11047669425368432,
    "IZIIIZII": 0.11047669425368432,
    "IIIIIZIZ": 0.10587849879808807,
    "IIIIZIZI": 0.10587849879808807,
    "IIIZZIII": 0.10358407814532684,
    "IIZIIZII": 0.10358407814532684,
    "IIZZIIII": 0.10343477809688603,
    "IIZIIIZI": 0.09832527957963551,
    "IIIZIIIZ": 0.09832527957963551,
    "IIIZIZII": 0.09488913481046321,
    "IIZIZIII": 0.09488913481046321,
    "IYZZZYII": 0.0915982700334058,
    "IXZZZXII": 0.0915982700334058,
    "XZZZXIII": 0.09159827003340579,
    "YZZZYIII": 0.09159827003340579,
    "IZIZIIII": 0.0900187839553326,
    "ZIZIIIII": 0.0900187839553326,
    "IIXZZZXI": -0.060348569351113115,
    "IIIXZZZX": -0.060348569351113115,
    "IIYZZZYI": -0.060348569351113115,
    "IIIYZZZY": -0.060348569351113115,
    "XZZZXIIZ": -0.04858512983100552,
    "YZZZYIIZ": -0.04858512983100552,
    "IYZZZYZI": -0.04858512983100552,
    "IXZZZXZI": -0.04858512983100552,
    "IIIYZZIY": 0.04247922931031717,
    "IIIXZZIX": 0.04247922931031717,
    "IIYZZZYZ": 0.04247922931031717,
    "IIXZZZXZ": 0.04247922931031717,
    "ZXZZZXII": -0.038975877240066986,
    "ZYZZZYII": -0.038975877240066986,
    "XIZZXIII": -0.038975877240066986,
    "YIZZYIII": -0.038975877240066986,
    "IIIIXXYY": -0.038957296955416186,
    "IIIIXYYX": 0.038957296955416186,
    "IIIIYXXY": 0.038957296955416186,
    "IIIIYYXX": -0.038957296955416186,
    "IZYZZZYI": 0.03546772175794556,
    "IZXZZZXI": 0.03546772175794556,
    "ZIIYZZZY": 0.03546772175794556,
    "ZIIXZZZX": 0.03546772175794556,
    "YZZZYZII": -0.032695510826793985,
    "IYZZIYII": -0.032695510826793985,
    "IXZZIXII": -0.032695510826793985,
    "XZZZXZII": -0.032695510826793985,
    "IXZZXIXX": -0.031841334588110934,
    "IXZZYIYX": -0.031841334588110934,
    "IYZZXIXY": -0.031841334588110934,
    "XZZZZYYX": 0.031841334588110934,
    "YZZZZXXY": 0.031841334588110934,
    "YZZZZYXX": -0.031841334588110934,
    "XZZZZXYY": -0.031841334588110934,
    "IYZZYIYY": -0.031841334588110934,
    "YYIIIIXX": -0.03090378329327557,
    "YXIIIIXY": 0.03090378329327557,
    "XYIIIIYX": 0.03090378329327557,
    "XXIIIIYY": -0.03090378329327557,
    "IIIYIZZY": 0.02847670290219483,
    "IIIXIZZX": 0.02847670290219483,
    "IIYZZIYI": 0.02847670290219483,
    "IIXZZIXI": 0.02847670290219483,
    "XXIIYYII": -0.027176319985346534,
    "YYIIXXII": -0.027176319985346534,
    "XYIIYXII": 0.027176319985346534,
    "YXIIXYII": 0.027176319985346534,
    "XZXIIYZY": -0.026072707096696415,
    "YZYIIYZY": -0.026072707096696415,
    "YZYIIXZX": -0.026072707096696415,
    "IYZYXZXI": -0.026072707096696415,
    "XZXIIXZX": -0.026072707096696415,
    "IXZXYZYI": -0.026072707096696415,
    "IXZXXZXI": -0.026072707096696415,
    "IYZYYZYI": -0.026072707096696415,
    "IIIXZIZX": 0.02426265495372198,
    "IIYZIZYI": 0.02426265495372198,
    "IIIYZIZY": 0.02426265495372198,
    "IIXZIZXI": 0.02426265495372198,
    "YXXYIIII": 0.024242274435212683,
    "XYYXIIII": 0.024242274435212683,
    "XXYYIIII": -0.024242274435212683,
    "YYXXIIII": -0.024242274435212683,
    "XXIXZZXI": 0.02016665004833504,
    "XYIYZZXI": 0.02016665004833504,
    "YYXZZZZX": 0.02016665004833504,
    "YXIXZZYI": 0.02016665004833504,
    "XXYZZZZY": 0.02016665004833504,
    "XYYZZZZX": -0.02016665004833504,
    "YYIYZZYI": 0.02016665004833504,
    "YXXZZZZY": -0.02016665004833504,
    "IYYIIXXI": 0.019998096901614873,
    "IYXIIXYI": -0.019998096901614873,
    "IXXIIYYI": 0.019998096901614873,
    "IXYIIYXI": -0.019998096901614873,
    "XZZXYZZY": 0.019998096901614873,
    "XZZYYZZX": -0.019998096901614873,
    "YZZYXZZX": 0.019998096901614873,
    "YZZXXZZY": -0.019998096901614873,
    "IIXXIIYY": -0.019005884969420177,
    "IIYYIIXX": -0.019005884969420177,
    "IIYXIIXY": 0.019005884969420177,
    "IIXYIIYX": 0.019005884969420177,
    "IXZIZXII": -0.01735290309860138,
    "XZIZXIII": -0.01735290309860138,
    "YZIZYIII": -0.01735290309860138,
    "IYZIZYII": -0.01735290309860138,
    "YZYIYZYI": -0.017290446066096834,
    "IYZYIYZY": -0.017290446066096834,
    "XZXIXZXI": -0.017290446066096834,
    "IXZXIXZX": -0.017290446066096834,
    "YZZZYIZI": -0.016743795242894585,
    "IXZZZXIZ": -0.016743795242894585,
    "IYZZZYIZ": -0.016743795242894585,
    "XZZZXIZI": -0.016743795242894585,
    "IIZXZZZX": 0.015898771998674285,
    "IIZYZZZY": 0.015898771998674285,
    "IIXIZZXI": 0.015898771998674285,
    "IIYIZZYI": 0.015898771998674285,
    "IZIYZZZY": 0.015301071709610523,
    "IZIXZZZX": 0.015301071709610523,
    "ZIYZZZYI": 0.015301071709610523,
    "ZIXZZZXI": 0.015301071709610523,
    "YZZIYIII": -0.015196812817278941,
    "XZZIXIII": -0.015196812817278941,
    "IYIZZYII": -0.015196812817278941,
    "IXIZZXII": -0.015196812817278941,
    "IYZXIXZY": -0.011215835871015292,
    "IXZYIYZX": -0.011215835871015292,
    "YZXIXZYI": -0.011215835871015292,
    "XZYIYZXI": -0.011215835871015292,
    "IXXIXZZX": 0.008782261030599581,
    "XZZYIYXI": 0.008782261030599581,
    "IXYIYZZX": 0.008782261030599581,
    "IYXIXZZY": 0.008782261030599581,
    "IYYIYZZY": 0.008782261030599581,
    "XZZXIXXI": 0.008782261030599581,
    "YZZXIXYI": 0.008782261030599581,
    "YZZYIYYI": 0.008782261030599581,
    "IIXXYYII": -0.008694943334863633,
    "IIXYYXII": 0.008694943334863633,
    "IIYXXYII": 0.008694943334863633,
    "IIYYXXII": -0.008694943334863633,
    "IYZYIXZX": -0.006074610195081542,
    "XZXIYZYI": -0.006074610195081542,
    "YZYIXZXI": -0.006074610195081542,
    "IXZXIYZY": -0.006074610195081542,
    "IIIYYXXI": 0.004214047948472848,
    "IIIYXXYI": -0.004214047948472848,
    "IIIXYYXI": -0.004214047948472848,
    "IIXZXXZX": -0.004214047948472848,
    "IIYZYYZY": -0.004214047948472848,
    "IIYZYXZX": -0.004214047948472848,
    "IIXZXYZY": -0.004214047948472848,
    "IIIXXYYI": 0.004214047948472848,
    "YZYXZXII": -0.0021560902813224404,
    "YZYYZYII": -0.0021560902813224404,
    "XZXXZXII": -0.0021560902813224404,
    "XZXYZYII": -0.0021560902813224404,
    "IXYYXIII": -0.0021560902813224404,
    "IYXXYIII": -0.0021560902813224404,
    "IYYXXIII": 0.0021560902813224404,
    "IXXYYIII": 0.0021560902813224404
  },
  "data": {
    "molecule_id": "D2_singlet_Dooh",
    "qubit_encoding": "JW",
    "unit": "Angstrom",
    "basis": "3-21g",
    "charge": 0,
    "multiplicity": 1,
    "spin": 0,
    "geometry": "H 0.0000000000 0.0000000000 -0.0370750000\nH 0.0000000000 0.0000000000 0.7785750000",
    "n_qubits": 8,
    "n_particles": {
      "total": 2,
      "alpha": 1,
      "beta": 1
    },
    "hf_array": [
      1,
      1,
      0,
      0,
      0,
      0,
      0,
      0
    ],
    "hf_method": "pyscf.scf.hf_symm.SymAdaptedRHF",
    "convergence_threshold": 1e-06,
    "point_group": {
      "groupname": "Dooh",
      "topgroup": "Dooh"
    },
    "alpha": 1.1,
    "calculated_properties": {
      "HF": {
        "energy": -1.1188630350247868,
        "converged": true
      },
      "MP2": {
        "energy": -1.1369098394213784,
        "converged": false
      },
      "CISD": {
        "energy": -1.1454175003309333,