{
  "hamiltonian": {
    "IIIIIIII": 2.413242834894113,
    "IIIIIIZI": -0.9832116739719888,
    "IIIIIIIZ": -0.9832116739719887,
    "IIIIIZII": -0.870342955536567,
    "IIIIZIII": -0.8703429555365669,
    "IIZIIIII": -0.41409817807178745,
    "IIIZIIII": -0.4140981780717874,
    "ZIIIIIII": -0.29878354992647804,
    "IZIIIIII": -0.29878354992647804,
    "IIIIIIZZ": 0.15910890087443896,
    "ZIIIIIIZ": 0.1425820859412313,
    "IZIIIIZI": 0.1425820859412313,
    "ZZIIIIII": 0.14136776520662578,
    "IIIIIZZI": 0.13990466094833792,
    "IIIIZIIZ": 0.13990466094833792,
    "ZIIIIZII": 0.1308408145440835,
    "IZIIZIII": 0.1308408145440835,
    "IIIIZZII": 0.1278161401737799,
    "IIIZIIZI": 0.1173670895401454,
    "IIZIIIIZ": 0.1173670895401454,
    "ZIIIIIZI": 0.11680224875540027,
    "IZIIIIIZ": 0.11680224875540027,
    "ZIIZIIII": 0.11444080405635294,
    "IZZIIIII": 0.11444080405635294,
    "IIIZZIII": 0.10780797470383174,
    "IIZIIZII": 0.10780797470383174,
    "IZIIIZII": 0.10762207253360473,
    "ZIIIZIII": 0.10762207253360473,
    "IIZZIIII": 0.10596995451710331,
    "IIZIZIII": 0.09748625783481797,
    "IIIZIZII": 0.09748625783481797,
    "IIZIIIZI": 0.09618983832648963,
    "IIIZIIIZ": 0.09618983832648963,
    "IIIIIZIZ": 0.09153461778353578,
    "IIIIZIZI": 0.09153461778353578,
    "ZIZIIIII": 0.0849828574070478,
    "IZIZIIII": 0.0849828574070478,
    "XZZZXIII": 0.08347761084920832,
    "IYZZZYII": 0.08347761084920832,
    "IXZZZXII": 0.08347761084920832,
    "YZZZYIII": 0.08347761084920832,
    "IIIYZZZY": -0.06384315001616607,
    "IIYZZZYI": -0.06384315001616607,
    "IIXZZZXI": -0.06384315001616607,
    "IIIXZZZX": -0.06384315001616607,
    "IIIIXXYY": -0.04837004316480215,
    "IIIIXYYX": 0.04837004316480215,
    "IIIIYXXY": 0.04837004316480215,
    "IIIIYYXX": -0.04837004316480215,
    "IXZZZXZI": -0.041823744651175616,
    "IYZZZYZI": -0.041823744651175616,
    "YZZZYIIZ": -0.041823744651175616,
    "XZZZXIIZ": -0.041823744651175616,
    "IIIYZZIY": 0.040551937516806955,
    "IIYZZZYZ": 0.040551937516806955,
    "IIXZZZXZ": 0.040551937516806955,
    "IIIXZZIX": 0.040551937516806955,
    "ZIIXZZZX": 0.03333740622116053,
    "ZIIYZZZY": 0.03333740622116053,
    "IZYZZZYI": 0.03333740622116053,
    "IZXZZZXI": 0.03333740622116053,
    "IXZXYZYI": -0.03327944554862351,
    "IXZXXZXI": -0.03327944554862351,
    "XZXIIYZY": -0.03327944554862351,
    "YZYIIXZX": -0.03327944554862351,
    "YZYIIYZY": -0.03327944554862351,
    "IYZYYZYI": -0.03327944554862351,
    "IYZYXZXI": -0.03327944554862351,
    "XZXIIXZX": -0.03327944554862351,
    "IIXZZIXI": 0.03193334835357965,
    "IIYZZIYI": 0.03193334835357965,
    "IIIXIZZX": 0.03193334835357965,
    "IIIYIZZY": 0.03193334835357965,
    "YIZZYIII": -0.03176661698284944,
    "XIZZXIII": -0.03176661698284944,
    "ZYZZZYII": -0.03176661698284944,
    "ZXZZZXII": -0.03176661698284944,
    "IXZZYIYX": -0.03156113640482325,
    "YZZZZXXY": 0.03156113640482325,
    "YZZZZYXX": -0.03156113640482325,
    "IYZZYIYY": -0.03156113640482325,
    "IYZZXIXY": -0.03156113640482325,
    "XZZZZXYY": -0.03156113640482325,
    "IXZZXIXX": -0.03156113640482325,
    "XZZZZYYX": 0.03156113640482325,
    "IXZZIXII": -0.03123328213233617,
    "IYZZIYII": -0.03123328213233617,
    "YZZZYZII": -0.03123328213233617,
    "XZZZXZII": -0.03123328213233617,
    "XYYXIIII": 0.02945794664930516,
    "YXXYIIII": 0.02945794664930516,
    "XXYYIIII": -0.02945794664930516,
    "YYXXIIII": -0.02945794664930516,
    "YYIIIIXX": -0.025779837185831038,
    "YXIIIIXY": 0.025779837185831038,
    "XYIIIIYX": 0.025779837185831038,
    "XXIIIIYY": -0.025779837185831038,
    "YXIIXYII": 0.02321874201047877,
    "YYIIXXII": -0.02321874201047877,
    "XYIIYXII": 0.02321874201047877,
    "XXIIYYII": -0.02321874201047877,
    "IIXYIIYX": 0.02117725121365576,
    "IIXXIIYY": -0.02117725121365576,
    "IIYXIIXY": 0.02117725121365576,
    "IIYYIIXX": -0.02117725121365576,
    "XZZXYZZY": 0.020564233354084985,
    "IXYIIYXI": -0.020564233354084985,
    "IXXIIYYI": 0.020564233354084985,
    "YZZYXZZX": 0.020564233354084985,
    "YZZXXZZY": -0.020564233354084985,
    "XZZYYZZX": -0.020564233354084985,
    "IYXIIXYI": -0.020564233354084985,
    "IYYIIXXI": 0.020564233354084985,
    "XXIXZZXI": 0.019704001784784323,
    "YXIXZZYI": 0.019704001784784323,
    "XYIYZZXI": 0.019704001784784323,
    "YYIYZZYI": 0.019704001784784323,
    "YXXZZZZY": -0.01970400178478432,
    "XYYZZZZX": -0.01970400178478432,
    "YYXZZZZX": 0.01970400178478432,
    "XXYZZZZY": 0.01970400178478432,
    "IXZXIXZX": -0.0194587861273898,
    "XZXIXZXI": -0.0194587861273898,
    "IYZYIYZY": -0.0194587861273898,
    "YZYIYZYI": -0.0194587861273898,
    "IIYZIZYI": 0.019262067384420427,
    "IIXZIZXI": 0.019262067384420427,
    "IIIYZIZY": 0.019262067384420427,
    "IIIXZIZX": 0.019262067384420427,
    "IIZYZZZY": 0.01906660725926061,
    "IIXIZZXI": 0.01906660725926061,
    "IIYIZZYI": 0.01906660725926061,
    "IIZXZZZX": 0.01906660725926061,
    "YZZIYIII": -0.01837681216578846,
    "XZZIXIII": -0.01837681216578846,
    "IYIZZYII": -0.01837681216578846,
    "IXIZZXII": -0.01837681216578846,
    "XZZYIYXI": 0.01382065942123371,
    "YZZXIXYI": 0.01382065942123371,
    "YZZYIYYI": 0.01382065942123371,
    "IXYIYZZX": 0.01382065942123371,
    "IYXIXZZY": 0.01382065942123371,
    "IYYIYZZY": 0.01382065942123371,
    "IXXIXZZX": 0.01382065942123371,
    "XZZXIXXI": 0.01382065942123371,
    "ZIXZZZXI": 0.0136334044363762,
    "IZIYZZZY": 0.0136334044363762,
    "ZIYZZZYI": 0.0136334044363762,
    "IZIXZZZX": 0.0136334044363762,
    "XZIZXIII": -0.013547780914223028,
    "IYZIZYII": -0.013547780914223028,
    "YZIZYIII": -0.013547780914223028,
    "IXZIZXII": -0.013547780914223028,
    "IXZXIYZY": -0.012715212194538522,
    "IYZYIXZX": -0.012715212194538522,
    "YZYIXZXI": -0.012715212194538522,
    "XZXIYZYI": -0.012715212194538522,
    "IIYZYYZY": -0.012671280969159227,
    "IIYZYXZX": -0.012671280969159227,
    "IIXZXYZY": -0.012671280969159227,
    "IIXZXXZX": -0.012671280969159227,
    "IIIYXXYI": -0.012671280969159227,
    "IIIYYXXI": 0.012671280969159227,
    "IIIXXYYI": 0.012671280969159227,
    "IIIXYYXI": -0.012671280969159227,
    "IIYYXXII": -0.010321716869013764,
    "IIXYYXII": 0.010321716869013764,
    "IIXXYYII": -0.010321716869013764,
    "IIYXXYII": 0.010321716869013764,
    "YZZZYIZI": -0.010262608246352362,
    "IYZZZYIZ": -0.010262608246352362,
    "IXZZZXIZ": -0.010262608246352362,
    "XZZZXIZI": -0.010262608246352362,
    "XZYIYZXI": -0.00674357393285128,
    "IYZXIXZY": -0.00674357393285128,
    "IXZYIYZX": -0.00674357393285128,
    "YZXIXZYI": -0.00674357393285128,
    "XZXXZXII": 0.004829031251565429,
    "XZXYZYII": 0.004829031251565429,
    "YZYXZXII": 0.004829031251565429,
    "YZYYZYII": 0.004829031251565429,
    "IXXYYIII": -0.004829031251565429,
    "IXYYXIII": 0.004829031251565429,
    "IYXXYIII": 0.004829031251565429,
    "IYYXXIII": -0.004829031251565429
  },
  "data": {
    "molecule_id": "D2_singlet_Dooh",
    "qubit_encoding": "JW",
    "unit": "Angstrom",
    "basis": "3-21g",
    "charge": 0,
    "multiplicity": 1,
    "spin": 0,
    "geometry": "H 0.0000000000 0.0000000000 -0.1483000000\nH 0.0000000000 0.0000000000 0.8898000000",
    "n_qubits": 8,
    "n_particles": {
      "total": 2,
      "alpha": 1,
      "beta": 1
    },
    "hf_array": [
      1,
      1,
      0,
      0,
      0,
      0,
      0,
      0
    ],
    "hf_method": "pyscf.scf.hf_symm.SymAdaptedRHF",
    "convergence_threshold": 1e-06,
    "point_group": {
      "groupname": "Dooh",
      "topgroup": "Dooh"
    },
    "alpha": 1.4,
    "calculated_properties": {
      "HF": {
        "energy": -1.0841938078427926,
        "converged": true
      },
      "MP2": {
        "energy": -1.1048941022990073,
        "converged": false
      },
      "CISD": {
        "energy": -1.1174195801900555,
        "converged": true
      },