{
  "hamiltonian": {
    "IIIIIIII": -1.0917214543091982,
    "IIIIZZII": 0.10317905720981424,
    "IIZZIIII": 0.10317905720981424,
    "IIIZIIZI": 0.10054597781755381,
    "IIZIIIIZ": 0.10054597781755381,
    "IZIIZIII": 0.10054597706026369,
    "ZIIIIZII": 0.10054597706026369,
    "IIIIIIZZ": 0.09807562994828783,
    "ZZIIIIII": 0.09807562843370754,
    "IIXXIIYY": -0.08767670752975586,
    "IIYXIIXY": 0.08767670752975586,
    "IIXYIIYX": 0.08767670752975586,
    "IIYYIIXX": -0.08767670752975586,
    "XYIIYXII": 0.08767670675637519,
    "XXIIYYII": -0.08767670675637519,
    "YYIIXXII": -0.08767670675637519,
    "YXIIXYII": 0.08767670675637519,
    "ZIIIIIII": 0.03963945268329421,
    "IZIIIIII": 0.03963945268329415,
    "IIZIIIII": 0.03963943879865982,
    "IIIZIIII": 0.03963943879865976,
    "IIIIIZII": 0.03963943879865963,
    "IIIIZIII": 0.03963943879865958,
    "IIIIIIIZ": 0.039639424914036575,
    "IIIIIIZI": 0.039639424914036575,
    "IZIIIIZI": 0.023073314290209798,
    "ZIIIIIIZ": 0.023073314290209798,
    "IIIIZIIZ": 0.020602966420944044,
    "IIIIIZZI": 0.020602966420944044,
    "ZIIZIIII": 0.020602965663653876,
    "IZZIIIII": 0.020602965663653876,
    "IIIZIZII": 0.01796988627139369,
    "IIIZZIII": 0.01796988627139369,
    "IIZIIZII": 0.01796988627139369,
    "IIZIZIII": 0.01796988627139369,
    "ZIIIIIZI": 0.01796988627139362,
    "IZIIIIIZ": 0.01796988627139362,
    "IZIZIIII": 0.01780724442324915,
    "ZIZIIIII": 0.01780724442324915,
    "IIIIZIZI": 0.017807244407158657,
    "IIIIIZIZ": 0.017807244407158657,
    "XZZZXXZX": -0.015656299025472276,
    "XZZZXYZY": -0.015656299025472276,
    "YZZZYXZX": -0.015656299025472276,
    "YZZZYYZY": -0.015656299025472276,
    "IYZZYXXI": 0.015656299025472276,
    "IXZZXYYI": 0.015656299025472276,
    "IXZZYYXI": -0.015656299025472276,
    "IYZZXXYI": -0.015656299025472276,
    "IYYXZZXI": -0.01565629692902161,
    "XZXXZZZX": 0.01565629692902161,
    "XZXYZZZY": 0.01565629692902161,
    "YZYXZZZX": 0.01565629692902161,
    "YZYYZZZY": 0.01565629692902161,
    "IXYYZZXI": 0.01565629692902161,
    "IXXYZZYI": -0.01565629692902161,
    "IYXXZZYI": 0.01565629692902161,
    "IXZZIZZX": 0.014745489665780692,
    "IYZZIZZY": 0.014745489665780692,
    "YZZZZIYI": 0.014745489665780692,
    "XZZZZIXI": 0.014745489665780692,
    "IYIZZZZY": -0.014745487612947514,
    "YZZIZZYI": -0.014745487612947514,
    "XZZIZZXI": -0.014745487612947514,
    "IXIZZZZX": -0.014745487612947514,
    "YIZZZZYI": 0.0138341781855532,
    "XIZZZZXI": 0.0138341781855532,
    "ZXZZZZZX": 0.0138341781855532,
    "ZYZZZZZY": 0.0138341781855532,
    "XZZZZZXZ": -0.013834176132720017,
    "YZZZZZYZ": -0.013834176132720017,
    "IYZZZZIY": -0.013834176132720016,
    "IXZZZZIX": -0.013834176132720016,
    "ZIIIZIII": 0.012869270303888493,
    "IZIIIZII": 0.012869270303888493,
    "IIZIIIZI": 0.012869270287797968,
    "IIIZIIIZ": 0.012869270287797968,
    "YXIIIIXY": 0.0051034280188161744,
    "XXIIIIYY": -0.0051034280188161744,
    "YYIIIIXX": -0.0051034280188161744,
    "XYIIIIYX": 0.0051034280188161744,
    "IIIIXXYY": -0.002795722013785387,
    "IIIIYXXY": 0.002795722013785387,
    "IIIIYYXX": -0.002795722013785387,
    "IIIIXYYX": 0.002795722013785387,
    "YXXYIIII": 0.0027957212404047275,
    "XXYYIIII": -0.0027957212404047275,
    "XYYXIIII": 0.0027957212404047275,
    "YYXXIIII": -0.0027957212404047275,
    "YZZZIZYI": -0.0009108093596915854,
    "IXZZZIZX": -0.0009108093596915854,
    "IYZZZIZY": -0.0009108093596915854,
    "XZZZIZXI": -0.0009108093596915854,
    "XZIZZZXI": 0.0009108093160740986,
    "IXZIZZZX": 0.0009108093160740986,
    "YZIZZZYI": 0.0009108093160740986,
    "IYZIZZZY": 0.0009108093160740986,
    "IYZZZZZY": -3.763791971882549e-08,
    "IXZZZZZX": -3.763791971882549e-08,
    "XZZZZZXI": -3.763791971492236e-08,
    "YZZZZZYI": -3.763791971492236e-08
  },
  "data": {
    "molecule_id": "H4_singlet_D4h",
    "qubit_encoding": "JW",
    "basis": "sto-3g",
    "charge": 0,
    "multiplicity": 1,
    "geometry": "H -2.4540000000 -2.4540000000 0.0000000000\nH 4.9080000000 -2.4540000000 0.0000000000\nH 4.9080000000 4.9080000000 0.0000000000\nH -2.4540000000 4.9080000000 0.0000000000",
    "n_qubits": 8,
    "alpha": 3.0,
    "energies": {
      "HF": -1.1431982323638679,
      "MP2": -3.5354325201173076,
      "CISD": -1.6544498565332437,
      "CCSD": null,
      "FCI": -1.8663273982287567
    },
    "converged": {
      "HF": true,
      "MP2": false,
      "CISD": true,
      "CCSD": false,
      "FCI": true
    },
    "fci_spin_matches_target": true,
    "fci_multiplicity": 1.0000000000000022,
    "hf_method_fallback": "standard",
    "generation_time_s": 0.052,
    "timestamp": "2026-02-25T23:52:57.768534+00:00"
  }
}