{
  "hamiltonian": {
    "IIIIIIII": -1.0389324532519573,
    "IIIIZZII": 0.12219877593588943,
    "IIZZIIII": 0.12219877593588943,
    "IIIZIIZI": 0.10388639507688599,
    "IIZIIIIZ": 0.10388639507688599,
    "IZIIZIII": 0.10125635243971146,
    "ZIIIIZII": 0.10125635243971146,
    "IIIIIIZZ": 0.09981738126512425,
    "ZIIIIIII": 0.09595873991154263,
    "IZIIIIII": 0.09595873991154262,
    "ZZIIIIII": 0.0948328904437511,
    "IZIIIIZI": 0.09135426194347152,
    "ZIIIIIIZ": 0.09135426194347152,
    "IIIIIZZI": 0.08715864707903156,
    "IIIIZIIZ": 0.08715864707903156,
    "IZZIIIII": 0.08452860444185702,
    "ZIIZIIII": 0.08452860444185702,
    "ZIIIIIZI": 0.06661798063307725,
    "IZIIIIIZ": 0.06661798063307725,
    "IIZIIZII": 0.06600717780734056,
    "IIIZZIII": 0.06600717780734056,
    "IIIZIZII": 0.06572326960716562,
    "IIZIZIII": 0.06572326960716562,
    "IZIZIIII": 0.059987634774744183,
    "ZIZIIIII": 0.059987634774744183,
    "IIIIIZIZ": 0.05918530754062172,
    "IIIIZIZI": 0.05918530754062172,
    "IZIIIZII": 0.05422585007723438,
    "ZIIIZIII": 0.05422585007723438,
    "IIIZIIIZ": 0.05342352284311193,
    "IIZIIIZI": 0.05342352284311193,
    "IIYXIIXY": 0.05046287223377406,
    "IIYYIIXX": -0.05046287223377406,
    "IIXXIIYY": -0.05046287223377406,
    "IIXYIIYX": 0.05046287223377406,
    "XYIIYXII": 0.04703050236247707,
    "XXIIYYII": -0.04703050236247707,
    "YYIIXXII": -0.04703050236247707,
    "YXIIXYII": 0.04703050236247707,
    "YZZZYXZX": -0.035951435579637016,
    "XZZZXXZX": -0.035951435579637016,
    "IXZZXYYI": 0.035951435579637016,
    "IYZZYXXI": 0.035951435579637016,
    "IYZZXXYI": -0.035951435579637016,
    "IXZZYYXI": -0.035951435579637016,
    "XZZZXYZY": -0.035951435579637016,
    "YZZZYYZY": -0.035951435579637016,
    "YZYXZZZX": 0.03486134429125866,
    "IXXYZZYI": -0.03486134429125866,
    "XZXXZZZX": 0.03486134429125866,
    "XZXYZZZY": 0.03486134429125866,
    "IXYYZZXI": 0.03486134429125866,
    "YZYYZZZY": 0.03486134429125866,
    "IYYXZZXI": -0.03486134429125866,
    "IYXXZZYI": 0.03486134429125866,
    "IIIIIZII": 0.032521185858100835,
    "IIIIZIII": 0.032521185858100814,
    "IIZIIIII": 0.03252118585810075,
    "IIIZIIII": 0.032521185858100723,
    "IIIIYXXY": 0.027973339538409834,
    "IIIIYYXX": -0.027973339538409834,
    "IIIIXXYY": -0.027973339538409834,
    "IIIIXYYX": 0.027973339538409834,
    "YZZZZIYI": 0.026752965212707976,
    "IYZZIZZY": 0.026752965212707976,
    "XZZZZIXI": 0.026752965212707976,
    "IXZZIZZX": 0.026752965212707976,
    "IXIZZZZX": -0.025917686185577896,
    "YZZIZZYI": -0.025917686185577896,
    "IYIZZZZY": -0.025917686185577896,
    "XZZIZZXI": -0.025917686185577896,
    "YXIIIIXY": 0.024736281310394265,
    "XXIIIIYY": -0.024736281310394265,
    "YYIIIIXX": -0.024736281310394265,
    "XYIIIIYX": 0.024736281310394265,
    "IIIIIIIZ": -0.024717786319734154,
    "IIIIIIZI": -0.024717786319734134,
    "YXXYIIII": 0.024540969667112833,
    "XXYYIIII": -0.024540969667112833,
    "XYYXIIII": 0.024540969667112833,
    "YYXXIIII": -0.024540969667112833,
    "IXZZZZZX": -0.01916291584082211,
    "IYZZZZZY": -0.01916291584082211,
    "XZZZZZXI": -0.019162915840822095,
    "YZZZZZYI": -0.019162915840822095,
    "YZZZIZYI": -0.009198470366929036,
    "IXZZZIZX": -0.009198470366929036,
    "IYZZZIZY": -0.009198470366929036,
    "XZZZIZXI": -0.009198470366929036,
    "IXZIZZZX": 0.008943658105680765,
    "YZIZZZYI": 0.008943658105680765,
    "IYZIZZZY": 0.008943658105680765,
    "XZIZZZXI": 0.008943658105680765,
    "ZXZZZZZX": 0.008078560557382541,
    "ZYZZZZZY": 0.008078560557382541,
    "XIZZZZXI": 0.008078560557382541,
    "YIZZZZYI": 0.008078560557382541,
    "XZZZZZXZ": -0.007287044749774149,
    "YZZZZZYZ": -0.007287044749774149,
    "IXZZZZIX": -0.0072870447497741485,
    "IYZZZZIY": -0.0072870447497741485,
    "IIXYYXII": 0.0002839082001749312,
    "IIXXYYII": -0.0002839082001749312,
    "IIYYXXII": -0.0002839082001749312,
    "IIYXXYII": 0.0002839082001749312
  },
  "data": {
    "molecule_id": "H4_singlet_D4h",
    "qubit_encoding": "JW",
    "basis": "sto-3g",
    "charge": 0,
    "multiplicity": 1,
    "geometry": "H 0.2454000000 0.2454000000 0.0000000000\nH 2.2086000000 0.2454000000 0.0000000000\nH 2.2086000000 2.2086000000 0.0000000000\nH 0.2454000000 2.2086000000 0.0000000000",
    "n_qubits": 8,
    "alpha": 0.8,
    "energies": {
      "HF": -1.4645069153173442,
      "MP2": -1.5989336964899583,
      "CISD": -1.723502318272971,
      "CCSD": -1.7733805067515256,
      "FCI": -1.8563852478771672
    },
    "converged": {
      "HF": true,
      "MP2": false,
      "CISD": true,
      "CCSD": true,
      "FCI": true
    },
    "fci_spin_matches_target": true,
    "fci_multiplicity": 0.9999999999999991,
    "hf_method_fallback": "standard",
    "generation_time_s": 0.052,
    "timestamp": "2026-02-25T23:52:57.872064+00:00"
  }
}