{
  "hamiltonian": {
    "IIIIIIII": -1.0917214542374658,
    "IIIIZZII": 0.10444972005784771,
    "IIZZIIII": 0.10444972005784771,
    "IIIZIIZI": 0.10128608273602487,
    "IIZIIIIZ": 0.10128608273602487,
    "IZIIZIII": 0.10128596884658457,
    "ZIIIIZII": 0.10128596884658457,
    "IIIIIIZZ": 0.09836395733989371,
    "ZZIIIIII": 0.09836372956101314,
    "IIXXIIYY": -0.08579705641162418,
    "IIYXIIXY": 0.08579705641162418,
    "IIXYIIYX": 0.08579705641162418,
    "IIYYIIXX": -0.08579705641162418,
    "XYIIYXII": 0.08579693936584533,
    "XXIIYYII": -0.08579693936584533,
    "YYIIXXII": -0.08579693936584533,
    "YXIIXYII": 0.08579693936584533,
    "IZIIIIII": 0.03964098025329552,
    "ZIIIIIII": 0.03964098025329548,
    "IIIIIZII": 0.0396394387484906,
    "IIZIIIII": 0.039639438748490595,
    "IIIZIIII": 0.039639438748490595,
    "IIIIZIII": 0.03963943874849056,
    "IIIIIIIZ": 0.039637897404775406,
    "IIIIIIZI": 0.039637897404775364,
    "IZIIIIZI": 0.027649740128187255,
    "ZIIIIIIZ": 0.027649740128187255,
    "IIIIZIIZ": 0.024727614734243314,
    "IIIIIZZI": 0.024727614734243314,
    "ZIIZIIII": 0.024727500844803033,
    "IZZIIIII": 0.024727500844803033,
    "ZIIIIIZI": 0.021563863525537873,
    "IZIIIIIZ": 0.021563863525537873,
    "IIIZIZII": 0.021563863525167405,
    "IIIZZIII": 0.021563863525167405,
    "IIZIIZII": 0.021563863525167405,
    "IIZIZIII": 0.021563863525167405,
    "IZIZIIII": 0.021322791328289153,
    "ZIZIIIII": 0.021322791328289153,
    "IIIIZIZI": 0.021322788171950602,
    "IIIIIZIZ": 0.021322788171950602,
    "XZZZXXZX": -0.01709162654850208,
    "XZZZXYZY": -0.01709162654850208,
    "YZZZYXZX": -0.01709162654850208,
    "YZZZYYZY": -0.01709162654850208,
    "IYZZYXXI": 0.01709162654850208,
    "IXZZXYYI": 0.01709162654850208,
    "IXZZYYXI": -0.01709162654850208,
    "IYZZXXYI": -0.01709162654850208,
    "IYYXZZXI": -0.01709134442958625,
    "XZXXZZZX": 0.01709134442958625,
    "XZXYZZZY": 0.01709134442958625,
    "YZYXZZZX": 0.01709134442958625,
    "YZYYZZZY": 0.01709134442958625,
    "IXYYZZXI": 0.01709134442958625,
    "IXXYZZYI": -0.01709134442958625,
    "IYXXZZYI": 0.01709134442958625,
    "IXZZIZZX": 0.015881464260641246,
    "IYZZIZZY": 0.015881464260641246,
    "XZZZZIXI": 0.015881464260641246,
    "YZZZZIYI": 0.015881464260641246,
    "IYIZZZZY": -0.01588118974954194,
    "YZZIZZYI": -0.01588118974954194,
    "XZZIZZXI": -0.01588118974954194,
    "IXIZZZZX": -0.01588118974954194,
    "ZIIIZIII": 0.015489029480739241,
    "IZIIIZII": 0.015489029480739241,
    "IIIZIIIZ": 0.01548902632440069,
    "IIZIIIZI": 0.01548902632440069,
    "YIZZZZYI": 0.014669106319452601,
    "XIZZZZXI": 0.014669106319452601,
    "ZXZZZZZX": 0.014669106319452601,
    "ZYZZZZZY": 0.014669106319452601,
    "IYZZZZIY": -0.014668831808353284,
    "IXZZZZIX": -0.014668831808353284,
    "XZZZZZXZ": -0.014668831808353284,
    "YZZZZZYZ": -0.014668831808353284,
    "XXIIIIYY": -0.00608587660264938,
    "YXIIIIXY": 0.00608587660264938,
    "YYIIIIXX": -0.00608587660264938,
    "XYIIIIYX": 0.00608587660264938,
    "IIIIXXYY": -0.003404826562292709,
    "IIIIXYYX": 0.003404826562292709,
    "IIIIYYXX": -0.003404826562292709,
    "IIIIYXXY": 0.003404826562292709,
    "YYXXIIII": -0.0034047095165138787,
    "XXYYIIII": -0.0034047095165138787,
    "XYYXIIII": 0.0034047095165138787,
    "YXXYIIII": 0.0034047095165138787,
    "IYZZZIZY": -0.0012101622878608349,
    "XZZZIZXI": -0.0012101622878608349,
    "YZZZIZYI": -0.0012101622878608349,
    "IXZZZIZX": -0.0012101622878608349,
    "XZIZZZXI": 0.0012101546800443105,
    "YZIZZZYI": 0.0012101546800443105,
    "IXZIZZZX": 0.0012101546800443105,
    "IYZIZZZY": 0.0012101546800443105,
    "YZZZZZYI": -3.7153406591827753e-06,
    "XZZZZZXI": -3.7153406591827753e-06,
    "IYZZZZZY": -3.7153406591784385e-06,
    "IXZZZZZX": -3.7153406591784385e-06
  },
  "data": {
    "molecule_id": "H4_singlet_D4h",
    "qubit_encoding": "JW",
    "basis": "sto-3g",
    "charge": 0,
    "multiplicity": 1,
    "geometry": "H -1.8405000000 -1.8405000000 0.0000000000\nH 4.2945000000 -1.8405000000 0.0000000000\nH 4.2945000000 4.2945000000 0.0000000000\nH -1.8405000000 4.2945000000 0.0000000000",
    "n_qubits": 8,
    "alpha": 2.5,
    "energies": {
      "HF": -1.1536819789429502,
      "MP2": -3.0580648854187666,
      "CISD": -1.6574880985215215,
      "CCSD": null,
      "FCI": -1.8663273982602866
    },
    "converged": {
      "HF": true,
      "MP2": false,
      "CISD": true,
      "CCSD": false,
      "FCI": true
    },
    "fci_spin_matches_target": true,
    "fci_multiplicity": 1.0000000000000009,
    "hf_method_fallback": "standard",
    "generation_time_s": 0.063,
    "timestamp": "2026-02-25T23:52:57.715961+00:00"
  }
}