{
  "hamiltonian": {
    "IIIIIIII": -1.0675736774261042,
    "IIIIZZII": 0.11891040256680861,
    "IIZZIIII": 0.11891040256680861,
    "IIIZIIZI": 0.10194500644257329,
    "IIZIIIIZ": 0.10194500644257329,
    "IZIIZIII": 0.09975278590347672,
    "ZIIIIZII": 0.09975278590347672,
    "IIIIIIZZ": 0.09613362048335598,
    "ZZIIIIII": 0.09187112552266863,
    "IZIIIIZI": 0.08423056625977857,
    "ZIIIIIIZ": 0.08423056625977857,
    "IIIIIZZI": 0.0784434364195795,
    "IIIIZIIZ": 0.0784434364195795,
    "ZIIIIIII": 0.07785357976022314,
    "IZIIIIII": 0.07785357976022309,
    "IZZIIIII": 0.07625121588048299,
    "ZIIZIIII": 0.07625121588048299,
    "IZIIIIIZ": 0.059612039337692796,
    "ZIIIIIZI": 0.059612039337692796,
    "IIZIIZII": 0.05926920685104914,
    "IIIZZIII": 0.05926920685104914,
    "IIIZIZII": 0.05912365476101486,
    "IIZIZIII": 0.05912365476101486,
    "IIXYIIYX": 0.054860759526191356,
    "IIXXIIYY": -0.054860759526191356,
    "IIYYIIXX": -0.054860759526191356,
    "IIYXIIXY": 0.054860759526191356,
    "ZIZIIIII": 0.05448190123014752,
    "IZIZIIII": 0.05448190123014752,
    "IIIIZIZI": 0.053941755713827824,
    "IIIIIZIZ": 0.053941755713827824,
    "YXIIXYII": 0.05212839347077513,
    "XXIIYYII": -0.05212839347077513,
    "XYIIYXII": 0.05212839347077513,
    "YYIIXXII": -0.05212839347077513,
    "IZIIIZII": 0.0476243924327016,
    "ZIIIZIII": 0.0476243924327016,
    "IIIZIIIZ": 0.047084246916381925,
    "IIZIIIZI": 0.047084246916381925,
    "IIIIIZII": 0.03570094614698737,
    "IIIIZIII": 0.03570094614698729,
    "IIIZIIII": 0.03570094614698714,
    "IIZIIIII": 0.03570094614698707,
    "IXZZXYYI": 0.03555971005266156,
    "IYZZYXXI": 0.03555971005266156,
    "YZZZYYZY": -0.03555971005266156,
    "YZZZYXZX": -0.03555971005266156,
    "XZZZXYZY": -0.03555971005266156,
    "XZZZXXZX": -0.03555971005266156,
    "IXZZYYXI": -0.03555971005266156,
    "IYZZXXYI": -0.03555971005266156,
    "IXYYZZXI": 0.0343735488797227,
    "IXXYZZYI": -0.0343735488797227,
    "IYYXZZXI": -0.0343735488797227,
    "IYXXZZYI": 0.0343735488797227,
    "YZYXZZZX": 0.0343735488797227,
    "YZYYZZZY": 0.0343735488797227,
    "XZXYZZZY": 0.0343735488797227,
    "XZXXZZZX": 0.0343735488797227,
    "XZZZZIXI": 0.027544205060608486,
    "YZZZZIYI": 0.027544205060608486,
    "IXZZIZZX": 0.027544205060608486,
    "IYZZIZZY": 0.027544205060608486,
    "IXIZZZZX": -0.026592529174853406,
    "IYIZZZZY": -0.026592529174853406,
    "YZZIZZYI": -0.026592529174853406,
    "XZZIZZXI": -0.026592529174853406,
    "XXIIIIYY": -0.024618526922085774,
    "YXIIIIXY": 0.024618526922085774,
    "YYIIIIXX": -0.024618526922085774,
    "XYIIIIYX": 0.024618526922085774,
    "IIIIYXXY": 0.024501680705751674,
    "IIIIYYXX": -0.024501680705751674,
    "IIIIXXYY": -0.024501680705751674,
    "IIIIXYYX": 0.024501680705751674,
    "YYXXIIII": -0.02176931465033547,
    "XXYYIIII": -0.02176931465033547,
    "XYYXIIII": 0.02176931465033547,
    "YXXYIIII": 0.02176931465033547,
    "XZZZZZXI": -0.017229269553023514,
    "YZZZZZYI": -0.017229269553023514,
    "IYZZZZZY": -0.017229269553023514,
    "IXZZZZZX": -0.017229269553023514,
    "YIZZZZYI": 0.01101807160907382,
    "ZXZZZZZX": 0.01101807160907382,
    "ZYZZZZZY": 0.01101807160907382,
    "XIZZZZXI": 0.01101807160907382,
    "YZZZZZYZ": -0.01009286504456677,
    "XZZZZZXZ": -0.01009286504456677,
    "IXZZZZIX": -0.01009286504456677,
    "IYZZZZIY": -0.01009286504456677,
    "XZZZIZXI": -0.008015504992053064,
    "YZZZIZYI": -0.008015504992053064,
    "IYZZZIZY": -0.008015504992053064,
    "IXZZZIZX": -0.008015504992053064,
    "XZIZZZXI": 0.0077810197048692915,
    "YZIZZZYI": 0.0077810197048692915,
    "IXZIZZZX": 0.0077810197048692915,
    "IYZIZZZY": 0.0077810197048692915,
    "IIIIIIZI": -0.0015229372937943103,
    "IIIIIIIZ": -0.0015229372937942687,
    "IIYXXYII": 0.00014555209003428427,
    "IIYYXXII": -0.00014555209003428427,
    "IIXXYYII": -0.00014555209003428427,
    "IIXYYXII": 0.00014555209003428427
  },
  "data": {
    "molecule_id": "H4_singlet_D4h",
    "qubit_encoding": "JW",
    "basis": "sto-3g",
    "charge": 0,
    "multiplicity": 1,
    "geometry": "H 0.1227000000 0.1227000000 0.0000000000\nH 2.3313000000 0.1227000000 0.0000000000\nH 2.3313000000 2.3313000000 0.0000000000\nH 0.1227000000 2.3313000000 0.0000000000",
    "n_qubits": 8,
    "alpha": 0.9,
    "energies": {
      "HF": -1.3915483397157624,
      "MP2": -1.5906202184477358,
      "CISD": -1.707145250774464,
      "CCSD": -1.801723635600056,
      "FCI": -1.8617342306016957
    },
    "converged": {
      "HF": true,
      "MP2": false,
      "CISD": true,
      "CCSD": true,
      "FCI": true
    },
    "fci_spin_matches_target": true,
    "fci_multiplicity": 1.0,
    "hf_method_fallback": "standard",
    "generation_time_s": 0.051,
    "timestamp": "2026-02-25T23:52:57.819705+00:00"
  }
}