{
  "hamiltonian": {
    "IIIIIIII": -1.0899703761482298,
    "IIIIZZII": 0.11281974866404364,
    "IIZZIIII": 0.11281974866404364,
    "IIIZIIZI": 0.10133278019167369,
    "IIZIIIIZ": 0.10133278019167369,
    "IZIIZIII": 0.1005016111719424,
    "ZIIIIZII": 0.1005016111719424,
    "IIIIIIZZ": 0.0940243812163195,
    "ZZIIIIII": 0.09236618656645304,
    "IIYYIIXX": -0.06733242679376635,
    "IIYXIIXY": 0.06733242679376635,
    "IIXXIIYY": -0.06733242679376635,
    "IIXYIIYX": 0.06733242679376635,
    "XYIIYXII": 0.06639971133921653,
    "XXIIYYII": -0.06639971133921653,
    "YXIIXYII": 0.06639971133921653,
    "YYIIXXII": -0.06639971133921653,
    "ZIIIIIIZ": 0.06445461040065306,
    "IZIIIIZI": 0.06445461040065306,
    "IIIIIZZI": 0.05717365251365172,
    "IIIIZIIZ": 0.05717365251365172,
    "ZIIZIIII": 0.0563424834939204,
    "IZZIIIII": 0.0563424834939204,
    "ZIIIIIII": 0.04910142790720793,
    "IZIIIIII": 0.04910142790720792,
    "ZIIIIIZI": 0.04491673358609687,
    "IZIIIIIZ": 0.04491673358609687,
    "IIIZZIII": 0.04488123893545753,
    "IIZIIZII": 0.04488123893545753,
    "IIZIZIII": 0.044867525805534776,
    "IIIZIZII": 0.044867525805534776,
    "ZIZIIIII": 0.04265174350215524,
    "IZIZIIII": 0.04265174350215524,
    "IIIIIZIZ": 0.04255019706733674,
    "IIIIZIZI": 0.04255019706733674,
    "IIIIZIII": 0.03916157653753573,
    "IIZIIIII": 0.03916157653753565,
    "IIIIIZII": 0.039161576537535596,
    "IIIZIIII": 0.03916157653753558,
    "IZIIIZII": 0.03410189983272584,
    "ZIIIZIII": 0.03410189983272584,
    "IIIZIIIZ": 0.03400035339790735,
    "IIZIIIZI": 0.03400035339790735,
    "YZZZYYZY": -0.031138938329814105,
    "YZZZYXZX": -0.031138938329814105,
    "XZZZXYZY": -0.031138938329814105,
    "XZZZXXZX": -0.031138938329814105,
    "IXZZYYXI": -0.0311389383298141,
    "IYZZYXXI": 0.0311389383298141,
    "IYZZXXYI": -0.0311389383298141,
    "IXZZXYYI": 0.0311389383298141,
    "IXXYZZYI": -0.03033926512193026,
    "IXYYZZXI": 0.03033926512193026,
    "IYXXZZYI": 0.03033926512193026,
    "IYYXZZXI": -0.03033926512193026,
    "YZYYZZZY": 0.030339265121930258,
    "XZXXZZZX": 0.030339265121930258,
    "XZXYZZZY": 0.030339265121930258,
    "YZYXZZZX": 0.030339265121930258,
    "IIIIIIZI": 0.030234754461758197,
    "IIIIIIIZ": 0.03023475446175814,
    "YZZZZIYI": 0.026109263520158497,
    "IXZZIZZX": 0.026109263520158497,
    "XZZZZIXI": 0.026109263520158497,
    "IYZZIZZY": 0.026109263520158497,
    "IXIZZZZX": -0.025396652194743054,
    "IYIZZZZY": -0.025396652194743054,
    "YZZIZZYI": -0.025396652194743054,
    "XZZIZZXI": -0.025396652194743054,
    "XYIIIIYX": 0.019537876814556196,
    "YXIIIIXY": 0.019537876814556196,
    "YYIIIIXX": -0.019537876814556196,
    "XXIIIIYY": -0.019537876814556196,
    "YIZZZZYI": 0.01707828197529056,
    "XIZZZZXI": 0.01707828197529056,
    "ZYZZZZZY": 0.01707828197529056,
    "ZXZZZZZX": 0.01707828197529056,
    "YZZZZZYZ": -0.01636744683876194,
    "IYZZZZIY": -0.01636744683876194,
    "XZZZZZXZ": -0.01636744683876194,
    "IXZZZZIX": -0.01636744683876194,
    "IIIIXYYX": 0.014623455446314979,
    "IIIIXXYY": -0.014623455446314979,
    "IIIIYYXX": -0.014623455446314979,
    "IIIIYXXY": 0.014623455446314979,
    "YXXYIIII": 0.013690739991765153,
    "YYXXIIII": -0.013690739991765153,
    "XXYYIIII": -0.013690739991765153,
    "XYYXIIII": 0.013690739991765153,
    "YZZZZZYI": -0.008087768462838148,
    "XZZZZZXI": -0.008087768462838148,
    "IXZZZZZX": -0.008087768462838141,
    "IYZZZZZY": -0.008087768462838141,
    "IYZZZIZY": -0.005029674809655609,
    "IXZZZIZX": -0.005029674809655609,
    "YZZZIZYI": -0.005029674809655609,
    "XZZZIZXI": -0.005029674809655609,
    "YZIZZZYI": 0.004942612927187208,
    "XZIZZZXI": 0.004942612927187208,
    "IYZIZZZY": 0.004942612927187208,
    "IXZIZZZX": 0.004942612927187208,
    "IIXYYXII": 1.3713129922751574e-05,
    "IIXXYYII": -1.3713129922751574e-05,
    "IIYYXXII": -1.3713129922751574e-05,
    "IIYXXYII": 1.3713129922751574e-05
  },
  "data": {
    "molecule_id": "H4_singlet_D4h",
    "qubit_encoding": "JW",
    "basis": "sto-3g",
    "charge": 0,
    "multiplicity": 1,
    "geometry": "H -0.2454000000 -0.2454000000 0.0000000000\nH 2.6994000000 -0.2454000000 0.0000000000\nH 2.6994000000 2.6994000000 0.0000000000\nH -0.2454000000 2.6994000000 0.0000000000",
    "n_qubits": 8,
    "alpha": 1.2,
    "energies": {
      "HF": -1.2563510114181242,
      "MP2": -1.7538866257103987,
      "CISD": -1.6812515634327632,
      "CCSD": -1.853121731770839,
      "FCI": -1.8660581714093176
    },
    "converged": {
      "HF": true,
      "MP2": false,
      "CISD": true,
      "CCSD": true,
      "FCI": true
    },
    "fci_spin_matches_target": true,
    "fci_multiplicity": 1.000000000000001,
    "hf_method_fallback": "standard",
    "generation_time_s": 0.073,
    "timestamp": "2026-02-25T23:52:57.407615+00:00"
  }
}