{
  "hamiltonian": {
    "IIIIIIII": -1.0916420518806733,
    "IIIIZZII": 0.10953901448511626,
    "IIZZIIII": 0.10953901448511626,
    "IIIZIIZI": 0.10241835641224267,
    "IIZIIIIZ": 0.10241835641224267,
    "IZIIZIII": 0.10223482444117973,
    "ZIIIIZII": 0.10223482444117973,
    "IIIIIIZZ": 0.09671135356956204,
    "ZZIIIIII": 0.09634433352321628,
    "IIYXIIXY": 0.07598093587929637,
    "IIYYIIXX": -0.07598093587929637,
    "IIXXIIYY": -0.07598093587929637,
    "IIXYIIYX": 0.07598093587929637,
    "YXIIXYII": 0.07578441112041245,
    "YYIIXXII": -0.07578441112041245,
    "XXIIYYII": -0.07578441112041245,
    "XYIIYXII": 0.07578441112041245,
    "IZIIIIZI": 0.04894407486006498,
    "ZIIIIIIZ": 0.04894407486006498,
    "IIIIIZZI": 0.04323964869286369,
    "IIIIZIIZ": 0.04323964869286369,
    "IZZIIIII": 0.04305611672180078,
    "ZIIZIIII": 0.04305611672180078,
    "ZIIIIIII": 0.04136596382647093,
    "IZIIIIII": 0.0413659638264709,
    "IIIIZIII": 0.03960436521536685,
    "IIIIIZII": 0.039604365215366824,
    "IIIZIIII": 0.03960436521536672,
    "IIZIIIII": 0.03960436521536669,
    "IIIIIIIZ": 0.03793942176811611,
    "IIIIIIZI": 0.03793942176811599,
    "ZIIIIIZI": 0.03593972822388529,
    "IZIIIIIZ": 0.03593972822388529,
    "IIZIIZII": 0.035938014799221894,
    "IIIZZIII": 0.035938014799221894,
    "IIZIZIII": 0.03593731130543702,
    "IIIZIZII": 0.03593731130543702,
    "IZIZIIII": 0.034914171610224934,
    "ZIZIIIII": 0.034914171610224934,
    "IIIIIZIZ": 0.03490117882240392,
    "IIIIZIZI": 0.03490117882240392,
    "IZIIIZII": 0.02645041332076728,
    "ZIIIZIII": 0.02645041332076728,
    "IIZIIIZI": 0.026437420532946294,
    "IIIZIIIZ": 0.026437420532946294,
    "IXZZYYXI": -0.025136694507901187,
    "YZZZYYZY": -0.025136694507901187,
    "YZZZYXZX": -0.025136694507901187,
    "XZZZXYZY": -0.025136694507901187,
    "XZZZXXZX": -0.025136694507901187,
    "IYZZXXYI": -0.025136694507901187,
    "IXZZXYYI": 0.025136694507901187,
    "IYZZYXXI": 0.025136694507901187,
    "IXXYZZYI": -0.02487086631906596,
    "IXYYZZXI": 0.02487086631906596,
    "IYYXZZXI": -0.02487086631906596,
    "IYXXZZYI": 0.02487086631906596,
    "YZYYZZZY": 0.02487086631906596,
    "XZXXZZZX": 0.02487086631906596,
    "XZXYZZZY": 0.02487086631906596,
    "YZYXZZZX": 0.02487086631906596,
    "YZZZZIYI": 0.021999311118363524,
    "IXZZIZZX": 0.021999311118363524,
    "XZZZZIXI": 0.021999311118363524,
    "IYZZIZZY": 0.021999311118363524,
    "IXIZZZZX": -0.02175105755612492,
    "IYIZZZZY": -0.02175105755612492,
    "XZZIZZXI": -0.02175105755612492,
    "YZZIZZYI": -0.02175105755612492,
    "YIZZZZYI": 0.017711942425345715,
    "XIZZZZXI": 0.017711942425345715,
    "ZYZZZZZY": 0.017711942425345715,
    "ZXZZZZZX": 0.017711942425345715,
    "YZZZZZYZ": -0.017463718550805956,
    "XZZZZZXZ": -0.017463718550805956,
    "IYZZZZIY": -0.017463718550805956,
    "IXZZZZIX": -0.017463718550805956,
    "YXIIIIXY": 0.01300434663617969,
    "YYIIIIXX": -0.01300434663617969,
    "XXIIIIYY": -0.01300434663617969,
    "XYIIIIYX": 0.01300434663617969,
    "IIIIXYYX": 0.00833846987045977,
    "IIIIXXYY": -0.00833846987045977,
    "IIIIYYXX": -0.00833846987045977,
    "IIIIYXXY": 0.00833846987045977,
    "XYYXIIII": 0.00814194511157585,
    "YXXYIIII": 0.00814194511157585,
    "YYXXIIII": -0.00814194511157585,
    "XXYYIIII": -0.00814194511157585,
    "YZZZIZYI": -0.0031373833895376657,
    "IXZZZIZX": -0.0031373833895376657,
    "IYZZZIZY": -0.0031373833895376657,
    "XZZZIZXI": -0.0031373833895376657,
    "IYZIZZZY": 0.0031198087629410384,
    "IXZIZZZX": 0.0031198087629410384,
    "YZIZZZYI": 0.0031198087629410384,
    "XZIZZZXI": 0.0031198087629410384,
    "XZZZZZXI": -0.002317447110769007,
    "YZZZZZYI": -0.002317447110769007,
    "IYZZZZZY": -0.0023174471107690036,
    "IXZZZZZX": -0.0023174471107690036,
    "IIYYXXII": -7.034937848706369e-07,
    "IIYXXYII": 7.034937848706369e-07,
    "IIXYYXII": 7.034937848706369e-07,
    "IIXXYYII": -7.034937848706369e-07
  },
  "data": {
    "molecule_id": "H4_singlet_D4h",
    "qubit_encoding": "JW",
    "basis": "sto-3g",
    "charge": 0,
    "multiplicity": 1,
    "geometry": "H -0.6135000000 -0.6135000000 0.0000000000\nH 3.0675000000 -0.6135000000 0.0000000000\nH 3.0675000000 3.0675000000 0.0000000000\nH -0.6135000000 3.0675000000 0.0000000000",
    "n_qubits": 8,
    "alpha": 1.5,
    "energies": {
      "HF": -1.202739476031279,
      "MP2": -2.0667091047090294,
      "CISD": -1.6704797829047549,
      "CCSD": -1.8672223658938907,
      "FCI": -1.866320331971918
    },
    "converged": {
      "HF": true,
      "MP2": false,
      "CISD": true,
      "CCSD": false,
      "FCI": true
    },
    "fci_spin_matches_target": true,
    "fci_multiplicity": 0.9999999999999982,
    "hf_method_fallback": "standard",
    "generation_time_s": 0.118,
    "timestamp": "2026-02-25T23:52:57.525956+00:00"
  }
}