{
  "hamiltonian": {
    "IIIIIIII": -1.0917212875655418,
    "IIIIZZII": 0.10635572759316199,
    "IIZZIIII": 0.10635572759316199,
    "IIIZIIZI": 0.1022501226883484,
    "IIZIIIIZ": 0.1022501226883484,
    "IZIIZIII": 0.10224320047853652,
    "ZIIIIZII": 0.10224320047853652,
    "IIIIIIZZ": 0.09856981328939086,
    "ZZIIIIII": 0.09855596887220919,
    "IIXXIIYY": -0.08278175189455493,
    "IIYXIIXY": 0.08278175189455493,
    "IIXYIIYX": 0.08278175189455493,
    "IIYYIIXX": -0.08278175189455493,
    "XYIIYXII": 0.08277455377860761,
    "XXIIYYII": -0.08277455377860761,
    "YYIIXXII": -0.08277455377860761,
    "YXIIXYII": 0.08277455377860761,
    "ZIIIIIII": 0.03970926446965814,
    "IZIIIIII": 0.03970926446965811,
    "IIIIZIII": 0.03963932785200681,
    "IIIIIZII": 0.03963932785200677,
    "IIIZIIII": 0.039639327852006634,
    "IIZIIIII": 0.0396393278520066,
    "IIIIIIIZ": 0.03956974057682477,
    "IIIIIIZI": 0.03956974057682477,
    "IZIIIIZI": 0.03474765037525436,
    "ZIIIIIIZ": 0.03474765037525436,
    "IIIIZIIZ": 0.0310673476264111,
    "IIIIIZZI": 0.0310673476264111,
    "ZIIZIIII": 0.031060425416599223,
    "IZZIIIII": 0.031060425416599223,
    "ZIIIIIZI": 0.026954829272730282,
    "IZIIIIIZ": 0.026954829272730282,
    "IIIZIZII": 0.02695482716067601,
    "IIIZZIII": 0.02695482716067601,
    "IIZIZIII": 0.02695482716067601,
    "IIZIIZII": 0.02695482716067601,
    "ZIZIIIII": 0.02654639924306896,
    "IZIZIIII": 0.02654639924306896,
    "IIIIIZIZ": 0.026546123336933517,
    "IIIIZIZI": 0.026546123336933517,
    "ZIIIZIII": 0.01946864669992892,
    "IZIIIZII": 0.01946864669992892,
    "IIZIIIZI": 0.01946837079379348,
    "IIIZIIIZ": 0.01946837079379348,
    "IYZZXXYI": -0.01934534017757203,
    "IYZZYXXI": 0.01934534017757203,
    "IXZZXYYI": 0.01934534017757203,
    "IXZZYYXI": -0.01934534017757203,
    "YZZZYYZY": -0.01934534017757203,
    "XZZZXYZY": -0.01934534017757203,
    "YZZZYXZX": -0.01934534017757203,
    "XZZZXXZX": -0.01934534017757203,
    "XZXYZZZY": 0.01933077489999258,
    "IXYYZZXI": 0.01933077489999258,
    "YZYYZZZY": 0.01933077489999258,
    "YZYXZZZX": 0.01933077489999258,
    "IYXXZZYI": 0.01933077489999258,
    "IYYXZZXI": -0.01933077489999258,
    "IXXYZZYI": -0.01933077489999258,
    "XZXXZZZX": 0.01933077489999258,
    "IXZZIZZX": 0.017596159125246952,
    "IYZZIZZY": 0.017596159125246952,
    "XZZZZIXI": 0.017596159125246952,
    "YZZZZIYI": 0.017596159125246952,
    "IXIZZZZX": -0.01758215213951471,
    "IYIZZZZY": -0.01758215213951471,
    "XZZIZZXI": -0.01758215213951471,
    "YZZIZZYI": -0.01758215213951471,
    "ZXZZZZZX": 0.015775650862197385,
    "YIZZZZYI": 0.015775650862197385,
    "ZYZZZZZY": 0.015775650862197385,
    "XIZZZZXI": 0.015775650862197385,
    "XZZZZZXZ": -0.015761643878935878,
    "YZZZZZYZ": -0.015761643878935878,
    "IYZZZZIY": -0.015761643878935878,
    "IXZZZZIX": -0.015761643878935878,
    "XYIIIIYX": 0.007792821102524077,
    "XXIIIIYY": -0.007792821102524077,
    "YYIIIIXX": -0.007792821102524077,
    "YXIIIIXY": 0.007792821102524077,
    "IIIIXXYY": -0.004521224289477578,
    "IIIIXYYX": 0.004521224289477578,
    "IIIIYYXX": -0.004521224289477578,
    "IIIIYXXY": 0.004521224289477578,
    "YYXXIIII": -0.004514026173530263,
    "XYYXIIII": 0.004514026173530263,
    "YXXYIIII": 0.004514026173530263,
    "XXYYIIII": -0.004514026173530263,
    "XZZZIZXI": -0.001749181052325079,
    "YZZZIZYI": -0.001749181052325079,
    "IXZZZIZX": -0.001749181052325079,
    "IYZZZIZY": -0.001749181052325079,
    "XZIZZZXI": 0.0017486227604778717,
    "IXZIZZZX": 0.0017486227604778717,
    "IYZIZZZY": 0.0017486227604778717,
    "YZIZZZYI": 0.0017486227604778717,
    "XZZZZZXI": -0.0001411622321005456,
    "IXZZZZZX": -0.0001411622321005456,
    "IYZZZZZY": -0.0001411622321005456,
    "YZZZZZYI": -0.0001411622321005456
  },
  "data": {
    "molecule_id": "H4_singlet_D4h",
    "qubit_encoding": "JW",
    "basis": "sto-3g",
    "charge": 0,
    "multiplicity": 1,
    "geometry": "H -1.2270000000 -1.2270000000 0.0000000000\nH 3.6810000000 -1.2270000000 0.0000000000\nH 3.6810000000 3.6810000000 0.0000000000\nH -1.2270000000 3.6810000000 0.0000000000",
    "n_qubits": 8,
    "alpha": 2.0,
    "energies": {
      "HF": -1.1698074560171463,
      "MP2": -2.5808003914167315,
      "CISD": -1.6621057345017158,
      "CCSD": -1.8662502294335614,
      "FCI": -1.866327414567042
    },
    "converged": {
      "HF": true,
      "MP2": false,
      "CISD": true,
      "CCSD": true,
      "FCI": true
    },
    "fci_spin_matches_target": true,
    "fci_multiplicity": 0.9999999999999998,
    "hf_method_fallback": "standard",
    "generation_time_s": 0.126,
    "timestamp": "2026-02-25T23:52:57.652345+00:00"
  }
}