{
  "hamiltonian": {
    "IIIIIIIIII": -4.1224274330458925,
    "ZIIIIIIIII": 1.0045122071082053,
    "IZIIIIIIII": 1.0045122071082053,
    "ZZIIIIIIII": 0.415479230582083,
    "IIIIIIIIIZ": -0.23356336736397595,
    "IIIIIIIIZI": -0.23356336736397593,
    "IIIIZIIIII": -0.23356336736397593,
    "IIIIIZIIII": -0.23356336736397593,
    "IIIIIIZIII": -0.23356336736397593,
    "IIIIIIIZII": -0.23356336736397593,
    "IIIZIIIIII": -0.17122557153361773,
    "IIZIIIIIII": -0.17122557153361767,
    "ZIIZIIIIII": 0.09973760967141203,
    "IZZIIIIIII": 0.09973760967141203,
    "IZIIIIIIZI": 0.09909653501746207,
    "ZIIIIZIIII": 0.09909653501746207,
    "ZIIIIIIZII": 0.09909653501746207,
    "IZIIZIIIII": 0.09909653501746207,
    "ZIIIIIIIIZ": 0.09909653501746207,
    "IZIIIIZIII": 0.09909653501746207,
    "ZIIIZIIIII": 0.0966694517996424,
    "ZIIIIIIIZI": 0.0966694517996424,
    "IZIIIIIIIZ": 0.0966694517996424,
    "IZIIIZIIII": 0.0966694517996424,
    "ZIIIIIZIII": 0.09666945179964238,
    "IZIIIIIZII": 0.09666945179964238,
    "IZIZIIIIII": 0.0923141300225952,
    "ZIZIIIIIII": 0.0923141300225952,
    "IIIIZZIIII": 0.0782363777898523,
    "IIIIIIZZII": 0.0782363777898523,
    "IIIIIIIIZZ": 0.0782363777898523,
    "IIIZIIIIZI": 0.07140321479250304,
    "IIZIIZIIII": 0.07140321479250304,
    "IIZIIIIZII": 0.07140321479250304,
    "IIZIIIIIIZ": 0.07140321479250304,
    "IIIZZIIIII": 0.07140321479250304,
    "IIIZIIZIII": 0.07140321479250304,
    "IIZZIIIIII": 0.07056114813428879,
    "IIIIIZIIZI": 0.06980180803300681,
    "IIIIZIIIIZ": 0.06980180803300681,
    "IIIIZIIZII": 0.06980180803300681,
    "IIIIIZZIII": 0.06980180803300681,
    "IIIIIIZIIZ": 0.06980180803300681,
    "IIIIIIIZZI": 0.06980180803300681,
    "IIIIZIZIII": 0.06558452315458405,
    "IIIIIZIZII": 0.06558452315458405,
    "IIIIIIIZIZ": 0.06558452315458405,
    "IIIIIIZIZI": 0.06558452315458405,
    "IIIIZIIIZI": 0.06558452315458405,
    "IIIIIZIIIZ": 0.06558452315458405,
    "IIIZIIIIIZ": 0.05617469630391201,
    "IIZIZIIIII": 0.05617469630391201,
    "IIIZIZIIII": 0.05617469630391201,
    "IIZIIIIIZI": 0.05617469630391201,
    "IIIZIIIZII": 0.056174696303911996,
    "IIZIIIZIII": 0.056174696303911996,
    "ZXZXIIIIII": 0.04477263779244951,
    "ZYZYIIIIII": 0.04477263779244951,
    "YIYIIIIIII": 0.04477263779244951,
    "XIXIIIIIII": 0.04477263779244951,
    "IYZYIIIIII": 0.023280516754399613,
    "IXZXIIIIII": 0.023280516754399613,
    "YZYIIIIIII": 0.023280516754399586,
    "XZXIIIIIII": 0.023280516754399586,
    "IIXXIIYYII": -0.015228518488591037,
    "IIXYIIYXII": 0.015228518488591037,
    "IIYXIIXYII": 0.015228518488591037,
    "IIYYIIXXII": -0.015228518488591037,
    "IIXXYYIIII": -0.015228518488591036,
    "IIXYYXIIII": 0.015228518488591036,
    "IIXYIIIIYX": 0.015228518488591036,
    "IIXXIIIIYY": -0.015228518488591036,
    "IIYXIIIIXY": 0.015228518488591036,
    "IIYYIIIIXX": -0.015228518488591036,
    "IIYXXYIIII": 0.015228518488591036,
    "IIYYXXIIII": -0.015228518488591036,
    "YXXYIIIIII": 0.0074234796488168355,
    "XXYYIIIIII": -0.0074234796488168355,
    "YYXXIIIIII": -0.0074234796488168355,
    "XYYXIIIIII": 0.0074234796488168355,
    "IXZXIIIZII": 0.004870405325569238,
    "IYZYIIIZII": 0.004870405325569238,
    "XZXIIIZIII": 0.004870405325569238,
    "YZYIIIZIII": 0.004870405325569238,
    "IYZYIZIIII": 0.004870405325569236,
    "YZYIZIIIII": 0.004870405325569236,
    "XZXIZIIIII": 0.004870405325569236,
    "IXZXIZIIII": 0.004870405325569236,
    "IXZXIIIIIZ": 0.004870405325569236,
    "YZYIIIIIZI": 0.004870405325569236,
    "XZXIIIIIZI": 0.004870405325569236,
    "IYZYIIIIIZ": 0.004870405325569236,
    "IIIIXYYXII": 0.00421728487842276,
    "IIIIYXIIXY": 0.00421728487842276,
    "IIIIYYXXII": -0.00421728487842276,
    "IIIIYXXYII": 0.00421728487842276,
    "IIIIXYIIYX": 0.00421728487842276,
    "IIIIXXIIYY": -0.00421728487842276,
    "IIIIIIYXXY": 0.00421728487842276,
    "IIIIIIYYXX": -0.00421728487842276,
    "IIIIIIXXYY": -0.00421728487842276,
    "IIIIIIXYYX": 0.00421728487842276,
    "IIIIXXYYII": -0.00421728487842276,
    "IIIIYYIIXX": -0.00421728487842276,
    "IYXIIIXYII": -0.0033650682326867073,
    "IXXIIIXXII": -0.0033650682326867073,
    "IXYIIIYXII": -0.0033650682326867073,
    "IYYIIIYYII": -0.0033650682326867073,
    "YZZXXYIIII": 0.003365068232686707,
    "YZZYXXIIII": -0.003365068232686707,
    "XZZXYYIIII": -0.003365068232686707,
    "XZZYYXIIII": 0.003365068232686707,
    "YZZXIIXYII": 0.003365068232686707,
    "YZZYIIXXII": -0.003365068232686707,
    "XZZXIIYYII": -0.003365068232686707,
    "XZZYIIYXII": 0.003365068232686707,
    "YZZXIIIIXY": 0.003365068232686707,
    "IXXIIIIIXX": -0.003365068232686707,
    "XZZXIIIIYY": -0.003365068232686707,
    "XZZYIIIIYX": 0.003365068232686707,
    "IYXIXYIIII": -0.003365068232686707,
    "IYYIYYIIII": -0.003365068232686707,
    "IXXIXXIIII": -0.003365068232686707,
    "IXYIYXIIII": -0.003365068232686707,
    "IYXIIIIIXY": -0.003365068232686707,
    "IYYIIIIIYY": -0.003365068232686707,
    "IXYIIIIIYX": -0.003365068232686707,
    "YZZYIIIIXX": -0.003365068232686707,
    "XYIIIIYXII": 0.002427083217819675,
    "XYIIYXIIII": 0.002427083217819675,
    "XXIIIIYYII": -0.002427083217819675,
    "YXIIIIIIXY": 0.002427083217819675,
    "YYIIIIIIXX": -0.002427083217819675,
    "XXIIIIIIYY": -0.002427083217819675,
    "XYIIIIIIYX": 0.002427083217819675,
    "XXIIYYIIII": -0.002427083217819675,
    "YXIIXYIIII": 0.002427083217819675,
    "YYIIXXIIII": -0.002427083217819675,
    "YYIIIIXXII": -0.002427083217819675,
    "YXIIIIXYII": 0.002427083217819675,
    "YZYZIIIIII": 0.0023648955609521325,
    "IXIXIIIIII": 0.0023648955609521325,
    "IYIYIIIIII": 0.0023648955609521325,
    "XZXZIIIIII": 0.0023648955609521325,
    "IYZYIIZIII": 0.0015053370928825305,
    "IXZXIIZIII": 0.0015053370928825305,
    "YZYIIIIZII": 0.0015053370928825305,
    "XZXIIIIZII": 0.0015053370928825305,
    "IYZYIIIIZI": 0.0015053370928825287,
    "IXZXIIIIZI": 0.0015053370928825287,
    "YZYIIIIIIZ": 0.0015053370928825287,
    "XZXIIIIIIZ": 0.0015053370928825287,
    "IYZYZIIIII": 0.0015053370928825287,
    "IXZXZIIIII": 0.0015053370928825287,
    "YZYIIZIIII": 0.0015053370928825287,
    "XZXIIZIIII": 0.0015053370928825287
  },
  "data": {
    "molecule_id": "Li+_singlet_Kh",
    "qubit_encoding": "JW",
    "basis": "sto-3g",
    "charge": 1,
    "multiplicity": 1,
    "geometry": "Li 0.0000000000 0.0000000000 0.0000000000",
    "n_qubits": 10,
    "alpha": 1.0,
    "energies": {
      "HF": -7.1354476290141085,
      "MP2": -7.135673568424393,
      "CISD": -7.135654284252027,
      "CCSD": -7.135654284249091,
      "FCI": -7.135654284252029
    },
    "converged": {
      "HF": true,
      "MP2": false,
      "CISD": true,
      "CCSD": true,
      "FCI": true
    },
    "fci_spin_matches_target": true,
    "fci_multiplicity": 1.0,
    "hf_method_fallback": "standard",
    "generation_time_s": 0.105,
    "timestamp": "2026-02-25T23:47:56.890346+00:00"
  }
}