{
  "hamiltonian": {
    "IIIIIIII": -1.0917214543091993,
    "IIIIZZII": 0.10317905720981424,
    "IIZZIIII": 0.10317905720981424,
    "IIIZIIZI": 0.10052714839876686,
    "IIZIIIIZ": 0.10052714839876686,
    "ZIIIIZII": 0.10052714763886042,
    "IZIIZIII": 0.10052714763886042,
    "IIIIIIZZ": 0.09804030685172081,
    "ZZIIIIII": 0.09804030533190795,
    "IIYYIIXX": -0.08765671504261224,
    "IIYXIIXY": 0.08765671504261224,
    "IIXYIIYX": 0.08765671504261224,
    "IIXXIIYY": -0.08765671504261224,
    "YYIIXXII": -0.08765671426655973,
    "YXIIXYII": 0.08765671426655973,
    "XXIIYYII": -0.08765671426655973,
    "XYIIYXII": 0.08765671426655973,
    "IZIIIIII": 0.03963945273126224,
    "ZIIIIIII": 0.03963945273126224,
    "IIIIZIII": 0.03963943879865975,
    "IIIIIZII": 0.03963943879865975,
    "IIZIIIII": 0.03963943879865972,
    "IIIZIIII": 0.039639438798659665,
    "IIIIIIZI": 0.039639424866068626,
    "IIIIIIIZ": 0.039639424866068626,
    "ZIIIIIIZ": 0.02310863738939306,
    "IZIIIIZI": 0.02310863738939306,
    "IIIIIZZI": 0.020621795842347246,
    "IIIIZIIZ": 0.020621795842347246,
    "IZZIIIII": 0.020621795082440823,
    "ZIIZIIII": 0.020621795082440823,
    "IIZIZIII": 0.01796988627139369,
    "IIZIIZII": 0.01796988627139369,
    "IIIZZIII": 0.01796988627139369,
    "IIIZIZII": 0.01796988627139369,
    "ZIIIIIZI": 0.017969886271393617,
    "IZIIIIIZ": 0.017969886271393617,
    "IZIZIIII": 0.017806081354892506,
    "ZIZIIIII": 0.017806081354892506,
    "IIIIIZIZ": 0.017806081338746425,
    "IIIIZIZI": 0.017806081338746425,
    "IYZZYXXI": 0.015710387700446644,
    "IXZZYYXI": -0.015710387700446644,
    "IXZZXYYI": 0.015710387700446644,
    "XZZZXYZY": -0.015710387700446644,
    "IYZZXXYI": -0.015710387700446644,
    "YZZZYXZX": -0.015710387700446644,
    "YZZZYYZY": -0.015710387700446644,
    "XZZZXXZX": -0.015710387700446644,
    "IYYXZZXI": -0.01571038560498356,
    "YZYYZZZY": 0.01571038560498356,
    "XZXYZZZY": 0.01571038560498356,
    "XZXXZZZX": 0.01571038560498356,
    "IYXXZZYI": 0.01571038560498356,
    "IXYYZZXI": 0.01571038560498356,
    "IXXYZZYI": -0.01571038560498356,
    "YZYXZZZX": 0.01571038560498356,
    "XZZZZIXI": 0.014796431717549442,
    "YZZZZIYI": 0.014796431717549442,
    "IXZZIZZX": 0.014796431717549442,
    "IYZZIZZY": 0.014796431717549442,
    "IXIZZZZX": -0.0147964296656833,
    "YZZIZZYI": -0.0147964296656833,
    "IYIZZZZY": -0.0147964296656833,
    "XZZIZZXI": -0.0147964296656833,
    "YIZZZZYI": 0.013875432484416278,
    "XIZZZZXI": 0.013875432484416278,
    "ZXZZZZZX": 0.013875432484416278,
    "ZYZZZZZY": 0.013875432484416278,
    "IYZZZZIY": -0.01387543043255014,
    "IXZZZZIX": -0.01387543043255014,
    "XZZZZZXZ": -0.01387543043255014,
    "YZZZZZYZ": -0.01387543043255014,
    "IZIIIZII": 0.012870433372300698,
    "ZIIIZIII": 0.012870433372300698,
    "IIIZIIIZ": 0.01287043335615462,
    "IIZIIIZI": 0.01287043335615462,
    "XYIIIIYX": 0.005138751117999446,
    "YXIIIIXY": 0.005138751117999446,
    "XXIIIIYY": -0.005138751117999446,
    "YYIIIIXX": -0.005138751117999446,
    "IIIIXYYX": 0.0028157145036008203,
    "IIIIXXYY": -0.0028157145036008203,
    "IIIIYYXX": -0.0028157145036008203,
    "IIIIYXXY": 0.0028157145036008203,
    "YXXYIIII": 0.0028157137275483203,
    "XXYYIIII": -0.0028157137275483203,
    "YYXXIIII": -0.0028157137275483203,
    "XYYXIIII": 0.0028157137275483203,
    "YZZZIZYI": -0.0009139559828972039,
    "XZZZIZXI": -0.0009139559828972039,
    "IXZZZIZX": -0.0009139559828972039,
    "IYZZZIZY": -0.0009139559828972039,
    "IXZIZZZX": 0.0009139559393002619,
    "XZIZZZXI": 0.0009139559393002619,
    "IYZIZZZY": 0.0009139559393002619,
    "YZIZZZYI": 0.0009139559393002619,
    "XZZZZZXI": -3.762018956771085e-08,
    "IYZZZZZY": -3.762018956771085e-08,
    "IXZZZZZX": -3.762018956771085e-08,
    "YZZZZZYI": -3.762018956771085e-08
  },
  "data": {
    "molecule_id": "H4_singlet_D4h",
    "qubit_encoding": "JW",
    "unit": "Angstrom",
    "basis": "sto-3g",
    "charge": 0,
    "multiplicity": 1,
    "spin": 0,
    "geometry": "H -2.4540000000 -2.4540000000 0.0000000000\nH 4.9080000000 -2.4540000000 0.0000000000\nH 4.9080000000 4.9080000000 0.0000000000\nH -2.4540000000 4.9080000000 0.0000000000",
    "n_qubits": 8,
    "n_particles": {
      "total": 4,
      "alpha": 2,
      "beta": 2
    },
    "hf_array": [
      1,
      1,
      1,
      1,
      0,
      0,
      0,
      0
    ],
    "hf_method": "pyscf.scf.hf_symm.SymAdaptedRHF",
    "convergence_threshold": 1e-06,
    "point_group": {
      "groupname": "D2h",
      "topgroup": "D4h"
    },
    "alpha": 3.0,
    "calculated_properties": {
      "HF": {
        "energy": -1.143198194138788,
        "converged": true
      },
      "MP2": {
        "energy": -3.5343766815499644,
        "converged": false
      },
      "CISD": {
        "energy": -1.6544515009895835,
        "converged": true
      },
      "CCSD": {
        "energy": null,
        "converged": false
      },
      "FCI": {
        "energy": -1.866327398228739,
        "converged": true,
        "spin_matches_target": true,
        "multiplicity": 1.0000000000000004,
        "oscillatory_converged": false,
        "oscillation_energy_change": null
      }
    },
    "auxiliary_operators": {
      "number_operator": {
        "IIIIIIII": 4.0,
        "ZIIIIIII": -0.5,
        "IZIIIIII": -0.5,
        "IIZIIIII": -0.5,
        "IIIZIIII": -0.5,
        "IIIIZIII": -0.5,
        "IIIIIZII": -0.5,
        "IIIIIIZI": -0.5,
        "IIIIIIIZ": -0.5
      },
      "N_alpha": {
        "IIIIIIII": 2.0,
        "ZIIIIIII": -0.5,
        "IIZIIIII": -0.5,
        "IIIIZIII": -0.5,
        "IIIIIIZI": -0.5
      },
      "N_beta": {
        "IIIIIIII": 2.0,
        "IZIIIIII": -0.5,
        "IIIZIIII": -0.5,
        "IIIIIZII": -0.5,
        "IIIIIIIZ": -0.5
      },
      "S^2_operator": {
        "IIIIIIII": 1.5,
        "ZZIIIIII": -0.375,
        "IIIIZZII": -0.375,
        "IIIIIIZZ": -0.375,
        "IIZZIIII": -0.375,
        "ZIIZIIII": -0.125,
        "ZIZIIIII": 0.125,
        "IIIIXYXY": 0.125,
        "IIIIXYYX": -0.125,
        "IIIIYYXX": 0.125,
        "IIIIYYYY": 0.125,
        "IIIIXXXX": 0.125,
        "IIIIXXYY": 0.125,
        "IIIIYXXY": -0.125,
        "IIIIYXYX": 0.125,
        "IIXYIIXY": 0.125,
        "IIXYIIYX": -0.125,
        "ZIIIZIII": 0.125,
        "ZIIIIZII": -0.125,
        "ZIIIIIZI": 0.125,
        "ZIIIIIIZ": -0.125,
        "IIIIZIIZ": -0.125,
        "IIIIZIZI": 0.125,
        "IIIZIIIZ": 0.125,
        "IIIZIIZI": -0.125,
        "IIIZIZII": 0.125,
        "IIIZZIII": -0.125,
        "IIZIIIIZ": -0.125,
        "IIYYIIXX": 0.125,
        "IIZIIIZI": 0.125,
        "IIZIZIII": 0.125,
        "IZIIIIIZ": 0.125,
        "IZIIIIZI": -0.125,
        "IZIIIZII": 0.125,
        "IZIIZIII": -0.125,
        "IZIZIIII": 0.125,
        "IZZIIIII": -0.125,
        "IIZIIZII": -0.125,
        "IIYYIIYY": 0.125,
        "IIXXIIXX": 0.125,
        "IIXXIIYY": 0.125,
        "XYIIYXII": -0.125,
        "YYIIXXII": 0.125,
        "YYIIYYII": 0.125,
        "XXIIXXII": 0.125,
        "XXIIYYII": 0.125,
        "YXIIXYII": -0.125,
        "YXIIYXII": 0.125,
        "XYXYIIII": 0.125,
        "XYYXIIII": -0.125,
        "YYXXIIII": 0.125,
        "YYYYIIII": 0.125,
        "XXXXIIII": 0.125,
        "XXYYIIII": 0.125,
        "YXXYIIII": -0.125,
        "YXYXIIII": 0.125,
        "XYIIXYII": 0.125,
        "IIIIIZZI": -0.125,
        "YXIIIIYX": 0.125,
        "XXIIIIYY": 0.125,
        "IIYXIIXY": -0.125,
        "IIYXIIYX": 0.125,
        "IIXYXYII": 0.125,
        "IIXYYXII": -0.125,
        "IIYYXXII": 0.125,
        "IIYYYYII": 0.125,
        "IIXXXXII": 0.125,
        "IIXXYYII": 0.125,
        "IIYXXYII": -0.125,
        "IIYXYXII": 0.125,
        "XYIIIIXY": 0.125,
        "XYIIIIYX": -0.125,
        "YYIIIIXX": 0.125,
        "YYIIIIYY": 0.125,
        "XXIIIIXX": 0.125,
        "YXIIIIXY": -0.125,
        "IIIIIZIZ": 0.125
      }
    },