{
  "hamiltonian": {
    "IIIIIIII": -1.0675736774261093,
    "IIIIZZII": 0.11891040256680861,
    "IIZZIIII": 0.11891040256680861,
    "IIZIIIIZ": 0.10194500644257329,
    "IIIZIIZI": 0.10194500644257329,
    "IZIIZIII": 0.09975278590347672,
    "ZIIIIZII": 0.09975278590347672,
    "IIIIIIZZ": 0.09613362048335598,
    "ZZIIIIII": 0.09187112552266863,
    "ZIIIIIIZ": 0.08423056625977857,
    "IZIIIIZI": 0.08423056625977857,
    "IIIIIZZI": 0.0784434364195795,
    "IIIIZIIZ": 0.0784434364195795,
    "IZIIIIII": 0.07785357976022311,
    "ZIIIIIII": 0.07785357976022309,
    "ZIIZIIII": 0.07625121588048299,
    "IZZIIIII": 0.07625121588048299,
    "IZIIIIIZ": 0.059612039337692796,
    "ZIIIIIZI": 0.059612039337692796,
    "IIZIIZII": 0.05926920685104914,
    "IIIZZIII": 0.05926920685104914,
    "IIIZIZII": 0.05912365476101486,
    "IIZIZIII": 0.05912365476101486,
    "IIYYIIXX": -0.054860759526191356,
    "IIXYIIYX": 0.054860759526191356,
    "IIYXIIXY": 0.054860759526191356,
    "IIXXIIYY": -0.054860759526191356,
    "ZIZIIIII": 0.05448190123014752,
    "IZIZIIII": 0.05448190123014752,
    "IIIIIZIZ": 0.053941755713827824,
    "IIIIZIZI": 0.053941755713827824,
    "XXIIYYII": -0.05212839347077513,
    "XYIIYXII": 0.05212839347077513,
    "YXIIXYII": 0.05212839347077513,
    "YYIIXXII": -0.05212839347077513,
    "IZIIIZII": 0.0476243924327016,
    "ZIIIZIII": 0.0476243924327016,
    "IIZIIIZI": 0.047084246916381925,
    "IIIZIIIZ": 0.047084246916381925,
    "IIIIZIII": 0.03570094614698738,
    "IIIIIZII": 0.03570094614698732,
    "IIIZIIII": 0.03570094614698714,
    "IIZIIIII": 0.03570094614698713,
    "IYZZYXXI": 0.03555971005266155,
    "IYZZXXYI": -0.03555971005266155,
    "IXZZYYXI": -0.03555971005266155,
    "IXZZXYYI": 0.03555971005266155,
    "YZZZYYZY": -0.03555971005266155,
    "XZZZXYZY": -0.03555971005266155,
    "XZZZXXZX": -0.03555971005266155,
    "YZZZYXZX": -0.03555971005266155,
    "IXXYZZYI": -0.0343735488797227,
    "IXYYZZXI": 0.0343735488797227,
    "IYXXZZYI": 0.0343735488797227,
    "IYYXZZXI": -0.0343735488797227,
    "YZYYZZZY": 0.0343735488797227,
    "XZXYZZZY": 0.0343735488797227,
    "XZXXZZZX": 0.0343735488797227,
    "YZYXZZZX": 0.0343735488797227,
    "XZZZZIXI": 0.027544205060608486,
    "IXZZIZZX": 0.027544205060608486,
    "IYZZIZZY": 0.027544205060608486,
    "YZZZZIYI": 0.027544205060608486,
    "XZZIZZXI": -0.026592529174853406,
    "YZZIZZYI": -0.026592529174853406,
    "IYIZZZZY": -0.026592529174853406,
    "IXIZZZZX": -0.026592529174853406,
    "YYIIIIXX": -0.024618526922085777,
    "YXIIIIXY": 0.024618526922085777,
    "XYIIIIYX": 0.024618526922085777,
    "XXIIIIYY": -0.024618526922085777,
    "IIIIXXYY": -0.024501680705751674,
    "IIIIXYYX": 0.024501680705751674,
    "IIIIYYXX": -0.024501680705751674,
    "IIIIYXXY": 0.024501680705751674,
    "XXYYIIII": -0.021769314650335474,
    "XYYXIIII": 0.021769314650335474,
    "YXXYIIII": 0.021769314650335474,
    "YYXXIIII": -0.021769314650335474,
    "YZZZZZYI": -0.017229269553023518,
    "IYZZZZZY": -0.017229269553023518,
    "IXZZZZZX": -0.017229269553023518,
    "XZZZZZXI": -0.017229269553023518,
    "ZXZZZZZX": 0.01101807160907382,
    "ZYZZZZZY": 0.01101807160907382,
    "YIZZZZYI": 0.01101807160907382,
    "XIZZZZXI": 0.01101807160907382,
    "YZZZZZYZ": -0.01009286504456677,
    "XZZZZZXZ": -0.01009286504456677,
    "IYZZZZIY": -0.01009286504456677,
    "IXZZZZIX": -0.01009286504456677,
    "IXZZZIZX": -0.008015504992053064,
    "XZZZIZXI": -0.008015504992053064,
    "YZZZIZYI": -0.008015504992053064,
    "IYZZZIZY": -0.008015504992053064,
    "YZIZZZYI": 0.0077810197048692915,
    "IYZIZZZY": 0.0077810197048692915,
    "IXZIZZZX": 0.0077810197048692915,
    "XZIZZZXI": 0.0077810197048692915,
    "IIIIIIIZ": -0.0015229372937942687,
    "IIIIIIZI": -0.001522937293794241,
    "IIXXYYII": -0.0001455520900342843,
    "IIXYYXII": 0.0001455520900342843,
    "IIYXXYII": 0.0001455520900342843,
    "IIYYXXII": -0.0001455520900342843
  },
  "data": {
    "molecule_id": "H4_singlet_D4h",
    "qubit_encoding": "JW",
    "unit": "Angstrom",
    "basis": "sto-3g",
    "charge": 0,
    "multiplicity": 1,
    "spin": 0,
    "geometry": "H 0.1227000000 0.1227000000 0.0000000000\nH 2.3313000000 0.1227000000 0.0000000000\nH 2.3313000000 2.3313000000 0.0000000000\nH 0.1227000000 2.3313000000 0.0000000000",
    "n_qubits": 8,
    "n_particles": {
      "total": 4,
      "alpha": 2,
      "beta": 2
    },
    "hf_array": [
      1,
      1,
      1,
      1,
      0,
      0,
      0,
      0
    ],
    "hf_method": "pyscf.scf.hf_symm.SymAdaptedRHF",
    "convergence_threshold": 1e-06,
    "point_group": {
      "groupname": "D2h",
      "topgroup": "D4h"
    },
    "alpha": 0.9,
    "calculated_properties": {
      "HF": {
        "energy": -1.3915483397157624,
        "converged": true
      },
      "MP2": {
        "energy": -1.5906202184477358,
        "converged": false
      },
      "CISD": {
        "energy": -1.707145250774464,
        "converged": true
      },
      "CCSD": {
        "energy": -1.801723635600056,
        "converged": true
      },
      "FCI": {
        "energy": -1.8617342306016957,
        "converged": true,
        "spin_matches_target": true,
        "multiplicity": 1.0,
        "oscillatory_converged": false,
        "oscillation_energy_change": null
      }
    },
    "auxiliary_operators": {
      "number_operator": {
        "IIIIIIII": 4.0,
        "ZIIIIIII": -0.5,
        "IZIIIIII": -0.5,
        "IIZIIIII": -0.5,
        "IIIZIIII": -0.5,
        "IIIIZIII": -0.5,
        "IIIIIZII": -0.5,
        "IIIIIIZI": -0.5,
        "IIIIIIIZ": -0.5
      },
      "N_alpha": {
        "IIIIIIII": 2.0,
        "ZIIIIIII": -0.5,
        "IIZIIIII": -0.5,
        "IIIIZIII": -0.5,
        "IIIIIIZI": -0.5
      },
      "N_beta": {
        "IIIIIIII": 2.0,
        "IZIIIIII": -0.5,
        "IIIZIIII": -0.5,
        "IIIIIZII": -0.5,
        "IIIIIIIZ": -0.5
      },
      "S^2_operator": {
        "IIIIIIII": 1.5,
        "ZZIIIIII": -0.375,
        "IIIIZZII": -0.375,
        "IIIIIIZZ": -0.375,
        "IIZZIIII": -0.375,
        "ZIIZIIII": -0.125,
        "ZIZIIIII": 0.125,
        "IIIIXYXY": 0.125,
        "IIIIXYYX": -0.125,
        "IIIIYYXX": 0.125,
        "IIIIYYYY": 0.125,
        "IIIIXXXX": 0.125,
        "IIIIXXYY": 0.125,
        "IIIIYXXY": -0.125,
        "IIIIYXYX": 0.125,
        "IIXYIIXY": 0.125,
        "IIXYIIYX": -0.125,
        "ZIIIZIII": 0.125,
        "ZIIIIZII": -0.125,
        "ZIIIIIZI": 0.125,
        "ZIIIIIIZ": -0.125,
        "IIIIZIIZ": -0.125,
        "IIIIZIZI": 0.125,
        "IIIZIIIZ": 0.125,
        "IIIZIIZI": -0.125,
        "IIIZIZII": 0.125,
        "IIIZZIII": -0.125,
        "IIZIIIIZ": -0.125,
        "IIYYIIXX": 0.125,
        "IIZIIIZI": 0.125,
        "IIZIZIII": 0.125,
        "IZIIIIIZ": 0.125,
        "IZIIIIZI": -0.125,
        "IZIIIZII": 0.125,
        "IZIIZIII": -0.125,
        "IZIZIIII": 0.125,
        "IZZIIIII": -0.125,
        "IIZIIZII": -0.125,
        "IIYYIIYY": 0.125,
        "IIXXIIXX": 0.125,
        "IIXXIIYY": 0.125,
        "XYIIYXII": -0.125,
        "YYIIXXII": 0.125,
        "YYIIYYII": 0.125,
        "XXIIXXII": 0.125,
        "XXIIYYII": 0.125,
        "YXIIXYII": -0.125,
        "YXIIYXII": 0.125,
        "XYXYIIII": 0.125,
        "XYYXIIII": -0.125,
        "YYXXIIII": 0.125,
        "YYYYIIII": 0.125,
        "XXXXIIII": 0.125,
        "XXYYIIII": 0.125,
        "YXXYIIII": -0.125,
        "YXYXIIII": 0.125,
        "XYIIXYII": 0.125,
        "IIIIIZZI": -0.125,
        "YXIIIIYX": 0.125,
        "XXIIIIYY": 0.125,
        "IIYXIIXY": -0.125,
        "IIYXIIYX": 0.125,
        "IIXYXYII": 0.125,
        "IIXYYXII": -0.125,
        "IIYYXXII": 0.125,
        "IIYYYYII": 0.125,
        "IIXXXXII": 0.125,
        "IIXXYYII": 0.125,
        "IIYXXYII": -0.125,
        "IIYXYXII": 0.125,
        "XYIIIIXY": 0.125,
        "XYIIIIYX": -0.125,
        "YYIIIIXX": 0.125,