{
  "hamiltonian": {
    "IIIIIIII": -1.0917214543089049,
    "IIIIZZII": 0.1036328653683861,
    "IIZZIIII": 0.1036328653683861,
    "IIIZIIZI": 0.10080267769618606,
    "IIZIIIIZ": 0.10080267769618606,
    "ZIIIIZII": 0.10080267140585356,
    "IZIIZIII": 0.10080267140585356,
    "IIIIIIZZ": 0.09816234628187814,
    "ZZIIIIII": 0.09816233370121313,
    "IIYYIIXX": -0.08699928705201014,
    "IIYXIIXY": 0.08699928705201014,
    "IIXYIIYX": 0.08699928705201014,
    "IIXXIIYY": -0.08699928705201014,
    "YYIIXXII": -0.08699928061426385,
    "YXIIXYII": 0.08699928061426385,
    "XXIIYYII": -0.08699928061426385,
    "XYIIYXII": 0.08699928061426385,
    "IZIIIIII": 0.03963954129411186,
    "ZIIIIIII": 0.03963954129411186,
    "IIIIZIII": 0.03963943879846406,
    "IIIIIZII": 0.03963943879846406,
    "IIZIIIII": 0.039639438798464044,
    "IIIZIIII": 0.03963943879846404,
    "IIIIIIZI": 0.03963933630344449,
    "IIIIIIIZ": 0.03963933630344449,
    "ZIIIIIIZ": 0.02472397495331792,
    "IZIIIIZI": 0.02472397495331792,
    "IIIIIZZI": 0.02208364353901717,
    "IIIIZIIZ": 0.02208364353901717,
    "IZZIIIII": 0.02208363724868467,
    "ZIIZIIII": 0.02208363724868467,
    "ZIIIIIZI": 0.01925344957649583,
    "IZIIIIIZ": 0.01925344957649583,
    "IIZIZIII": 0.0192534495764918,
    "IIZIIZII": 0.0192534495764918,
    "IIIZZIII": 0.0192534495764918,
    "IIIZIZII": 0.0192534495764918,
    "IZIZIIII": 0.019064303689088735,
    "ZIZIIIII": 0.019064303689088735,
    "IIIIIZIZ": 0.01906430354167494,
    "IIIIZIZI": 0.01906430354167494,
    "IYZZYXXI": 0.016207418292209754,
    "IXZZYYXI": -0.016207418292209754,
    "IXZZXYYI": 0.016207418292209754,
    "XZZZXYZY": -0.016207418292209754,
    "IYZZXXYI": -0.016207418292209754,
    "YZZZYXZX": -0.016207418292209754,
    "YZZZYYZY": -0.016207418292209754,
    "XZZZXXZX": -0.016207418292209754,
    "IYYXZZXI": -0.0162074016133698,
    "YZYYZZZY": 0.0162074016133698,
    "XZXYZZZY": 0.0162074016133698,
    "XZXXZZZX": 0.0162074016133698,
    "IYXXZZYI": 0.0162074016133698,
    "IXYYZZXI": 0.0162074016133698,
    "IXXYZZYI": -0.0162074016133698,
    "YZYXZZZX": 0.0162074016133698,
    "XZZZZIXI": 0.01519210700561289,
    "YZZZZIYI": 0.01519210700561289,
    "IXZZIZZX": 0.01519210700561289,
    "IYZZIZZY": 0.01519210700561289,
    "IXIZZZZX": -0.015192090708690915,
    "YZZIZZYI": -0.015192090708690915,
    "IYIZZZZY": -0.015192090708690915,
    "XZZIZZXI": -0.015192090708690915,
    "YIZZZZYI": 0.014172983128575721,
    "XIZZZZXI": 0.014172983128575721,
    "ZXZZZZZX": 0.014172983128575721,
    "ZYZZZZZY": 0.014172983128575721,
    "IYZZZZIY": -0.014172966831653746,
    "IXZZZZIX": -0.014172966831653746,
    "XZZZZZXZ": -0.014172966831653746,
    "YZZZZZYZ": -0.014172966831653746,
    "IZIIIZII": 0.013803390791589702,
    "ZIIIZIII": 0.013803390791589702,
    "IIIZIIIZ": 0.013803390644175913,
    "IIZIIIZI": 0.013803390644175913,
    "XYIIIIYX": 0.005470525376822092,
    "YXIIIIXY": 0.005470525376822092,
    "XXIIIIYY": -0.005470525376822092,
    "YYIIIIXX": -0.005470525376822092,
    "IIIIXYYX": 0.003019339997342234,
    "IIIIXXYY": -0.003019339997342234,
    "IIIIYYXX": -0.003019339997342234,
    "IIIIYXXY": 0.003019339997342234,
    "YXXYIIII": 0.0030193335595959355,
    "XXYYIIII": -0.0030193335595959355,
    "YYXXIIII": -0.0030193335595959355,
    "XYYXIIII": 0.0030193335595959355,
    "YZZZIZYI": -0.0010153112865968652,
    "XZZZIZXI": -0.0010153112865968652,
    "IXZZZIZX": -0.0010153112865968652,
    "IYZZZIZY": -0.0010153112865968652,
    "IXZIZZZX": 0.0010153109046788858,
    "XZIZZZXI": 0.0010153109046788858,
    "IYZIZZZY": 0.0010153109046788858,
    "YZIZZZYI": 0.0010153109046788858,
    "XZZZZZXI": -2.655437458636001e-07,
    "IYZZZZZY": -2.655437458636001e-07,
    "IXZZZZZX": -2.655437458636001e-07,
    "YZZZZZYI": -2.655437458636001e-07
  },
  "data": {
    "molecule_id": "H4_singlet_D4h",
    "qubit_encoding": "JW",
    "unit": "Angstrom",
    "basis": "sto-3g",
    "charge": 0,
    "multiplicity": 1,
    "spin": 0,
    "geometry": "H -2.2086000000 -2.2086000000 0.0000000000\nH 4.6626000000 -2.2086000000 0.0000000000\nH 4.6626000000 4.6626000000 0.0000000000\nH -2.2086000000 4.6626000000 0.0000000000",
    "n_qubits": 8,
    "n_particles": {
      "total": 4,
      "alpha": 2,
      "beta": 2
    },
    "hf_array": [
      1,
      1,
      1,
      1,
      0,
      0,
      0,
      0
    ],
    "hf_method": "pyscf.scf.hf_symm.SymAdaptedRHF",
    "convergence_threshold": 1e-06,
    "point_group": {
      "groupname": "D2h",
      "topgroup": "D4h"
    },
    "alpha": 2.8,
    "calculated_properties": {
      "HF": {
        "energy": -1.1469325859746502,
        "converged": true
      },
      "MP2": {
        "energy": -3.3434779174166924,
        "converged": false
      },
      "CISD": {
        "energy": -1.65553372100683,
        "converged": true
      },
      "CCSD": {
        "energy": null,
        "converged": false
      },
      "FCI": {
        "energy": -1.8663273982287123,
        "converged": true,
        "spin_matches_target": true,
        "multiplicity": 0.9999999999999991,
        "oscillatory_converged": false,
        "oscillation_energy_change": null
      }
    },
    "auxiliary_operators": {
      "number_operator": {
        "IIIIIIII": 4.0,
        "ZIIIIIII": -0.5,
        "IZIIIIII": -0.5,
        "IIZIIIII": -0.5,
        "IIIZIIII": -0.5,
        "IIIIZIII": -0.5,
        "IIIIIZII": -0.5,
        "IIIIIIZI": -0.5,
        "IIIIIIIZ": -0.5
      },
      "N_alpha": {
        "IIIIIIII": 2.0,
        "ZIIIIIII": -0.5,
        "IIZIIIII": -0.5,
        "IIIIZIII": -0.5,
        "IIIIIIZI": -0.5
      },
      "N_beta": {
        "IIIIIIII": 2.0,
        "IZIIIIII": -0.5,
        "IIIZIIII": -0.5,
        "IIIIIZII": -0.5,
        "IIIIIIIZ": -0.5
      },
      "S^2_operator": {
        "IIIIIIII": 1.5,
        "ZZIIIIII": -0.375,
        "IIIIZZII": -0.375,
        "IIIIIIZZ": -0.375,
        "IIZZIIII": -0.375,
        "ZIIZIIII": -0.125,
        "ZIZIIIII": 0.125,
        "IIIIXYXY": 0.125,
        "IIIIXYYX": -0.125,
        "IIIIYYXX": 0.125,
        "IIIIYYYY": 0.125,
        "IIIIXXXX": 0.125,
        "IIIIXXYY": 0.125,
        "IIIIYXXY": -0.125,
        "IIIIYXYX": 0.125,
        "IIXYIIXY": 0.125,
        "IIXYIIYX": -0.125,
        "ZIIIZIII": 0.125,
        "ZIIIIZII": -0.125,
        "ZIIIIIZI": 0.125,
        "ZIIIIIIZ": -0.125,
        "IIIIZIIZ": -0.125,
        "IIIIZIZI": 0.125,
        "IIIZIIIZ": 0.125,
        "IIIZIIZI": -0.125,
        "IIIZIZII": 0.125,
        "IIIZZIII": -0.125,
        "IIZIIIIZ": -0.125,
        "IIYYIIXX": 0.125,
        "IIZIIIZI": 0.125,
        "IIZIZIII": 0.125,
        "IZIIIIIZ": 0.125,
        "IZIIIIZI": -0.125,
        "IZIIIZII": 0.125,
        "IZIIZIII": -0.125,
        "IZIZIIII": 0.125,
        "IZZIIIII": -0.125,
        "IIZIIZII": -0.125,
        "IIYYIIYY": 0.125,
        "IIXXIIXX": 0.125,
        "IIXXIIYY": 0.125,
        "XYIIYXII": -0.125,
        "YYIIXXII": 0.125,
        "YYIIYYII": 0.125,
        "XXIIXXII": 0.125,
        "XXIIYYII": 0.125,
        "YXIIXYII": -0.125,
        "YXIIYXII": 0.125,
        "XYXYIIII": 0.125,
        "XYYXIIII": -0.125,
        "YYXXIIII": 0.125,
        "YYYYIIII": 0.125,
        "XXXXIIII": 0.125,
        "XXYYIIII": 0.125,
        "YXXYIIII": -0.125,
        "YXYXIIII": 0.125,
        "XYIIXYII": 0.125,
        "IIIIIZZI": -0.125,
        "YXIIIIYX": 0.125,
        "XXIIIIYY": 0.125,
        "IIYXIIXY": -0.125,
        "IIYXIIYX": 0.125,
        "IIXYXYII": 0.125,
        "IIXYYXII": -0.125,
        "IIYYXXII": 0.125,
        "IIYYYYII": 0.125,
        "IIXXXXII": 0.125,
        "IIXXYYII": 0.125,
        "IIYXXYII": -0.125,
        "IIYXYXII": 0.125,
        "XYIIIIXY": 0.125,
        "XYIIIIYX": -0.125,
        "YYIIIIXX": 0.125,
        "YYIIIIYY": 0.125,
        "XXIIIIXX": 0.125,
        "YXIIIIXY": -0.125,
        "IIIIIZIZ": 0.125
      }
    },