{
  "hamiltonian": {
    "IIIIIIII": -1.0873029251079682,
    "IIZZIIII": 0.11439499535997542,
    "IIIIZZII": 0.11439499535997542,
    "IIZIIIIZ": 0.10105685335937134,
    "IIIZIIZI": 0.10105685335937134,
    "ZIIIIZII": 0.09982683822284057,
    "IZIIZIII": 0.09982683822284057,
    "IIIIIIZZ": 0.093690105460556,
    "ZZIIIIII": 0.09124478827269045,
    "ZIIIIIIZ": 0.07074724613124078,
    "IZIIIIZI": 0.07074724613124078,
    "IIXXIIYY": -0.06349201171116528,
    "IIXYIIYX": 0.06349201171116528,
    "IIYXIIXY": 0.06349201171116528,
    "IIYYIIXX": -0.06349201171116528,
    "IIIIZIIZ": 0.06342549231326877,
    "IIIIIZZI": 0.06342549231326877,
    "ZIIZIIII": 0.062195477176738,
    "IZZIIIII": 0.062195477176738,
    "XYIIYXII": 0.06207400058781359,
    "YXIIXYII": 0.06207400058781359,
    "XXIIYYII": -0.06207400058781359,
    "YYIIXXII": -0.06207400058781359,
    "ZIIIIIII": 0.055297429561073086,
    "IZIIIIII": 0.05529742956107307,
    "IZIIIIIZ": 0.048978863960572286,
    "ZIIIIIZI": 0.048978863960572286,
    "IIZIIZII": 0.04889657885382882,
    "IIIZZIII": 0.04889657885382882,
    "IIZIZIII": 0.04886434232692369,
    "IIIZIZII": 0.04886434232692369,
    "IZIZIIII": 0.045991287212953744,
    "ZIZIIIII": 0.045991287212953744,
    "IIIIZIZI": 0.045803291226132824,
    "IIIIIZIZ": 0.045803291226132824,
    "IIIIIZII": 0.038621518483236895,
    "IIIIZIII": 0.03862151848323689,
    "IIIZIIII": 0.03862151848323682,
    "IIZIIIII": 0.03862151848323678,
    "IZIIIZII": 0.03775283763502697,
    "ZIIIZIII": 0.03775283763502697,
    "IIIZIIIZ": 0.037564841648206046,
    "IIZIIIZI": 0.037564841648206046,
    "YZZZYYZY": -0.0330268857004294,
    "XZZZXXZX": -0.0330268857004294,
    "YZZZYXZX": -0.0330268857004294,
    "IXZZXYYI": 0.0330268857004294,
    "XZZZXYZY": -0.0330268857004294,
    "IYZZXXYI": -0.0330268857004294,
    "IYZZYXXI": 0.0330268857004294,
    "IXZZYYXI": -0.0330268857004294,
    "IYYXZZXI": -0.03202703978481808,
    "YZYYZZZY": 0.03202703978481808,
    "XZXYZZZY": 0.03202703978481808,
    "YZYXZZZX": 0.03202703978481808,
    "IXXYZZYI": -0.03202703978481808,
    "IXYYZZXI": 0.03202703978481808,
    "XZXXZZZX": 0.03202703978481808,
    "IYXXZZYI": 0.03202703978481808,
    "YZZZZIYI": 0.02711860056710596,
    "IXZZIZZX": 0.02711860056710596,
    "XZZZZIXI": 0.02711860056710596,
    "IYZZIZZY": 0.02711860056710596,
    "YZZIZZYI": -0.026251311453397513,
    "XZZIZZXI": -0.026251311453397513,
    "IYIZZZZY": -0.026251311453397513,
    "IXIZZZZX": -0.026251311453397513,
    "IIIIIIZI": 0.02383261445027074,
    "IIIIIIIZ": 0.02383261445027071,
    "YXIIIIXY": 0.021768382170668493,
    "XYIIIIYX": 0.021768382170668493,
    "XXIIIIYY": -0.021768382170668493,
    "YYIIIIXX": -0.021768382170668493,
    "IIIIXXYY": -0.01762220108713594,
    "IIIIXYYX": 0.01762220108713594,
    "IIIIYYXX": -0.01762220108713594,
    "IIIIYXXY": 0.01762220108713594,
    "YYXXIIII": -0.01620418996378426,
    "YXXYIIII": 0.01620418996378426,
    "XYYXIIII": 0.01620418996378426,
    "XXYYIIII": -0.01620418996378426,
    "ZXZZZZZX": 0.015727497381419882,
    "ZYZZZZZY": 0.015727497381419882,
    "XIZZZZXI": 0.015727497381419882,
    "YIZZZZYI": 0.015727497381419882,
    "XZZZZZXZ": -0.01486539539843876,
    "IYZZZZIY": -0.01486539539843876,
    "YZZZZZYZ": -0.01486539539843876,
    "IXZZZZIX": -0.01486539539843876,
    "IYZZZZZY": -0.01109299015921718,
    "YZZZZZYI": -0.01109299015921718,
    "XZZZZZXI": -0.01109299015921718,
    "IXZZZZZX": -0.01109299015921718,
    "XZZZIZXI": -0.005908285133323445,
    "YZZZIZYI": -0.005908285133323445,
    "IXZZZIZX": -0.005908285133323445,
    "IYZZZIZY": -0.005908285133323445,
    "IYZIZZZY": 0.0057757283314205645,
    "IXZIZZZX": 0.0057757283314205645,
    "XZIZZZXI": 0.0057757283314205645,
    "YZIZZZYI": 0.0057757283314205645,
    "IIXXYYII": -3.2236526905134664e-05,
    "IIXYYXII": 3.2236526905134664e-05,
    "IIYXXYII": 3.2236526905134664e-05,
    "IIYYXXII": -3.2236526905134664e-05
  },
  "data": {
    "molecule_id": "H4_singlet_D4h",
    "qubit_encoding": "JW",
    "unit": "Angstrom",
    "basis": "sto-3g",
    "charge": 0,
    "multiplicity": 1,
    "spin": 0,
    "geometry": "H -0.1227000000 -0.1227000000 0.0000000000\nH 2.5767000000 -0.1227000000 0.0000000000\nH 2.5767000000 2.5767000000 0.0000000000\nH -0.1227000000 2.5767000000 0.0000000000",
    "n_qubits": 8,
    "n_particles": {
      "total": 4,
      "alpha": 2,
      "beta": 2
    },
    "hf_array": [
      1,
      1,
      1,
      1,
      0,
      0,
      0,
      0
    ],
    "hf_method": "pyscf.scf.hf_symm.SymAdaptedRHF",
    "convergence_threshold": 1e-06,
    "point_group": {
      "groupname": "D2h",
      "topgroup": "D4h"
    },
    "alpha": 1.1,
    "calculated_properties": {
      "HF": {
        "energy": -1.2890533792942114,
        "converged": true
      },
      "MP2": {
        "energy": -1.67273074859006,
        "converged": false
      },
      "CISD": {
        "energy": -1.6873167307682952,
        "converged": true
      },
      "CCSD": {
        "energy": -1.842859975887092,
        "converged": true
      },
      "FCI": {
        "energy": -1.8655755954149849,
        "converged": true,
        "spin_matches_target": true,
        "multiplicity": 1.0,
        "oscillatory_converged": false,
        "oscillation_energy_change": null
      }
    },
    "auxiliary_operators": {
      "number_operator": {
        "IIIIIIII": 4.0,
        "ZIIIIIII": -0.5,
        "IZIIIIII": -0.5,
        "IIZIIIII": -0.5,
        "IIIZIIII": -0.5,
        "IIIIZIII": -0.5,
        "IIIIIZII": -0.5,
        "IIIIIIZI": -0.5,
        "IIIIIIIZ": -0.5
      },
      "N_alpha": {
        "IIIIIIII": 2.0,
        "ZIIIIIII": -0.5,
        "IIZIIIII": -0.5,
        "IIIIZIII": -0.5,
        "IIIIIIZI": -0.5
      },
      "N_beta": {
        "IIIIIIII": 2.0,
        "IZIIIIII": -0.5,
        "IIIZIIII": -0.5,
        "IIIIIZII": -0.5,
        "IIIIIIIZ": -0.5
      },
      "S^2_operator": {
        "IIIIIIII": 1.5,
        "ZZIIIIII": -0.375,
        "IIIIZZII": -0.375,
        "IIIIIIZZ": -0.375,
        "IIZZIIII": -0.375,
        "ZIIZIIII": -0.125,
        "ZIZIIIII": 0.125,
        "IIIIXYXY": 0.125,
        "IIIIXYYX": -0.125,
        "IIIIYYXX": 0.125,
        "IIIIYYYY": 0.125,
        "IIIIXXXX": 0.125,
        "IIIIXXYY": 0.125,
        "IIIIYXXY": -0.125,
        "IIIIYXYX": 0.125,
        "IIXYIIXY": 0.125,
        "IIXYIIYX": -0.125,
        "ZIIIZIII": 0.125,
        "ZIIIIZII": -0.125,
        "ZIIIIIZI": 0.125,
        "ZIIIIIIZ": -0.125,
        "IIIIZIIZ": -0.125,
        "IIIIZIZI": 0.125,
        "IIIZIIIZ": 0.125,
        "IIIZIIZI": -0.125,
        "IIIZIZII": 0.125,
        "IIIZZIII": -0.125,
        "IIZIIIIZ": -0.125,
        "IIYYIIXX": 0.125,
        "IIZIIIZI": 0.125,
        "IIZIZIII": 0.125,
        "IZIIIIIZ": 0.125,
        "IZIIIIZI": -0.125,
        "IZIIIZII": 0.125,
        "IZIIZIII": -0.125,
        "IZIZIIII": 0.125,
        "IZZIIIII": -0.125,
        "IIZIIZII": -0.125,
        "IIYYIIYY": 0.125,
        "IIXXIIXX": 0.125,
        "IIXXIIYY": 0.125,
        "XYIIYXII": -0.125,
        "YYIIXXII": 0.125,
        "YYIIYYII": 0.125,
        "XXIIXXII": 0.125,
        "XXIIYYII": 0.125,
        "YXIIXYII": -0.125,
        "YXIIYXII": 0.125,
        "XYXYIIII": 0.125,
        "XYYXIIII": -0.125,
        "YYXXIIII": 0.125,
        "YYYYIIII": 0.125,
        "XXXXIIII": 0.125,
        "XXYYIIII": 0.125,
        "YXXYIIII": -0.125,
        "YXYXIIII": 0.125,
        "XYIIXYII": 0.125,
        "IIIIIZZI": -0.125,
        "YXIIIIYX": 0.125,
        "XXIIIIYY": 0.125,
        "IIYXIIXY": -0.125,
        "IIYXIIYX": 0.125,
        "IIXYXYII": 0.125,
        "IIXYYXII": -0.125,
        "IIYYXXII": 0.125,
        "IIYYYYII": 0.125,
        "IIXXXXII": 0.125,
        "IIXXYYII": 0.125,
        "IIYXXYII": -0.125,
        "IIYXYXII": 0.125,
        "XYIIIIXY": 0.125,
        "XYIIIIYX": -0.125,
        "YYIIIIXX": 0.125,