{
  "hamiltonian": {
    "IIIIIIII": -1.0917208228919841,
    "IIIIZZII": 0.10685734527913794,
    "IIZZIIII": 0.10685734527913794,
    "IIIZIIZI": 0.10242420326850624,
    "IIZIIIIZ": 0.10242420326850624,
    "ZIIIIZII": 0.10240999880410548,
    "IZIIZIII": 0.10240999880410548,
    "IIIIIIZZ": 0.09849347721467169,
    "ZZIIIIII": 0.09846506830725778,
    "IIYYIIXX": -0.08189125782068837,
    "IIYXIIXY": 0.08189125782068837,
    "IIXYIIYX": 0.08189125782068837,
    "IIXXIIYY": -0.08189125782068837,
    "YYIIXXII": -0.08187643262565475,
    "YXIIXYII": 0.08187643262565475,
    "XXIIYYII": -0.08187643262565475,
    "XYIIYXII": 0.08187643262565475,
    "IZIIIIII": 0.03977669672161063,
    "ZIIIIIII": 0.03977669672161063,
    "IIIIZIII": 0.03963903360546559,
    "IIIIIZII": 0.03963903360546553,
    "IIIZIIII": 0.03963903360546551,
    "IIZIIIII": 0.0396390336054655,
    "IIIIIIZI": 0.03950263719421407,
    "IIIIIIIZ": 0.03950263719421401,
    "ZIIIIIIZ": 0.03675151525651238,
    "IZIIIIZI": 0.03675151525651238,
    "IIIIZIIZ": 0.032820815280706885,
    "IIIIIZZI": 0.032820815280706885,
    "IZZIIIII": 0.032806610816306155,
    "ZIIZIIII": 0.032806610816306155,
    "IZIIIIIZ": 0.028373504327670246,
    "ZIIIIIZI": 0.028373504327670246,
    "IIZIIZII": 0.028373494873105774,
    "IIIZZIII": 0.028373494873105774,
    "IIZIZIII": 0.028373489558149334,
    "IIIZIZII": 0.028373489558149334,
    "IZIZIIII": 0.027903648227977904,
    "ZIZIIIII": 0.027903648227977904,
    "IIIIZIZI": 0.027903027497345027,
    "IIIIIZIZ": 0.027903027497345027,
    "ZIIIZIII": 0.020533566178450736,
    "IZIIIZII": 0.020533566178450736,
    "IIIZIIIZ": 0.020532945447817856,
    "IIZIIIZI": 0.020532945447817856,
    "IYZZXXYI": -0.020066149835639868,
    "IXZZYYXI": -0.020066149835639868,
    "IYZZYXXI": 0.020066149835639868,
    "IXZZXYYI": 0.020066149835639868,
    "YZZZYXZX": -0.020066149835639868,
    "XZZZXYZY": -0.020066149835639868,
    "YZZZYYZY": -0.020066149835639868,
    "XZZZXXZX": -0.020066149835639868,
    "IYYXZZXI": -0.020037695040114597,
    "YZYXZZZX": 0.020037695040114597,
    "IYXXZZYI": 0.020037695040114597,
    "IXYYZZXI": 0.020037695040114597,
    "IXXYZZYI": -0.020037695040114597,
    "XZXXZZZX": 0.020037695040114597,
    "XZXYZZZY": 0.020037695040114597,
    "YZYYZZZY": 0.020037695040114597,
    "XZZZZIXI": 0.018145615829449305,
    "YZZZZIYI": 0.018145615829449305,
    "IXZZIZZX": 0.018145615829449305,
    "IYZZIZZY": 0.018145615829449305,
    "YZZIZZYI": -0.018118352435669165,
    "IXIZZZZX": -0.018118352435669165,
    "XZZIZZXI": -0.018118352435669165,
    "IYIZZZZY": -0.018118352435669165,
    "YIZZZZYI": 0.01609397270391373,
    "XIZZZZXI": 0.01609397270391373,
    "ZYZZZZZY": 0.01609397270391373,
    "ZXZZZZZX": 0.01609397270391373,
    "IXZZZZIX": -0.01606670933065878,
    "IYZZZZIY": -0.01606670933065878,
    "XZZZZZXZ": -0.01606670933065878,
    "YZZZZZYZ": -0.01606670933065878,
    "XYIIIIYX": 0.008378010928842135,
    "YXIIIIXY": 0.008378010928842135,
    "XXIIIIYY": -0.008378010928842135,
    "YYIIIIXX": -0.008378010928842135,
    "IIIIXYYX": 0.004917787783361859,
    "IIIIXXYY": -0.004917787783361859,
    "IIIIYYXX": -0.004917787783361859,
    "IIIIYXXY": 0.004917787783361859,
    "YXXYIIII": 0.004902962588328252,
    "XXYYIIII": -0.004902962588328252,
    "YYXXIIII": -0.004902962588328252,
    "XYYXIIII": 0.004902962588328252,
    "YZZZIZYI": -0.00192053400619056,
    "XZZZIZXI": -0.00192053400619056,
    "IXZZZIZX": -0.00192053400619056,
    "IYZZZIZY": -0.00192053400619056,
    "IXZIZZZX": 0.0019193426044454304,
    "XZIZZZXI": 0.0019193426044454304,
    "IYZIZZZY": 0.0019193426044454304,
    "YZIZZZYI": 0.0019193426044454304,
    "XZZZZZXI": -0.00026300860785095914,
    "IYZZZZZY": -0.00026300860785095914,
    "IXZZZZZX": -0.00026300860785095914,
    "YZZZZZYI": -0.00026300860785095914
  },
  "data": {
    "molecule_id": "H4_singlet_D4h",
    "qubit_encoding": "JW",
    "unit": "Angstrom",
    "basis": "sto-3g",
    "charge": 0,
    "multiplicity": 1,
    "spin": 0,
    "geometry": "H -1.1043000000 -1.1043000000 0.0000000000\nH 3.5583000000 -1.1043000000 0.0000000000\nH 3.5583000000 3.5583000000 0.0000000000\nH -1.1043000000 3.5583000000 0.0000000000",
    "n_qubits": 8,
    "n_particles": {
      "total": 4,
      "alpha": 2,
      "beta": 2
    },
    "hf_array": [
      1,
      1,
      1,
      1,
      0,
      0,
      0,
      0
    ],
    "hf_method": "pyscf.scf.hf_symm.SymAdaptedRHF",
    "convergence_threshold": 1e-06,
    "point_group": {
      "groupname": "D2h",
      "topgroup": "D4h"
    },
    "alpha": 1.9,
    "calculated_properties": {
      "HF": {
        "energy": -1.1742729376505345,
        "converged": true
      },
      "MP2": {
        "energy": -2.482975523789551,
        "converged": false
      },
      "CISD": {
        "energy": -1.6633472261586904,
        "converged": true
      },
      "CCSD": {
        "energy": null,
        "converged": false
      },
      "FCI": {
        "energy": -1.8663274295191696,
        "converged": true,
        "spin_matches_target": true,
        "multiplicity": 1.0,
        "oscillatory_converged": false,
        "oscillation_energy_change": null
      }
    },
    "auxiliary_operators": {
      "number_operator": {
        "IIIIIIII": 4.0,
        "ZIIIIIII": -0.5,
        "IZIIIIII": -0.5,
        "IIZIIIII": -0.5,
        "IIIZIIII": -0.5,
        "IIIIZIII": -0.5,
        "IIIIIZII": -0.5,
        "IIIIIIZI": -0.5,
        "IIIIIIIZ": -0.5
      },
      "N_alpha": {
        "IIIIIIII": 2.0,
        "ZIIIIIII": -0.5,
        "IIZIIIII": -0.5,
        "IIIIZIII": -0.5,
        "IIIIIIZI": -0.5
      },
      "N_beta": {
        "IIIIIIII": 2.0,
        "IZIIIIII": -0.5,
        "IIIZIIII": -0.5,
        "IIIIIZII": -0.5,
        "IIIIIIIZ": -0.5
      },
      "S^2_operator": {
        "IIIIIIII": 1.5,
        "ZZIIIIII": -0.375,
        "IIIIZZII": -0.375,
        "IIIIIIZZ": -0.375,
        "IIZZIIII": -0.375,
        "ZIIZIIII": -0.125,
        "ZIZIIIII": 0.125,
        "IIIIXYXY": 0.125,
        "IIIIXYYX": -0.125,
        "IIIIYYXX": 0.125,
        "IIIIYYYY": 0.125,
        "IIIIXXXX": 0.125,
        "IIIIXXYY": 0.125,
        "IIIIYXXY": -0.125,
        "IIIIYXYX": 0.125,
        "IIXYIIXY": 0.125,
        "IIXYIIYX": -0.125,
        "ZIIIZIII": 0.125,
        "ZIIIIZII": -0.125,
        "ZIIIIIZI": 0.125,
        "ZIIIIIIZ": -0.125,
        "IIIIZIIZ": -0.125,
        "IIIIZIZI": 0.125,
        "IIIZIIIZ": 0.125,
        "IIIZIIZI": -0.125,
        "IIIZIZII": 0.125,
        "IIIZZIII": -0.125,
        "IIZIIIIZ": -0.125,
        "IIYYIIXX": 0.125,
        "IIZIIIZI": 0.125,
        "IIZIZIII": 0.125,
        "IZIIIIIZ": 0.125,
        "IZIIIIZI": -0.125,
        "IZIIIZII": 0.125,
        "IZIIZIII": -0.125,
        "IZIZIIII": 0.125,
        "IZZIIIII": -0.125,
        "IIZIIZII": -0.125,
        "IIYYIIYY": 0.125,
        "IIXXIIXX": 0.125,
        "IIXXIIYY": 0.125,
        "XYIIYXII": -0.125,
        "YYIIXXII": 0.125,
        "YYIIYYII": 0.125,
        "XXIIXXII": 0.125,
        "XXIIYYII": 0.125,
        "YXIIXYII": -0.125,
        "YXIIYXII": 0.125,
        "XYXYIIII": 0.125,
        "XYYXIIII": -0.125,
        "YYXXIIII": 0.125,
        "YYYYIIII": 0.125,
        "XXXXIIII": 0.125,
        "XXYYIIII": 0.125,
        "YXXYIIII": -0.125,
        "YXYXIIII": 0.125,
        "XYIIXYII": 0.125,
        "IIIIIZZI": -0.125,
        "YXIIIIYX": 0.125,
        "XXIIIIYY": 0.125,
        "IIYXIIXY": -0.125,
        "IIYXIIYX": 0.125,
        "IIXYXYII": 0.125,
        "IIXYYXII": -0.125,
        "IIYYXXII": 0.125,
        "IIYYYYII": 0.125,
        "IIXXXXII": 0.125,
        "IIXXYYII": 0.125,
        "IIYXXYII": -0.125,
        "IIYXYXII": 0.125,
        "XYIIIIXY": 0.125,
        "XYIIIIYX": -0.125,
        "YYIIIIXX": 0.125,
        "YYIIIIYY": 0.125,
        "XXIIIIXX": 0.125,
        "YXIIIIXY": -0.125,
        "IIIIIZIZ": 0.125
      }
    },