{
  "hamiltonian": {
    "IIIIIIII": -1.0917214542374662,
    "IIIIZZII": 0.10444972005784771,
    "IIZZIIII": 0.10444972005784771,
    "IIIZIIZI": 0.1012733528806412,
    "IIZIIIIZ": 0.1012733528806412,
    "ZIIIIZII": 0.10127323877141026,
    "IZIIZIII": 0.10127323877141026,
    "IIIIIIZZ": 0.0983404451142999,
    "ZZIIIIII": 0.09834021689583798,
    "IIYYIIXX": -0.08578335653483683,
    "IIYXIIXY": 0.08578335653483683,
    "IIXYIIYX": 0.08578335653483683,
    "IIXXIIYY": -0.08578335653483683,
    "YYIIXXII": -0.08578323926317602,
    "YXIIXYII": 0.08578323926317602,
    "XXIIYYII": -0.08578323926317602,
    "XYIIYXII": 0.08578323926317602,
    "ZIIIIIII": 0.03964098322802854,
    "IZIIIIII": 0.03964098322802853,
    "IIIZIIII": 0.03963943874849067,
    "IIZIIIII": 0.03963943874849067,
    "IIIIZIII": 0.03963943874849065,
    "IIIIIZII": 0.03963943874849062,
    "IIIIIIZI": 0.039637894430042564,
    "IIIIIIIZ": 0.03963789443004251,
    "ZIIIIIIZ": 0.027673252573571665,
    "IZIIIIZI": 0.027673252573571665,
    "IIIIIZZI": 0.02474034480941762,
    "IIIIZIIZ": 0.02474034480941762,
    "IZZIIIII": 0.024740230700186674,
    "ZIIZIIII": 0.024740230700186674,
    "ZIIIIIZI": 0.02156386352553786,
    "IZIIIIIZ": 0.02156386352553786,
    "IIZIZIII": 0.021563863525167405,
    "IIZIIZII": 0.021563863525167405,
    "IIIZZIII": 0.021563863525167405,
    "IIIZIZII": 0.021563863525167405,
    "IZIZIIII": 0.021321821306885466,
    "ZIZIIIII": 0.021321821306885466,
    "IIIIIZIZ": 0.02132181814445562,
    "IIIIZIZI": 0.02132181814445562,
    "IYZZYXXI": 0.01712461067543425,
    "IXZZYYXI": -0.01712461067543425,
    "IXZZXYYI": 0.01712461067543425,
    "XZZZXYZY": -0.01712461067543425,
    "IYZZXXYI": -0.01712461067543425,
    "YZZZYXZX": -0.01712461067543425,
    "YZZZYYZY": -0.01712461067543425,
    "XZZZXXZX": -0.01712461067543425,
    "IYYXZZXI": -0.017124328650338586,
    "YZYYZZZY": 0.017124328650338586,
    "XZXYZZZY": 0.017124328650338586,
    "XZXXZZZX": 0.017124328650338586,
    "IYXXZZYI": 0.017124328650338586,
    "IXYYZZXI": 0.017124328650338586,
    "IXXYZZYI": -0.017124328650338586,
    "YZYXZZZX": 0.017124328650338586,
    "XZZZZIXI": 0.015912112952410913,
    "YZZZZIYI": 0.015912112952410913,
    "IXZZIZZX": 0.015912112952410913,
    "IYZZIZZY": 0.015912112952410913,
    "IXIZZZZX": -0.015911838532601755,
    "YZZIZZYI": -0.015911838532601755,
    "IYIZZZZY": -0.015911838532601755,
    "XZZIZZXI": -0.015911838532601755,
    "IZIIIZII": 0.01548999950823423,
    "ZIIIZIII": 0.01548999950823423,
    "IIIZIIIZ": 0.015489996345804363,
    "IIZIIIZI": 0.015489996345804363,
    "ZXZZZZZX": 0.014692527671213254,
    "ZYZZZZZY": 0.014692527671213254,
    "YIZZZZYI": 0.014692527671213252,
    "XIZZZZXI": 0.014692527671213252,
    "IYZZZZIY": -0.014692253251404082,
    "IXZZZZIX": -0.014692253251404082,
    "XZZZZZXZ": -0.014692253251404082,
    "YZZZZZYZ": -0.014692253251404082,
    "XYIIIIYX": 0.006109389048033802,
    "YXIIIIXY": 0.006109389048033802,
    "XXIIIIYY": -0.006109389048033802,
    "YYIIIIXX": -0.006109389048033802,
    "IIIIXYYX": 0.003418526664962003,
    "IIIIXXYY": -0.003418526664962003,
    "IIIIYYXX": -0.003418526664962003,
    "IIIIYXXY": 0.003418526664962003,
    "YXXYIIII": 0.00341840939330121,
    "XXYYIIII": -0.00341840939330121,
    "YYXXIIII": -0.00341840939330121,
    "XYYXIIII": 0.00341840939330121,
    "YZZZIZYI": -0.0012124977230233338,
    "XZZZIZXI": -0.0012124977230233338,
    "IXZZZIZX": -0.0012124977230233338,
    "IYZZZIZY": -0.0012124977230233338,
    "IXZIZZZX": 0.0012124901177368308,
    "XZIZZZXI": 0.0012124901177368308,
    "IYZIZZZY": 0.0012124901177368308,
    "YZIZZZYI": 0.0012124901177368308,
    "XZZZZZXI": -3.7141051026576277e-06,
    "IYZZZZZY": -3.7141051026576277e-06,
    "IXZZZZZX": -3.7141051026576277e-06,
    "YZZZZZYI": -3.7141051026576277e-06
  },
  "data": {
    "molecule_id": "H4_singlet_D4h",
    "qubit_encoding": "JW",
    "unit": "Angstrom",
    "basis": "sto-3g",
    "charge": 0,
    "multiplicity": 1,
    "spin": 0,
    "geometry": "H -1.8405000000 -1.8405000000 0.0000000000\nH 4.2945000000 -1.8405000000 0.0000000000\nH 4.2945000000 4.2945000000 0.0000000000\nH -1.8405000000 4.2945000000 0.0000000000",
    "n_qubits": 8,
    "n_particles": {
      "total": 4,
      "alpha": 2,
      "beta": 2
    },
    "hf_array": [
      1,
      1,
      1,
      1,
      0,
      0,
      0,
      0
    ],
    "hf_method": "pyscf.scf.hf_symm.SymAdaptedRHF",
    "convergence_threshold": 1e-06,
    "point_group": {
      "groupname": "D2h",
      "topgroup": "D4h"
    },
    "alpha": 2.5,
    "calculated_properties": {
      "HF": {
        "energy": -1.1536819610967823,
        "converged": true
      },
      "MP2": {
        "energy": -3.0574782298795906,
        "converged": false
      },
      "CISD": {
        "energy": -1.6574895278582318,
        "converged": true
      },
      "CCSD": {
        "energy": null,
        "converged": false
      },
      "FCI": {
        "energy": -1.866327398260251,
        "converged": true,
        "spin_matches_target": true,
        "multiplicity": 1.0,
        "oscillatory_converged": false,
        "oscillation_energy_change": null
      }
    },
    "auxiliary_operators": {
      "number_operator": {
        "IIIIIIII": 4.0,
        "ZIIIIIII": -0.5,
        "IZIIIIII": -0.5,
        "IIZIIIII": -0.5,
        "IIIZIIII": -0.5,
        "IIIIZIII": -0.5,
        "IIIIIZII": -0.5,
        "IIIIIIZI": -0.5,
        "IIIIIIIZ": -0.5
      },
      "N_alpha": {
        "IIIIIIII": 2.0,
        "ZIIIIIII": -0.5,
        "IIZIIIII": -0.5,
        "IIIIZIII": -0.5,
        "IIIIIIZI": -0.5
      },
      "N_beta": {
        "IIIIIIII": 2.0,
        "IZIIIIII": -0.5,
        "IIIZIIII": -0.5,
        "IIIIIZII": -0.5,
        "IIIIIIIZ": -0.5
      },
      "S^2_operator": {
        "IIIIIIII": 1.5,
        "ZZIIIIII": -0.375,
        "IIIIZZII": -0.375,
        "IIIIIIZZ": -0.375,
        "IIZZIIII": -0.375,
        "ZIIZIIII": -0.125,
        "ZIZIIIII": 0.125,
        "IIIIXYXY": 0.125,
        "IIIIXYYX": -0.125,
        "IIIIYYXX": 0.125,
        "IIIIYYYY": 0.125,
        "IIIIXXXX": 0.125,
        "IIIIXXYY": 0.125,
        "IIIIYXXY": -0.125,
        "IIIIYXYX": 0.125,
        "IIXYIIXY": 0.125,
        "IIXYIIYX": -0.125,
        "ZIIIZIII": 0.125,
        "ZIIIIZII": -0.125,
        "ZIIIIIZI": 0.125,
        "ZIIIIIIZ": -0.125,
        "IIIIZIIZ": -0.125,
        "IIIIZIZI": 0.125,
        "IIIZIIIZ": 0.125,
        "IIIZIIZI": -0.125,
        "IIIZIZII": 0.125,
        "IIIZZIII": -0.125,
        "IIZIIIIZ": -0.125,
        "IIYYIIXX": 0.125,
        "IIZIIIZI": 0.125,
        "IIZIZIII": 0.125,
        "IZIIIIIZ": 0.125,
        "IZIIIIZI": -0.125,
        "IZIIIZII": 0.125,
        "IZIIZIII": -0.125,
        "IZIZIIII": 0.125,
        "IZZIIIII": -0.125,
        "IIZIIZII": -0.125,
        "IIYYIIYY": 0.125,
        "IIXXIIXX": 0.125,
        "IIXXIIYY": 0.125,
        "XYIIYXII": -0.125,
        "YYIIXXII": 0.125,
        "YYIIYYII": 0.125,
        "XXIIXXII": 0.125,
        "XXIIYYII": 0.125,
        "YXIIXYII": -0.125,
        "YXIIYXII": 0.125,
        "XYXYIIII": 0.125,
        "XYYXIIII": -0.125,
        "YYXXIIII": 0.125,
        "YYYYIIII": 0.125,
        "XXXXIIII": 0.125,
        "XXYYIIII": 0.125,
        "YXXYIIII": -0.125,
        "YXYXIIII": 0.125,
        "XYIIXYII": 0.125,
        "IIIIIZZI": -0.125,
        "YXIIIIYX": 0.125,
        "XXIIIIYY": 0.125,
        "IIYXIIXY": -0.125,
        "IIYXIIYX": 0.125,
        "IIXYXYII": 0.125,
        "IIXYYXII": -0.125,
        "IIYYXXII": 0.125,
        "IIYYYYII": 0.125,
        "IIXXXXII": 0.125,
        "IIXXYYII": 0.125,
        "IIYXXYII": -0.125,
        "IIYXYXII": 0.125,
        "XYIIIIXY": 0.125,
        "XYIIIIYX": -0.125,
        "YYIIIIXX": 0.125,
        "YYIIIIYY": 0.125,
        "XXIIIIXX": 0.125,
        "YXIIIIXY": -0.125,
        "IIIIIZIZ": 0.125
      }
    },