{
  "hamiltonian": {
    "IIIIIIII": -1.0914870745698262,
    "IIIIZZII": 0.11045831531464403,
    "IIZZIIII": 0.11045831531464403,
    "IIIZIIZI": 0.1021307479846788,
    "IIZIIIIZ": 0.1021307479846788,
    "ZIIIIZII": 0.10181217046006652,
    "IZIIZIII": 0.10181217046006652,
    "IIIIIIZZ": 0.09580564783386437,
    "ZZIIIIII": 0.09516871781281142,
    "IIYYIIXX": -0.0735879389362372,
    "IIYXIIXY": 0.0735879389362372,
    "IIXYIIYX": 0.0735879389362372,
    "IIXXIIYY": -0.0735879389362372,
    "YXIIXYII": 0.07324287580227175,
    "XYIIYXII": 0.07324287580227175,
    "XXIIYYII": -0.07324287580227175,
    "YYIIXXII": -0.07324287580227175,
    "ZIIIIIIZ": 0.05346002843760089,
    "IZIIIIZI": 0.05346002843760089,
    "IIIIIZZI": 0.04714131082099639,
    "IIIIZIIZ": 0.04714131082099639,
    "ZIIZIIII": 0.04682273329638409,
    "IZZIIIII": 0.04682273329638409,
    "IZIIIIII": 0.04276308064132461,
    "ZIIIIIII": 0.04276308064132461,
    "IIZIIIII": 0.0395502696969286,
    "IIIZIIII": 0.03955026969692859,
    "IIIIZIII": 0.03955026969692858,
    "IIIIIZII": 0.03955026969692856,
    "ZIIIIIZI": 0.03850656750948342,
    "IZIIIIIZ": 0.03850656750948342,
    "IIZIIZII": 0.03850144652978681,
    "IIIZZIII": 0.03850144652978681,
    "IIZIZIII": 0.03849942404370051,
    "IIIZIZII": 0.03849942404370051,
    "IZIZIIII": 0.03718804070945464,
    "ZIZIIIII": 0.03718804070945464,
    "IIIIIZIZ": 0.03716155510010146,
    "IIIIZIZI": 0.03716155510010146,
    "IIIIIIIZ": 0.03656744179132333,
    "IIIIIIZI": 0.036567441791323305,
    "ZIIIZIII": 0.028569294657794765,
    "IZIIIZII": 0.028569294657794765,
    "IIIZIIIZ": 0.028542809048441593,
    "IIZIIIZI": 0.028542809048441593,
    "IXZZYYXI": -0.027032181169927075,
    "IXZZXYYI": 0.027032181169927075,
    "IYZZYXXI": 0.027032181169927075,
    "YZZZYYZY": -0.027032181169927075,
    "YZZZYXZX": -0.027032181169927075,
    "XZZZXYZY": -0.027032181169927075,
    "XZZZXXZX": -0.027032181169927075,
    "IYZZXXYI": -0.027032181169927075,
    "IYYXZZXI": -0.026623109881409878,
    "IYXXZZYI": 0.026623109881409878,
    "IXYYZZXI": 0.026623109881409878,
    "YZYXZZZX": 0.026623109881409878,
    "YZYYZZZY": 0.026623109881409878,
    "IXXYZZYI": -0.026623109881409878,
    "XZXYZZZY": 0.026623109881409878,
    "XZXXZZZX": 0.026623109881409878,
    "YZZZZIYI": 0.023381404549043576,
    "IXZZIZZX": 0.023381404549043576,
    "XZZZZIXI": 0.023381404549043576,
    "IYZZIZZY": 0.023381404549043576,
    "IYIZZZZY": -0.023003731869299077,
    "XZZIZZXI": -0.023003731869299077,
    "IXIZZZZX": -0.023003731869299077,
    "YZZIZZYI": -0.023003731869299077,
    "YIZZZZYI": 0.017910023499238148,
    "XIZZZZXI": 0.017910023499238148,
    "ZYZZZZZY": 0.017910023499238148,
    "ZXZZZZZX": 0.017910023499238148,
    "IYZZZZIY": -0.017532484204597805,
    "YZZZZZYZ": -0.017532484204597805,
    "IXZZZZIX": -0.017532484204597805,
    "XZZZZZXZ": -0.017532484204597805,
    "YYIIIIXX": -0.01495346092811747,
    "XXIIIIYY": -0.01495346092811747,
    "XYIIIIYX": 0.01495346092811747,
    "YXIIIIXY": 0.01495346092811747,
    "IIIIYXXY": 0.009979755720894917,
    "IIIIXXYY": -0.009979755720894917,
    "IIIIXYYX": 0.009979755720894917,
    "IIIIYYXX": -0.009979755720894917,
    "YXXYIIII": 0.009634692586929451,
    "XYYXIIII": 0.009634692586929451,
    "YYXXIIII": -0.009634692586929451,
    "XXYYIIII": -0.009634692586929451,
    "IYZZZZZY": -0.003672455440880032,
    "YZZZZZYI": -0.003672455440880032,
    "IXZZZZZX": -0.003672455440880032,
    "XZZZZZXI": -0.003672455440880032,
    "IXZZZIZX": -0.003650776620883499,
    "IYZZZIZY": -0.003650776620883499,
    "YZZZIZYI": -0.003650776620883499,
    "XZZZIZXI": -0.003650776620883499,
    "YZIZZZYI": 0.003619378012110799,
    "IXZIZZZX": 0.003619378012110799,
    "XZIZZZXI": 0.003619378012110799,
    "IYZIZZZY": 0.003619378012110799,
    "IIYXXYII": 2.0224860862979737e-06,
    "IIXYYXII": 2.0224860862979737e-06,
    "IIXXYYII": -2.0224860862979737e-06,
    "IIYYXXII": -2.0224860862979737e-06
  },
  "data": {
    "molecule_id": "H4_singlet_D4h",
    "qubit_encoding": "JW",
    "unit": "Angstrom",
    "basis": "sto-3g",
    "charge": 0,
    "multiplicity": 1,
    "spin": 0,
    "geometry": "H -0.4908000000 -0.4908000000 0.0000000000\nH 2.9448000000 -0.4908000000 0.0000000000\nH 2.9448000000 2.9448000000 0.0000000000\nH -0.4908000000 2.9448000000 0.0000000000",
    "n_qubits": 8,
    "n_particles": {
      "total": 4,
      "alpha": 2,
      "beta": 2
    },
    "hf_array": [
      1,
      1,
      1,
      1,
      0,
      0,
      0,
      0
    ],
    "hf_method": "pyscf.scf.hf_symm.SymAdaptedRHF",
    "convergence_threshold": 1e-06,
    "point_group": {
      "groupname": "D2h",
      "topgroup": "D4h"
    },
    "alpha": 1.4,
    "calculated_properties": {
      "HF": {
        "energy": -1.2154050534830985,
        "converged": true
      },
      "MP2": {
        "energy": -1.9577017430185348,
        "converged": false
      },
      "CISD": {
        "energy": -1.6732324890319763,
        "converged": true
      },
      "CCSD": {
        "energy": -1.8624310365960655,
        "converged": true
      },
      "FCI": {
        "energy": -1.8663008923955995,
        "converged": true,
        "spin_matches_target": true,
        "multiplicity": 1.0000000000000004,
        "oscillatory_converged": false,
        "oscillation_energy_change": null
      }
    },
    "auxiliary_operators": {
      "number_operator": {
        "IIIIIIII": 4.0,
        "ZIIIIIII": -0.5,
        "IZIIIIII": -0.5,
        "IIZIIIII": -0.5,
        "IIIZIIII": -0.5,
        "IIIIZIII": -0.5,
        "IIIIIZII": -0.5,
        "IIIIIIZI": -0.5,
        "IIIIIIIZ": -0.5
      },
      "N_alpha": {
        "IIIIIIII": 2.0,
        "ZIIIIIII": -0.5,
        "IIZIIIII": -0.5,
        "IIIIZIII": -0.5,
        "IIIIIIZI": -0.5
      },
      "N_beta": {
        "IIIIIIII": 2.0,
        "IZIIIIII": -0.5,
        "IIIZIIII": -0.5,
        "IIIIIZII": -0.5,
        "IIIIIIIZ": -0.5
      },
      "S^2_operator": {
        "IIIIIIII": 1.5,
        "ZZIIIIII": -0.375,
        "IIIIZZII": -0.375,
        "IIIIIIZZ": -0.375,
        "IIZZIIII": -0.375,
        "ZIIZIIII": -0.125,
        "ZIZIIIII": 0.125,
        "IIIIXYXY": 0.125,
        "IIIIXYYX": -0.125,
        "IIIIYYXX": 0.125,
        "IIIIYYYY": 0.125,
        "IIIIXXXX": 0.125,
        "IIIIXXYY": 0.125,
        "IIIIYXXY": -0.125,
        "IIIIYXYX": 0.125,
        "IIXYIIXY": 0.125,
        "IIXYIIYX": -0.125,
        "ZIIIZIII": 0.125,
        "ZIIIIZII": -0.125,
        "ZIIIIIZI": 0.125,
        "ZIIIIIIZ": -0.125,
        "IIIIZIIZ": -0.125,
        "IIIIZIZI": 0.125,
        "IIIZIIIZ": 0.125,
        "IIIZIIZI": -0.125,
        "IIIZIZII": 0.125,
        "IIIZZIII": -0.125,
        "IIZIIIIZ": -0.125,
        "IIYYIIXX": 0.125,
        "IIZIIIZI": 0.125,
        "IIZIZIII": 0.125,
        "IZIIIIIZ": 0.125,
        "IZIIIIZI": -0.125,
        "IZIIIZII": 0.125,
        "IZIIZIII": -0.125,
        "IZIZIIII": 0.125,
        "IZZIIIII": -0.125,
        "IIZIIZII": -0.125,
        "IIYYIIYY": 0.125,
        "IIXXIIXX": 0.125,
        "IIXXIIYY": 0.125,
        "XYIIYXII": -0.125,
        "YYIIXXII": 0.125,
        "YYIIYYII": 0.125,
        "XXIIXXII": 0.125,
        "XXIIYYII": 0.125,
        "YXIIXYII": -0.125,
        "YXIIYXII": 0.125,
        "XYXYIIII": 0.125,
        "XYYXIIII": -0.125,
        "YYXXIIII": 0.125,
        "YYYYIIII": 0.125,
        "XXXXIIII": 0.125,
        "XXYYIIII": 0.125,
        "YXXYIIII": -0.125,
        "YXYXIIII": 0.125,
        "XYIIXYII": 0.125,
        "IIIIIZZI": -0.125,
        "YXIIIIYX": 0.125,
        "XXIIIIYY": 0.125,
        "IIYXIIXY": -0.125,
        "IIYXIIYX": 0.125,
        "IIXYXYII": 0.125,
        "IIXYYXII": -0.125,
        "IIYYXXII": 0.125,
        "IIYYYYII": 0.125,
        "IIXXXXII": 0.125,
        "IIXXYYII": 0.125,
        "IIYXXYII": -0.125,
        "IIYXYXII": 0.125,
        "XYIIIIXY": 0.125,