{
  "hamiltonian": {
    "IIIIIIII": -1.0916420518806755,
    "IIIIZZII": 0.10953901448511626,
    "IIZZIIII": 0.10953901448511626,
    "IIIZIIZI": 0.10241832217057988,
    "IIZIIIIZ": 0.10241832217057988,
    "ZIIIIZII": 0.10223478980870374,
    "IZIIZIII": 0.10223478980870374,
    "IIIIIIZZ": 0.09671129858497925,
    "ZZIIIIII": 0.09634427775710051,
    "IIYYIIXX": -0.07598089672626601,
    "IIYXIIXY": 0.07598089672626601,
    "IIXYIIYX": 0.07598089672626601,
    "IIXXIIYY": -0.07598089672626601,
    "YXIIXYII": 0.07578437154890201,
    "XYIIYXII": 0.07578437154890201,
    "XXIIYYII": -0.07578437154890201,
    "YYIIXXII": -0.07578437154890201,
    "ZIIIIIIZ": 0.04894413023541419,
    "IZIIIIZI": 0.04894413023541419,
    "IIIIIZZI": 0.04323968332533966,
    "IIIIZIIZ": 0.04323968332533966,
    "IZZIIIII": 0.04305615096346352,
    "ZIIZIIII": 0.04305615096346352,
    "ZIIIIIII": 0.041365967474712426,
    "IZIIIIII": 0.04136596747471237,
    "IIIIIZII": 0.039604365215366796,
    "IIIZIIII": 0.03960436521536678,
    "IIIIZIII": 0.03960436521536671,
    "IIZIIIII": 0.03960436521536671,
    "IIIIIIZI": 0.03793941811987449,
    "IIIIIIIZ": 0.03793941811987443,
    "IZIIIIIZ": 0.03593972822388529,
    "ZIIIIIZI": 0.03593972822388529,
    "IIZIIZII": 0.035938014799221894,
    "IIIZZIII": 0.035938014799221894,
    "IIIZIZII": 0.03593731130543702,
    "IIZIZIII": 0.03593731130543702,
    "IZIZIIII": 0.03491416669885733,
    "ZIZIIIII": 0.03491416669885733,
    "IIIIIZIZ": 0.03490117388336948,
    "IIIIZIZI": 0.03490117388336948,
    "ZIIIZIII": 0.026450418259801732,
    "IZIIIZII": 0.026450418259801732,
    "IIZIIIZI": 0.026437425444313864,
    "IIIZIIIZ": 0.026437425444313864,
    "IXZZYYXI": -0.025136747596293165,
    "IXZZXYYI": 0.025136747596293165,
    "IYZZYXXI": 0.025136747596293165,
    "YZZZYYZY": -0.025136747596293165,
    "YZZZYXZX": -0.025136747596293165,
    "XZZZXYZY": -0.025136747596293165,
    "XZZZXXZX": -0.025136747596293165,
    "IYZZXXYI": -0.025136747596293165,
    "IYYXZZXI": -0.024870919716837574,
    "IYXXZZYI": 0.024870919716837574,
    "IXYYZZXI": 0.024870919716837574,
    "IXXYZZYI": -0.024870919716837574,
    "YZYXZZZX": 0.024870919716837574,
    "YZYYZZZY": 0.024870919716837574,
    "XZXYZZZY": 0.024870919716837574,
    "XZXXZZZX": 0.024870919716837574,
    "IYZZIZZY": 0.021999357554946006,
    "IXZZIZZX": 0.021999357554946006,
    "XZZZZIXI": 0.021999357554946006,
    "YZZZZIYI": 0.021999357554946006,
    "IYIZZZZY": -0.0217511042816331,
    "XZZIZZXI": -0.0217511042816331,
    "YZZIZZYI": -0.0217511042816331,
    "IXIZZZZX": -0.0217511042816331,
    "ZXZZZZZX": 0.017711959263105904,
    "ZYZZZZZY": 0.017711959263105904,
    "XIZZZZXI": 0.017711959263105904,
    "YIZZZZYI": 0.017711959263105904,
    "IXZZZZIX": -0.017463735677457293,
    "IYZZZZIY": -0.017463735677457293,
    "XZZZZZXZ": -0.017463735677457293,
    "YZZZZZYZ": -0.017463735677457293,
    "YYIIIIXX": -0.013004402011528908,
    "YXIIIIXY": 0.013004402011528908,
    "XXIIIIYY": -0.013004402011528908,
    "XYIIIIYX": 0.013004402011528908,
    "IIIIXXYY": -0.008338509441970184,
    "IIIIYXXY": 0.008338509441970184,
    "IIIIXYYX": 0.008338509441970184,
    "IIIIYYXX": -0.008338509441970184,
    "XYYXIIII": 0.008141984264606189,
    "YXXYIIII": 0.008141984264606189,
    "YYXXIIII": -0.008141984264606189,
    "XXYYIIII": -0.008141984264606189,
    "YZZZIZYI": -0.0031373900413471587,
    "XZZZIZXI": -0.0031373900413471587,
    "IXZZZIZX": -0.0031373900413471587,
    "IYZZZIZY": -0.0031373900413471587,
    "YZIZZZYI": 0.0031198154352044764,
    "IXZIZZZX": 0.0031198154352044764,
    "XZIZZZXI": 0.0031198154352044764,
    "IYZIZZZY": 0.0031198154352044764,
    "IYZZZZZY": -0.0023174444136473474,
    "IXZZZZZX": -0.0023174444136473474,
    "XZZZZZXI": -0.002317444413647344,
    "YZZZZZYI": -0.002317444413647344,
    "IIXYYXII": 7.03493784870637e-07,
    "IIYXXYII": 7.03493784870637e-07,
    "IIYYXXII": -7.03493784870637e-07,
    "IIXXYYII": -7.03493784870637e-07
  },
  "data": {
    "molecule_id": "H4_singlet_D4h",
    "qubit_encoding": "JW",
    "unit": "Angstrom",
    "basis": "sto-3g",
    "charge": 0,
    "multiplicity": 1,
    "spin": 0,
    "geometry": "H -0.6135000000 -0.6135000000 0.0000000000\nH 3.0675000000 -0.6135000000 0.0000000000\nH 3.0675000000 3.0675000000 0.0000000000\nH -0.6135000000 3.0675000000 0.0000000000",
    "n_qubits": 8,
    "n_particles": {
      "total": 4,
      "alpha": 2,
      "beta": 2
    },
    "hf_array": [
      1,
      1,
      1,
      1,
      0,
      0,
      0,
      0
    ],
    "hf_method": "pyscf.scf.hf_symm.SymAdaptedRHF",
    "convergence_threshold": 1e-06,
    "point_group": {
      "groupname": "D2h",
      "topgroup": "D4h"
    },
    "alpha": 1.5,
    "calculated_properties": {
      "HF": {
        "energy": -1.202739476030695,
        "converged": true
      },
      "MP2": {
        "energy": -2.0667084795864294,
        "converged": false
      },
      "CISD": {
        "energy": -1.6704797954702941,
        "converged": true
      },
      "CCSD": {
        "energy": -1.7044569368562332,
        "converged": false
      },
      "FCI": {
        "energy": -1.866320331971918,
        "converged": true,
        "spin_matches_target": true,
        "multiplicity": 1.0000000000000004,
        "oscillatory_converged": false,
        "oscillation_energy_change": null
      }
    },
    "auxiliary_operators": {
      "number_operator": {
        "IIIIIIII": 4.0,
        "ZIIIIIII": -0.5,
        "IZIIIIII": -0.5,
        "IIZIIIII": -0.5,
        "IIIZIIII": -0.5,
        "IIIIZIII": -0.5,
        "IIIIIZII": -0.5,
        "IIIIIIZI": -0.5,
        "IIIIIIIZ": -0.5
      },
      "N_alpha": {
        "IIIIIIII": 2.0,
        "ZIIIIIII": -0.5,
        "IIZIIIII": -0.5,
        "IIIIZIII": -0.5,
        "IIIIIIZI": -0.5
      },
      "N_beta": {
        "IIIIIIII": 2.0,
        "IZIIIIII": -0.5,
        "IIIZIIII": -0.5,
        "IIIIIZII": -0.5,
        "IIIIIIIZ": -0.5
      },
      "S^2_operator": {
        "IIIIIIII": 1.5,
        "ZZIIIIII": -0.375,
        "IIIIZZII": -0.375,
        "IIIIIIZZ": -0.375,
        "IIZZIIII": -0.375,
        "ZIIZIIII": -0.125,
        "ZIZIIIII": 0.125,
        "IIIIXYXY": 0.125,
        "IIIIXYYX": -0.125,
        "IIIIYYXX": 0.125,
        "IIIIYYYY": 0.125,
        "IIIIXXXX": 0.125,
        "IIIIXXYY": 0.125,
        "IIIIYXXY": -0.125,
        "IIIIYXYX": 0.125,
        "IIXYIIXY": 0.125,
        "IIXYIIYX": -0.125,
        "ZIIIZIII": 0.125,
        "ZIIIIZII": -0.125,
        "ZIIIIIZI": 0.125,
        "ZIIIIIIZ": -0.125,
        "IIIIZIIZ": -0.125,
        "IIIIZIZI": 0.125,
        "IIIZIIIZ": 0.125,
        "IIIZIIZI": -0.125,
        "IIIZIZII": 0.125,
        "IIIZZIII": -0.125,
        "IIZIIIIZ": -0.125,
        "IIYYIIXX": 0.125,
        "IIZIIIZI": 0.125,
        "IIZIZIII": 0.125,
        "IZIIIIIZ": 0.125,
        "IZIIIIZI": -0.125,
        "IZIIIZII": 0.125,
        "IZIIZIII": -0.125,
        "IZIZIIII": 0.125,
        "IZZIIIII": -0.125,
        "IIZIIZII": -0.125,
        "IIYYIIYY": 0.125,
        "IIXXIIXX": 0.125,
        "IIXXIIYY": 0.125,
        "XYIIYXII": -0.125,
        "YYIIXXII": 0.125,
        "YYIIYYII": 0.125,
        "XXIIXXII": 0.125,
        "XXIIYYII": 0.125,
        "YXIIXYII": -0.125,
        "YXIIYXII": 0.125,
        "XYXYIIII": 0.125,
        "XYYXIIII": -0.125,
        "YYXXIIII": 0.125,
        "YYYYIIII": 0.125,
        "XXXXIIII": 0.125,
        "XXYYIIII": 0.125,
        "YXXYIIII": -0.125,
        "YXYXIIII": 0.125,
        "XYIIXYII": 0.125,
        "IIIIIZZI": -0.125,
        "YXIIIIYX": 0.125,
        "XXIIIIYY": 0.125,
        "IIYXIIXY": -0.125,
        "IIYXIIYX": 0.125,
        "IIXYXYII": 0.125,
        "IIXYYXII": -0.125,
        "IIYYXXII": 0.125,
        "IIYYYYII": 0.125,
        "IIXXXXII": 0.125,
        "IIXXYYII": 0.125,
        "IIYXXYII": -0.125,
        "IIYXYXII": 0.125,
        "XYIIIIXY": 0.125,