{
  "hamiltonian": {
    "IIIIIIII": -1.091721413663334,
    "IIIIZZII": 0.10590190921531467,
    "IIZZIIII": 0.10590190921531467,
    "IIIZIIZI": 0.10205800412243873,
    "IIZIIIIZ": 0.10205800412243873,
    "ZIIIIZII": 0.10205474072352894,
    "IZIIZIII": 0.10205474072352894,
    "IIIIIIZZ": 0.09858274004741,
    "ZZIIIIII": 0.09857621324984127,
    "IIYYIIXX": -0.08354534735686935,
    "IIYXIIXY": 0.08354534735686935,
    "IIXYIIYX": 0.08354534735686935,
    "IIXXIIYY": -0.08354534735686935,
    "YYIIXXII": -0.08354196438335967,
    "YXIIXYII": 0.08354196438335967,
    "XXIIYYII": -0.08354196438335967,
    "XYIIYXII": 0.08354196438335967,
    "ZIIIIIII": 0.039674091921253346,
    "IZIIIIII": 0.03967409192125332,
    "IIIIZIII": 0.039639411053166776,
    "IIIIIZII": 0.039639411053166776,
    "IIIZIIII": 0.03963941105316669,
    "IIZIIIII": 0.03963941105316668,
    "IIIIIIZI": 0.039604818242916534,
    "IIIIIIIZ": 0.039604818242916534,
    "ZIIIIIIZ": 0.03299369506031247,
    "IZIIIIZI": 0.03299369506031247,
    "IIIIZIIZ": 0.029518432548638326,
    "IIIIIZZI": 0.029518432548638326,
    "IZZIIIII": 0.029515169149728557,
    "ZIIZIIII": 0.029515169149728557,
    "ZIIIIIZI": 0.025671266056679517,
    "IZIIIIIZ": 0.025671266056679517,
    "IIZIZIII": 0.025671265620081672,
    "IIZIIZII": 0.025671265620081672,
    "IIIZZIII": 0.025671265620081672,
    "IIIZIZII": 0.025671265620081672,
    "IZIZIIII": 0.02531093522498538,
    "ZIZIIIII": 0.02531093522498538,
    "IIIIZIZI": 0.02531081565038551,
    "IIIIIZIZ": 0.02531081565038551,
    "XZZZXXZX": -0.018748667941343458,
    "IYZZXXYI": -0.018748667941343458,
    "IXZZYYXI": -0.018748667941343458,
    "IYZZYXXI": 0.018748667941343458,
    "IXZZXYYI": 0.018748667941343458,
    "XZZZXYZY": -0.018748667941343458,
    "YZZZYXZX": -0.018748667941343458,
    "YZZZYYZY": -0.018748667941343458,
    "YZYXZZZX": 0.018741508800902446,
    "IYXXZZYI": 0.018741508800902446,
    "IXYYZZXI": 0.018741508800902446,
    "IXXYZZYI": -0.018741508800902446,
    "XZXXZZZX": 0.018741508800902446,
    "XZXYZZZY": 0.018741508800902446,
    "IYYXZZXI": -0.018741508800902446,
    "YZYYZZZY": 0.018741508800902446,
    "IZIIIZII": 0.018512776340169262,
    "ZIIIZIII": 0.018512776340169262,
    "IIIZIIIZ": 0.018512656765569388,
    "IIZIIIZI": 0.018512656765569388,
    "XZZZZIXI": 0.017142343606022514,
    "YZZZZIYI": 0.017142343606022514,
    "IXZZIZZX": 0.017142343606022514,
    "IYZZIZZY": 0.017142343606022514,
    "YZZIZZYI": -0.017135437512598065,
    "IXIZZZZX": -0.017135437512598065,
    "XZZIZZXI": -0.017135437512598065,
    "IYIZZZZY": -0.017135437512598065,
    "ZYZZZZZY": 0.01549937452912202,
    "ZXZZZZZX": 0.01549937452912202,
    "YIZZZZYI": 0.015499374529122019,
    "XIZZZZXI": 0.015499374529122019,
    "IXZZZZIX": -0.015492468435962997,
    "IYZZZZIY": -0.015492468435962997,
    "XZZZZZXZ": -0.015492468435962997,
    "YZZZZZYZ": -0.015492468435962997,
    "XYIIIIYX": 0.0073224290036329465,
    "YXIIIIXY": 0.0073224290036329465,
    "XXIIIIYY": -0.0073224290036329465,
    "YYIIIIXX": -0.0073224290036329465,
    "IIIIXYYX": 0.004207616898252816,
    "IIIIXXYY": -0.004207616898252816,
    "IIIIYYXX": -0.004207616898252816,
    "IIIIYXXY": 0.004207616898252816,
    "YXXYIIII": 0.004204233924743178,
    "XXYYIIII": -0.004204233924743178,
    "YYXXIIII": -0.004204233924743178,
    "XYYXIIII": 0.004204233924743178,
    "YZZZIZYI": -0.0016063243353209456,
    "XZZZIZXI": -0.0016063243353209456,
    "IXZZZIZX": -0.0016063243353209456,
    "IYZZZIZY": -0.0016063243353209456,
    "IXZIZZZX": 0.0016060712883043827,
    "XZIZZZXI": 0.0016060712883043827,
    "IYZIZZZY": 0.0016060712883043827,
    "YZIZZZYI": 0.0016060712883043827,
    "XZZZZZXI": -7.329941997279675e-05,
    "IYZZZZZY": -7.329941997279675e-05,
    "IXZZZZZX": -7.329941997279675e-05,
    "YZZZZZYI": -7.329941997279675e-05
  },
  "data": {
    "molecule_id": "H4_singlet_D4h",
    "qubit_encoding": "JW",
    "unit": "Angstrom",
    "basis": "sto-3g",
    "charge": 0,
    "multiplicity": 1,
    "spin": 0,
    "geometry": "H -1.3497000000 -1.3497000000 0.0000000000\nH 3.8037000000 -1.3497000000 0.0000000000\nH 3.8037000000 3.8037000000 0.0000000000\nH -1.3497000000 3.8037000000 0.0000000000",
    "n_qubits": 8,
    "n_particles": {
      "total": 4,
      "alpha": 2,
      "beta": 2
    },
    "hf_array": [
      1,
      1,
      1,
      1,
      0,
      0,
      0,
      0
    ],
    "hf_method": "pyscf.scf.hf_symm.SymAdaptedRHF",
    "convergence_threshold": 1e-06,
    "point_group": {
      "groupname": "D2h",
      "topgroup": "D4h"
    },
    "alpha": 2.1,
    "calculated_properties": {
      "HF": {
        "energy": -1.1658778247623751,
        "converged": true
      },
      "MP2": {
        "energy": -2.6773396799394407,
        "converged": false
      },
      "CISD": {
        "energy": -1.660994644192224,
        "converged": true
      },
      "CCSD": {
        "energy": null,
        "converged": false
      },
      "FCI": {
        "energy": -1.8663274045126714,
        "converged": true,
        "spin_matches_target": true,
        "multiplicity": 1.0000000000000004,
        "oscillatory_converged": false,
        "oscillation_energy_change": null
      }
    },
    "auxiliary_operators": {
      "number_operator": {
        "IIIIIIII": 4.0,
        "ZIIIIIII": -0.5,
        "IZIIIIII": -0.5,
        "IIZIIIII": -0.5,
        "IIIZIIII": -0.5,
        "IIIIZIII": -0.5,
        "IIIIIZII": -0.5,
        "IIIIIIZI": -0.5,
        "IIIIIIIZ": -0.5
      },
      "N_alpha": {
        "IIIIIIII": 2.0,
        "ZIIIIIII": -0.5,
        "IIZIIIII": -0.5,
        "IIIIZIII": -0.5,
        "IIIIIIZI": -0.5
      },
      "N_beta": {
        "IIIIIIII": 2.0,
        "IZIIIIII": -0.5,
        "IIIZIIII": -0.5,
        "IIIIIZII": -0.5,
        "IIIIIIIZ": -0.5
      },
      "S^2_operator": {
        "IIIIIIII": 1.5,
        "ZZIIIIII": -0.375,
        "IIIIZZII": -0.375,
        "IIIIIIZZ": -0.375,
        "IIZZIIII": -0.375,
        "ZIIZIIII": -0.125,
        "ZIZIIIII": 0.125,
        "IIIIXYXY": 0.125,
        "IIIIXYYX": -0.125,
        "IIIIYYXX": 0.125,
        "IIIIYYYY": 0.125,
        "IIIIXXXX": 0.125,
        "IIIIXXYY": 0.125,
        "IIIIYXXY": -0.125,
        "IIIIYXYX": 0.125,
        "IIXYIIXY": 0.125,
        "IIXYIIYX": -0.125,
        "ZIIIZIII": 0.125,
        "ZIIIIZII": -0.125,
        "ZIIIIIZI": 0.125,
        "ZIIIIIIZ": -0.125,
        "IIIIZIIZ": -0.125,
        "IIIIZIZI": 0.125,
        "IIIZIIIZ": 0.125,
        "IIIZIIZI": -0.125,
        "IIIZIZII": 0.125,
        "IIIZZIII": -0.125,
        "IIZIIIIZ": -0.125,
        "IIYYIIXX": 0.125,
        "IIZIIIZI": 0.125,
        "IIZIZIII": 0.125,
        "IZIIIIIZ": 0.125,
        "IZIIIIZI": -0.125,
        "IZIIIZII": 0.125,
        "IZIIZIII": -0.125,
        "IZIZIIII": 0.125,
        "IZZIIIII": -0.125,
        "IIZIIZII": -0.125,
        "IIYYIIYY": 0.125,
        "IIXXIIXX": 0.125,
        "IIXXIIYY": 0.125,
        "XYIIYXII": -0.125,
        "YYIIXXII": 0.125,
        "YYIIYYII": 0.125,
        "XXIIXXII": 0.125,
        "XXIIYYII": 0.125,
        "YXIIXYII": -0.125,
        "YXIIYXII": 0.125,
        "XYXYIIII": 0.125,
        "XYYXIIII": -0.125,
        "YYXXIIII": 0.125,
        "YYYYIIII": 0.125,
        "XXXXIIII": 0.125,
        "XXYYIIII": 0.125,
        "YXXYIIII": -0.125,
        "YXYXIIII": 0.125,
        "XYIIXYII": 0.125,
        "IIIIIZZI": -0.125,
        "YXIIIIYX": 0.125,
        "XXIIIIYY": 0.125,
        "IIYXIIXY": -0.125,
        "IIYXIIYX": 0.125,
        "IIXYXYII": 0.125,
        "IIXYYXII": -0.125,
        "IIYYXXII": 0.125,
        "IIYYYYII": 0.125,
        "IIXXXXII": 0.125,
        "IIXXYYII": 0.125,
        "IIYXXYII": -0.125,
        "IIYXYXII": 0.125,
        "XYIIIIXY": 0.125,
        "XYIIIIYX": -0.125,
        "YYIIIIXX": 0.125,
        "YYIIIIYY": 0.125,
        "XXIIIIXX": 0.125,
        "YXIIIIXY": -0.125,