{
  "hamiltonian": {
    "IIIIIIII": -1.0917214539191744,
    "IIIIZZII": 0.10476738578856902,
    "IIZZIIII": 0.10476738578856902,
    "IIIZIIZI": 0.10145215669055413,
    "IIZIIIIZ": 0.10145215669055413,
    "ZIIIIZII": 0.10145187803531794,
    "IZIIZIII": 0.10145187803531794,
    "IIIIIIZZ": 0.09840402349347172,
    "ZZIIIIII": 0.0984034661829992,
    "IIYYIIXX": -0.08530386047840338,
    "IIYXIIXY": 0.08530386047840338,
    "IIXYIIYX": 0.08530386047840338,
    "IIXXIIYY": -0.08530386047840338,
    "YYIIXXII": -0.08530357359998873,
    "YXIIXYII": 0.08530357359998873,
    "XXIIYYII": -0.08530357359998873,
    "XYIIYXII": 0.08530357359998873,
    "ZIIIIIII": 0.03964298043794405,
    "IZIIIIII": 0.039642980437944036,
    "IIIIIZII": 0.03963943852568501,
    "IIIIZIII": 0.03963943852568499,
    "IIZIIIII": 0.03963943852568491,
    "IIIZIIII": 0.039639438525684904,
    "IIIIIIZI": 0.03963589748886312,
    "IIIIIIIZ": 0.03963589748886312,
    "ZIIIIIIZ": 0.02882599876108639,
    "IZIIIIZI": 0.02882599876108639,
    "IIIIIZZI": 0.02577786557668827,
    "IIIIZIIZ": 0.02577786557668827,
    "IZZIIIII": 0.025777586921452062,
    "ZIIZIIII": 0.025777586921452062,
    "ZIIIIIZI": 0.022462357838555685,
    "IZIIIIIZ": 0.022462357838555685,
    "IIZIZIII": 0.02246235783612155,
    "IIZIIZII": 0.02246235783612155,
    "IIIZZIII": 0.02246235783612155,
    "IIIZIZII": 0.02246235783612155,
    "IZIZIIII": 0.022197347173305192,
    "ZIZIIIII": 0.022197347173305192,
    "IIIIIZIZ": 0.02219733895012673,
    "IIIIZIZI": 0.02219733895012673,
    "IYZZYXXI": 0.017476604829506148,
    "IXZZYYXI": -0.017476604829506148,
    "IXZZXYYI": 0.017476604829506148,
    "XZZZXYZY": -0.017476604829506148,
    "IYZZXXYI": -0.017476604829506148,
    "YZZZYXZX": -0.017476604829506148,
    "YZZZYYZY": -0.017476604829506148,
    "XZZZXXZX": -0.017476604829506148,
    "IYYXZZXI": -0.01747593407249698,
    "YZYYZZZY": 0.01747593407249698,
    "XZXYZZZY": 0.01747593407249698,
    "XZXXZZZX": 0.01747593407249698,
    "IYXXZZYI": 0.01747593407249698,
    "IXYYZZXI": 0.01747593407249698,
    "IXXYZZYI": -0.01747593407249698,
    "YZYXZZZX": 0.01747593407249698,
    "XZZZZIXI": 0.0161830270780118,
    "YZZZZIYI": 0.0161830270780118,
    "IXZZIZZX": 0.0161830270780118,
    "IYZZIZZY": 0.0161830270780118,
    "IXIZZZZX": -0.01618237554780501,
    "YZZIZZYI": -0.01618237554780501,
    "IYIZZZZY": -0.01618237554780501,
    "XZZIZZXI": -0.01618237554780501,
    "IZIIIZII": 0.016148304435329205,
    "ZIIIZIII": 0.016148304435329205,
    "IIIZIIIZ": 0.016148296212150755,
    "IIZIIIZI": 0.016148296212150755,
    "YIZZZZYI": 0.014879300724932168,
    "XIZZZZXI": 0.014879300724932168,
    "ZXZZZZZX": 0.014879300724932168,
    "ZYZZZZZY": 0.014879300724932168,
    "IYZZZZIY": -0.014878649194725233,
    "IXZZZZIX": -0.014878649194725233,
    "XZZZZZXZ": -0.014878649194725233,
    "YZZZZZYZ": -0.014878649194725233,
    "XYIIIIYX": 0.006363640922530706,
    "YXIIIIXY": 0.006363640922530706,
    "XXIIIIYY": -0.006363640922530706,
    "YYIIIIXX": -0.006363640922530706,
    "IIIIXYYX": 0.0035805266265615376,
    "IIIIXXYY": -0.0035805266265615376,
    "IIIIYYXX": -0.0035805266265615376,
    "IIIIYXXY": 0.0035805266265615376,
    "YXXYIIII": 0.0035802397481468707,
    "XXYYIIII": -0.0035802397481468707,
    "YYXXIIII": -0.0035802397481468707,
    "XYYXIIII": 0.0035802397481468707,
    "YZZZIZYI": -0.0012935777514943465,
    "XZZZIZXI": -0.0012935777514943465,
    "IXZZZIZX": -0.0012935777514943465,
    "IYZZZIZY": -0.0012935777514943465,
    "IXZIZZZX": 0.0012935585246919706,
    "XZIZZZXI": 0.0012935585246919706,
    "IYZIZZZY": 0.0012935585246919706,
    "YZIZZZYI": 0.0012935585246919706,
    "XZZZZZXI": -8.28040294896526e-06,
    "IYZZZZZY": -8.28040294896526e-06,
    "IXZZZZZX": -8.28040294896526e-06,
    "YZZZZZYI": -8.28040294896526e-06
  },
  "data": {
    "molecule_id": "H4_singlet_D4h",
    "qubit_encoding": "JW",
    "unit": "Angstrom",
    "basis": "sto-3g",
    "charge": 0,
    "multiplicity": 1,
    "spin": 0,
    "geometry": "H -1.7178000000 -1.7178000000 0.0000000000\nH 4.1718000000 -1.7178000000 0.0000000000\nH 4.1718000000 4.1718000000 0.0000000000\nH -1.7178000000 4.1718000000 0.0000000000",
    "n_qubits": 8,
    "n_particles": {
      "total": 4,
      "alpha": 2,
      "beta": 2
    },
    "hf_array": [
      1,
      1,
      1,
      1,
      0,
      0,
      0,
      0
    ],
    "hf_method": "pyscf.scf.hf_symm.SymAdaptedRHF",
    "convergence_threshold": 1e-06,
    "point_group": {
      "groupname": "D2h",
      "topgroup": "D4h"
    },
    "alpha": 2.4,
    "calculated_properties": {
      "HF": {
        "energy": -1.1563204966110574,
        "converged": true
      },
      "MP2": {
        "energy": -2.962423435033081,
        "converged": false
      },
      "CISD": {
        "energy": -1.6582527254206205,
        "converged": true
      },
      "CCSD": {
        "energy": null,
        "converged": false
      },
      "FCI": {
        "energy": -1.8663273983708626,
        "converged": true,
        "spin_matches_target": true,
        "multiplicity": 1.0,
        "oscillatory_converged": false,
        "oscillation_energy_change": null
      }
    },
    "auxiliary_operators": {
      "number_operator": {
        "IIIIIIII": 4.0,
        "ZIIIIIII": -0.5,
        "IZIIIIII": -0.5,
        "IIZIIIII": -0.5,
        "IIIZIIII": -0.5,
        "IIIIZIII": -0.5,
        "IIIIIZII": -0.5,
        "IIIIIIZI": -0.5,
        "IIIIIIIZ": -0.5
      },
      "N_alpha": {
        "IIIIIIII": 2.0,
        "ZIIIIIII": -0.5,
        "IIZIIIII": -0.5,
        "IIIIZIII": -0.5,
        "IIIIIIZI": -0.5
      },
      "N_beta": {
        "IIIIIIII": 2.0,
        "IZIIIIII": -0.5,
        "IIIZIIII": -0.5,
        "IIIIIZII": -0.5,
        "IIIIIIIZ": -0.5
      },
      "S^2_operator": {
        "IIIIIIII": 1.5,
        "ZZIIIIII": -0.375,
        "IIIIZZII": -0.375,
        "IIIIIIZZ": -0.375,
        "IIZZIIII": -0.375,
        "ZIIZIIII": -0.125,
        "ZIZIIIII": 0.125,
        "IIIIXYXY": 0.125,
        "IIIIXYYX": -0.125,
        "IIIIYYXX": 0.125,
        "IIIIYYYY": 0.125,
        "IIIIXXXX": 0.125,
        "IIIIXXYY": 0.125,
        "IIIIYXXY": -0.125,
        "IIIIYXYX": 0.125,
        "IIXYIIXY": 0.125,
        "IIXYIIYX": -0.125,
        "ZIIIZIII": 0.125,
        "ZIIIIZII": -0.125,
        "ZIIIIIZI": 0.125,
        "ZIIIIIIZ": -0.125,
        "IIIIZIIZ": -0.125,
        "IIIIZIZI": 0.125,
        "IIIZIIIZ": 0.125,
        "IIIZIIZI": -0.125,
        "IIIZIZII": 0.125,
        "IIIZZIII": -0.125,
        "IIZIIIIZ": -0.125,
        "IIYYIIXX": 0.125,
        "IIZIIIZI": 0.125,
        "IIZIZIII": 0.125,
        "IZIIIIIZ": 0.125,
        "IZIIIIZI": -0.125,
        "IZIIIZII": 0.125,
        "IZIIZIII": -0.125,
        "IZIZIIII": 0.125,
        "IZZIIIII": -0.125,
        "IIZIIZII": -0.125,
        "IIYYIIYY": 0.125,
        "IIXXIIXX": 0.125,
        "IIXXIIYY": 0.125,
        "XYIIYXII": -0.125,
        "YYIIXXII": 0.125,
        "YYIIYYII": 0.125,
        "XXIIXXII": 0.125,
        "XXIIYYII": 0.125,
        "YXIIXYII": -0.125,
        "YXIIYXII": 0.125,
        "XYXYIIII": 0.125,
        "XYYXIIII": -0.125,
        "YYXXIIII": 0.125,
        "YYYYIIII": 0.125,
        "XXXXIIII": 0.125,
        "XXYYIIII": 0.125,
        "YXXYIIII": -0.125,
        "YXYXIIII": 0.125,
        "XYIIXYII": 0.125,
        "IIIIIZZI": -0.125,
        "YXIIIIYX": 0.125,
        "XXIIIIYY": 0.125,
        "IIYXIIXY": -0.125,
        "IIYXIIYX": 0.125,
        "IIXYXYII": 0.125,
        "IIXYYXII": -0.125,
        "IIYYXXII": 0.125,
        "IIYYYYII": 0.125,
        "IIXXXXII": 0.125,
        "IIXXYYII": 0.125,
        "IIYXXYII": -0.125,
        "IIYXYXII": 0.125,
        "XYIIIIXY": 0.125,
        "XYIIIIYX": -0.125,
        "YYIIIIXX": 0.125,
        "YYIIIIYY": 0.125,
        "XXIIIIXX": 0.125,
        "YXIIIIXY": -0.125,
        "IIIIIZIZ": 0.125
      }
    },