{
  "hamiltonian": {
    "IIIIIIII": -1.091713596580697,
    "IIIIZZII": 0.10803816800121192,
    "IIZZIIII": 0.10803816800121192,
    "IIIZIIZI": 0.10261422878654478,
    "IIZIIIIZ": 0.10261422878654478,
    "ZIIIIZII": 0.10255977228331167,
    "IZIIZIII": 0.10255977228331167,
    "IIIIIIZZ": 0.09796892493643614,
    "ZZIIIIII": 0.09786001312822376,
    "IIYYIIXX": -0.07952897236751147,
    "IIYXIIXY": 0.07952897236751147,
    "IIXYIIYX": 0.07952897236751147,
    "IIXXIIYY": -0.07952897236751147,
    "YXIIXYII": 0.07947156801267738,
    "XYIIYXII": 0.07947156801267738,
    "XXIIYYII": -0.07947156801267738,
    "YYIIXXII": -0.07947156801267738,
    "ZIIIIIIZ": 0.04183449224390956,
    "IZIIIIZI": 0.04183449224390956,
    "ZIIIIIII": 0.04014090422659358,
    "IZIIIIII": 0.04014090422659357,
    "IIZIIIII": 0.03963505286209154,
    "IIIZIIII": 0.03963505286209153,
    "IIIIIZII": 0.039635052862091465,
    "IIIIZIII": 0.03963505286209146,
    "IIIIIIZI": 0.03914234961340127,
    "IIIIIIIZ": 0.03914234961340124,
    "IIIIIZZI": 0.03718949934125465,
    "IIIIZIIZ": 0.03718949934125465,
    "ZIIZIIII": 0.03713504283802156,
    "IZZIIIII": 0.03713504283802156,
    "ZIIIIIZI": 0.031711563569732926,
    "IZIIIIIZ": 0.031711563569732926,
    "IIIZZIII": 0.0317114139876843,
    "IIZIIZII": 0.0317114139876843,
    "IIIZIZII": 0.03171134402765148,
    "IIZIZIII": 0.03171134402765148,
    "ZIZIIIII": 0.03104964582625197,
    "IZIZIIII": 0.03104964582625197,
    "IIIIZIZI": 0.031046697974650962,
    "IIIIIZIZ": 0.031046697974650962,
    "ZIIIZIII": 0.023088204270634308,
    "IZIIIZII": 0.023088204270634308,
    "IIZIIIZI": 0.02308525641903332,
    "IIIZIIIZ": 0.02308525641903332,
    "IXZZXYYI": 0.022094587496982277,
    "IYZZYXXI": 0.022094587496982277,
    "YZZZYYZY": -0.022094587496982277,
    "YZZZYXZX": -0.022094587496982277,
    "XZZZXYZY": -0.022094587496982277,
    "XZZZXXZX": -0.022094587496982277,
    "IYZZXXYI": -0.022094587496982277,
    "IXZZYYXI": -0.022094587496982277,
    "IYYXZZXI": -0.02199904795353095,
    "IYXXZZYI": 0.02199904795353095,
    "IXYYZZXI": 0.02199904795353095,
    "IXXYZZYI": -0.02199904795353095,
    "YZYXZZZX": 0.02199904795353095,
    "YZYYZZZY": 0.02199904795353095,
    "XZXYZZZY": 0.02199904795353095,
    "XZXXZZZX": 0.02199904795353095,
    "IYZZIZZY": 0.01970034248482801,
    "IXZZIZZX": 0.01970034248482801,
    "XZZZZIXI": 0.01970034248482801,
    "YZZZZIYI": 0.01970034248482801,
    "IYIZZZZY": -0.019609709126577037,
    "XZZIZZXI": -0.019609709126577037,
    "YZZIZZYI": -0.019609709126577037,
    "IXIZZZZX": -0.019609709126577037,
    "ZXZZZZZX": 0.01689286365986599,
    "ZYZZZZZY": 0.01689286365986599,
    "XIZZZZXI": 0.01689286365986599,
    "YIZZZZYI": 0.01689286365986599,
    "IXZZZZIX": -0.016802231298757332,
    "IYZZZZIY": -0.016802231298757332,
    "XZZZZZXZ": -0.016802231298757332,
    "YZZZZZYZ": -0.016802231298757332,
    "YYIIIIXX": -0.010122928674176641,
    "YXIIIIXY": 0.010122928674176641,
    "XXIIIIYY": -0.010122928674176641,
    "XYIIIIYX": 0.010122928674176641,
    "IIIIXXYY": -0.006142801366603684,
    "IIIIYXXY": 0.006142801366603684,
    "IIIIXYYX": 0.006142801366603684,
    "IIIIYYXX": -0.006142801366603684,
    "XYYXIIII": 0.0060853970117695924,
    "YXXYIIII": 0.0060853970117695924,
    "YYXXIIII": -0.0060853970117695924,
    "XXYYIIII": -0.0060853970117695924,
    "YZZZIZYI": -0.0023942450121542686,
    "XZZZIZXI": -0.0023942450121542686,
    "IXZZZIZX": -0.0023942450121542686,
    "IYZZZIZY": -0.0023942450121542686,
    "YZIZZZYI": 0.002389338826953911,
    "IXZIZZZX": 0.002389338826953911,
    "XZIZZZXI": 0.002389338826953911,
    "IYZIZZZY": 0.002389338826953911,
    "XZZZZZXI": -0.0008309600563523173,
    "IYZZZZZY": -0.0008309600563523173,
    "IXZZZZZX": -0.0008309600563523173,
    "YZZZZZYI": -0.0008309600563523173,
    "IIXYYXII": 6.996003282040865e-08,
    "IIYXXYII": 6.996003282040865e-08,
    "IIYYXXII": -6.996003282040865e-08,
    "IIXXYYII": -6.996003282040865e-08
  },
  "data": {
    "molecule_id": "H4_singlet_D4h",
    "qubit_encoding": "JW",
    "unit": "Angstrom",
    "basis": "sto-3g",
    "charge": 0,
    "multiplicity": 1,
    "spin": 0,
    "geometry": "H -0.8589000000 -0.8589000000 0.0000000000\nH 3.3129000000 -0.8589000000 0.0000000000\nH 3.3129000000 3.3129000000 0.0000000000\nH -0.8589000000 3.3129000000 0.0000000000",
    "n_qubits": 8,
    "n_particles": {
      "total": 4,
      "alpha": 2,
      "beta": 2
    },
    "hf_array": [
      1,
      1,
      1,
      1,
      0,
      0,
      0,
      0
    ],
    "hf_method": "pyscf.scf.hf_symm.SymAdaptedRHF",
    "convergence_threshold": 1e-06,
    "point_group": {
      "groupname": "D2h",
      "topgroup": "D4h"
    },
    "alpha": 1.7,
    "calculated_properties": {
      "HF": {
        "energy": -1.1855962109566445,
        "converged": true
      },
      "MP2": {
        "energy": -2.2804172303975365,
        "converged": false
      },
      "CISD": {
        "energy": -1.6663594632370238,
        "converged": true
      },
      "CCSD": {
        "energy": 834.6116117010695,
        "converged": false
      },
      "FCI": {
        "energy": -1.8663271609318821,
        "converged": true,
        "spin_matches_target": true,
        "multiplicity": 1.0,
        "oscillatory_converged": false,
        "oscillation_energy_change": null
      }
    },
    "auxiliary_operators": {
      "number_operator": {
        "IIIIIIII": 4.0,
        "ZIIIIIII": -0.5,
        "IZIIIIII": -0.5,
        "IIZIIIII": -0.5,
        "IIIZIIII": -0.5,
        "IIIIZIII": -0.5,
        "IIIIIZII": -0.5,
        "IIIIIIZI": -0.5,
        "IIIIIIIZ": -0.5
      },
      "N_alpha": {
        "IIIIIIII": 2.0,
        "ZIIIIIII": -0.5,
        "IIZIIIII": -0.5,
        "IIIIZIII": -0.5,
        "IIIIIIZI": -0.5
      },
      "N_beta": {
        "IIIIIIII": 2.0,
        "IZIIIIII": -0.5,
        "IIIZIIII": -0.5,
        "IIIIIZII": -0.5,
        "IIIIIIIZ": -0.5
      },
      "S^2_operator": {
        "IIIIIIII": 1.5,
        "ZZIIIIII": -0.375,
        "IIIIZZII": -0.375,
        "IIIIIIZZ": -0.375,
        "IIZZIIII": -0.375,
        "ZIIZIIII": -0.125,
        "ZIZIIIII": 0.125,
        "IIIIXYXY": 0.125,
        "IIIIXYYX": -0.125,
        "IIIIYYXX": 0.125,
        "IIIIYYYY": 0.125,
        "IIIIXXXX": 0.125,
        "IIIIXXYY": 0.125,
        "IIIIYXXY": -0.125,
        "IIIIYXYX": 0.125,
        "IIXYIIXY": 0.125,
        "IIXYIIYX": -0.125,
        "ZIIIZIII": 0.125,
        "ZIIIIZII": -0.125,
        "ZIIIIIZI": 0.125,
        "ZIIIIIIZ": -0.125,
        "IIIIZIIZ": -0.125,
        "IIIIZIZI": 0.125,
        "IIIZIIIZ": 0.125,
        "IIIZIIZI": -0.125,
        "IIIZIZII": 0.125,
        "IIIZZIII": -0.125,
        "IIZIIIIZ": -0.125,
        "IIYYIIXX": 0.125,
        "IIZIIIZI": 0.125,
        "IIZIZIII": 0.125,
        "IZIIIIIZ": 0.125,
        "IZIIIIZI": -0.125,
        "IZIIIZII": 0.125,
        "IZIIZIII": -0.125,
        "IZIZIIII": 0.125,
        "IZZIIIII": -0.125,
        "IIZIIZII": -0.125,
        "IIYYIIYY": 0.125,
        "IIXXIIXX": 0.125,
        "IIXXIIYY": 0.125,
        "XYIIYXII": -0.125,
        "YYIIXXII": 0.125,
        "YYIIYYII": 0.125,
        "XXIIXXII": 0.125,
        "XXIIYYII": 0.125,
        "YXIIXYII": -0.125,
        "YXIIYXII": 0.125,
        "XYXYIIII": 0.125,
        "XYYXIIII": -0.125,
        "YYXXIIII": 0.125,
        "YYYYIIII": 0.125,
        "XXXXIIII": 0.125,
        "XXYYIIII": 0.125,
        "YXXYIIII": -0.125,
        "YXYXIIII": 0.125,
        "XYIIXYII": 0.125,
        "IIIIIZZI": -0.125,
        "YXIIIIYX": 0.125,
        "XXIIIIYY": 0.125,
        "IIYXIIXY": -0.125,
        "IIYXIIYX": 0.125,
        "IIXYXYII": 0.125,
        "IIXYYXII": -0.125,
        "IIYYXXII": 0.125,
        "IIYYYYII": 0.125,
        "IIXXXXII": 0.125,
        "IIXXYYII": 0.125,
        "IIYXXYII": -0.125,
        "IIYXYXII": 0.125,
        "XYIIIIXY": 0.125,
        "XYIIIIYX": -0.125,