{
  "hamiltonian": {
    "IIIIIIII": -1.0917212875655404,
    "IIIIZZII": 0.10635572759316199,
    "IIZZIIII": 0.10635572759316199,
    "IIIZIIZI": 0.10225203094577012,
    "IIZIIIIZ": 0.10225203094577012,
    "ZIIIIZII": 0.10224511025639713,
    "IZIIZIII": 0.10224511025639713,
    "IIIIIIZZ": 0.09857323472272501,
    "ZZIIIIII": 0.09855939334642058,
    "IIYYIIXX": -0.08278384993661977,
    "IIYXIIXY": 0.08278384993661977,
    "IIXYIIYX": 0.08278384993661977,
    "IIXXIIYY": -0.08278384993661977,
    "YYIIXXII": -0.08277665340171315,
    "YXIIXYII": 0.08277665340171315,
    "XXIIYYII": -0.08277665340171315,
    "XYIIYXII": 0.08277665340171315,
    "ZIIIIIII": 0.039709249146693104,
    "IZIIIIII": 0.039709249146693076,
    "IIIIIZII": 0.03963932785200679,
    "IIIIZIII": 0.03963932785200673,
    "IIIZIIII": 0.03963932785200672,
    "IIZIIIII": 0.03963932785200672,
    "IIIIIIIZ": 0.03956975589978985,
    "IIIIIIZI": 0.039569755899789824,
    "ZIIIIIIZ": 0.03474422742148153,
    "IZIIIIZI": 0.03474422742148153,
    "IIIIZIIZ": 0.031065437848550453,
    "IIIIIZZI": 0.031065437848550453,
    "IZZIIIII": 0.031058517159177505,
    "ZIIZIIII": 0.031058517159177505,
    "IZIIIIIZ": 0.026954829272730272,
    "ZIIIIIZI": 0.026954829272730272,
    "IIZIZIII": 0.02695482716067601,
    "IIZIIZII": 0.02695482716067601,
    "IIIZZIII": 0.02695482716067601,
    "IIIZIZII": 0.02695482716067601,
    "IZIZIIII": 0.026546589027712085,
    "ZIZIIIII": 0.026546589027712085,
    "IIIIZIZI": 0.02654631318217846,
    "IIIIIZIZ": 0.02654631318217846,
    "ZIIIZIII": 0.019468456854683965,
    "IZIIIZII": 0.019468456854683965,
    "IIIZIIIZ": 0.019468181009150348,
    "IIZIIIZI": 0.019468181009150348,
    "IYZZXXYI": -0.019341093032165503,
    "IXZZYYXI": -0.019341093032165503,
    "IYZZYXXI": 0.019341093032165503,
    "IXZZXYYI": 0.019341093032165503,
    "YZZZYXZX": -0.019341093032165503,
    "XZZZXYZY": -0.019341093032165503,
    "YZZZYYZY": -0.019341093032165503,
    "XZZZXXZX": -0.019341093032165503,
    "IYYXZZXI": -0.01932652697334729,
    "YZYXZZZX": 0.01932652697334729,
    "IYXXZZYI": 0.01932652697334729,
    "IXYYZZXI": 0.01932652697334729,
    "IXXYZZYI": -0.01932652697334729,
    "XZXXZZZX": 0.01932652697334729,
    "XZXYZZZY": 0.01932652697334729,
    "YZYYZZZY": 0.01932652697334729,
    "XZZZZIXI": 0.017592296104993528,
    "YZZZZIYI": 0.017592296104993528,
    "IXZZIZZX": 0.017592296104993528,
    "IYZZIZZY": 0.017592296104993528,
    "YZZIZZYI": -0.01757828836796766,
    "IXIZZZZX": -0.01757828836796766,
    "XZZIZZXI": -0.01757828836796766,
    "IYIZZZZY": -0.01757828836796766,
    "YIZZZZYI": 0.015773033308376195,
    "XIZZZZXI": 0.015773033308376195,
    "ZYZZZZZY": 0.015773033308376195,
    "ZXZZZZZX": 0.015773033308376195,
    "IXZZZZIX": -0.015759025573821205,
    "IYZZZZIY": -0.015759025573821205,
    "XZZZZZXZ": -0.015759025573821205,
    "YZZZZZYZ": -0.015759025573821205,
    "XYIIIIYX": 0.007789398148751264,
    "YXIIIIXY": 0.007789398148751264,
    "XXIIIIYY": -0.007789398148751264,
    "YYIIIIXX": -0.007789398148751264,
    "IIIIXYYX": 0.004519124666371994,
    "IIIIXXYY": -0.004519124666371994,
    "IIIIYYXX": -0.004519124666371994,
    "IIIIYXXY": 0.004519124666371994,
    "YXXYIIII": 0.004511928131465419,
    "XXYYIIII": -0.004511928131465419,
    "YYXXIIII": -0.004511928131465419,
    "XYYXIIII": 0.004511928131465419,
    "YZZZIZYI": -0.0017487969271719733,
    "XZZZIZXI": -0.0017487969271719733,
    "IXZZZIZX": -0.0017487969271719733,
    "IYZZZIZY": -0.0017487969271719733,
    "IXZIZZZX": 0.0017482386053796276,
    "XZIZZZXI": 0.0017482386053796276,
    "IYZIZZZY": 0.0017482386053796276,
    "YZIZZZYI": 0.0017482386053796276,
    "XZZZZZXI": -0.00014116980362864975,
    "IYZZZZZY": -0.00014116980362864975,
    "IXZZZZZX": -0.00014116980362864975,
    "YZZZZZYI": -0.00014116980362864975
  },
  "data": {
    "molecule_id": "H4_singlet_D4h",
    "qubit_encoding": "JW",
    "unit": "Angstrom",
    "basis": "sto-3g",
    "charge": 0,
    "multiplicity": 1,
    "spin": 0,
    "geometry": "H -1.2270000000 -1.2270000000 0.0000000000\nH 3.6810000000 -1.2270000000 0.0000000000\nH 3.6810000000 3.6810000000 0.0000000000\nH -1.2270000000 3.6810000000 0.0000000000",
    "n_qubits": 8,
    "n_particles": {
      "total": 4,
      "alpha": 2,
      "beta": 2
    },
    "hf_array": [
      1,
      1,
      1,
      1,
      0,
      0,
      0,
      0
    ],
    "hf_method": "pyscf.scf.hf_symm.SymAdaptedRHF",
    "convergence_threshold": 1e-06,
    "point_group": {
      "groupname": "D2h",
      "topgroup": "D4h"
    },
    "alpha": 2.0,
    "calculated_properties": {
      "HF": {
        "energy": -1.1698074565317709,
        "converged": true
      },
      "MP2": {
        "energy": -2.5808677850030923,
        "converged": false
      },
      "CISD": {
        "energy": -1.662105423721742,
        "converged": true
      },
      "CCSD": {
        "energy": -1.8662500398347386,
        "converged": false
      },
      "FCI": {
        "energy": -1.8663274145670412,
        "converged": true,
        "spin_matches_target": true,
        "multiplicity": 1.0,
        "oscillatory_converged": false,
        "oscillation_energy_change": null
      }
    },
    "auxiliary_operators": {
      "number_operator": {
        "IIIIIIII": 4.0,
        "ZIIIIIII": -0.5,
        "IZIIIIII": -0.5,
        "IIZIIIII": -0.5,
        "IIIZIIII": -0.5,
        "IIIIZIII": -0.5,
        "IIIIIZII": -0.5,
        "IIIIIIZI": -0.5,
        "IIIIIIIZ": -0.5
      },
      "N_alpha": {
        "IIIIIIII": 2.0,
        "ZIIIIIII": -0.5,
        "IIZIIIII": -0.5,
        "IIIIZIII": -0.5,
        "IIIIIIZI": -0.5
      },
      "N_beta": {
        "IIIIIIII": 2.0,
        "IZIIIIII": -0.5,
        "IIIZIIII": -0.5,
        "IIIIIZII": -0.5,
        "IIIIIIIZ": -0.5
      },
      "S^2_operator": {
        "IIIIIIII": 1.5,
        "ZZIIIIII": -0.375,
        "IIIIZZII": -0.375,
        "IIIIIIZZ": -0.375,
        "IIZZIIII": -0.375,
        "ZIIZIIII": -0.125,
        "ZIZIIIII": 0.125,
        "IIIIXYXY": 0.125,
        "IIIIXYYX": -0.125,
        "IIIIYYXX": 0.125,
        "IIIIYYYY": 0.125,
        "IIIIXXXX": 0.125,
        "IIIIXXYY": 0.125,
        "IIIIYXXY": -0.125,
        "IIIIYXYX": 0.125,
        "IIXYIIXY": 0.125,
        "IIXYIIYX": -0.125,
        "ZIIIZIII": 0.125,
        "ZIIIIZII": -0.125,
        "ZIIIIIZI": 0.125,
        "ZIIIIIIZ": -0.125,
        "IIIIZIIZ": -0.125,
        "IIIIZIZI": 0.125,
        "IIIZIIIZ": 0.125,
        "IIIZIIZI": -0.125,
        "IIIZIZII": 0.125,
        "IIIZZIII": -0.125,
        "IIZIIIIZ": -0.125,
        "IIYYIIXX": 0.125,
        "IIZIIIZI": 0.125,
        "IIZIZIII": 0.125,
        "IZIIIIIZ": 0.125,
        "IZIIIIZI": -0.125,
        "IZIIIZII": 0.125,
        "IZIIZIII": -0.125,
        "IZIZIIII": 0.125,
        "IZZIIIII": -0.125,
        "IIZIIZII": -0.125,
        "IIYYIIYY": 0.125,
        "IIXXIIXX": 0.125,
        "IIXXIIYY": 0.125,
        "XYIIYXII": -0.125,
        "YYIIXXII": 0.125,
        "YYIIYYII": 0.125,
        "XXIIXXII": 0.125,
        "XXIIYYII": 0.125,
        "YXIIXYII": -0.125,
        "YXIIYXII": 0.125,
        "XYXYIIII": 0.125,
        "XYYXIIII": -0.125,
        "YYXXIIII": 0.125,
        "YYYYIIII": 0.125,
        "XXXXIIII": 0.125,
        "XXYYIIII": 0.125,
        "YXXYIIII": -0.125,
        "YXYXIIII": 0.125,
        "XYIIXYII": 0.125,
        "IIIIIZZI": -0.125,
        "YXIIIIYX": 0.125,
        "XXIIIIYY": 0.125,
        "IIYXIIXY": -0.125,
        "IIYXIIYX": 0.125,
        "IIXYXYII": 0.125,
        "IIXYYXII": -0.125,
        "IIYYXXII": 0.125,
        "IIYYYYII": 0.125,
        "IIXXXXII": 0.125,
        "IIXXYYII": 0.125,
        "IIYXXYII": -0.125,
        "IIYXYXII": 0.125,
        "XYIIIIXY": 0.125,
        "XYIIIIYX": -0.125,
        "YYIIIIXX": 0.125,
        "YYIIIIYY": 0.125,
        "XXIIIIXX": 0.125,
        "YXIIIIXY": -0.125,
        "IIIIIZIZ": 0.125
      },