{
  "hamiltonian": {
    "IIIIIIII": -1.0910637476186127,
    "IIIIZZII": 0.11153406245510497,
    "IIZZIIII": 0.11153406245510497,
    "IIIZIIZI": 0.10174215361771076,
    "IIZIIIIZ": 0.10174215361771076,
    "ZIIIIZII": 0.10121372505293197,
    "IZIIZIII": 0.10121372505293197,
    "IIIIIIZZ": 0.09483838063309737,
    "ZZIIIIII": 0.09378254992500845,
    "IIYYIIXX": -0.07071026041069768,
    "IIYXIIXY": 0.07071026041069768,
    "IIXYIIYX": 0.07071026041069768,
    "IIXXIIYY": -0.07071026041069768,
    "YXIIXYII": 0.07012915534815795,
    "XYIIYXII": 0.07012915534815795,
    "XXIIYYII": -0.07012915534815795,
    "YYIIXXII": -0.07012915534815795,
    "ZIIIIIIZ": 0.05864939621347591,
    "IZIIIIZI": 0.05864939621347591,
    "IIIIIZZI": 0.05175974971583158,
    "IIIIZIIZ": 0.05175974971583158,
    "IZZIIIII": 0.05123132115105279,
    "ZIIZIIII": 0.05123132115105279,
    "IZIIIIII": 0.04515840130765693,
    "ZIIIIIII": 0.04515840130765693,
    "ZIIIIIZI": 0.04146715877034446,
    "IZIIIIIZ": 0.04146715877034446,
    "IIZIIZII": 0.0414530919623318,
    "IIIZZIII": 0.0414530919623318,
    "IIZIZIII": 0.04144764618256371,
    "IIIZIZII": 0.04144764618256371,
    "IZIZIIII": 0.03974640387673944,
    "ZIZIIIII": 0.03974640387673944,
    "IIIIZIZI": 0.03969372737897848,
    "IIIIIZIZ": 0.03969372737897848,
    "IIIZIIII": 0.03942688022924478,
    "IIZIIIII": 0.03942688022924477,
    "IIIIZIII": 0.039426880229244676,
    "IIIIIZII": 0.039426880229244614,
    "IIIIIIZI": 0.03419804885163007,
    "IIIIIIIZ": 0.03419804885163004,
    "ZIIIZIII": 0.031084569704774023,
    "IZIIIZII": 0.031084569704774023,
    "IIIZIIIZ": 0.03103189320701307,
    "IIZIIIZI": 0.03103189320701307,
    "IXZZYYXI": -0.02907970378656956,
    "IXZZXYYI": 0.02907970378656956,
    "IYZZYXXI": 0.02907970378656956,
    "YZZZYYZY": -0.02907970378656956,
    "YZZZYXZX": -0.02907970378656956,
    "XZZZXYZY": -0.02907970378656956,
    "XZZZXXZX": -0.02907970378656956,
    "IYZZXXYI": -0.02907970378656956,
    "IYYXZZXI": -0.028487729089576995,
    "IXYYZZXI": 0.028487729089576995,
    "IXXYZZYI": -0.028487729089576995,
    "YZYXZZZX": 0.028487729089576995,
    "YZYYZZZY": 0.028487729089576995,
    "IYXXZZYI": 0.028487729089576995,
    "XZXYZZZY": 0.028487729089576995,
    "XZXXZZZX": 0.028487729089576995,
    "YZZZZIYI": 0.0248014785920786,
    "IXZZIZZX": 0.0248014785920786,
    "XZZZZIXI": 0.0248014785920786,
    "IYZZIZZY": 0.0248014785920786,
    "IYIZZZZY": -0.024263165712562512,
    "XZZIZZXI": -0.024263165712562512,
    "IXIZZZZX": -0.024263165712562512,
    "YZZIZZYI": -0.024263165712562512,
    "YIZZZZYI": 0.017758878319402524,
    "XIZZZZXI": 0.017758878319402524,
    "ZYZZZZZY": 0.01775887831940252,
    "ZXZZZZZX": 0.01775887831940252,
    "IYZZZZIY": -0.017221088250284306,
    "YZZZZZYZ": -0.017221088250284306,
    "IXZZZZIX": -0.017221088250284306,
    "XZZZZZXZ": -0.017221088250284306,
    "YYIIIIXX": -0.01718223744313145,
    "XXIIIIYY": -0.01718223744313145,
    "XYIIIIYX": 0.01718223744313145,
    "YXIIIIXY": 0.01718223744313145,
    "IIIIYXXY": 0.0120660223368531,
    "IIIIXXYY": -0.0120660223368531,
    "IIIIXYYX": 0.0120660223368531,
    "IIIIYYXX": -0.0120660223368531,
    "YXXYIIII": 0.011484917274313357,
    "XYYXIIII": 0.011484917274313357,
    "YYXXIIII": -0.011484917274313357,
    "XXYYIIII": -0.011484917274313357,
    "YZZZZZYI": -0.0055826835303509105,
    "XZZZZZXI": -0.0055826835303509105,
    "IYZZZZZY": -0.005582683530350907,
    "IXZZZZZX": -0.005582683530350907,
    "IXZZZIZX": -0.004278225194490964,
    "IYZZZIZY": -0.004278225194490964,
    "YZZZIZYI": -0.004278225194490964,
    "XZZZIZXI": -0.004278225194490964,
    "YZIZZZYI": 0.004224563377014484,
    "IXZIZZZX": 0.004224563377014484,
    "XZIZZZXI": 0.004224563377014484,
    "IYZIZZZY": 0.004224563377014484,
    "IIYXXYII": 5.445779768083606e-06,
    "IIXYYXII": 5.445779768083606e-06,
    "IIXXYYII": -5.445779768083606e-06,
    "IIYYXXII": -5.445779768083606e-06
  },
  "data": {
    "molecule_id": "H4_singlet_D4h",
    "qubit_encoding": "JW",
    "unit": "Angstrom",
    "basis": "sto-3g",
    "charge": 0,
    "multiplicity": 1,
    "spin": 0,
    "geometry": "H -0.3681000000 -0.3681000000 0.0000000000\nH 2.8221000000 -0.3681000000 0.0000000000\nH 2.8221000000 2.8221000000 0.0000000000\nH -0.3681000000 2.8221000000 0.0000000000",
    "n_qubits": 8,
    "n_particles": {
      "total": 4,
      "alpha": 2,
      "beta": 2
    },
    "hf_array": [
      1,
      1,
      1,
      1,
      0,
      0,
      0,
      0
    ],
    "hf_method": "pyscf.scf.hf_symm.SymAdaptedRHF",
    "convergence_threshold": 1e-06,
    "point_group": {
      "groupname": "D2h",
      "topgroup": "D4h"
    },
    "alpha": 1.3,
    "calculated_properties": {
      "HF": {
        "energy": -1.2326122622394364,
        "converged": true
      },
      "MP2": {
        "energy": -1.851459659407416,
        "converged": false
      },
      "CISD": {
        "energy": -1.6767144190466934,
        "converged": true
      },
      "CCSD": {
        "energy": -1.8590894387152053,
        "converged": true,
        "t1_diagnostic": null,
        "_t1_diagnostic_check": {
          "recompute_failed": true,
          "stage": "ccsd"
        }
      },
      "FCI": {
        "energy": -1.8662388618898595,
        "converged": true,
        "spin_matches_target": true,
        "multiplicity": 0.9999999999999998,
        "oscillatory_converged": false,
        "oscillation_energy_change": null
      }
    },
    "auxiliary_operators": {
      "number_operator": {
        "IIIIIIII": 4.0,
        "ZIIIIIII": -0.5,
        "IZIIIIII": -0.5,
        "IIZIIIII": -0.5,
        "IIIZIIII": -0.5,
        "IIIIZIII": -0.5,
        "IIIIIZII": -0.5,
        "IIIIIIZI": -0.5,
        "IIIIIIIZ": -0.5
      },
      "N_alpha": {
        "IIIIIIII": 2.0,
        "ZIIIIIII": -0.5,
        "IIZIIIII": -0.5,
        "IIIIZIII": -0.5,
        "IIIIIIZI": -0.5
      },
      "N_beta": {
        "IIIIIIII": 2.0,
        "IZIIIIII": -0.5,
        "IIIZIIII": -0.5,
        "IIIIIZII": -0.5,
        "IIIIIIIZ": -0.5
      },
      "S^2_operator": {
        "IIIIIIII": 1.5,
        "ZZIIIIII": -0.375,
        "IIIIZZII": -0.375,
        "IIIIIIZZ": -0.375,
        "IIZZIIII": -0.375,
        "ZIIZIIII": -0.125,
        "ZIZIIIII": 0.125,
        "IIIIXYXY": 0.125,
        "IIIIXYYX": -0.125,
        "IIIIYYXX": 0.125,
        "IIIIYYYY": 0.125,
        "IIIIXXXX": 0.125,
        "IIIIXXYY": 0.125,
        "IIIIYXXY": -0.125,
        "IIIIYXYX": 0.125,
        "IIXYIIXY": 0.125,
        "IIXYIIYX": -0.125,
        "ZIIIZIII": 0.125,
        "ZIIIIZII": -0.125,
        "ZIIIIIZI": 0.125,
        "ZIIIIIIZ": -0.125,
        "IIIIZIIZ": -0.125,
        "IIIIZIZI": 0.125,
        "IIIZIIIZ": 0.125,
        "IIIZIIZI": -0.125,
        "IIIZIZII": 0.125,
        "IIIZZIII": -0.125,
        "IIZIIIIZ": -0.125,
        "IIYYIIXX": 0.125,
        "IIZIIIZI": 0.125,
        "IIZIZIII": 0.125,
        "IZIIIIIZ": 0.125,
        "IZIIIIZI": -0.125,
        "IZIIIZII": 0.125,
        "IZIIZIII": -0.125,
        "IZIZIIII": 0.125,
        "IZZIIIII": -0.125,
        "IIZIIZII": -0.125,
        "IIYYIIYY": 0.125,
        "IIXXIIXX": 0.125,
        "IIXXIIYY": 0.125,
        "XYIIYXII": -0.125,
        "YYIIXXII": 0.125,
        "YYIIYYII": 0.125,
        "XXIIXXII": 0.125,
        "XXIIYYII": 0.125,
        "YXIIXYII": -0.125,
        "YXIIYXII": 0.125,
        "XYXYIIII": 0.125,
        "XYYXIIII": -0.125,
        "YYXXIIII": 0.125,
        "YYYYIIII": 0.125,
        "XXXXIIII": 0.125,
        "XXYYIIII": 0.125,
        "YXXYIIII": -0.125,
        "YXYXIIII": 0.125,
        "XYIIXYII": 0.125,
        "IIIIIZZI": -0.125,
        "YXIIIIYX": 0.125,
        "XXIIIIYY": 0.125,
        "IIYXIIXY": -0.125,
        "IIYXIIYX": 0.125,
        "IIXYXYII": 0.125,
        "IIXYYXII": -0.125,
        "IIYYXXII": 0.125,
        "IIYYYYII": 0.125,
        "IIXXXXII": 0.125,