{
  "hamiltonian": {
    "IIIIIIII": -1.0917214542969513,
    "IIIIZZII": 0.10415649016735645,
    "IIZZIIII": 0.10415649016735645,
    "IIIZIIZI": 0.10110560337386026,
    "IIZIIIIZ": 0.10110560337386026,
    "ZIIIIZII": 0.10110555832236713,
    "IZIIZIII": 0.10110555832236713,
    "IIIIIIZZ": 0.0982778722708014,
    "ZZIIIIII": 0.09827778216781512,
    "IIYYIIXX": -0.08622200824645238,
    "IIYXIIXY": 0.08622200824645238,
    "IIXYIIYX": 0.08622200824645238,
    "IIXXIIYY": -0.08622200824645238,
    "YYIIXXII": -0.08622196201802927,
    "YXIIXYII": 0.08622196201802927,
    "XXIIYYII": -0.08622196201802927,
    "XYIIYXII": 0.08622196201802927,
    "ZIIIIIII": 0.03964008800193343,
    "IZIIIIII": 0.03964008800193342,
    "IIIZIIII": 0.03963943879011795,
    "IIZIIIII": 0.03963943879011794,
    "IIIIIZII": 0.039639438790117915,
    "IIIIZIII": 0.03963943879011788,
    "IIIIIIZI": 0.039638789605755315,
    "IIIIIIIZ": 0.039638789605755315,
    "ZIIIIIIZ": 0.026613147106572716,
    "IZIIIIZI": 0.026613147106572716,
    "IIIIIZZI": 0.023785416003863726,
    "IIIIZIIZ": 0.023785416003863726,
    "IZZIIIII": 0.023785370952370558,
    "ZIIZIIII": 0.023785370952370558,
    "ZIIIIIZI": 0.02073448415927647,
    "IZIIIIIZ": 0.02073448415927647,
    "IIZIZIII": 0.020734484159224253,
    "IIZIIZII": 0.020734484159224253,
    "IIIZZIII": 0.020734484159224253,
    "IIIZIZII": 0.020734484159224253,
    "IZIZIIII": 0.020512383385249675,
    "ZIZIIIII": 0.020512383385249675,
    "IIIIIZIZ": 0.02051238220831971,
    "IIIIZIZI": 0.02051238220831971,
    "IYZZYXXI": 0.016799029602816092,
    "IXZZYYXI": -0.016799029602816092,
    "IXZZXYYI": 0.016799029602816092,
    "XZZZXYZY": -0.016799029602816092,
    "IYZZXXYI": -0.016799029602816092,
    "YZZZYXZX": -0.016799029602816092,
    "YZZZYYZY": -0.016799029602816092,
    "XZZZXXZX": -0.016799029602816092,
    "IYYXZZXI": -0.01679891547082734,
    "YZYYZZZY": 0.01679891547082734,
    "XZXYZZZY": 0.01679891547082734,
    "XZXXZZZX": 0.01679891547082734,
    "IYXXZZYI": 0.01679891547082734,
    "IXYYZZXI": 0.01679891547082734,
    "IXXYZZYI": -0.01679891547082734,
    "YZYXZZZX": 0.01679891547082734,
    "XZZZZIXI": 0.015659076267338496,
    "YZZZZIYI": 0.015659076267338496,
    "IXZZIZZX": 0.015659076267338496,
    "IYZZIZZY": 0.015659076267338496,
    "IXIZZZZX": -0.015658965041037358,
    "YZZIZZYI": -0.015658965041037358,
    "IYIZZZZY": -0.015658965041037358,
    "XZZIZZXI": -0.015658965041037358,
    "IZIIIZII": 0.01488359630433786,
    "ZIIIZIII": 0.01488359630433786,
    "IIIZIIIZ": 0.014883595127407882,
    "IIZIIIZI": 0.014883595127407882,
    "YIZZZZYI": 0.01451371296741439,
    "XIZZZZXI": 0.01451371296741439,
    "ZXZZZZZX": 0.014513712967414388,
    "ZYZZZZZY": 0.014513712967414388,
    "IYZZZZIY": -0.014513601741113246,
    "IXZZZZIX": -0.014513601741113246,
    "XZZZZZXZ": -0.014513601741113246,
    "YZZZZZYZ": -0.014513601741113246,
    "XYIIIIYX": 0.0058786629472962456,
    "YXIIIIXY": 0.0058786629472962456,
    "XXIIIIYY": -0.0058786629472962456,
    "YYIIIIXX": -0.0058786629472962456,
    "IIIIXYYX": 0.0032730337955440133,
    "IIIIXXYY": -0.0032730337955440133,
    "IIIIYYXX": -0.0032730337955440133,
    "IIIIYXXY": 0.0032730337955440133,
    "YXXYIIII": 0.0032729875671208826,
    "XXYYIIII": -0.0032729875671208826,
    "YYXXIIII": -0.0032729875671208826,
    "XYYXIIII": 0.0032729875671208826,
    "YZZZIZYI": -0.0011399533354775927,
    "XZZZIZXI": -0.0011399533354775927,
    "IXZZZIZX": -0.0011399533354775927,
    "IYZZZIZY": -0.0011399533354775927,
    "IXZIZZZX": 0.0011399504297899803,
    "XZIZZZXI": 0.0011399504297899803,
    "IYZIZZZY": 0.0011399504297899803,
    "YZIZZZYI": 0.0011399504297899803,
    "XZZZZZXI": -1.6027859913881476e-06,
    "YZZZZZYI": -1.6027859913881476e-06,
    "IYZZZZZY": -1.6027859913846781e-06,
    "IXZZZZZX": -1.6027859913846781e-06
  },
  "data": {
    "molecule_id": "H4_singlet_D4h",
    "qubit_encoding": "JW",
    "unit": "Angstrom",
    "basis": "sto-3g",
    "charge": 0,
    "multiplicity": 1,
    "spin": 0,
    "geometry": "H -1.9632000000 -1.9632000000 0.0000000000\nH 4.4172000000 -1.9632000000 0.0000000000\nH 4.4172000000 4.4172000000 0.0000000000\nH -1.9632000000 4.4172000000 0.0000000000",
    "n_qubits": 8,
    "n_particles": {
      "total": 4,
      "alpha": 2,
      "beta": 2
    },
    "hf_array": [
      1,
      1,
      1,
      1,
      0,
      0,
      0,
      0
    ],
    "hf_method": "pyscf.scf.hf_symm.SymAdaptedRHF",
    "convergence_threshold": 1e-06,
    "point_group": {
      "groupname": "D2h",
      "topgroup": "D4h"
    },
    "alpha": 2.6,
    "calculated_properties": {
      "HF": {
        "energy": -1.1512542166409119,
        "converged": true
      },
      "MP2": {
        "energy": -3.152644248851419,
        "converged": false
      },
      "CISD": {
        "energy": -1.6567864469468507,
        "converged": true
      },
      "CCSD": {
        "energy": null,
        "converged": false
      },
      "FCI": {
        "energy": -1.8663273982347561,
        "converged": true,
        "spin_matches_target": true,
        "multiplicity": 0.9999999999999991,
        "oscillatory_converged": false,
        "oscillation_energy_change": null
      }
    },
    "auxiliary_operators": {
      "number_operator": {
        "IIIIIIII": 4.0,
        "ZIIIIIII": -0.5,
        "IZIIIIII": -0.5,
        "IIZIIIII": -0.5,
        "IIIZIIII": -0.5,
        "IIIIZIII": -0.5,
        "IIIIIZII": -0.5,
        "IIIIIIZI": -0.5,
        "IIIIIIIZ": -0.5
      },
      "N_alpha": {
        "IIIIIIII": 2.0,
        "ZIIIIIII": -0.5,
        "IIZIIIII": -0.5,
        "IIIIZIII": -0.5,
        "IIIIIIZI": -0.5
      },
      "N_beta": {
        "IIIIIIII": 2.0,
        "IZIIIIII": -0.5,
        "IIIZIIII": -0.5,
        "IIIIIZII": -0.5,
        "IIIIIIIZ": -0.5
      },
      "S^2_operator": {
        "IIIIIIII": 1.5,
        "ZZIIIIII": -0.375,
        "IIIIZZII": -0.375,
        "IIIIIIZZ": -0.375,
        "IIZZIIII": -0.375,
        "ZIIZIIII": -0.125,
        "ZIZIIIII": 0.125,
        "IIIIXYXY": 0.125,
        "IIIIXYYX": -0.125,
        "IIIIYYXX": 0.125,
        "IIIIYYYY": 0.125,
        "IIIIXXXX": 0.125,
        "IIIIXXYY": 0.125,
        "IIIIYXXY": -0.125,
        "IIIIYXYX": 0.125,
        "IIXYIIXY": 0.125,
        "IIXYIIYX": -0.125,
        "ZIIIZIII": 0.125,
        "ZIIIIZII": -0.125,
        "ZIIIIIZI": 0.125,
        "ZIIIIIIZ": -0.125,
        "IIIIZIIZ": -0.125,
        "IIIIZIZI": 0.125,
        "IIIZIIIZ": 0.125,
        "IIIZIIZI": -0.125,
        "IIIZIZII": 0.125,
        "IIIZZIII": -0.125,
        "IIZIIIIZ": -0.125,
        "IIYYIIXX": 0.125,
        "IIZIIIZI": 0.125,
        "IIZIZIII": 0.125,
        "IZIIIIIZ": 0.125,
        "IZIIIIZI": -0.125,
        "IZIIIZII": 0.125,
        "IZIIZIII": -0.125,
        "IZIZIIII": 0.125,
        "IZZIIIII": -0.125,
        "IIZIIZII": -0.125,
        "IIYYIIYY": 0.125,
        "IIXXIIXX": 0.125,
        "IIXXIIYY": 0.125,
        "XYIIYXII": -0.125,
        "YYIIXXII": 0.125,
        "YYIIYYII": 0.125,
        "XXIIXXII": 0.125,
        "XXIIYYII": 0.125,
        "YXIIXYII": -0.125,
        "YXIIYXII": 0.125,
        "XYXYIIII": 0.125,
        "XYYXIIII": -0.125,
        "YYXXIIII": 0.125,
        "YYYYIIII": 0.125,
        "XXXXIIII": 0.125,
        "XXYYIIII": 0.125,
        "YXXYIIII": -0.125,
        "YXYXIIII": 0.125,
        "XYIIXYII": 0.125,
        "IIIIIZZI": -0.125,
        "YXIIIIYX": 0.125,
        "XXIIIIYY": 0.125,
        "IIYXIIXY": -0.125,
        "IIYXIIYX": 0.125,
        "IIXYXYII": 0.125,
        "IIXYYXII": -0.125,
        "IIYYXXII": 0.125,
        "IIYYYYII": 0.125,
        "IIXXXXII": 0.125,
        "IIXXYYII": 0.125,
        "IIYXXYII": -0.125,
        "IIYXYXII": 0.125,
        "XYIIIIXY": 0.125,
        "XYIIIIYX": -0.125,
        "YYIIIIXX": 0.125,
        "YYIIIIYY": 0.125,
        "XXIIIIXX": 0.125,
        "YXIIIIXY": -0.125,