{
  "hamiltonian": {
    "IIIIIIII": -1.0389324532519564,
    "IIIIZZII": 0.12219877593588943,
    "IIZZIIII": 0.12219877593588943,
    "IIIZIIZI": 0.10388639507688599,
    "IIZIIIIZ": 0.10388639507688599,
    "IZIIZIII": 0.10125635243971146,
    "ZIIIIZII": 0.10125635243971146,
    "IIIIIIZZ": 0.09981738126512425,
    "ZIIIIIII": 0.09595873991154266,
    "IZIIIIII": 0.09595873991154266,
    "ZZIIIIII": 0.0948328904437511,
    "IZIIIIZI": 0.09135426194347152,
    "ZIIIIIIZ": 0.09135426194347152,
    "IIIIIZZI": 0.08715864707903156,
    "IIIIZIIZ": 0.08715864707903156,
    "IZZIIIII": 0.08452860444185702,
    "ZIIZIIII": 0.08452860444185702,
    "ZIIIIIZI": 0.06661798063307725,
    "IZIIIIIZ": 0.06661798063307725,
    "IIIZZIII": 0.06600717780734056,
    "IIZIIZII": 0.06600717780734056,
    "IIIZIZII": 0.06572326960716562,
    "IIZIZIII": 0.06572326960716562,
    "IZIZIIII": 0.059987634774744183,
    "ZIZIIIII": 0.059987634774744183,
    "IIIIZIZI": 0.05918530754062172,
    "IIIIIZIZ": 0.05918530754062172,
    "ZIIIZIII": 0.05422585007723438,
    "IZIIIZII": 0.05422585007723438,
    "IIZIIIZI": 0.05342352284311193,
    "IIIZIIIZ": 0.05342352284311193,
    "IIXYIIYX": 0.05046287223377407,
    "IIYXIIXY": 0.05046287223377407,
    "IIYYIIXX": -0.05046287223377407,
    "IIXXIIYY": -0.05046287223377407,
    "YXIIXYII": 0.04703050236247707,
    "XYIIYXII": 0.04703050236247707,
    "XXIIYYII": -0.04703050236247707,
    "YYIIXXII": -0.04703050236247707,
    "XZZZXXZX": -0.035951435579637016,
    "XZZZXYZY": -0.035951435579637016,
    "IXZZXYYI": 0.035951435579637016,
    "IYZZXXYI": -0.035951435579637016,
    "IYZZYXXI": 0.035951435579637016,
    "IXZZYYXI": -0.035951435579637016,
    "YZZZYXZX": -0.035951435579637016,
    "YZZZYYZY": -0.035951435579637016,
    "XZXXZZZX": 0.03486134429125866,
    "YZYYZZZY": 0.03486134429125866,
    "YZYXZZZX": 0.03486134429125866,
    "XZXYZZZY": 0.03486134429125866,
    "IYYXZZXI": -0.03486134429125866,
    "IYXXZZYI": 0.03486134429125866,
    "IXYYZZXI": 0.03486134429125866,
    "IXXYZZYI": -0.03486134429125866,
    "IIIIIZII": 0.032521185858100835,
    "IIIIZIII": 0.032521185858100835,
    "IIZIIIII": 0.03252118585810079,
    "IIIZIIII": 0.03252118585810078,
    "IIIIYYXX": -0.027973339538409834,
    "IIIIXXYY": -0.027973339538409834,
    "IIIIXYYX": 0.027973339538409834,
    "IIIIYXXY": 0.027973339538409834,
    "IXZZIZZX": 0.026752965212707976,
    "IYZZIZZY": 0.026752965212707976,
    "YZZZZIYI": 0.026752965212707976,
    "XZZZZIXI": 0.026752965212707976,
    "IXIZZZZX": -0.025917686185577896,
    "YZZIZZYI": -0.025917686185577896,
    "XZZIZZXI": -0.025917686185577896,
    "IYIZZZZY": -0.025917686185577896,
    "XXIIIIYY": -0.024736281310394265,
    "XYIIIIYX": 0.024736281310394265,
    "YXIIIIXY": 0.024736281310394265,
    "YYIIIIXX": -0.024736281310394265,
    "IIIIIIIZ": -0.02471778631973412,
    "IIIIIIZI": -0.024717786319734078,
    "XYYXIIII": 0.024540969667112833,
    "XXYYIIII": -0.024540969667112833,
    "YYXXIIII": -0.024540969667112833,
    "YXXYIIII": 0.024540969667112833,
    "IYZZZZZY": -0.019162915840822106,
    "IXZZZZZX": -0.019162915840822106,
    "YZZZZZYI": -0.019162915840822102,
    "XZZZZZXI": -0.019162915840822102,
    "YZZZIZYI": -0.009198470366929036,
    "IYZZZIZY": -0.009198470366929036,
    "IXZZZIZX": -0.009198470366929036,
    "XZZZIZXI": -0.009198470366929036,
    "IXZIZZZX": 0.008943658105680766,
    "IYZIZZZY": 0.008943658105680766,
    "XZIZZZXI": 0.008943658105680766,
    "YZIZZZYI": 0.008943658105680766,
    "YIZZZZYI": 0.008078560557382541,
    "XIZZZZXI": 0.008078560557382541,
    "ZYZZZZZY": 0.008078560557382541,
    "ZXZZZZZX": 0.008078560557382541,
    "YZZZZZYZ": -0.007287044749774149,
    "IXZZZZIX": -0.007287044749774149,
    "IYZZZZIY": -0.007287044749774149,
    "XZZZZZXZ": -0.007287044749774149,
    "IIXXYYII": -0.0002839082001749312,
    "IIYXXYII": 0.0002839082001749312,
    "IIYYXXII": -0.0002839082001749312,
    "IIXYYXII": 0.0002839082001749312
  },
  "data": {
    "molecule_id": "H4_singlet_D4h",
    "qubit_encoding": "JW",
    "unit": "Angstrom",
    "basis": "sto-3g",
    "charge": 0,
    "multiplicity": 1,
    "spin": 0,
    "geometry": "H 0.2454000000 0.2454000000 0.0000000000\nH 2.2086000000 0.2454000000 0.0000000000\nH 2.2086000000 2.2086000000 0.0000000000\nH 0.2454000000 2.2086000000 0.0000000000",
    "n_qubits": 8,
    "n_particles": {
      "total": 4,
      "alpha": 2,
      "beta": 2
    },
    "hf_array": [
      1,
      1,
      1,
      1,
      0,
      0,
      0,
      0
    ],
    "hf_method": "pyscf.scf.hf_symm.SymAdaptedRHF",
    "convergence_threshold": 1e-06,
    "point_group": {
      "groupname": "D2h",
      "topgroup": "D4h"
    },
    "alpha": 0.8,
    "calculated_properties": {
      "HF": {
        "energy": -1.4645069153173442,
        "converged": true
      },
      "MP2": {
        "energy": -1.5989336964899583,
        "converged": false
      },
      "CISD": {
        "energy": -1.723502318272971,
        "converged": true
      },
      "CCSD": {
        "energy": -1.7733805067515256,
        "converged": true
      },
      "FCI": {
        "energy": -1.8563852478771672,
        "converged": true,
        "spin_matches_target": true,
        "multiplicity": 0.9999999999999991,
        "oscillatory_converged": false,
        "oscillation_energy_change": null
      }
    },
    "auxiliary_operators": {
      "number_operator": {
        "IIIIIIII": 4.0,
        "ZIIIIIII": -0.5,
        "IZIIIIII": -0.5,
        "IIZIIIII": -0.5,
        "IIIZIIII": -0.5,
        "IIIIZIII": -0.5,
        "IIIIIZII": -0.5,
        "IIIIIIZI": -0.5,
        "IIIIIIIZ": -0.5
      },
      "N_alpha": {
        "IIIIIIII": 2.0,
        "ZIIIIIII": -0.5,
        "IIZIIIII": -0.5,
        "IIIIZIII": -0.5,
        "IIIIIIZI": -0.5
      },
      "N_beta": {
        "IIIIIIII": 2.0,
        "IZIIIIII": -0.5,
        "IIIZIIII": -0.5,
        "IIIIIZII": -0.5,
        "IIIIIIIZ": -0.5
      },
      "S^2_operator": {
        "IIIIIIII": 1.5,
        "ZZIIIIII": -0.375,
        "IIIIZZII": -0.375,
        "IIIIIIZZ": -0.375,
        "IIZZIIII": -0.375,
        "ZIIZIIII": -0.125,
        "ZIZIIIII": 0.125,
        "IIIIXYXY": 0.125,
        "IIIIXYYX": -0.125,
        "IIIIYYXX": 0.125,
        "IIIIYYYY": 0.125,
        "IIIIXXXX": 0.125,
        "IIIIXXYY": 0.125,
        "IIIIYXXY": -0.125,
        "IIIIYXYX": 0.125,
        "IIXYIIXY": 0.125,
        "IIXYIIYX": -0.125,
        "ZIIIZIII": 0.125,
        "ZIIIIZII": -0.125,
        "ZIIIIIZI": 0.125,
        "ZIIIIIIZ": -0.125,
        "IIIIZIIZ": -0.125,
        "IIIIZIZI": 0.125,
        "IIIZIIIZ": 0.125,
        "IIIZIIZI": -0.125,
        "IIIZIZII": 0.125,
        "IIIZZIII": -0.125,
        "IIZIIIIZ": -0.125,
        "IIYYIIXX": 0.125,
        "IIZIIIZI": 0.125,
        "IIZIZIII": 0.125,
        "IZIIIIIZ": 0.125,
        "IZIIIIZI": -0.125,
        "IZIIIZII": 0.125,
        "IZIIZIII": -0.125,
        "IZIZIIII": 0.125,
        "IZZIIIII": -0.125,
        "IIZIIZII": -0.125,
        "IIYYIIYY": 0.125,
        "IIXXIIXX": 0.125,
        "IIXXIIYY": 0.125,
        "XYIIYXII": -0.125,
        "YYIIXXII": 0.125,
        "YYIIYYII": 0.125,
        "XXIIXXII": 0.125,
        "XXIIYYII": 0.125,
        "YXIIXYII": -0.125,
        "YXIIYXII": 0.125,
        "XYXYIIII": 0.125,
        "XYYXIIII": -0.125,
        "YYXXIIII": 0.125,
        "YYYYIIII": 0.125,
        "XXXXIIII": 0.125,
        "XXYYIIII": 0.125,
        "YXXYIIII": -0.125,
        "YXYXIIII": 0.125,
        "XYIIXYII": 0.125,
        "IIIIIZZI": -0.125,
        "YXIIIIYX": 0.125,
        "XXIIIIYY": 0.125,
        "IIYXIIXY": -0.125,
        "IIYXIIYX": 0.125,
        "IIXYXYII": 0.125,
        "IIXYYXII": -0.125,
        "IIYYXXII": 0.125,
        "IIYYYYII": 0.125,
        "IIXXXXII": 0.125,
        "IIXXYYII": 0.125,
        "IIYXXYII": -0.125,
        "IIYXYXII": 0.125,
        "XYIIIIXY": 0.125,
        "XYIIIIYX": -0.125,