{
  "hamiltonian": {
    "IIIIIIII": -1.0917214543072622,
    "IIIIZZII": 0.1038849810121122,
    "IIZZIIII": 0.1038849810121122,
    "IIIZIIZI": 0.10094888927875997,
    "IIZIIIIZ": 0.10094888927875997,
    "ZIIIIZII": 0.10094887213256079,
    "IZIIZIII": 0.10094887213256079,
    "IIIIIIZZ": 0.09821825143460175,
    "ZZIIIIII": 0.09821821714220337,
    "IIYYIIXX": -0.08662580402917083,
    "IIYXIIXY": 0.08662580402917083,
    "IIXYIIYX": 0.08662580402917083,
    "IIXXIIYY": -0.08662580402917083,
    "YYIIXXII": -0.08662578645934671,
    "YXIIXYII": 0.08662578645934671,
    "XXIIYYII": -0.08662578645934671,
    "XYIIYXII": 0.08662578645934671,
    "IZIIIIII": 0.03963970167288329,
    "ZIIIIIII": 0.03963970167288329,
    "IIIZIIII": 0.039639438797314325,
    "IIZIIIII": 0.039639438797314325,
    "IIIIIZII": 0.03963943879731427,
    "IIIIZIII": 0.03963943879731424,
    "IIIIIIZI": 0.03963917592608049,
    "IIIIIIIZ": 0.03963917592608049,
    "ZIIIIIIZ": 0.025633287025143614,
    "IZIIIIZI": 0.025633287025143614,
    "IIIIIZZI": 0.022902649181037307,
    "IIIIZIIZ": 0.022902649181037307,
    "IZZIIIII": 0.022902632034838104,
    "ZIIZIIII": 0.022902632034838104,
    "ZIIIIIZI": 0.019966540301544614,
    "IZIIIIIZ": 0.019966540301544614,
    "IIZIZIII": 0.0199665403015378,
    "IIZIIZII": 0.0199665403015378,
    "IIIZZIII": 0.0199665403015378,
    "IIIZIZII": 0.0199665403015378,
    "IZIZIIII": 0.01976193109600574,
    "ZIZIIIII": 0.01976193109600574,
    "IIIIIZIZ": 0.0197619306723808,
    "IIIIZIZI": 0.0197619306723808,
    "IYZZYXXI": 0.016494460005067862,
    "IXZZYYXI": -0.016494460005067862,
    "IXZZXYYI": 0.016494460005067862,
    "XZZZXYZY": -0.016494460005067862,
    "IYZZXXYI": -0.016494460005067862,
    "YZZZYXZX": -0.016494460005067862,
    "YZZZYYZY": -0.016494460005067862,
    "XZZZXXZX": -0.016494460005067862,
    "IYYXZZXI": -0.01649441554104031,
    "YZYYZZZY": 0.01649441554104031,
    "XZXYZZZY": 0.01649441554104031,
    "XZXXZZZX": 0.01649441554104031,
    "IYXXZZYI": 0.01649441554104031,
    "IXYYZZXI": 0.01649441554104031,
    "IXXYZZYI": -0.01649441554104031,
    "YZYXZZZX": 0.01649441554104031,
    "XZZZZIXI": 0.015419887923419147,
    "YZZZZIYI": 0.015419887923419147,
    "IXZZIZZX": 0.015419887923419147,
    "IYZZIZZY": 0.015419887923419147,
    "IXIZZZZX": -0.015419844531461,
    "YZZIZZYI": -0.015419844531461,
    "IYIZZZZY": -0.015419844531461,
    "XZZIZZXI": -0.015419844531461,
    "YIZZZZYI": 0.014340881364849926,
    "XIZZZZXI": 0.014340881364849926,
    "ZXZZZZZX": 0.014340881364849924,
    "ZYZZZZZY": 0.014340881364849924,
    "IYZZZZIY": -0.014340837972891776,
    "IXZZZZIX": -0.014340837972891776,
    "XZZZZZXZ": -0.014340837972891776,
    "YZZZZZYZ": -0.014340837972891776,
    "IZIIIZII": 0.014323085673214081,
    "ZIIIZIII": 0.014323085673214081,
    "IIIZIIIZ": 0.01432308524958914,
    "IIZIIIZI": 0.01432308524958914,
    "XYIIIIYX": 0.005666746723599,
    "YXIIIIXY": 0.005666746723599,
    "XXIIIIYY": -0.005666746723599,
    "YYIIIIXX": -0.005666746723599,
    "IIIIXYYX": 0.003140718508656503,
    "IIIIXXYY": -0.003140718508656503,
    "IIIIYYXX": -0.003140718508656503,
    "IIIIYXXY": 0.003140718508656503,
    "YXXYIIII": 0.003140700938832361,
    "XXYYIIII": -0.003140700938832361,
    "YYXXIIII": -0.003140700938832361,
    "XYYXIIII": 0.003140700938832361,
    "YZZZIZYI": -0.0010745720816487166,
    "XZZZIZXI": -0.0010745720816487166,
    "IXZZZIZX": -0.0010745720816487166,
    "IYZZZIZY": -0.0010745720816487166,
    "IXZIZZZX": 0.0010745710095793116,
    "XZIZZZXI": 0.0010745710095793116,
    "IYZIZZZY": 0.0010745710095793116,
    "YZIZZZYI": 0.0010745710095793116,
    "XZZZZZXI": -6.652548181773632e-07,
    "YZZZZZYI": -6.652548181773632e-07,
    "IYZZZZZY": -6.652548181756285e-07,
    "IXZZZZZX": -6.652548181756285e-07
  },
  "data": {
    "molecule_id": "H4_singlet_D4h",
    "qubit_encoding": "JW",
    "unit": "Angstrom",
    "basis": "sto-3g",
    "charge": 0,
    "multiplicity": 1,
    "spin": 0,
    "geometry": "H -2.0859000000 -2.0859000000 0.0000000000\nH 4.5399000000 -2.0859000000 0.0000000000\nH 4.5399000000 4.5399000000 0.0000000000\nH -2.0859000000 4.5399000000 0.0000000000",
    "n_qubits": 8,
    "n_particles": {
      "total": 4,
      "alpha": 2,
      "beta": 2
    },
    "hf_array": [
      1,
      1,
      1,
      1,
      0,
      0,
      0,
      0
    ],
    "hf_method": "pyscf.scf.hf_symm.SymAdaptedRHF",
    "convergence_threshold": 1e-06,
    "point_group": {
      "groupname": "D2h",
      "topgroup": "D4h"
    },
    "alpha": 2.7,
    "calculated_properties": {
      "HF": {
        "energy": -1.1490114697590905,
        "converged": true
      },
      "MP2": {
        "energy": -3.247971403938404,
        "converged": false
      },
      "CISD": {
        "energy": -1.6561364760793817,
        "converged": true
      },
      "CCSD": {
        "energy": null,
        "converged": false
      },
      "FCI": {
        "energy": -1.866327398229582,
        "converged": true,
        "spin_matches_target": true,
        "multiplicity": 1.0,
        "oscillatory_converged": false,
        "oscillation_energy_change": null
      }
    },
    "auxiliary_operators": {
      "number_operator": {
        "IIIIIIII": 4.0,
        "ZIIIIIII": -0.5,
        "IZIIIIII": -0.5,
        "IIZIIIII": -0.5,
        "IIIZIIII": -0.5,
        "IIIIZIII": -0.5,
        "IIIIIZII": -0.5,
        "IIIIIIZI": -0.5,
        "IIIIIIIZ": -0.5
      },
      "N_alpha": {
        "IIIIIIII": 2.0,
        "ZIIIIIII": -0.5,
        "IIZIIIII": -0.5,
        "IIIIZIII": -0.5,
        "IIIIIIZI": -0.5
      },
      "N_beta": {
        "IIIIIIII": 2.0,
        "IZIIIIII": -0.5,
        "IIIZIIII": -0.5,
        "IIIIIZII": -0.5,
        "IIIIIIIZ": -0.5
      },
      "S^2_operator": {
        "IIIIIIII": 1.5,
        "ZZIIIIII": -0.375,
        "IIIIZZII": -0.375,
        "IIIIIIZZ": -0.375,
        "IIZZIIII": -0.375,
        "ZIIZIIII": -0.125,
        "ZIZIIIII": 0.125,
        "IIIIXYXY": 0.125,
        "IIIIXYYX": -0.125,
        "IIIIYYXX": 0.125,
        "IIIIYYYY": 0.125,
        "IIIIXXXX": 0.125,
        "IIIIXXYY": 0.125,
        "IIIIYXXY": -0.125,
        "IIIIYXYX": 0.125,
        "IIXYIIXY": 0.125,
        "IIXYIIYX": -0.125,
        "ZIIIZIII": 0.125,
        "ZIIIIZII": -0.125,
        "ZIIIIIZI": 0.125,
        "ZIIIIIIZ": -0.125,
        "IIIIZIIZ": -0.125,
        "IIIIZIZI": 0.125,
        "IIIZIIIZ": 0.125,
        "IIIZIIZI": -0.125,
        "IIIZIZII": 0.125,
        "IIIZZIII": -0.125,
        "IIZIIIIZ": -0.125,
        "IIYYIIXX": 0.125,
        "IIZIIIZI": 0.125,
        "IIZIZIII": 0.125,
        "IZIIIIIZ": 0.125,
        "IZIIIIZI": -0.125,
        "IZIIIZII": 0.125,
        "IZIIZIII": -0.125,
        "IZIZIIII": 0.125,
        "IZZIIIII": -0.125,
        "IIZIIZII": -0.125,
        "IIYYIIYY": 0.125,
        "IIXXIIXX": 0.125,
        "IIXXIIYY": 0.125,
        "XYIIYXII": -0.125,
        "YYIIXXII": 0.125,
        "YYIIYYII": 0.125,
        "XXIIXXII": 0.125,
        "XXIIYYII": 0.125,
        "YXIIXYII": -0.125,
        "YXIIYXII": 0.125,
        "XYXYIIII": 0.125,
        "XYYXIIII": -0.125,
        "YYXXIIII": 0.125,
        "YYYYIIII": 0.125,
        "XXXXIIII": 0.125,
        "XXYYIIII": 0.125,
        "YXXYIIII": -0.125,
        "YXYXIIII": 0.125,
        "XYIIXYII": 0.125,
        "IIIIIZZI": -0.125,
        "YXIIIIYX": 0.125,
        "XXIIIIYY": 0.125,
        "IIYXIIXY": -0.125,
        "IIYXIIYX": 0.125,
        "IIXYXYII": 0.125,
        "IIXYYXII": -0.125,
        "IIYYXXII": 0.125,
        "IIYYYYII": 0.125,
        "IIXXXXII": 0.125,
        "IIXXYYII": 0.125,
        "IIYXXYII": -0.125,
        "IIYXYXII": 0.125,
        "XYIIIIXY": 0.125,
        "XYIIIIYX": -0.125,
        "YYIIIIXX": 0.125,
        "YYIIIIYY": 0.125,
        "XXIIIIXX": 0.125,
        "YXIIIIXY": -0.125,
        "IIIIIZIZ": 0.125
      }
    },
    "hf_method_fallback": "standard",