{
  "hamiltonian": {
    "IIIIIIII": -1.0899703761482307,
    "IIIIZZII": 0.11281974866404364,
    "IIZZIIII": 0.11281974866404364,
    "IIIZIIZI": 0.10133283581342711,
    "IIZIIIIZ": 0.10133283581342711,
    "ZIIIIZII": 0.10050166835440472,
    "IZIIZIII": 0.10050166835440472,
    "IIIIIIZZ": 0.09402445290980553,
    "ZZIIIIII": 0.09236626137357674,
    "IIYYIIXX": -0.0673324932404426,
    "IIYXIIXY": 0.0673324932404426,
    "IIXYIIYX": 0.0673324932404426,
    "IIXXIIYY": -0.0673324932404426,
    "YXIIXYII": 0.06639977953727823,
    "XYIIYXII": 0.06639977953727823,
    "XXIIYYII": -0.06639977953727823,
    "YYIIXXII": -0.06639977953727823,
    "ZIIIIIIZ": 0.06445453715034824,
    "IZIIIIZI": 0.06445453715034824,
    "IIIIIZZI": 0.05717359533118942,
    "IIIIZIIZ": 0.05717359533118942,
    "IZZIIIII": 0.05634242787216699,
    "ZIIZIIII": 0.05634242787216699,
    "IZIIIIII": 0.049101410193972544,
    "ZIIIIIII": 0.049101410193972544,
    "IZIIIIIZ": 0.04491673358609688,
    "ZIIIIIZI": 0.04491673358609688,
    "IIZIIZII": 0.04488123893545753,
    "IIIZZIII": 0.04488123893545753,
    "IIZIZIII": 0.044867525805534776,
    "IIIZIZII": 0.044867525805534776,
    "IZIZIIII": 0.042651754327078115,
    "ZIZIIIII": 0.042651754327078115,
    "IIIIZIZI": 0.04255020808293611,
    "IIIIIZIZ": 0.04255020808293611,
    "IIIZIIII": 0.03916157653753549,
    "IIZIIIII": 0.03916157653753549,
    "IIIIIZII": 0.03916157653753548,
    "IIIIZIII": 0.03916157653753548,
    "IZIIIZII": 0.034101888817126495,
    "ZIIIZIII": 0.034101888817126495,
    "IIZIIIZI": 0.03400034257298451,
    "IIIZIIIZ": 0.03400034257298451,
    "IYZZYXXI": 0.03113888163153941,
    "XZZZXXZX": -0.03113888163153941,
    "XZZZXYZY": -0.03113888163153941,
    "YZZZYXZX": -0.03113888163153941,
    "YZZZYYZY": -0.03113888163153941,
    "IXZZXYYI": 0.03113888163153941,
    "IXZZYYXI": -0.03113888163153941,
    "IYZZXXYI": -0.03113888163153941,
    "IXYYZZXI": 0.03033920638089535,
    "IYXXZZYI": 0.03033920638089535,
    "IYYXZZXI": -0.03033920638089535,
    "YZYYZZZY": 0.03033920638089535,
    "YZYXZZZX": 0.03033920638089535,
    "IXXYZZYI": -0.03033920638089535,
    "XZXXZZZX": 0.03033920638089535,
    "XZXYZZZY": 0.03033920638089535,
    "IIIIIIIZ": 0.030234772174993416,
    "IIIIIIZI": 0.030234772174993374,
    "XZZZZIXI": 0.02610921607330345,
    "YZZZZIYI": 0.02610921607330345,
    "IXZZIZZX": 0.02610921607330345,
    "IYZZIZZY": 0.02610921607330345,
    "XZZIZZXI": -0.025396602927526817,
    "YZZIZZYI": -0.025396602927526817,
    "IXIZZZZX": -0.025396602927526817,
    "IYIZZZZY": -0.025396602927526817,
    "XXIIIIYY": -0.019537803564251367,
    "XYIIIIYX": 0.019537803564251367,
    "YXIIIIXY": 0.019537803564251367,
    "YYIIIIXX": -0.019537803564251367,
    "YIZZZZYI": 0.017078294200593577,
    "XIZZZZXI": 0.017078294200593577,
    "ZYZZZZZY": 0.017078294200593577,
    "ZXZZZZZX": 0.017078294200593577,
    "IYZZZZIY": -0.016367457248241013,
    "YZZZZZYZ": -0.016367457248241013,
    "IXZZZZIX": -0.016367457248241013,
    "XZZZZZXZ": -0.016367457248241013,
    "IIIIYXXY": 0.014623387248253305,
    "IIIIXYYX": 0.014623387248253305,
    "IIIIXXYY": -0.014623387248253305,
    "IIIIYYXX": -0.014623387248253305,
    "YXXYIIII": 0.013690673545088882,
    "XYYXIIII": 0.013690673545088882,
    "YYXXIIII": -0.013690673545088882,
    "XXYYIIII": -0.013690673545088882,
    "IYZZZZZY": -0.008087789122992163,
    "YZZZZZYI": -0.008087789122992163,
    "IXZZZZZX": -0.008087789122992163,
    "XZZZZZXI": -0.008087789122992163,
    "IXZZZIZX": -0.0050296655582359635,
    "IYZZZIZY": -0.0050296655582359635,
    "YZZZIZYI": -0.0050296655582359635,
    "XZZZIZXI": -0.0050296655582359635,
    "XZIZZZXI": 0.0049426034533685305,
    "IYZIZZZY": 0.0049426034533685305,
    "YZIZZZYI": 0.0049426034533685305,
    "IXZIZZZX": 0.0049426034533685305,
    "IIYXXYII": 1.3713129922751574e-05,
    "IIXYYXII": 1.3713129922751574e-05,
    "IIXXYYII": -1.3713129922751574e-05,
    "IIYYXXII": -1.3713129922751574e-05
  },
  "data": {
    "molecule_id": "H4_singlet_D4h",
    "qubit_encoding": "JW",
    "unit": "Angstrom",
    "basis": "sto-3g",
    "charge": 0,
    "multiplicity": 1,
    "spin": 0,
    "geometry": "H -0.2454000000 -0.2454000000 0.0000000000\nH 2.6994000000 -0.2454000000 0.0000000000\nH 2.6994000000 2.6994000000 0.0000000000\nH -0.2454000000 2.6994000000 0.0000000000",
    "n_qubits": 8,
    "n_particles": {
      "total": 4,
      "alpha": 2,
      "beta": 2
    },
    "hf_array": [
      1,
      1,
      1,
      1,
      0,
      0,
      0,
      0
    ],
    "hf_method": "pyscf.scf.hf_symm.SymAdaptedRHF",
    "convergence_threshold": 1e-06,
    "point_group": {
      "groupname": "D2h",
      "topgroup": "D4h"
    },
    "alpha": 1.2,
    "calculated_properties": {
      "HF": {
        "energy": -1.256351011418738,
        "converged": true
      },
      "MP2": {
        "energy": -1.753886443240168,
        "converged": false
      },
      "CISD": {
        "energy": -1.6812515160068535,
        "converged": true
      },
      "CCSD": {
        "energy": -1.8531217664006028,
        "converged": true
      },
      "FCI": {
        "energy": -1.8660581714093198,
        "converged": true,
        "spin_matches_target": true,
        "multiplicity": 1.0,
        "oscillatory_converged": false,
        "oscillation_energy_change": null
      }
    },
    "auxiliary_operators": {
      "number_operator": {
        "IIIIIIII": 4.0,
        "ZIIIIIII": -0.5,
        "IZIIIIII": -0.5,
        "IIZIIIII": -0.5,
        "IIIZIIII": -0.5,
        "IIIIZIII": -0.5,
        "IIIIIZII": -0.5,
        "IIIIIIZI": -0.5,
        "IIIIIIIZ": -0.5
      },
      "N_alpha": {
        "IIIIIIII": 2.0,
        "ZIIIIIII": -0.5,
        "IIZIIIII": -0.5,
        "IIIIZIII": -0.5,
        "IIIIIIZI": -0.5
      },
      "N_beta": {
        "IIIIIIII": 2.0,
        "IZIIIIII": -0.5,
        "IIIZIIII": -0.5,
        "IIIIIZII": -0.5,
        "IIIIIIIZ": -0.5
      },
      "S^2_operator": {
        "IIIIIIII": 1.5,
        "ZZIIIIII": -0.375,
        "IIIIZZII": -0.375,
        "IIIIIIZZ": -0.375,
        "IIZZIIII": -0.375,
        "ZIIZIIII": -0.125,
        "ZIZIIIII": 0.125,
        "IIIIXYXY": 0.125,
        "IIIIXYYX": -0.125,
        "IIIIYYXX": 0.125,
        "IIIIYYYY": 0.125,
        "IIIIXXXX": 0.125,
        "IIIIXXYY": 0.125,
        "IIIIYXXY": -0.125,
        "IIIIYXYX": 0.125,
        "IIXYIIXY": 0.125,
        "IIXYIIYX": -0.125,
        "ZIIIZIII": 0.125,
        "ZIIIIZII": -0.125,
        "ZIIIIIZI": 0.125,
        "ZIIIIIIZ": -0.125,
        "IIIIZIIZ": -0.125,
        "IIIIZIZI": 0.125,
        "IIIZIIIZ": 0.125,
        "IIIZIIZI": -0.125,
        "IIIZIZII": 0.125,
        "IIIZZIII": -0.125,
        "IIZIIIIZ": -0.125,
        "IIYYIIXX": 0.125,
        "IIZIIIZI": 0.125,
        "IIZIZIII": 0.125,
        "IZIIIIIZ": 0.125,
        "IZIIIIZI": -0.125,
        "IZIIIZII": 0.125,
        "IZIIZIII": -0.125,
        "IZIZIIII": 0.125,
        "IZZIIIII": -0.125,
        "IIZIIZII": -0.125,
        "IIYYIIYY": 0.125,
        "IIXXIIXX": 0.125,
        "IIXXIIYY": 0.125,
        "XYIIYXII": -0.125,
        "YYIIXXII": 0.125,
        "YYIIYYII": 0.125,
        "XXIIXXII": 0.125,
        "XXIIYYII": 0.125,
        "YXIIXYII": -0.125,
        "YXIIYXII": 0.125,
        "XYXYIIII": 0.125,
        "XYYXIIII": -0.125,
        "YYXXIIII": 0.125,
        "YYYYIIII": 0.125,
        "XXXXIIII": 0.125,
        "XXYYIIII": 0.125,
        "YXXYIIII": -0.125,
        "YXYXIIII": 0.125,
        "XYIIXYII": 0.125,
        "IIIIIZZI": -0.125,
        "YXIIIIYX": 0.125,
        "XXIIIIYY": 0.125,
        "IIYXIIXY": -0.125,
        "IIYXIIYX": 0.125,
        "IIXYXYII": 0.125,
        "IIXYYXII": -0.125,
        "IIYYXXII": 0.125,
        "IIYYYYII": 0.125,
        "IIXXXXII": 0.125,
        "IIXXYYII": 0.125,
        "IIYXXYII": -0.125,
        "IIYXYXII": 0.125,
        "XYIIIIXY": 0.125,
        "XYIIIIYX": -0.125,