{
  "hamiltonian": {
    "IIIIIIII": -1.0917191645681186,
    "IIIIZZII": 0.10741480018018414,
    "IIZZIIII": 0.10741480018018414,
    "IIIZIIZI": 0.10255369858922815,
    "IIZIIIIZ": 0.10255369858922815,
    "ZIIIIZII": 0.10252545093428586,
    "IZIIZIII": 0.10252545093428586,
    "IIIIIIZZ": 0.09830623745620586,
    "ZZIIIIII": 0.09824974231502642,
    "IIYYIIXX": -0.08082462047358412,
    "IIYXIIXY": 0.08082462047358412,
    "IIXYIIYX": 0.08082462047358412,
    "IIXXIIYY": -0.08082462047358412,
    "YYIIXXII": -0.08079500665597221,
    "YXIIXYII": 0.08079500665597221,
    "XXIIYYII": -0.08079500665597221,
    "XYIIYXII": 0.08079500665597221,
    "IZIIIIII": 0.039903946187210146,
    "ZIIIIIII": 0.039903946187210146,
    "IIIZIIII": 0.03963805319959286,
    "IIZIIIII": 0.03963805319959286,
    "IIIIZIII": 0.03963805319959285,
    "IIIIIZII": 0.03963805319959279,
    "IIIIIIIZ": 0.03937641829267881,
    "IIIIIIZI": 0.03937641829267875,
    "ZIIIIIIZ": 0.03908639321012913,
    "IZIIIIZI": 0.03908639321012913,
    "IIIIZIIZ": 0.03483902612248391,
    "IIIIIZZI": 0.03483902612248391,
    "IZZIIIII": 0.03481077846754161,
    "ZIIZIIII": 0.03481077846754161,
    "IZIIIIIZ": 0.02994980996984785,
    "ZIIIIIZI": 0.02994980996984785,
    "IIZIIZII": 0.029949770838949966,
    "IIIZZIII": 0.029949770838949966,
    "IIZIZIII": 0.029949750879902273,
    "IIIZIZII": 0.029949750879902273,
    "IZIZIIII": 0.02939841298923313,
    "ZIZIIIII": 0.02939841298923313,
    "IIIIZIZI": 0.029397046826563508,
    "IIIIIZIZ": 0.029397046826563508,
    "ZIIIZIII": 0.02173044427831366,
    "IZIIIZII": 0.02173044427831366,
    "IIIZIIIZ": 0.021729078115644035,
    "IIZIIIZI": 0.021729078115644035,
    "IYZZXXYI": -0.020968611841364324,
    "IXZZYYXI": -0.020968611841364324,
    "IYZZYXXI": 0.020968611841364324,
    "IXZZXYYI": 0.020968611841364324,
    "YZZZYXZX": -0.020968611841364324,
    "XZZZXYZY": -0.020968611841364324,
    "YZZZYYZY": -0.020968611841364324,
    "XZZZXXZX": -0.020968611841364324,
    "IYYXZZXI": -0.020915312925387078,
    "YZYXZZZX": 0.020915312925387078,
    "IYXXZZYI": 0.020915312925387078,
    "IXYYZZXI": 0.020915312925387078,
    "IXXYZZYI": -0.020915312925387078,
    "XZXXZZZX": 0.020915312925387078,
    "XZXYZZZY": 0.020915312925387078,
    "YZYYZZZY": 0.020915312925387078,
    "XZZZZIXI": 0.018837153114390694,
    "YZZZZIYI": 0.018837153114390694,
    "IXZZIZZX": 0.018837153114390694,
    "IYZZIZZY": 0.018837153114390694,
    "YZZIZZYI": -0.01878631301646566,
    "IXIZZZZX": -0.01878631301646566,
    "XZZIZZXI": -0.01878631301646566,
    "IYIZZZZY": -0.01878631301646566,
    "YIZZZZYI": 0.01646933845773322,
    "XIZZZZXI": 0.01646933845773322,
    "ZYZZZZZY": 0.01646933845773322,
    "ZXZZZZZX": 0.01646933845773322,
    "IXZZZZIX": -0.016418498511625877,
    "IYZZZZIY": -0.016418498511625877,
    "XZZZZZXZ": -0.016418498511625877,
    "YZZZZZYZ": -0.016418498511625877,
    "XYIIIIYX": 0.009136583240281281,
    "YXIIIIXY": 0.009136583240281281,
    "XXIIIIYY": -0.009136583240281281,
    "YYIIIIXX": -0.009136583240281281,
    "IIIIXYYX": 0.005441979295920402,
    "IIIIXXYY": -0.005441979295920402,
    "IIIIYYXX": -0.005441979295920402,
    "IIIIYXXY": 0.005441979295920402,
    "YXXYIIII": 0.005412365478308482,
    "XXYYIIII": -0.005412365478308482,
    "YYXXIIII": -0.005412365478308482,
    "XYYXIIII": 0.005412365478308482,
    "YZZZIZYI": -0.0021314587269736264,
    "XZZZIZXI": -0.0021314587269736264,
    "IXZZZIZX": -0.0021314587269736264,
    "IYZZZIZY": -0.0021314587269736264,
    "IXZIZZZX": 0.0021289999089214133,
    "XZIZZZXI": 0.0021289999089214133,
    "IYZIZZZY": 0.0021289999089214133,
    "YZIZZZYI": 0.0021289999089214133,
    "XZZZZZXI": -0.00047472205871489787,
    "IYZZZZZY": -0.00047472205871489787,
    "IXZZZZZX": -0.00047472205871489787,
    "YZZZZZYI": -0.00047472205871489787
  },
  "data": {
    "molecule_id": "H4_singlet_D4h",
    "qubit_encoding": "JW",
    "unit": "Angstrom",
    "basis": "sto-3g",
    "charge": 0,
    "multiplicity": 1,
    "spin": 0,
    "geometry": "H -0.9816000000 -0.9816000000 0.0000000000\nH 3.4356000000 -0.9816000000 0.0000000000\nH 3.4356000000 3.4356000000 0.0000000000\nH -0.9816000000 3.4356000000 0.0000000000",
    "n_qubits": 8,
    "n_particles": {
      "total": 4,
      "alpha": 2,
      "beta": 2
    },
    "hf_array": [
      1,
      1,
      1,
      1,
      0,
      0,
      0,
      0
    ],
    "hf_method": "pyscf.scf.hf_symm.SymAdaptedRHF",
    "convergence_threshold": 1e-06,
    "point_group": {
      "groupname": "D2h",
      "topgroup": "D4h"
    },
    "alpha": 1.8,
    "calculated_properties": {
      "HF": {
        "energy": -1.1794469050465382,
        "converged": true
      },
      "MP2": {
        "energy": -2.3830246677377245,
        "converged": false
      },
      "CISD": {
        "energy": -1.6647507252722265,
        "converged": true
      },
      "CCSD": {
        "energy": -1.1794469050465382,
        "converged": false
      },
      "FCI": {
        "energy": -1.8663274132215857,
        "converged": true,
        "spin_matches_target": true,
        "multiplicity": 1.0,
        "oscillatory_converged": false,
        "oscillation_energy_change": null
      }
    },
    "auxiliary_operators": {
      "number_operator": {
        "IIIIIIII": 4.0,
        "ZIIIIIII": -0.5,
        "IZIIIIII": -0.5,
        "IIZIIIII": -0.5,
        "IIIZIIII": -0.5,
        "IIIIZIII": -0.5,
        "IIIIIZII": -0.5,
        "IIIIIIZI": -0.5,
        "IIIIIIIZ": -0.5
      },
      "N_alpha": {
        "IIIIIIII": 2.0,
        "ZIIIIIII": -0.5,
        "IIZIIIII": -0.5,
        "IIIIZIII": -0.5,
        "IIIIIIZI": -0.5
      },
      "N_beta": {
        "IIIIIIII": 2.0,
        "IZIIIIII": -0.5,
        "IIIZIIII": -0.5,
        "IIIIIZII": -0.5,
        "IIIIIIIZ": -0.5
      },
      "S^2_operator": {
        "IIIIIIII": 1.5,
        "ZZIIIIII": -0.375,
        "IIIIZZII": -0.375,
        "IIIIIIZZ": -0.375,
        "IIZZIIII": -0.375,
        "ZIIZIIII": -0.125,
        "ZIZIIIII": 0.125,
        "IIIIXYXY": 0.125,
        "IIIIXYYX": -0.125,
        "IIIIYYXX": 0.125,
        "IIIIYYYY": 0.125,
        "IIIIXXXX": 0.125,
        "IIIIXXYY": 0.125,
        "IIIIYXXY": -0.125,
        "IIIIYXYX": 0.125,
        "IIXYIIXY": 0.125,
        "IIXYIIYX": -0.125,
        "ZIIIZIII": 0.125,
        "ZIIIIZII": -0.125,
        "ZIIIIIZI": 0.125,
        "ZIIIIIIZ": -0.125,
        "IIIIZIIZ": -0.125,
        "IIIIZIZI": 0.125,
        "IIIZIIIZ": 0.125,
        "IIIZIIZI": -0.125,
        "IIIZIZII": 0.125,
        "IIIZZIII": -0.125,
        "IIZIIIIZ": -0.125,
        "IIYYIIXX": 0.125,
        "IIZIIIZI": 0.125,
        "IIZIZIII": 0.125,
        "IZIIIIIZ": 0.125,
        "IZIIIIZI": -0.125,
        "IZIIIZII": 0.125,
        "IZIIZIII": -0.125,
        "IZIZIIII": 0.125,
        "IZZIIIII": -0.125,
        "IIZIIZII": -0.125,
        "IIYYIIYY": 0.125,
        "IIXXIIXX": 0.125,
        "IIXXIIYY": 0.125,
        "XYIIYXII": -0.125,
        "YYIIXXII": 0.125,
        "YYIIYYII": 0.125,
        "XXIIXXII": 0.125,
        "XXIIYYII": 0.125,
        "YXIIXYII": -0.125,
        "YXIIYXII": 0.125,
        "XYXYIIII": 0.125,
        "XYYXIIII": -0.125,
        "YYXXIIII": 0.125,
        "YYYYIIII": 0.125,
        "XXXXIIII": 0.125,
        "XXYYIIII": 0.125,
        "YXXYIIII": -0.125,
        "YXYXIIII": 0.125,
        "XYIIXYII": 0.125,
        "IIIIIZZI": -0.125,
        "YXIIIIYX": 0.125,
        "XXIIIIYY": 0.125,
        "IIYXIIXY": -0.125,
        "IIYXIIYX": 0.125,
        "IIXYXYII": 0.125,
        "IIXYYXII": -0.125,
        "IIYYXXII": 0.125,
        "IIYYYYII": 0.125,
        "IIXXXXII": 0.125,
        "IIXXYYII": 0.125,
        "IIYXXYII": -0.125,
        "IIYXYXII": 0.125,
        "XYIIIIXY": 0.125,
        "XYIIIIYX": -0.125,
        "YYIIIIXX": 0.125,
        "YYIIIIYY": 0.125,
        "XXIIIIXX": 0.125,
        "YXIIIIXY": -0.125,