{
  "hamiltonian": {
    "IIIIIIII": -1.0917214543091622,
    "IIIIZZII": 0.10339813701049988,
    "IIZZIIII": 0.10339813701049988,
    "IIIZIIZI": 0.10066621255017848,
    "IIZIIIIZ": 0.10066621255017848,
    "ZIIIIZII": 0.10066621032570276,
    "IZIIZIII": 0.10066621032570276,
    "IIIIIIZZ": 0.09811029423496555,
    "ZZIIIIII": 0.0981102897860141,
    "IIYYIIXX": -0.08734603370762326,
    "IIYXIIXY": 0.08734603370762326,
    "IIXYIIYX": 0.08734603370762326,
    "IIXXIIYY": -0.08734603370762326,
    "YYIIXXII": -0.08734603143356906,
    "YXIIXYII": 0.08734603143356906,
    "XXIIYYII": -0.08734603143356906,
    "XYIIYXII": 0.08734603143356906,
    "ZIIIIIII": 0.03963947727289049,
    "IZIIIIII": 0.03963947727289048,
    "IIZIIIII": 0.03963943879863431,
    "IIIZIIII": 0.0396394387986343,
    "IIIIZIII": 0.03963943879863417,
    "IIIIIZII": 0.03963943879863417,
    "IIIIIIZI": 0.03963940032447026,
    "IIIIIIIZ": 0.03963940032447026,
    "ZIIIIIIZ": 0.023877382522137704,
    "IZIIIIZI": 0.023877382522137704,
    "IIIIIZZI": 0.021321464206926835,
    "IIIIZIIZ": 0.021321464206926835,
    "IZZIIIII": 0.021321461982451093,
    "ZIIZIIII": 0.021321461982451093,
    "IIZIZIII": 0.01858953752213176,
    "IIZIIZII": 0.01858953752213176,
    "IIIZZIII": 0.01858953752213176,
    "IIIZIZII": 0.01858953752213176,
    "ZIIIIIZI": 0.018589537522131116,
    "IZIIIIIZ": 0.018589537522131116,
    "IZIZIIII": 0.018414146720596974,
    "ZIZIIIII": 0.018414146720596974,
    "IIIIIZIZ": 0.018414146671018483,
    "IIIIZIZI": 0.018414146671018483,
    "IYZZYXXI": 0.015935578084237123,
    "IXZZYYXI": -0.015935578084237123,
    "IXZZXYYI": 0.015935578084237123,
    "XZZZXYZY": -0.015935578084237123,
    "IYZZXXYI": -0.015935578084237123,
    "YZZZYXZX": -0.015935578084237123,
    "YZZZYYZY": -0.015935578084237123,
    "XZZZXXZX": -0.015935578084237123,
    "IYYXZZXI": -0.01593557205940843,
    "YZYYZZZY": 0.01593557205940843,
    "XZXYZZZY": 0.01593557205940843,
    "XZXXZZZX": 0.01593557205940843,
    "IYXXZZYI": 0.01593557205940843,
    "IXYYZZXI": 0.01593557205940843,
    "IXXYZZYI": -0.01593557205940843,
    "YZYXZZZX": 0.01593557205940843,
    "XZZZZIXI": 0.014974226278219014,
    "YZZZZIYI": 0.014974226278219014,
    "IXZZIZZX": 0.014974226278219014,
    "IYZZIZZY": 0.014974226278219014,
    "IXIZZZZX": -0.014974220384742443,
    "YZZIZZYI": -0.014974220384742443,
    "IYIZZZZY": -0.014974220384742443,
    "XZZIZZXI": -0.014974220384742443,
    "YIZZZZYI": 0.014009501854156767,
    "XIZZZZXI": 0.014009501854156767,
    "ZXZZZZZX": 0.014009501854156767,
    "ZYZZZZZY": 0.014009501854156767,
    "IYZZZZIY": -0.014009495960680185,
    "IXZZZZIX": -0.014009495960680185,
    "XZZZZZXZ": -0.014009495960680185,
    "YZZZZZYZ": -0.014009495960680185,
    "IZIIIZII": 0.013320178892133702,
    "ZIIIZIII": 0.013320178892133702,
    "IIIZIIIZ": 0.013320178842555222,
    "IIZIIIZI": 0.013320178842555222,
    "XYIIIIYX": 0.005287845000006583,
    "YXIIIIXY": 0.005287845000006583,
    "XXIIIIYY": -0.005287845000006583,
    "YYIIIIXX": -0.005287845000006583,
    "IIIIXYYX": 0.002907317535908355,
    "IIIIXXYY": -0.002907317535908355,
    "IIIIYYXX": -0.002907317535908355,
    "IIIIYXXY": 0.002907317535908355,
    "YXXYIIII": 0.002907315261854123,
    "XXYYIIII": -0.002907315261854123,
    "YYXXIIII": -0.002907315261854123,
    "XYYXIIII": 0.002907315261854123,
    "YZZZIZYI": -0.0009613518060181108,
    "XZZZIZXI": -0.0009613518060181108,
    "IXZZZIZX": -0.0009613518060181108,
    "IYZZZIZY": -0.0009613518060181108,
    "IXZIZZZX": 0.0009613516746659889,
    "XZIZZZXI": 0.0009613516746659889,
    "IYZIZZZY": 0.0009613516746659889,
    "YZIZZZYI": 0.0009613516746659889,
    "XZZZZZXI": -1.0193271642554291e-07,
    "IYZZZZZY": -1.0193271642554291e-07,
    "IXZZZZZX": -1.0193271642554291e-07,
    "YZZZZZYI": -1.0193271642554291e-07
  },
  "data": {
    "molecule_id": "H4_singlet_D4h",
    "qubit_encoding": "JW",
    "unit": "Angstrom",
    "basis": "sto-3g",
    "charge": 0,
    "multiplicity": 1,
    "spin": 0,
    "geometry": "H -2.3313000000 -2.3313000000 0.0000000000\nH 4.7853000000 -2.3313000000 0.0000000000\nH 4.7853000000 4.7853000000 0.0000000000\nH -2.3313000000 4.7853000000 0.0000000000",
    "n_qubits": 8,
    "n_particles": {
      "total": 4,
      "alpha": 2,
      "beta": 2
    },
    "hf_array": [
      1,
      1,
      1,
      1,
      0,
      0,
      0,
      0
    ],
    "hf_method": "pyscf.scf.hf_symm.SymAdaptedRHF",
    "convergence_threshold": 1e-06,
    "point_group": {
      "groupname": "D2h",
      "topgroup": "D4h"
    },
    "alpha": 2.9,
    "calculated_properties": {
      "HF": {
        "energy": -1.144999862400241,
        "converged": true
      },
      "MP2": {
        "energy": -3.439164205043432,
        "converged": false
      },
      "CISD": {
        "energy": -1.6549731639239784,
        "converged": true
      },
      "CCSD": {
        "energy": null,
        "converged": false
      },
      "FCI": {
        "energy": -1.8663273982286748,
        "converged": true,
        "spin_matches_target": true,
        "multiplicity": 0.9999999999999996,
        "oscillatory_converged": false,
        "oscillation_energy_change": null
      }
    },
    "auxiliary_operators": {
      "number_operator": {
        "IIIIIIII": 4.0,
        "ZIIIIIII": -0.5,
        "IZIIIIII": -0.5,
        "IIZIIIII": -0.5,
        "IIIZIIII": -0.5,
        "IIIIZIII": -0.5,
        "IIIIIZII": -0.5,
        "IIIIIIZI": -0.5,
        "IIIIIIIZ": -0.5
      },
      "N_alpha": {
        "IIIIIIII": 2.0,
        "ZIIIIIII": -0.5,
        "IIZIIIII": -0.5,
        "IIIIZIII": -0.5,
        "IIIIIIZI": -0.5
      },
      "N_beta": {
        "IIIIIIII": 2.0,
        "IZIIIIII": -0.5,
        "IIIZIIII": -0.5,
        "IIIIIZII": -0.5,
        "IIIIIIIZ": -0.5
      },
      "S^2_operator": {
        "IIIIIIII": 1.5,
        "ZZIIIIII": -0.375,
        "IIIIZZII": -0.375,
        "IIIIIIZZ": -0.375,
        "IIZZIIII": -0.375,
        "ZIIZIIII": -0.125,
        "ZIZIIIII": 0.125,
        "IIIIXYXY": 0.125,
        "IIIIXYYX": -0.125,
        "IIIIYYXX": 0.125,
        "IIIIYYYY": 0.125,
        "IIIIXXXX": 0.125,
        "IIIIXXYY": 0.125,
        "IIIIYXXY": -0.125,
        "IIIIYXYX": 0.125,
        "IIXYIIXY": 0.125,
        "IIXYIIYX": -0.125,
        "ZIIIZIII": 0.125,
        "ZIIIIZII": -0.125,
        "ZIIIIIZI": 0.125,
        "ZIIIIIIZ": -0.125,
        "IIIIZIIZ": -0.125,
        "IIIIZIZI": 0.125,
        "IIIZIIIZ": 0.125,
        "IIIZIIZI": -0.125,
        "IIIZIZII": 0.125,
        "IIIZZIII": -0.125,
        "IIZIIIIZ": -0.125,
        "IIYYIIXX": 0.125,
        "IIZIIIZI": 0.125,
        "IIZIZIII": 0.125,
        "IZIIIIIZ": 0.125,
        "IZIIIIZI": -0.125,
        "IZIIIZII": 0.125,
        "IZIIZIII": -0.125,
        "IZIZIIII": 0.125,
        "IZZIIIII": -0.125,
        "IIZIIZII": -0.125,
        "IIYYIIYY": 0.125,
        "IIXXIIXX": 0.125,
        "IIXXIIYY": 0.125,
        "XYIIYXII": -0.125,
        "YYIIXXII": 0.125,
        "YYIIYYII": 0.125,
        "XXIIXXII": 0.125,
        "XXIIYYII": 0.125,
        "YXIIXYII": -0.125,
        "YXIIYXII": 0.125,
        "XYXYIIII": 0.125,
        "XYYXIIII": -0.125,
        "YYXXIIII": 0.125,
        "YYYYIIII": 0.125,
        "XXXXIIII": 0.125,
        "XXYYIIII": 0.125,
        "YXXYIIII": -0.125,
        "YXYXIIII": 0.125,
        "XYIIXYII": 0.125,
        "IIIIIZZI": -0.125,
        "YXIIIIYX": 0.125,
        "XXIIIIYY": 0.125,
        "IIYXIIXY": -0.125,
        "IIYXIIYX": 0.125,
        "IIXYXYII": 0.125,
        "IIXYYXII": -0.125,
        "IIYYXXII": 0.125,
        "IIYYYYII": 0.125,
        "IIXXXXII": 0.125,
        "IIXXYYII": 0.125,
        "IIYXXYII": -0.125,
        "IIYXYXII": 0.125,
        "XYIIIIXY": 0.125,
        "XYIIIIYX": -0.125,
        "YYIIIIXX": 0.125,
        "YYIIIIYY": 0.125,
        "XXIIIIXX": 0.125,
        "YXIIIIXY": -0.125,