{
  "hamiltonian": {
    "IIIIIIII": -0.8651555220941924,
    "ZIIIIIII": 0.14979318481507467,
    "IZIIIIII": 0.14979318481507464,
    "IIZZIIII": 0.13209182732395983,
    "IIIIZZII": 0.13209182732395983,
    "IIIIIIZZ": 0.11412405583717734,
    "IIZIIIIZ": 0.1134221604342755,
    "IIIZIIZI": 0.1134221604342755,
    "IIIIIIZI": -0.11303829089949398,
    "IIIIIIIZ": -0.11303829089949398,
    "IZIIZIII": 0.11033847705057137,
    "ZIIIIZII": 0.11033847705057137,
    "ZZIIIIII": 0.1087062929885913,
    "ZIIIIIIZ": 0.10782303437045701,
    "IZIIIIZI": 0.10782303437045701,
    "IIIIIZZI": 0.10719328870810527,
    "IIIIZIIZ": 0.10719328870810527,
    "ZIIZIIII": 0.10410960532440117,
    "IZZIIIII": 0.10410960532440117,
    "IZIIIIIZ": 0.08534440878260749,
    "ZIIIIIZI": 0.08534440878260749,
    "IIIZZIII": 0.08399484679814478,
    "IIZIIZII": 0.08399484679814478,
    "IIIZIZII": 0.08302054179706708,
    "IIZIZIII": 0.08302054179706708,
    "IZIZIIII": 0.07475880398807255,
    "ZIZIIIII": 0.07475880398807255,
    "IIIIZIZI": 0.07366802936718528,
    "IIIIIZIZ": 0.07366802936718528,
    "IZIIIZII": 0.07164749633094858,
    "ZIIIZIII": 0.07164749633094858,
    "IIZIIIZI": 0.07055672171006128,
    "IIIZIIIZ": 0.07055672171006128,
    "IIXXIIYY": -0.04286543872421421,
    "IIXYIIYX": 0.04286543872421421,
    "IIYXIIXY": 0.04286543872421421,
    "IIYYIIXX": -0.04286543872421421,
    "XYIIYXII": 0.03869098071962278,
    "YXIIXYII": 0.03869098071962278,
    "XXIIYYII": -0.03869098071962278,
    "YYIIXXII": -0.03869098071962278,
    "XZZZXXZX": -0.03511790741804285,
    "YZZZYXZX": -0.03511790741804285,
    "YZZZYYZY": -0.03511790741804285,
    "IYZZYXXI": 0.03511790741804285,
    "IYZZXXYI": -0.03511790741804285,
    "IXZZYYXI": -0.03511790741804285,
    "IXZZXYYI": 0.03511790741804285,
    "XZZZXYZY": -0.03511790741804285,
    "YZYYZZZY": 0.03455831643514072,
    "YZYXZZZX": 0.03455831643514072,
    "XZXYZZZY": 0.03455831643514072,
    "XZXXZZZX": 0.03455831643514072,
    "IXXYZZYI": -0.03455831643514072,
    "IXYYZZXI": 0.03455831643514072,
    "IYYXZZXI": -0.03455831643514072,
    "IYXXZZYI": 0.03455831643514072,
    "IIIIYYXX": -0.03352525934092,
    "IIIIYXXY": 0.03352525934092,
    "IIIIXXYY": -0.03352525934092,
    "IIIIXYYX": 0.03352525934092,
    "YYXXIIII": -0.0293508013363286,
    "YXXYIIII": 0.0293508013363286,
    "XYYXIIII": 0.0293508013363286,
    "XXYYIIII": -0.0293508013363286,
    "XZZZZIXI": 0.023439872271445606,
    "IYZZIZZY": 0.023439872271445606,
    "IXZZIZZX": 0.023439872271445606,
    "YZZZZIYI": 0.023439872271445606,
    "YZZIZZYI": -0.02302650090353439,
    "XZZIZZXI": -0.02302650090353439,
    "IXIZZZZX": -0.02302650090353439,
    "IYIZZZZY": -0.02302650090353439,
    "XXIIIIYY": -0.022478625587849518,
    "XYIIIIYX": 0.022478625587849518,
    "YYIIIIXX": -0.022478625587849518,
    "YXIIIIXY": 0.022478625587849518,
    "IIIIIZII": 0.019683235190794873,
    "IIIIZIII": 0.019683235190794818,
    "IIZIIIII": 0.01968323519079479,
    "IIIZIIII": 0.01968323519079479,
    "YZZZZZYI": -0.01761643351914965,
    "XZZZZZXI": -0.01761643351914965,
    "IYZZZZZY": -0.017616433519149648,
    "IXZZZZZX": -0.017616433519149648,
    "IXZZZIZX": -0.011678035146597241,
    "IYZZZIZY": -0.011678035146597241,
    "XZZZIZXI": -0.011678035146597241,
    "YZZZIZYI": -0.011678035146597241,
    "IYZIZZZY": 0.01153181553160633,
    "IXZIZZZX": 0.01153181553160633,
    "YZIZZZYI": 0.01153181553160633,
    "XZIZZZXI": 0.01153181553160633,
    "YIZZZZYI": 0.0030048182228734604,
    "ZYZZZZZY": 0.0030048182228734604,
    "XIZZZZXI": 0.0030048182228734604,
    "ZXZZZZZX": 0.0030048182228734604,
    "YZZZZZYZ": -0.0026416894964332617,
    "XZZZZZXZ": -0.0026416894964332617,
    "IYZZZZIY": -0.0026416894964332617,
    "IXZZZZIX": -0.0026416894964332617,
    "IIXYYXII": 0.0009743050010776887,
    "IIXXYYII": -0.0009743050010776887,
    "IIYXXYII": 0.0009743050010776887,
    "IIYYXXII": -0.0009743050010776887
  },
  "data": {
    "molecule_id": "H4_singlet_D4h",
    "qubit_encoding": "JW",
    "unit": "Angstrom",
    "basis": "sto-3g",
    "charge": 0,
    "multiplicity": 1,
    "spin": 0,
    "geometry": "H 0.4908000000 0.4908000000 0.0000000000\nH 1.9632000000 0.4908000000 0.0000000000\nH 1.9632000000 1.9632000000 0.0000000000\nH 0.4908000000 1.9632000000 0.0000000000",
    "n_qubits": 8,
    "n_particles": {
      "total": 4,
      "alpha": 2,
      "beta": 2
    },
    "hf_array": [
      1,
      1,
      1,
      1,
      0,
      0,
      0,
      0
    ],
    "hf_method": "pyscf.scf.hf_symm.SymAdaptedRHF",
    "convergence_threshold": 1e-06,
    "point_group": {
      "groupname": "D2h",
      "topgroup": "D4h"
    },
    "alpha": 0.6,
    "calculated_properties": {
      "HF": {
        "energy": -1.636640389822381,
        "converged": true
      },
      "MP2": {
        "energy": -1.6937933989224694,
        "converged": false
      },
      "CISD": {
        "energy": -1.7759129235965063,
        "converged": true
      },
      "CCSD": {
        "energy": -1.7697024547380324,
        "converged": true,
        "t1_diagnostic": 5.657819542597438e-09,
        "_t1_diagnostic_check": {
          "branch_match": false,
          "recalculated_hf_energy": -1.7226826943610565,
          "recalculated_ccsd_energy": -1.970621756321197,
          "delta_hf_ha": -0.08604230453867556,
          "delta_ccsd_ha": -0.2009193015831645
        }
      },
      "FCI": {
        "energy": -1.836670599156336,
        "converged": true,
        "spin_matches_target": true,
        "multiplicity": 1.0000000000000004,
        "oscillatory_converged": false,
        "oscillation_energy_change": null
      }
    },
    "auxiliary_operators": {
      "number_operator": {
        "IIIIIIII": 4.0,
        "ZIIIIIII": -0.5,
        "IZIIIIII": -0.5,
        "IIZIIIII": -0.5,
        "IIIZIIII": -0.5,
        "IIIIZIII": -0.5,
        "IIIIIZII": -0.5,
        "IIIIIIZI": -0.5,
        "IIIIIIIZ": -0.5
      },
      "N_alpha": {
        "IIIIIIII": 2.0,
        "ZIIIIIII": -0.5,
        "IIZIIIII": -0.5,
        "IIIIZIII": -0.5,
        "IIIIIIZI": -0.5
      },
      "N_beta": {
        "IIIIIIII": 2.0,
        "IZIIIIII": -0.5,
        "IIIZIIII": -0.5,
        "IIIIIZII": -0.5,
        "IIIIIIIZ": -0.5
      },
      "S^2_operator": {
        "IIIIIIII": 1.5,
        "ZZIIIIII": -0.375,
        "IIIIZZII": -0.375,
        "IIIIIIZZ": -0.375,
        "IIZZIIII": -0.375,
        "ZIIZIIII": -0.125,
        "ZIZIIIII": 0.125,
        "IIIIXYXY": 0.125,
        "IIIIXYYX": -0.125,
        "IIIIYYXX": 0.125,
        "IIIIYYYY": 0.125,
        "IIIIXXXX": 0.125,
        "IIIIXXYY": 0.125,
        "IIIIYXXY": -0.125,
        "IIIIYXYX": 0.125,
        "IIXYIIXY": 0.125,
        "IIXYIIYX": -0.125,
        "ZIIIZIII": 0.125,
        "ZIIIIZII": -0.125,
        "ZIIIIIZI": 0.125,
        "ZIIIIIIZ": -0.125,
        "IIIIZIIZ": -0.125,
        "IIIIZIZI": 0.125,
        "IIIZIIIZ": 0.125,
        "IIIZIIZI": -0.125,
        "IIIZIZII": 0.125,
        "IIIZZIII": -0.125,
        "IIZIIIIZ": -0.125,
        "IIYYIIXX": 0.125,
        "IIZIIIZI": 0.125,
        "IIZIZIII": 0.125,
        "IZIIIIIZ": 0.125,
        "IZIIIIZI": -0.125,
        "IZIIIZII": 0.125,
        "IZIIZIII": -0.125,
        "IZIZIIII": 0.125,
        "IZZIIIII": -0.125,
        "IIZIIZII": -0.125,
        "IIYYIIYY": 0.125,
        "IIXXIIXX": 0.125,
        "IIXXIIYY": 0.125,
        "XYIIYXII": -0.125,
        "YYIIXXII": 0.125,
        "YYIIYYII": 0.125,
        "XXIIXXII": 0.125,
        "XXIIYYII": 0.125,
        "YXIIXYII": -0.125,
        "YXIIYXII": 0.125,
        "XYXYIIII": 0.125,
        "XYYXIIII": -0.125,
        "YYXXIIII": 0.125,
        "YYYYIIII": 0.125,
        "XXXXIIII": 0.125,
        "XXYYIIII": 0.125,
        "YXXYIIII": -0.125,
        "YXYXIIII": 0.125,
        "XYIIXYII": 0.125,
        "IIIIIZZI": -0.125,
        "YXIIIIYX": 0.125,
        "XXIIIIYY": 0.125,
        "IIYXIIXY": -0.125,