{
  "hamiltonian": {
    "IIIIIIII": -0.6402747629188785,
    "IIIIIIIZ": -0.19527914721122225,
    "IIIIIIZI": -0.19527914721122225,
    "ZIIIIIII": 0.18894992582011766,
    "IZIIIIII": 0.1889499258201176,
    "IIZZIIII": 0.13951086916427366,
    "IIIIZZII": 0.13951086916427366,
    "IIIIIIZZ": 0.1253097520024891,
    "IIIZIIZI": 0.1221037929017032,
    "IIZIIIIZ": 0.1221037929017032,
    "ZZIIIIII": 0.1201283457059594,
    "ZIIIIZII": 0.1190828426070914,
    "IZIIZIII": 0.1190828426070914,
    "IIIIIZZI": 0.11902438252461303,
    "IIIIZIIZ": 0.11902438252461303,
    "ZIIIIIIZ": 0.1184303557594954,
    "IZIIIIZI": 0.1184303557594954,
    "ZIIZIIII": 0.11600343223000123,
    "IZZIIIII": 0.11600343223000123,
    "IZIIIIIZ": 0.09764176555901666,
    "ZIIIIIZI": 0.09764176555901666,
    "IIIZZIII": 0.09604762871464012,
    "IIZIIZII": 0.09604762871464012,
    "IIZIZIII": 0.09432500064231658,
    "IIIZIZII": 0.09432500064231658,
    "IZIZIIII": 0.08465421806508963,
    "ZIZIIIII": 0.08465421806508963,
    "IIIIZIZI": 0.08392203189815307,
    "IIIIIZIZ": 0.08392203189815307,
    "IZIIIZII": 0.08278012379663639,
    "ZIIIZIII": 0.08278012379663639,
    "IIZIIIZI": 0.08204793762969981,
    "IIIZIIIZ": 0.08204793762969981,
    "IIXXIIYY": -0.04005585527200338,
    "IIXYIIYX": 0.04005585527200338,
    "IIYXIIXY": 0.04005585527200338,
    "IIYYIIXX": -0.04005585527200338,
    "XYIIYXII": 0.036302718810455,
    "YXIIXYII": 0.036302718810455,
    "XXIIYYII": -0.036302718810455,
    "YYIIXXII": -0.036302718810455,
    "IIIIYYXX": -0.03510235062645997,
    "IIIIXYYX": 0.03510235062645997,
    "IIIIXXYY": -0.03510235062645997,
    "IIIIYXXY": 0.03510235062645997,
    "YZZZYXZX": -0.03430842923548892,
    "YZZZYYZY": -0.03430842923548892,
    "XZZZXYZY": -0.03430842923548892,
    "IXZZXYYI": 0.03430842923548892,
    "IXZZYYXI": -0.03430842923548892,
    "XZZZXXZX": -0.03430842923548892,
    "IYZZYXXI": 0.03430842923548892,
    "IYZZXXYI": -0.03430842923548892,
    "XZXXZZZX": 0.034036409001375466,
    "YZYYZZZY": 0.034036409001375466,
    "IYYXZZXI": -0.034036409001375466,
    "IYXXZZYI": 0.034036409001375466,
    "IXYYZZXI": 0.034036409001375466,
    "IXXYZZYI": -0.034036409001375466,
    "XZXYZZZY": 0.034036409001375466,
    "YZYXZZZX": 0.034036409001375466,
    "XXYYIIII": -0.0313492141649116,
    "YYXXIIII": -0.0313492141649116,
    "YXXYIIII": 0.0313492141649116,
    "XYYXIIII": 0.0313492141649116,
    "XZZZZIXI": 0.02135320371779491,
    "IYZZIZZY": 0.02135320371779491,
    "IXZZIZZX": 0.02135320371779491,
    "YZZZZIYI": 0.02135320371779491,
    "YZZIZZYI": -0.021134250952606546,
    "XZZIZZXI": -0.021134250952606546,
    "IXIZZZZX": -0.021134250952606546,
    "IYIZZZZY": -0.021134250952606546,
    "YYIIIIXX": -0.02078859020047874,
    "YXIIIIXY": 0.02078859020047874,
    "XXIIIIYY": -0.02078859020047874,
    "XYIIIIYX": 0.02078859020047874,
    "YZZZZZYI": -0.013924098346808089,
    "IYZZZZZY": -0.013924098346808089,
    "IXZZZZZX": -0.013924098346808089,
    "XZZZZZXI": -0.013924098346808089,
    "IYZZZIZY": -0.012955225517694006,
    "IXZZZIZX": -0.012955225517694006,
    "YZZZIZYI": -0.012955225517694006,
    "XZZZIZXI": -0.012955225517694006,
    "IXZIZZZX": 0.01290215804876892,
    "XZIZZZXI": 0.01290215804876892,
    "YZIZZZYI": 0.01290215804876892,
    "IYZIZZZY": 0.01290215804876892,
    "IIZIIIII": 0.00784339804108386,
    "IIIZIIII": 0.00784339804108386,
    "IIIIIZII": 0.007843398041083624,
    "IIIIZIII": 0.00784339804108361,
    "IIYYXXII": -0.001722628072323535,
    "IIYXXYII": 0.001722628072323535,
    "IIXYYXII": 0.001722628072323535,
    "IIXXYYII": -0.001722628072323535,
    "YIZZZZYI": 0.00145232012457433,
    "XIZZZZXI": 0.00145232012457433,
    "ZYZZZZZY": 0.00145232012457433,
    "ZXZZZZZX": 0.00145232012457433,
    "IYZZZZIY": -0.0012645508590201915,
    "IXZZZZIX": -0.0012645508590201915,
    "XZZZZZXZ": -0.0012645508590201915,
    "YZZZZZYZ": -0.0012645508590201915
  },
  "data": {
    "molecule_id": "H4_singlet_D4h",
    "qubit_encoding": "JW",
    "unit": "Angstrom",
    "basis": "sto-3g",
    "charge": 0,
    "multiplicity": 1,
    "spin": 0,
    "geometry": "H 0.6135000000 0.6135000000 0.0000000000\nH 1.8405000000 0.6135000000 0.0000000000\nH 1.8405000000 1.8405000000 0.0000000000\nH 0.6135000000 1.8405000000 0.0000000000",
    "n_qubits": 8,
    "n_particles": {
      "total": 4,
      "alpha": 2,
      "beta": 2
    },
    "hf_array": [
      1,
      1,
      1,
      1,
      0,
      0,
      0,
      0
    ],
    "hf_method": "pyscf.scf.hf_symm.SymAdaptedRHF",
    "convergence_threshold": 1e-06,
    "point_group": {
      "groupname": "D2h",
      "topgroup": "D4h"
    },
    "alpha": 0.5,
    "calculated_properties": {
      "HF": {
        "energy": -1.7019838387300483,
        "converged": true
      },
      "MP2": {
        "energy": -1.739548609990608,
        "converged": false
      },
      "CISD": {
        "energy": -1.7948050591741136,
        "converged": true
      },
      "CCSD": {
        "energy": -1.78786476304472,
        "converged": true,
        "t1_diagnostic": 1.2314624373154303e-09,
        "_t1_diagnostic_check": {
          "branch_match": false,
          "recalculated_hf_energy": -1.7796081111456514,
          "recalculated_ccsd_energy": -1.9763582748975235,
          "delta_hf_ha": -0.0776242724156031,
          "delta_ccsd_ha": -0.1884935118528035
        }
      },
      "FCI": {
        "energy": -1.821557778175734,
        "converged": true,
        "spin_matches_target": true,
        "multiplicity": 1.0000000000000004,
        "oscillatory_converged": false,
        "oscillation_energy_change": null
      }
    },
    "auxiliary_operators": {
      "number_operator": {
        "IIIIIIII": 4.0,
        "ZIIIIIII": -0.5,
        "IZIIIIII": -0.5,
        "IIZIIIII": -0.5,
        "IIIZIIII": -0.5,
        "IIIIZIII": -0.5,
        "IIIIIZII": -0.5,
        "IIIIIIZI": -0.5,
        "IIIIIIIZ": -0.5
      },
      "N_alpha": {
        "IIIIIIII": 2.0,
        "ZIIIIIII": -0.5,
        "IIZIIIII": -0.5,
        "IIIIZIII": -0.5,
        "IIIIIIZI": -0.5
      },
      "N_beta": {
        "IIIIIIII": 2.0,
        "IZIIIIII": -0.5,
        "IIIZIIII": -0.5,
        "IIIIIZII": -0.5,
        "IIIIIIIZ": -0.5
      },
      "S^2_operator": {
        "IIIIIIII": 1.5,
        "ZZIIIIII": -0.375,
        "IIIIZZII": -0.375,
        "IIIIIIZZ": -0.375,
        "IIZZIIII": -0.375,
        "ZIIZIIII": -0.125,
        "ZIZIIIII": 0.125,
        "IIIIXYXY": 0.125,
        "IIIIXYYX": -0.125,
        "IIIIYYXX": 0.125,
        "IIIIYYYY": 0.125,
        "IIIIXXXX": 0.125,
        "IIIIXXYY": 0.125,
        "IIIIYXXY": -0.125,
        "IIIIYXYX": 0.125,
        "IIXYIIXY": 0.125,
        "IIXYIIYX": -0.125,
        "ZIIIZIII": 0.125,
        "ZIIIIZII": -0.125,
        "ZIIIIIZI": 0.125,
        "ZIIIIIIZ": -0.125,
        "IIIIZIIZ": -0.125,
        "IIIIZIZI": 0.125,
        "IIIZIIIZ": 0.125,
        "IIIZIIZI": -0.125,
        "IIIZIZII": 0.125,
        "IIIZZIII": -0.125,
        "IIZIIIIZ": -0.125,
        "IIYYIIXX": 0.125,
        "IIZIIIZI": 0.125,
        "IIZIZIII": 0.125,
        "IZIIIIIZ": 0.125,
        "IZIIIIZI": -0.125,
        "IZIIIZII": 0.125,
        "IZIIZIII": -0.125,
        "IZIZIIII": 0.125,
        "IZZIIIII": -0.125,
        "IIZIIZII": -0.125,
        "IIYYIIYY": 0.125,
        "IIXXIIXX": 0.125,
        "IIXXIIYY": 0.125,
        "XYIIYXII": -0.125,
        "YYIIXXII": 0.125,
        "YYIIYYII": 0.125,
        "XXIIXXII": 0.125,
        "XXIIYYII": 0.125,
        "YXIIXYII": -0.125,
        "YXIIYXII": 0.125,
        "XYXYIIII": 0.125,
        "XYYXIIII": -0.125,
        "YYXXIIII": 0.125,
        "YYYYIIII": 0.125,
        "XXXXIIII": 0.125,
        "XXYYIIII": 0.125,
        "YXXYIIII": -0.125,
        "YXYXIIII": 0.125,
        "XYIIXYII": 0.125,
        "IIIIIZZI": -0.125,
        "YXIIIIYX": 0.125,
        "XXIIIIYY": 0.125,
        "IIYXIIXY": -0.125,