{
  "hamiltonian": {
    "IIIIIIII": -1.091721445042023,
    "IIIIZZII": 0.10548935394194392,
    "IIZZIIII": 0.10548935394194392,
    "IIIZIIZI": 0.10183877188891677,
    "IIZIIIIZ": 0.10183877188891677,
    "ZIIIIZII": 0.10183728086188681,
    "IZIIZIII": 0.10183728086188681,
    "IIIIIIZZ": 0.09851744090552748,
    "ZZIIIIII": 0.09851445885149084,
    "IIYYIIXX": -0.08418798324443075,
    "IIYXIIXY": 0.08418798324443075,
    "IIXYIIYX": 0.08418798324443075,
    "IIXXIIYY": -0.08418798324443075,
    "YYIIXXII": -0.0841864416599889,
    "YXIIXYII": 0.0841864416599889,
    "XXIIYYII": -0.0841864416599889,
    "XYIIYXII": 0.0841864416599889,
    "IZIIIIII": 0.03965620044889707,
    "ZIIIIIII": 0.03965620044889707,
    "IIIZIIII": 0.03963943237720755,
    "IIZIIIII": 0.039639432377207545,
    "IIIIZIII": 0.03963943237720752,
    "IIIIIZII": 0.03963943237720752,
    "IIIIIIZI": 0.03962268479108973,
    "IIIIIIIZ": 0.0396226847910897,
    "ZIIIIIIZ": 0.03147779365822747,
    "IZIIIIZI": 0.03147779365822747,
    "IIIIZIIZ": 0.028156463014304467,
    "IIIIIZZI": 0.028156463014304467,
    "IZZIIIII": 0.028154971987274534,
    "ZIIZIIII": 0.028154971987274534,
    "ZIIIIIZI": 0.024504390357271137,
    "IZIIIIIZ": 0.024504390357271137,
    "IIZIZIII": 0.02450439027370201,
    "IIZIIZII": 0.02450439027370201,
    "IIIZZIII": 0.02450439027370201,
    "IIIZIZII": 0.02450439027370201,
    "IZIZIIII": 0.02418082223033374,
    "ZIZIIIII": 0.02418082223033374,
    "IIIIZIZI": 0.02418077167292182,
    "IIIIIZIZ": 0.02418077167292182,
    "XZZZXXZX": -0.018294788887011356,
    "IYZZXXYI": -0.018294788887011356,
    "IXZZYYXI": -0.018294788887011356,
    "IYZZYXXI": 0.018294788887011356,
    "IXZZXYYI": 0.018294788887011356,
    "XZZZXYZY": -0.018294788887011356,
    "YZZZYXZX": -0.018294788887011356,
    "YZZZYYZY": -0.018294788887011356,
    "YZYXZZZX": 0.018291409087303,
    "IYXXZZYI": 0.018291409087303,
    "IXYYZZXI": 0.018291409087303,
    "IXXYZZYI": -0.018291409087303,
    "XZXXZZZX": 0.018291409087303,
    "XZXYZZZY": 0.018291409087303,
    "IYYXZZXI": -0.018291409087303,
    "YZYYZZZY": 0.018291409087303,
    "IZIIIZII": 0.017650839201897917,
    "ZIIIZIII": 0.017650839201897917,
    "IIIZIIIZ": 0.017650788644486014,
    "IIZIIIZI": 0.017650788644486014,
    "XZZZZIXI": 0.016805515004204415,
    "YZZZZIYI": 0.016805515004204415,
    "IXZZIZZX": 0.016805515004204415,
    "IYZZIZZY": 0.016805515004204415,
    "YZZIZZYI": -0.016802246047549117,
    "IXIZZZZX": -0.016802246047549117,
    "XZZIZZXI": -0.016802246047549117,
    "IYIZZZZY": -0.016802246047549117,
    "ZYZZZZZY": 0.015290259105217063,
    "ZXZZZZZX": 0.015290259105217063,
    "YIZZZZYI": 0.015290259105217061,
    "XIZZZZXI": 0.015290259105217061,
    "IXZZZZIX": -0.01528699014858724,
    "IYZZZZIY": -0.01528699014858724,
    "XZZZZZXZ": -0.01528699014858724,
    "YZZZZZYZ": -0.01528699014858724,
    "XYIIIIYX": 0.006973403300956335,
    "YXIIIIXY": 0.006973403300956335,
    "XXIIIIYY": -0.006973403300956335,
    "YYIIIIXX": -0.006973403300956335,
    "IIIIXYYX": 0.00397569134138265,
    "IIIIXXYY": -0.00397569134138265,
    "IIIIYYXX": -0.00397569134138265,
    "IIIIYXXY": 0.00397569134138265,
    "YXXYIIII": 0.003974149756940794,
    "XXYYIIII": -0.003974149756940794,
    "YYXXIIII": -0.003974149756940794,
    "XYYXIIII": 0.003974149756940794,
    "YZZZIZYI": -0.0014892738828069432,
    "XZZZIZXI": -0.0014892738828069432,
    "IXZZZIZX": -0.0014892738828069432,
    "IYZZZIZY": -0.0014892738828069432,
    "IXZIZZZX": 0.0014891630397538824,
    "XZIZZZXI": 0.0014891630397538824,
    "IYZIZZZY": 0.0014891630397538824,
    "YZIZZZYI": 0.0014891630397538824,
    "IYZZZZZY": -3.6740189965365e-05,
    "IXZZZZZX": -3.6740189965365e-05,
    "XZZZZZXI": -3.674018996536153e-05,
    "YZZZZZYI": -3.674018996536153e-05
  },
  "data": {
    "molecule_id": "H4_singlet_D4h",
    "qubit_encoding": "JW",
    "unit": "Angstrom",
    "basis": "sto-3g",
    "charge": 0,
    "multiplicity": 1,
    "spin": 0,
    "geometry": "H -1.4724000000 -1.4724000000 0.0000000000\nH 3.9264000000 -1.4724000000 0.0000000000\nH 3.9264000000 3.9264000000 0.0000000000\nH -1.4724000000 3.9264000000 0.0000000000",
    "n_qubits": 8,
    "n_particles": {
      "total": 4,
      "alpha": 2,
      "beta": 2
    },
    "hf_array": [
      1,
      1,
      1,
      1,
      0,
      0,
      0,
      0
    ],
    "hf_method": "pyscf.scf.hf_symm.SymAdaptedRHF",
    "convergence_threshold": 1e-06,
    "point_group": {
      "groupname": "D2h",
      "topgroup": "D4h"
    },
    "alpha": 2.2,
    "calculated_properties": {
      "HF": {
        "energy": -1.162369101227243,
        "converged": true
      },
      "MP2": {
        "energy": -2.772222109515981,
        "converged": false
      },
      "CISD": {
        "energy": -1.6599950250762343,
        "converged": true
      },
      "CCSD": {
        "energy": null,
        "converged": false
      },
      "FCI": {
        "energy": -1.86632740025542,
        "converged": true,
        "spin_matches_target": true,
        "multiplicity": 0.9999999999999991,
        "oscillatory_converged": false,
        "oscillation_energy_change": null
      }
    },
    "auxiliary_operators": {
      "number_operator": {
        "IIIIIIII": 4.0,
        "ZIIIIIII": -0.5,
        "IZIIIIII": -0.5,
        "IIZIIIII": -0.5,
        "IIIZIIII": -0.5,
        "IIIIZIII": -0.5,
        "IIIIIZII": -0.5,
        "IIIIIIZI": -0.5,
        "IIIIIIIZ": -0.5
      },
      "N_alpha": {
        "IIIIIIII": 2.0,
        "ZIIIIIII": -0.5,
        "IIZIIIII": -0.5,
        "IIIIZIII": -0.5,
        "IIIIIIZI": -0.5
      },
      "N_beta": {
        "IIIIIIII": 2.0,
        "IZIIIIII": -0.5,
        "IIIZIIII": -0.5,
        "IIIIIZII": -0.5,
        "IIIIIIIZ": -0.5
      },
      "S^2_operator": {
        "IIIIIIII": 1.5,
        "ZZIIIIII": -0.375,
        "IIIIZZII": -0.375,
        "IIIIIIZZ": -0.375,
        "IIZZIIII": -0.375,
        "ZIIZIIII": -0.125,
        "ZIZIIIII": 0.125,
        "IIIIXYXY": 0.125,
        "IIIIXYYX": -0.125,
        "IIIIYYXX": 0.125,
        "IIIIYYYY": 0.125,
        "IIIIXXXX": 0.125,
        "IIIIXXYY": 0.125,
        "IIIIYXXY": -0.125,
        "IIIIYXYX": 0.125,
        "IIXYIIXY": 0.125,
        "IIXYIIYX": -0.125,
        "ZIIIZIII": 0.125,
        "ZIIIIZII": -0.125,
        "ZIIIIIZI": 0.125,
        "ZIIIIIIZ": -0.125,
        "IIIIZIIZ": -0.125,
        "IIIIZIZI": 0.125,
        "IIIZIIIZ": 0.125,
        "IIIZIIZI": -0.125,
        "IIIZIZII": 0.125,
        "IIIZZIII": -0.125,
        "IIZIIIIZ": -0.125,
        "IIYYIIXX": 0.125,
        "IIZIIIZI": 0.125,
        "IIZIZIII": 0.125,
        "IZIIIIIZ": 0.125,
        "IZIIIIZI": -0.125,
        "IZIIIZII": 0.125,
        "IZIIZIII": -0.125,
        "IZIZIIII": 0.125,
        "IZZIIIII": -0.125,
        "IIZIIZII": -0.125,
        "IIYYIIYY": 0.125,
        "IIXXIIXX": 0.125,
        "IIXXIIYY": 0.125,
        "XYIIYXII": -0.125,
        "YYIIXXII": 0.125,
        "YYIIYYII": 0.125,
        "XXIIXXII": 0.125,
        "XXIIYYII": 0.125,
        "YXIIXYII": -0.125,
        "YXIIYXII": 0.125,
        "XYXYIIII": 0.125,
        "XYYXIIII": -0.125,
        "YYXXIIII": 0.125,
        "YYYYIIII": 0.125,
        "XXXXIIII": 0.125,
        "XXYYIIII": 0.125,
        "YXXYIIII": -0.125,
        "YXYXIIII": 0.125,
        "XYIIXYII": 0.125,
        "IIIIIZZI": -0.125,
        "YXIIIIYX": 0.125,
        "XXIIIIYY": 0.125,
        "IIYXIIXY": -0.125,
        "IIYXIIYX": 0.125,
        "IIXYXYII": 0.125,
        "IIXYYXII": -0.125,
        "IIYYXXII": 0.125,
        "IIYYYYII": 0.125,
        "IIXXXXII": 0.125,
        "IIXXYYII": 0.125,
        "IIYXXYII": -0.125,
        "IIYXYXII": 0.125,
        "XYIIIIXY": 0.125,
        "XYIIIIYX": -0.125,
        "YYIIIIXX": 0.125,
        "YYIIIIYY": 0.125,
        "XXIIIIXX": 0.125,
        "YXIIIIXY": -0.125,
        "IIIIIZIZ": 0.125
      }
    },
    "hf_method_fallback": "standard",