{
  "hamiltonian": {
    "IIIIIIII": -1.0917214523385275,
    "IIIIZZII": 0.10511267471035438,
    "IIZZIIII": 0.10511267471035438,
    "IIIZIIZI": 0.1016411137566414,
    "IIZIIIIZ": 0.1016411137566414,
    "ZIIIIZII": 0.10164045750168152,
    "IZIIZIII": 0.10164045750168152,
    "IIIIIIZZ": 0.09846472774591247,
    "ZZIIIIII": 0.09846341523599104,
    "IIYYIIXX": -0.08477542974296344,
    "IIYXIIXY": 0.08477542974296344,
    "IIXYIIYX": 0.08477542974296344,
    "IIXXIIYY": -0.08477542974296344,
    "YYIIXXII": -0.08477475277927016,
    "YXIIXYII": 0.08477475277927016,
    "XXIIYYII": -0.08477475277927016,
    "XYIIYXII": 0.08477475277927016,
    "IZIIIIII": 0.039647276087003865,
    "ZIIIIIII": 0.03964727608700384,
    "IIIZIIII": 0.03963943742283481,
    "IIZIIIII": 0.039639437422834795,
    "IIIIIZII": 0.0396394374228347,
    "IIIIZIII": 0.03963943742283464,
    "IIIIIIZI": 0.039631603162143425,
    "IIIIIIIZ": 0.0396316031621434,
    "ZIIIIIIZ": 0.03008758515818776,
    "IZIIIIZI": 0.03008758515818776,
    "IIIIZIIZ": 0.02691119921564375,
    "IIIIIZZI": 0.02691119921564375,
    "IZZIIIII": 0.02691054296068386,
    "ZIIZIIII": 0.02691054296068386,
    "ZIIIIIZI": 0.0234389820899741,
    "IZIIIIIZ": 0.0234389820899741,
    "IIZIZIII": 0.023438982075156635,
    "IIZIIZII": 0.023438982075156635,
    "IIIZZIII": 0.023438982075156635,
    "IIIZIZII": 0.023438982075156635,
    "IZIZIIII": 0.023147161243131726,
    "ZIZIIIII": 0.023147161243131726,
    "IIIIZIZI": 0.023147140534398303,
    "IIIIIZIZ": 0.023147140534398303,
    "XZZZXXZX": -0.0178632903689247,
    "IYZZXXYI": -0.0178632903689247,
    "IXZZYYXI": -0.0178632903689247,
    "IYZZYXXI": 0.0178632903689247,
    "IXZZXYYI": 0.0178632903689247,
    "XZZZXYZY": -0.0178632903689247,
    "YZZZYXZX": -0.0178632903689247,
    "YZZZYYZY": -0.0178632903689247,
    "YZYXZZZX": 0.017861755262223358,
    "IYXXZZYI": 0.017861755262223358,
    "IXYYZZXI": 0.017861755262223358,
    "IXXYZZYI": -0.017861755262223358,
    "XZXXZZZX": 0.017861755262223358,
    "XZXYZZZY": 0.017861755262223358,
    "IYYXZZXI": -0.017861755262223358,
    "YZYYZZZY": 0.017861755262223358,
    "IZIIIZII": 0.01686570472241137,
    "ZIIIZIII": 0.01686570472241137,
    "IIIZIIIZ": 0.016865684013677953,
    "IIZIIIZI": 0.016865684013677953,
    "XZZZZIXI": 0.016478243293595554,
    "YZZZZIYI": 0.016478243293595554,
    "IXZZIZZX": 0.016478243293595554,
    "IYZZIZZY": 0.016478243293595554,
    "YZZIZZYI": -0.01647675514674709,
    "IXIZZZZX": -0.01647675514674709,
    "XZZIZZXI": -0.01647675514674709,
    "IYIZZZZY": -0.01647675514674709,
    "ZYZZZZZY": 0.015077350356411862,
    "ZXZZZZZX": 0.015077350356411862,
    "YIZZZZYI": 0.01507735035641186,
    "XIZZZZXI": 0.01507735035641186,
    "IXZZZZIX": -0.015075862209561454,
    "IYZZZZIY": -0.015075862209561454,
    "XZZZZZXZ": -0.015075862209561454,
    "YZZZZZYZ": -0.015075862209561454,
    "XYIIIIYX": 0.0066486030682136625,
    "YXIIIIXY": 0.0066486030682136625,
    "XXIIIIYY": -0.0066486030682136625,
    "YYIIIIXX": -0.0066486030682136625,
    "IIIIXYYX": 0.003764058681245447,
    "IIIIXXYY": -0.003764058681245447,
    "IIIIYYXX": -0.003764058681245447,
    "IIIIYXXY": 0.003764058681245447,
    "YXXYIIII": 0.0037633817175521367,
    "XXYYIIII": -0.0037633817175521367,
    "YYXXIIII": -0.0037633817175521367,
    "XYYXIIII": 0.0037633817175521367,
    "YZZZIZYI": -0.001385047075329146,
    "XZZZIZXI": -0.001385047075329146,
    "IXZZZIZX": -0.001385047075329146,
    "IYZZZIZY": -0.001385047075329146,
    "IXZIZZZX": 0.0013850001154762665,
    "XZIZZZXI": 0.0013850001154762665,
    "IYZIZZZY": 0.0013850001154762665,
    "YZIZZZYI": 0.0013850001154762665,
    "XZZZZZXI": -1.77702380650957e-05,
    "IYZZZZZY": -1.77702380650957e-05,
    "IXZZZZZX": -1.77702380650957e-05,
    "YZZZZZYI": -1.77702380650957e-05
  },
  "data": {
    "molecule_id": "H4_singlet_D4h",
    "qubit_encoding": "JW",
    "unit": "Angstrom",
    "basis": "sto-3g",
    "charge": 0,
    "multiplicity": 1,
    "spin": 0,
    "geometry": "H -1.5951000000 -1.5951000000 0.0000000000\nH 4.0491000000 -1.5951000000 0.0000000000\nH 4.0491000000 4.0491000000 0.0000000000\nH -1.5951000000 4.0491000000 0.0000000000",
    "n_qubits": 8,
    "n_particles": {
      "total": 4,
      "alpha": 2,
      "beta": 2
    },
    "hf_array": [
      1,
      1,
      1,
      1,
      0,
      0,
      0,
      0
    ],
    "hf_method": "pyscf.scf.hf_symm.SymAdaptedRHF",
    "convergence_threshold": 1e-06,
    "point_group": {
      "groupname": "D2h",
      "topgroup": "D4h"
    },
    "alpha": 2.3,
    "calculated_properties": {
      "HF": {
        "energy": -1.159202200663696,
        "converged": true
      },
      "MP2": {
        "energy": -2.867381394727968,
        "converged": false
      },
      "CISD": {
        "energy": -1.6590844847174095,
        "converged": true
      },
      "CCSD": {
        "energy": null,
        "converged": false
      },
      "FCI": {
        "energy": -1.8663273987978504,
        "converged": true,
        "spin_matches_target": true,
        "multiplicity": 1.0,
        "oscillatory_converged": false,
        "oscillation_energy_change": null
      }
    },
    "auxiliary_operators": {
      "number_operator": {
        "IIIIIIII": 4.0,
        "ZIIIIIII": -0.5,
        "IZIIIIII": -0.5,
        "IIZIIIII": -0.5,
        "IIIZIIII": -0.5,
        "IIIIZIII": -0.5,
        "IIIIIZII": -0.5,
        "IIIIIIZI": -0.5,
        "IIIIIIIZ": -0.5
      },
      "N_alpha": {
        "IIIIIIII": 2.0,
        "ZIIIIIII": -0.5,
        "IIZIIIII": -0.5,
        "IIIIZIII": -0.5,
        "IIIIIIZI": -0.5
      },
      "N_beta": {
        "IIIIIIII": 2.0,
        "IZIIIIII": -0.5,
        "IIIZIIII": -0.5,
        "IIIIIZII": -0.5,
        "IIIIIIIZ": -0.5
      },
      "S^2_operator": {
        "IIIIIIII": 1.5,
        "ZZIIIIII": -0.375,
        "IIIIZZII": -0.375,
        "IIIIIIZZ": -0.375,
        "IIZZIIII": -0.375,
        "ZIIZIIII": -0.125,
        "ZIZIIIII": 0.125,
        "IIIIXYXY": 0.125,
        "IIIIXYYX": -0.125,
        "IIIIYYXX": 0.125,
        "IIIIYYYY": 0.125,
        "IIIIXXXX": 0.125,
        "IIIIXXYY": 0.125,
        "IIIIYXXY": -0.125,
        "IIIIYXYX": 0.125,
        "IIXYIIXY": 0.125,
        "IIXYIIYX": -0.125,
        "ZIIIZIII": 0.125,
        "ZIIIIZII": -0.125,
        "ZIIIIIZI": 0.125,
        "ZIIIIIIZ": -0.125,
        "IIIIZIIZ": -0.125,
        "IIIIZIZI": 0.125,
        "IIIZIIIZ": 0.125,
        "IIIZIIZI": -0.125,
        "IIIZIZII": 0.125,
        "IIIZZIII": -0.125,
        "IIZIIIIZ": -0.125,
        "IIYYIIXX": 0.125,
        "IIZIIIZI": 0.125,
        "IIZIZIII": 0.125,
        "IZIIIIIZ": 0.125,
        "IZIIIIZI": -0.125,
        "IZIIIZII": 0.125,
        "IZIIZIII": -0.125,
        "IZIZIIII": 0.125,
        "IZZIIIII": -0.125,
        "IIZIIZII": -0.125,
        "IIYYIIYY": 0.125,
        "IIXXIIXX": 0.125,
        "IIXXIIYY": 0.125,
        "XYIIYXII": -0.125,
        "YYIIXXII": 0.125,
        "YYIIYYII": 0.125,
        "XXIIXXII": 0.125,
        "XXIIYYII": 0.125,
        "YXIIXYII": -0.125,
        "YXIIYXII": 0.125,
        "XYXYIIII": 0.125,
        "XYYXIIII": -0.125,
        "YYXXIIII": 0.125,
        "YYYYIIII": 0.125,
        "XXXXIIII": 0.125,
        "XXYYIIII": 0.125,
        "YXXYIIII": -0.125,
        "YXYXIIII": 0.125,
        "XYIIXYII": 0.125,
        "IIIIIZZI": -0.125,
        "YXIIIIYX": 0.125,
        "XXIIIIYY": 0.125,
        "IIYXIIXY": -0.125,
        "IIYXIIYX": 0.125,
        "IIXYXYII": 0.125,
        "IIXYYXII": -0.125,
        "IIYYXXII": 0.125,
        "IIYYYYII": 0.125,
        "IIXXXXII": 0.125,
        "IIXXYYII": 0.125,
        "IIYXXYII": -0.125,
        "IIYXYXII": 0.125,
        "XYIIIIXY": 0.125,
        "XYIIIIYX": -0.125,
        "YYIIIIXX": 0.125,
        "YYIIIIYY": 0.125,
        "XXIIIIXX": 0.125,
        "YXIIIIXY": -0.125,
        "IIIIIZIZ": 0.125
      }
    },