{
  "hamiltonian": {
    "IIIIIIII": -1.0811399195666875,
    "IIIIZZII": 0.11637394770154709,
    "IIZZIIII": 0.11637394770154709,
    "IIZIIIIZ": 0.10114884701928648,
    "IIIZIIZI": 0.10114884701928648,
    "ZIIIIZII": 0.09944723437300099,
    "IZIIZIII": 0.09944723437300099,
    "IIIIIIZZ": 0.09424143717952145,
    "ZZIIIIII": 0.09088382270620027,
    "ZIIIIIIZ": 0.0773759667431686,
    "IZIIIIZI": 0.0773759667431686,
    "IIIIZIIZ": 0.07052407412802439,
    "IIIIIZZI": 0.07052407412802439,
    "IZZIIIII": 0.06882246148173889,
    "ZIIZIIII": 0.06882246148173889,
    "ZIIIIIII": 0.06458158745266926,
    "IZIIIIII": 0.06458158745266926,
    "IIXXIIYY": -0.05928035723522041,
    "IIXYIIYX": 0.05928035723522041,
    "IIYXIIXY": 0.05928035723522041,
    "IIYYIIXX": -0.05928035723522041,
    "XXIIYYII": -0.05724862633431714,
    "XYIIYXII": 0.05724862633431714,
    "YXIIXYII": 0.05724862633431714,
    "YYIIXXII": -0.05724862633431714,
    "IZIIIIIZ": 0.05381156468402421,
    "ZIIIIIZI": 0.05381156468402421,
    "IIZIIZII": 0.053636244956641634,
    "IIIZZIII": 0.053636244956641634,
    "IIZIZIII": 0.05356550494495824,
    "IIIZIZII": 0.05356550494495824,
    "IZIZIIII": 0.04988260492881949,
    "ZIZIIIII": 0.04988260492881949,
    "IIIIZIZI": 0.0495524866742017,
    "IIIIIZIZ": 0.0495524866742017,
    "ZIIIZIII": 0.04219860803868385,
    "IZIIIZII": 0.04219860803868385,
    "IIZIIIZI": 0.04186848978406607,
    "IIIZIIIZ": 0.04186848978406607,
    "IIZIIIII": 0.03758180217247331,
    "IIIZIIII": 0.03758180217247331,
    "IIIIIZII": 0.03758180217247328,
    "IIIIZIII": 0.03758180217247317,
    "YZZZYYZY": -0.0345550444563833,
    "YZZZYXZX": -0.0345550444563833,
    "IXZZYYXI": -0.0345550444563833,
    "XZZZXXZX": -0.0345550444563833,
    "XZZZXYZY": -0.0345550444563833,
    "IXZZXYYI": 0.0345550444563833,
    "IYZZXXYI": -0.0345550444563833,
    "IYZZYXXI": 0.0345550444563833,
    "YZYYZZZY": 0.03340984863842053,
    "IYYXZZXI": -0.03340984863842053,
    "IYXXZZYI": 0.03340984863842053,
    "IXYYZZXI": 0.03340984863842053,
    "IXXYZZYI": -0.03340984863842053,
    "YZYXZZZX": 0.03340984863842053,
    "XZXYZZZY": 0.03340984863842053,
    "XZXXZZZX": 0.03340984863842053,
    "IYZZIZZY": 0.02764578772764771,
    "IXZZIZZX": 0.02764578772764771,
    "XZZZZIXI": 0.02764578772764771,
    "YZZZZIYI": 0.02764578772764771,
    "IXIZZZZX": -0.02668666480174627,
    "IYIZZZZY": -0.02668666480174627,
    "YZZIZZYI": -0.02668666480174627,
    "XZZIZZXI": -0.02668666480174627,
    "YYIIIIXX": -0.02356440205914438,
    "YXIIIIXY": 0.02356440205914438,
    "XYIIIIYX": 0.02356440205914438,
    "XXIIIIYY": -0.02356440205914438,
    "IIIIYYXX": -0.02097158745382268,
    "IIIIXYYX": 0.02097158745382268,
    "IIIIXXYY": -0.02097158745382268,
    "IIIIYXXY": 0.02097158745382268,
    "XYYXIIII": 0.0189398565529194,
    "YXXYIIII": 0.0189398565529194,
    "YYXXIIII": -0.0189398565529194,
    "XXYYIIII": -0.0189398565529194,
    "YZZZZZYI": -0.014308578576769943,
    "XZZZZZXI": -0.014308578576769943,
    "IYZZZZZY": -0.01430857857676994,
    "IXZZZZZX": -0.01430857857676994,
    "IIIIIIIZ": 0.013810914373994995,
    "IIIIIIZI": 0.013810914373994995,
    "YIZZZZYI": 0.013667145245773603,
    "XIZZZZXI": 0.013667145245773603,
    "ZXZZZZZX": 0.013667145245773601,
    "ZYZZZZZY": 0.013667145245773601,
    "IYZZZZIY": -0.01272087670906204,
    "IXZZZZIX": -0.01272087670906204,
    "XZZZZZXZ": -0.01272087670906204,
    "YZZZZZYZ": -0.01272087670906204,
    "IXZZZIZX": -0.006909256728735592,
    "XZZZIZXI": -0.006909256728735592,
    "IYZZZIZY": -0.006909256728735592,
    "YZZZIZYI": -0.006909256728735592,
    "XZIZZZXI": 0.006723183836674264,
    "IYZIZZZY": 0.006723183836674264,
    "IXZIZZZX": 0.006723183836674264,
    "YZIZZZYI": 0.006723183836674264,
    "IIXXYYII": -7.074001168339468e-05,
    "IIXYYXII": 7.074001168339468e-05,
    "IIYXXYII": 7.074001168339468e-05,
    "IIYYXXII": -7.074001168339468e-05
  },
  "data": {
    "molecule_id": "H4_singlet_D4h",
    "qubit_encoding": "JW",
    "unit": "Angstrom",
    "basis": "sto-3g",
    "charge": 0,
    "multiplicity": 1,
    "spin": 0,
    "geometry": "H 0.0000000000 0.0000000000 0.0000000000\nH 2.4540000000 0.0000000000 0.0000000000\nH 2.4540000000 2.4540000000 0.0000000000\nH 0.0000000000 2.4540000000 0.0000000000",
    "n_qubits": 8,
    "n_particles": {
      "total": 4,
      "alpha": 2,
      "beta": 2
    },
    "hf_array": [
      1,
      1,
      1,
      1,
      0,
      0,
      0,
      0
    ],
    "hf_method": "pyscf.scf.hf_symm.SymAdaptedRHF",
    "convergence_threshold": 1e-06,
    "point_group": {
      "groupname": "D2h",
      "topgroup": "D4h"
    },
    "alpha": 1.0,
    "calculated_properties": {
      "HF": {
        "energy": -1.3333497770973124,
        "converged": true
      },
      "MP2": {
        "energy": -1.6161399127016058,
        "converged": false
      },
      "CISD": {
        "energy": -1.6956046572820038,
        "converged": true
      },
      "CCSD": {
        "energy": -1.8261847366338044,
        "converged": true,
        "t1_diagnostic": 8.781639658694191e-06,
        "_t1_diagnostic_check": {
          "branch_match": false,
          "recalculated_hf_energy": -1.4115460313508006,
          "recalculated_ccsd_energy": -1.887613800362491,
          "delta_hf_ha": -0.0781962542534882,
          "delta_ccsd_ha": -0.061429063728686506
        }
      },
      "FCI": {
        "energy": -1.8643921454229408,
        "converged": true,
        "spin_matches_target": true,
        "multiplicity": 1.0000000000000007,
        "oscillatory_converged": false,
        "oscillation_energy_change": null
      }
    },
    "auxiliary_operators": {
      "number_operator": {
        "IIIIIIII": 4.0,
        "ZIIIIIII": -0.5,
        "IZIIIIII": -0.5,
        "IIZIIIII": -0.5,
        "IIIZIIII": -0.5,
        "IIIIZIII": -0.5,
        "IIIIIZII": -0.5,
        "IIIIIIZI": -0.5,
        "IIIIIIIZ": -0.5
      },
      "N_alpha": {
        "IIIIIIII": 2.0,
        "ZIIIIIII": -0.5,
        "IIZIIIII": -0.5,
        "IIIIZIII": -0.5,
        "IIIIIIZI": -0.5
      },
      "N_beta": {
        "IIIIIIII": 2.0,
        "IZIIIIII": -0.5,
        "IIIZIIII": -0.5,
        "IIIIIZII": -0.5,
        "IIIIIIIZ": -0.5
      },
      "S^2_operator": {
        "IIIIIIII": 1.5,
        "ZZIIIIII": -0.375,
        "IIIIZZII": -0.375,
        "IIIIIIZZ": -0.375,
        "IIZZIIII": -0.375,
        "ZIIZIIII": -0.125,
        "ZIZIIIII": 0.125,
        "IIIIXYXY": 0.125,
        "IIIIXYYX": -0.125,
        "IIIIYYXX": 0.125,
        "IIIIYYYY": 0.125,
        "IIIIXXXX": 0.125,
        "IIIIXXYY": 0.125,
        "IIIIYXXY": -0.125,
        "IIIIYXYX": 0.125,
        "IIXYIIXY": 0.125,
        "IIXYIIYX": -0.125,
        "ZIIIZIII": 0.125,
        "ZIIIIZII": -0.125,
        "ZIIIIIZI": 0.125,
        "ZIIIIIIZ": -0.125,
        "IIIIZIIZ": -0.125,
        "IIIIZIZI": 0.125,
        "IIIZIIIZ": 0.125,
        "IIIZIIZI": -0.125,
        "IIIZIZII": 0.125,
        "IIIZZIII": -0.125,
        "IIZIIIIZ": -0.125,
        "IIYYIIXX": 0.125,
        "IIZIIIZI": 0.125,
        "IIZIZIII": 0.125,
        "IZIIIIIZ": 0.125,
        "IZIIIIZI": -0.125,
        "IZIIIZII": 0.125,
        "IZIIZIII": -0.125,
        "IZIZIIII": 0.125,
        "IZZIIIII": -0.125,
        "IIZIIZII": -0.125,
        "IIYYIIYY": 0.125,
        "IIXXIIXX": 0.125,
        "IIXXIIYY": 0.125,
        "XYIIYXII": -0.125,
        "YYIIXXII": 0.125,
        "YYIIYYII": 0.125,
        "XXIIXXII": 0.125,
        "XXIIYYII": 0.125,
        "YXIIXYII": -0.125,
        "YXIIYXII": 0.125,
        "XYXYIIII": 0.125,
        "XYYXIIII": -0.125,
        "YYXXIIII": 0.125,
        "YYYYIIII": 0.125,
        "XXXXIIII": 0.125,
        "XXYYIIII": 0.125,
        "YXXYIIII": -0.125,
        "YXYXIIII": 0.125,
        "XYIIXYII": 0.125,
        "IIIIIZZI": -0.125,
        "YXIIIIYX": 0.125,
        "XXIIIIYY": 0.125,
        "IIYXIIXY": -0.125,