{
  "hamiltonian": {
    "IIIIIIII": -0.9806046498456958,
    "IIIIZZII": 0.12648196255616842,
    "IIZZIIII": 0.12648196255616842,
    "ZIIIIIII": 0.11961038045866515,
    "IZIIIIII": 0.11961038045866505,
    "IIIZIIZI": 0.10751910655784411,
    "IIZIIIIZ": 0.10751910655784411,
    "IIIIIIZZ": 0.1057043656399844,
    "IZIIZIII": 0.10457335045946856,
    "ZIIIIZII": 0.10457335045946856,
    "ZZIIIIII": 0.10032364086047554,
    "ZIIIIIIZ": 0.0990340658542698,
    "IZIIIIZI": 0.0990340658542698,
    "IIIIIZZI": 0.09669052034550044,
    "IIIIZIIZ": 0.09669052034550044,
    "IZZIIIII": 0.09374476424712491,
    "ZIIZIIII": 0.09374476424712491,
    "IZIIIIIZ": 0.07510045436166095,
    "ZIIIIIZI": 0.07510045436166095,
    "IIZIIZII": 0.07412671300334088,
    "IIIZZIII": 0.07412671300334088,
    "IIIZIZII": 0.07359357940877165,
    "IIZIZIII": 0.07359357940877165,
    "IZIZIIII": 0.06664768443888397,
    "ZIZIIIII": 0.06664768443888397,
    "IIIIZIZI": 0.06560845471704571,
    "IIIIIZIZ": 0.06560845471704571,
    "IZIIIZII": 0.06218192731281549,
    "ZIIIZIII": 0.06218192731281549,
    "IIZIIIZI": 0.06114269759097722,
    "IIIZIIIZ": 0.06114269759097722,
    "IIIIIIZI": -0.05974776805171178,
    "IIIIIIIZ": -0.0597477680517117,
    "IIXXIIYY": -0.04637640896686688,
    "IIXYIIYX": 0.04637640896686688,
    "IIYXIIXY": 0.04637640896686688,
    "IIYYIIXX": -0.04637640896686688,
    "XYIIYXII": 0.042391423146653076,
    "YXIIXYII": 0.042391423146653076,
    "XXIIYYII": -0.042391423146653076,
    "YYIIXXII": -0.042391423146653076,
    "IXZZYYXI": -0.03575164152131824,
    "XZZZXYZY": -0.03575164152131824,
    "XZZZXXZX": -0.03575164152131824,
    "IXZZXYYI": 0.03575164152131824,
    "YZZZYXZX": -0.03575164152131824,
    "IYZZXXYI": -0.03575164152131824,
    "IYZZYXXI": 0.03575164152131824,
    "YZZZYYZY": -0.03575164152131824,
    "XZXXZZZX": 0.03488885395274246,
    "IXXYZZYI": -0.03488885395274246,
    "IXYYZZXI": 0.03488885395274246,
    "IYXXZZYI": 0.03488885395274246,
    "IYYXZZXI": -0.03488885395274246,
    "YZYYZZZY": 0.03488885395274246,
    "YZYXZZZX": 0.03488885395274246,
    "XZXYZZZY": 0.03488885395274246,
    "IIIIXYYX": 0.03108206562845472,
    "IIIIXXYY": -0.03108206562845472,
    "IIIIYYXX": -0.03108206562845472,
    "IIIIYXXY": 0.03108206562845472,
    "IIIIIZII": 0.02745936548396008,
    "IIIIZIII": 0.02745936548396008,
    "IIIZIIII": 0.027459365483959983,
    "IIZIIIII": 0.027459365483959858,
    "XXYYIIII": -0.027097079808240932,
    "XYYXIIII": 0.027097079808240932,
    "YXXYIIII": 0.027097079808240932,
    "YYXXIIII": -0.027097079808240932,
    "IXZZIZZX": 0.02532606897808955,
    "IYZZIZZY": 0.02532606897808955,
    "YZZZZIYI": 0.02532606897808955,
    "XZZZZIXI": 0.02532606897808955,
    "IXIZZZZX": -0.024688284590290085,
    "IYIZZZZY": -0.024688284590290085,
    "YZZIZZYI": -0.024688284590290085,
    "XZZIZZXI": -0.024688284590290085,
    "XXIIIIYY": -0.023933611492608836,
    "XYIIIIYX": 0.023933611492608836,
    "YXIIIIXY": 0.023933611492608836,
    "YYIIIIXX": -0.023933611492608836,
    "YZZZZZYI": -0.019416377854165136,
    "XZZZZZXI": -0.019416377854165136,
    "IXZZZZZX": -0.019416377854165133,
    "IYZZZZZY": -0.019416377854165133,
    "XZZZIZXI": -0.010425572543228685,
    "IXZZZIZX": -0.010425572543228685,
    "IYZZZIZY": -0.010425572543228685,
    "YZZZIZYI": -0.010425572543228685,
    "YZIZZZYI": 0.010200569362452373,
    "IYZIZZZY": 0.010200569362452373,
    "IXZIZZZX": 0.010200569362452373,
    "XZIZZZXI": 0.010200569362452373,
    "ZYZZZZZY": 0.00527591673611897,
    "XIZZZZXI": 0.00527591673611897,
    "YIZZZZYI": 0.00527591673611897,
    "ZXZZZZZX": 0.00527591673611897,
    "YZZZZZYZ": -0.004693427530493816,
    "XZZZZZXZ": -0.004693427530493816,
    "IYZZZZIY": -0.004693427530493816,
    "IXZZZZIX": -0.004693427530493816,
    "IIYXXYII": 0.0005331335945692358,
    "IIXXYYII": -0.0005331335945692358,
    "IIYYXXII": -0.0005331335945692358,
    "IIXYYXII": 0.0005331335945692358
  },
  "data": {
    "molecule_id": "H4_singlet_D4h",
    "qubit_encoding": "JW",
    "unit": "Angstrom",
    "basis": "sto-3g",
    "charge": 0,
    "multiplicity": 1,
    "spin": 0,
    "geometry": "H 0.3681000000 0.3681000000 0.0000000000\nH 2.0859000000 0.3681000000 0.0000000000\nH 2.0859000000 2.0859000000 0.0000000000\nH 0.3681000000 2.0859000000 0.0000000000",
    "n_qubits": 8,
    "n_particles": {
      "total": 4,
      "alpha": 2,
      "beta": 2
    },
    "hf_array": [
      1,
      1,
      1,
      1,
      0,
      0,
      0,
      0
    ],
    "hf_method": "pyscf.scf.hf_symm.SymAdaptedRHF",
    "convergence_threshold": 1e-06,
    "point_group": {
      "groupname": "D2h",
      "topgroup": "D4h"
    },
    "alpha": 0.7,
    "calculated_properties": {
      "HF": {
        "energy": -1.54948995685484,
        "converged": true
      },
      "MP2": {
        "energy": -1.637587727509916,
        "converged": false
      },
      "CISD": {
        "energy": -1.746663498725316,
        "converged": true
      },
      "CCSD": {
        "energy": -1.7575546150517858,
        "converged": true
      },
      "FCI": {
        "energy": -1.8474483572533453,
        "converged": true,
        "spin_matches_target": true,
        "multiplicity": 0.9999999999999991,
        "oscillatory_converged": false,
        "oscillation_energy_change": null
      }
    },
    "auxiliary_operators": {
      "number_operator": {
        "IIIIIIII": 4.0,
        "ZIIIIIII": -0.5,
        "IZIIIIII": -0.5,
        "IIZIIIII": -0.5,
        "IIIZIIII": -0.5,
        "IIIIZIII": -0.5,
        "IIIIIZII": -0.5,
        "IIIIIIZI": -0.5,
        "IIIIIIIZ": -0.5
      },
      "N_alpha": {
        "IIIIIIII": 2.0,
        "ZIIIIIII": -0.5,
        "IIZIIIII": -0.5,
        "IIIIZIII": -0.5,
        "IIIIIIZI": -0.5
      },
      "N_beta": {
        "IIIIIIII": 2.0,
        "IZIIIIII": -0.5,
        "IIIZIIII": -0.5,
        "IIIIIZII": -0.5,
        "IIIIIIIZ": -0.5
      },
      "S^2_operator": {
        "IIIIIIII": 1.5,
        "ZZIIIIII": -0.375,
        "IIIIZZII": -0.375,
        "IIIIIIZZ": -0.375,
        "IIZZIIII": -0.375,
        "ZIIZIIII": -0.125,
        "ZIZIIIII": 0.125,
        "IIIIXYXY": 0.125,
        "IIIIXYYX": -0.125,
        "IIIIYYXX": 0.125,
        "IIIIYYYY": 0.125,
        "IIIIXXXX": 0.125,
        "IIIIXXYY": 0.125,
        "IIIIYXXY": -0.125,
        "IIIIYXYX": 0.125,
        "IIXYIIXY": 0.125,
        "IIXYIIYX": -0.125,
        "ZIIIZIII": 0.125,
        "ZIIIIZII": -0.125,
        "ZIIIIIZI": 0.125,
        "ZIIIIIIZ": -0.125,
        "IIIIZIIZ": -0.125,
        "IIIIZIZI": 0.125,
        "IIIZIIIZ": 0.125,
        "IIIZIIZI": -0.125,
        "IIIZIZII": 0.125,
        "IIIZZIII": -0.125,
        "IIZIIIIZ": -0.125,
        "IIYYIIXX": 0.125,
        "IIZIIIZI": 0.125,
        "IIZIZIII": 0.125,
        "IZIIIIIZ": 0.125,
        "IZIIIIZI": -0.125,
        "IZIIIZII": 0.125,
        "IZIIZIII": -0.125,
        "IZIZIIII": 0.125,
        "IZZIIIII": -0.125,
        "IIZIIZII": -0.125,
        "IIYYIIYY": 0.125,
        "IIXXIIXX": 0.125,
        "IIXXIIYY": 0.125,
        "XYIIYXII": -0.125,
        "YYIIXXII": 0.125,
        "YYIIYYII": 0.125,
        "XXIIXXII": 0.125,
        "XXIIYYII": 0.125,
        "YXIIXYII": -0.125,
        "YXIIYXII": 0.125,
        "XYXYIIII": 0.125,
        "XYYXIIII": -0.125,
        "YYXXIIII": 0.125,
        "YYYYIIII": 0.125,
        "XXXXIIII": 0.125,
        "XXYYIIII": 0.125,
        "YXXYIIII": -0.125,
        "YXYXIIII": 0.125,
        "XYIIXYII": 0.125,
        "IIIIIZZI": -0.125,
        "YXIIIIYX": 0.125,
        "XXIIIIYY": 0.125,
        "IIYXIIXY": -0.125,
        "IIYXIIYX": 0.125,
        "IIXYXYII": 0.125,
        "IIXYYXII": -0.125,
        "IIYYXXII": 0.125,
        "IIYYYYII": 0.125,
        "IIXXXXII": 0.125,
        "IIXXYYII": 0.125,
        "IIYXXYII": -0.125,
        "IIYXYXII": 0.125,
        "XYIIIIXY": 0.125,
        "XYIIIIYX": -0.125,