{
  "hamiltonian": {
    "IIIIII": -0.5191963111133558,
    "ZIIIII": 0.17562489760746144,
    "IZIIII": 0.17562489760746144,
    "IIIIZZ": 0.15571020645043357,
    "IIZZII": 0.15571020187169843,
    "ZZIIII": 0.1355560000567422,
    "ZIIIIZ": 0.13286209125378837,
    "IZIIZI": 0.13286209125378837,
    "ZIIZII": 0.132862076190414,
    "IZZIII": 0.132862076190414,
    "IIIZZI": 0.11525004187540472,
    "IIZIIZ": 0.11525004187540472,
    "IZIIIZ": 0.0962768383175964,
    "ZIIIZI": 0.0962768383175964,
    "IZIZII": 0.09627682477944143,
    "ZIZIII": 0.09627682477944143,
    "IIZIZI": 0.09501994597540869,
    "IIIZIZ": 0.09501994597540869,
    "IIIIIZ": -0.07302263875735007,
    "IIIIZI": -0.07302263875735007,
    "IIIZII": -0.07302252000852921,
    "IIZIII": -0.07302252000852921,
    "YYIIXX": -0.036585252936191956,
    "YXIIXY": 0.036585252936191956,
    "XYIIYX": 0.036585252936191956,
    "XXIIYY": -0.036585252936191956,
    "YYXXII": -0.03658525141097261,
    "YXXYII": 0.03658525141097261,
    "XXYYII": -0.03658525141097261,
    "XYYXII": 0.03658525141097261,
    "XZXYZY": -0.025763037108024762,
    "YZYYZY": -0.025763037108024762,
    "YZYXZX": -0.025763037108024762,
    "IXXYYI": 0.025763037108024762,
    "XZXXZX": -0.025763037108024762,
    "IXYYXI": -0.025763037108024762,
    "IYYXXI": 0.025763037108024762,
    "IYXXYI": -0.025763037108024762,
    "IXZZIX": -0.025763030839542834,
    "IYZZIY": -0.025763030839542834,
    "YZZZYZ": -0.025763030839542834,
    "XZZZXZ": -0.025763030839542834,
    "XZZIXI": 0.02576302681422665,
    "YZZIYI": 0.02576302681422665,
    "IXIZZX": 0.02576302681422665,
    "IYIZZY": 0.02576302681422665,
    "IIXXYY": -0.020230095899996026,
    "IIXYYX": 0.020230095899996026,
    "IIYXXY": 0.020230095899996026,
    "IIYYXX": -0.020230095899996026,
    "ZXZZZX": -1.2136628357727172e-08,
    "ZYZZZY": -1.2136628357727172e-08,
    "XIZZXI": -1.2136628357727172e-08,
    "YIZZYI": -1.2136628357727172e-08,
    "XZIZXI": -1.0293798112515073e-08,
    "IXZIZX": -1.0293798112515073e-08,
    "IYZIZY": -1.0293798112515073e-08,
    "YZIZYI": -1.0293798112515073e-08
  },
  "data": {
    "molecule_id": "H3+_singlet_D3h",
    "qubit_encoding": "JW",
    "unit": "Angstrom",
    "basis": "sto-3g",
    "charge": 1,
    "multiplicity": 1,
    "spin": 0,
    "geometry": "H 0.0000000000 0.6922483333 0.0000000000\nH 0.5995052000 -0.3461246667 0.0000000000\nH -0.5995052000 -0.3461246667 0.0000000000",
    "n_qubits": 6,
    "n_particles": {
      "total": 2,
      "alpha": 1,
      "beta": 1
    },
    "hf_array": [
      1,
      1,
      0,
      0,
      0,
      0
    ],
    "hf_method": "pyscf.scf.hf_symm.SymAdaptedRHF",
    "convergence_threshold": 1e-06,
    "point_group": {
      "groupname": "C2v",
      "topgroup": "D3h"
    },
    "alpha": 1.4,
    "calculated_properties": {
      "HF": {
        "energy": -1.211575700862017,
        "converged": true
      },
      "MP2": {
        "energy": -1.2362181742020184,
        "converged": false
      },
      "CISD": {
        "energy": -1.2476573689570731,
        "converged": true
      },
      "CCSD": {
        "energy": -1.2476576636993244,
        "converged": true
      },
      "FCI": {
        "energy": -1.2476573689570725,
        "converged": true,
        "spin_matches_target": true,
        "multiplicity": 1.0,
        "oscillatory_converged": false,
        "oscillation_energy_change": null
      }
    },
    "auxiliary_operators": {
      "number_operator": {
        "IIIIII": 3.0,
        "ZIIIII": -0.5,
        "IZIIII": -0.5,
        "IIZIII": -0.5,
        "IIIZII": -0.5,
        "IIIIZI": -0.5,
        "IIIIIZ": -0.5
      },
      "N_alpha": {
        "IIIIII": 1.5,
        "ZIIIII": -0.5,
        "IIZIII": -0.5,
        "IIIIZI": -0.5
      },
      "N_beta": {
        "IIIIII": 1.5,
        "IZIIII": -0.5,
        "IIIZII": -0.5,
        "IIIIIZ": -0.5
      },
      "S^2_operator": {
        "IIIIII": 1.125,
        "ZZIIII": -0.375,
        "IIIIZZ": -0.375,
        "IIZZII": -0.375,
        "IIXXXX": 0.125,
        "IIYYYY": 0.125,
        "IIYYXX": 0.125,
        "IIXYYX": -0.125,
        "IIXYXY": 0.125,
        "ZIZIII": 0.125,
        "ZIIIZI": 0.125,
        "ZIIIIZ": -0.125,
        "IZZIII": -0.125,
        "IZIZII": 0.125,
        "IZIIZI": -0.125,
        "IZIIIZ": 0.125,
        "IIZIZI": 0.125,
        "IIZIIZ": -0.125,
        "ZIIZII": -0.125,
        "IIXXYY": 0.125,
        "IIYXYX": 0.125,
        "IIIZZI": -0.125,
        "YXYXII": 0.125,
        "YXXYII": -0.125,
        "XXYYII": 0.125,
        "XXXXII": 0.125,
        "YYYYII": 0.125,
        "YYXXII": 0.125,
        "XYYXII": -0.125,
        "IIYXXY": -0.125,
        "XYXYII": 0.125,
        "YXIIXY": -0.125,
        "XXIIYY": 0.125,
        "XXIIXX": 0.125,
        "YYIIYY": 0.125,
        "YYIIXX": 0.125,
        "XYIIYX": -0.125,
        "XYIIXY": 0.125,
        "YXIIYX": 0.125,
        "IIIZIZ": 0.125
      },
      "UCCSD_operator": {
        "XXYXII": 0.01541005563434218,
        "YYYXII": -0.01541005563434218,
        "YXYYII": 0.01541005563434218,
        "XYYYII": 0.01541005563434218,
        "YXXXII": -0.01541005563434218,
        "XYXXII": -0.01541005563434218,
        "XXXYII": 0.01541005563434218,
        "YYXYII": -0.01541005563434218,
        "XXIIYX": 0.015410050055131855,
        "YYIIYX": -0.015410050055131855,
        "YXIIYY": 0.015410050055131855,
        "XYIIYY": 0.015410050055131855,
        "YXIIXX": -0.015410050055131855,
        "XYIIXX": -0.015410050055131855,
        "XXIIXY": 0.015410050055131855,
        "YYIIXY": -0.015410050055131855
      }
    },
    "hf_method_fallback": "standard",
    "generation_time_s": 0.021,
    "timestamp": "2026-04-03T21:43:53.957804+00:00"
  }
}