{
  "hamiltonian": {
    "IIIIII": -0.8119465501693168,
    "IIZZII": 0.12573382728240426,
    "IIIIZZ": 0.12573382577302225,
    "IZIIZI": 0.09949373212807189,
    "ZIIIIZ": 0.09949373212807189,
    "IZZIII": 0.09949371581540101,
    "ZIIZII": 0.09949371581540101,
    "ZZIIII": 0.09814708319637878,
    "IIZIIZ": 0.0769062072111366,
    "IIIZZI": 0.0769062072111366,
    "IZIIII": 0.06534412963514008,
    "ZIIIII": 0.06534412963514005,
    "ZIIIZI": 0.05330756172130144,
    "IZIIIZ": 0.05330756172130144,
    "ZIZIII": 0.05330755035673649,
    "IZIZII": 0.05330755035673649,
    "IIIZIZ": 0.052492381020855336,
    "IIZIZI": 0.052492381020855336,
    "YXIIXY": 0.04618617040677045,
    "XXIIYY": -0.04618617040677045,
    "XYIIYX": 0.04618617040677045,
    "YYIIXX": -0.04618617040677045,
    "XXYYII": -0.04618616545866451,
    "XYYXII": 0.04618616545866451,
    "YXXYII": 0.04618616545866451,
    "YYXXII": -0.04618616545866451,
    "XZXXZX": -0.03352747472056575,
    "XZXYZY": -0.03352747472056575,
    "YZYXZX": -0.03352747472056575,
    "YZYYZY": -0.03352747472056575,
    "IYYXXI": 0.03352747472056575,
    "IYXXYI": -0.03352747472056575,
    "IXXYYI": 0.03352747472056575,
    "IXYYXI": -0.03352747472056575,
    "XZZIXI": 0.03352746654776573,
    "YZZIYI": 0.03352746654776573,
    "IYIZZY": 0.03352746654776573,
    "IXIZZX": 0.03352746654776573,
    "IXZZIX": -0.03352746398802854,
    "IYZZIY": -0.03352746398802854,
    "XZZZXZ": -0.03352746398802854,
    "YZZZYZ": -0.03352746398802854,
    "IIZIII": 0.025207681859800657,
    "IIIZII": 0.025207681859800657,
    "IIIIZI": 0.025207653490640664,
    "IIIIIZ": 0.025207653490640664,
    "IIXXYY": -0.02441382619028126,
    "IIXYYX": 0.02441382619028126,
    "IIYYXX": -0.02441382619028126,
    "IIYXXY": 0.02441382619028126,
    "IYZZZY": -1.3314239176442921e-08,
    "IXZZZX": -1.3314239176442921e-08,
    "YZZZYI": -1.3314239176442921e-08,
    "XZZZXI": -1.3314239176442921e-08,
    "ZYZZZY": -1.0796677893018664e-08,
    "ZXZZZX": -1.0796677893018664e-08,
    "YIZZYI": -1.0796677893018664e-08,
    "XIZZXI": -1.0796677893018664e-08
  },
  "data": {
    "molecule_id": "H3+_singlet_D3h",
    "qubit_encoding": "JW",
    "unit": "Angstrom",
    "basis": "sto-3g",
    "charge": 1,
    "multiplicity": 1,
    "spin": 0,
    "geometry": "H 0.0000000000 1.4339433333 0.0000000000\nH 1.2418322000 -0.7169721667 0.0000000000\nH -1.2418322000 -0.7169721667 0.0000000000",
    "n_qubits": 6,
    "n_particles": {
      "total": 2,
      "alpha": 1,
      "beta": 1
    },
    "hf_array": [
      1,
      1,
      0,
      0,
      0,
      0
    ],
    "hf_method": "pyscf.scf.hf_symm.SymAdaptedRHF",
    "convergence_threshold": 1e-06,
    "point_group": {
      "groupname": "C2v",
      "topgroup": "C2v"
    },
    "alpha": 2.9,
    "calculated_properties": {
      "HF": {
        "energy": -0.8445973460659464,
        "converged": true
      },
      "MP2": {
        "energy": -0.9620777426513362,
        "converged": false
      },
      "CISD": {
        "energy": -0.9836582006177839,
        "converged": true
      },
      "CCSD": {
        "energy": -0.9836581249950582,
        "converged": true
      },
      "FCI": {
        "energy": -0.9836582006177794,
        "converged": true,
        "spin_matches_target": true,
        "multiplicity": 1.0,
        "oscillatory_converged": false,
        "oscillation_energy_change": null
      }
    },
    "auxiliary_operators": {
      "number_operator": {
        "IIIIII": 3.0,
        "ZIIIII": -0.5,
        "IZIIII": -0.5,
        "IIZIII": -0.5,
        "IIIZII": -0.5,
        "IIIIZI": -0.5,
        "IIIIIZ": -0.5
      },
      "N_alpha": {
        "IIIIII": 1.5,
        "ZIIIII": -0.5,
        "IIZIII": -0.5,
        "IIIIZI": -0.5
      },
      "N_beta": {
        "IIIIII": 1.5,
        "IZIIII": -0.5,
        "IIIZII": -0.5,
        "IIIIIZ": -0.5
      },
      "S^2_operator": {
        "IIIIII": 1.125,
        "ZZIIII": -0.375,
        "IIIIZZ": -0.375,
        "IIZZII": -0.375,
        "IIXXXX": 0.125,
        "IIYYYY": 0.125,
        "IIYYXX": 0.125,
        "IIXYYX": -0.125,
        "IIXYXY": 0.125,
        "ZIZIII": 0.125,
        "ZIIIZI": 0.125,
        "ZIIIIZ": -0.125,
        "IZZIII": -0.125,
        "IZIZII": 0.125,
        "IZIIZI": -0.125,
        "IZIIIZ": 0.125,
        "IIZIZI": 0.125,
        "IIZIIZ": -0.125,
        "ZIIZII": -0.125,
        "IIXXYY": 0.125,
        "IIYXYX": 0.125,
        "IIIZZI": -0.125,
        "YXYXII": 0.125,
        "YXXYII": -0.125,
        "XXYYII": 0.125,
        "XXXXII": 0.125,
        "YYYYII": 0.125,
        "YYXXII": 0.125,
        "XYYXII": -0.125,
        "IIYXXY": -0.125,
        "XYXYII": 0.125,
        "YXIIXY": -0.125,
        "XXIIYY": 0.125,
        "XXIIXX": 0.125,
        "YYIIYY": 0.125,
        "YYIIXX": 0.125,
        "XYIIYX": -0.125,
        "XYIIXY": 0.125,
        "YXIIYX": 0.125,
        "IIIZIZ": 0.125
      },
      "UCCSD_operator": {
        "XYXXII": -0.047044929225965204,
        "XXYXII": 0.047044929225965204,
        "YYYXII": -0.047044929225965204,
        "YXYYII": 0.047044929225965204,
        "XYYYII": 0.047044929225965204,
        "YXXXII": -0.047044929225965204,
        "XXXYII": 0.047044929225965204,
        "YYXYII": -0.047044929225965204,
        "XYIIXX": -0.047044914899346583,
        "YXIIXX": -0.047044914899346583,
        "XYIIYY": 0.047044914899346583,
        "YXIIYY": 0.047044914899346583,
        "YYIIYX": -0.047044914899346583,
        "YYIIXY": -0.047044914899346583,
        "XXIIXY": 0.047044914899346583,
        "XXIIYX": 0.047044914899346583,
        "IXZZZY": 5.962370332027693e-08,
        "IYZZZX": -5.962370332027693e-08,
        "XZZZYI": 5.962370332027693e-08,
        "YZZZXI": -5.962370332027693e-08
      }
    },
    "hf_method_fallback": "standard",
    "generation_time_s": 0.017,
    "timestamp": "2026-04-03T21:43:54.281266+00:00"
  }
}