{
  "hamiltonian": {
    "IIIIII": -0.3531243969214196,
    "ZIIIII": 0.20587672856919326,
    "IZIIII": 0.2058767285691932,
    "IIIIZZ": 0.16216686262759886,
    "IIZZII": 0.16216685711973072,
    "ZZIIII": 0.14466339094326233,
    "ZIIIIZ": 0.14084482935779263,
    "IZIIZI": 0.14084482935779263,
    "ZIIZII": 0.14084481599008722,
    "IZZIII": 0.14084481599008722,
    "IIIZZI": 0.12383427245357684,
    "IIZIIZ": 0.12383427245357684,
    "IIIIZI": -0.10560535832735304,
    "IIIIIZ": -0.10560535832735304,
    "IIIZII": -0.10560522088665297,
    "IIZIII": -0.10560522088665292,
    "ZIIIZI": 0.10477974807924127,
    "IZIIIZ": 0.10477974807924127,
    "IZIZII": 0.10477973531537138,
    "ZIZIII": 0.10477973531537138,
    "IIIZIZ": 0.10466796607495135,
    "IIZIZI": 0.10466796607495135,
    "XXIIYY": -0.03606508127855138,
    "YYIIXX": -0.03606508127855138,
    "YXIIXY": 0.03606508127855138,
    "XYIIYX": 0.03606508127855138,
    "YYXXII": -0.03606508067471583,
    "YXXYII": 0.03606508067471583,
    "XXYYII": -0.03606508067471583,
    "XYYXII": 0.03606508067471583,
    "XZXYZY": -0.024189299679239534,
    "YZYYZY": -0.024189299679239534,
    "YZYXZX": -0.024189299679239534,
    "IXXYYI": 0.024189299679239534,
    "XZXXZX": -0.024189299679239534,
    "IXYYXI": -0.024189299679239534,
    "IYYXXI": 0.024189299679239534,
    "IYXXYI": -0.024189299679239534,
    "IXZZIX": -0.02418929505908511,
    "IYZZIY": -0.02418929505908511,
    "YZZZYZ": -0.02418929505908511,
    "XZZZXZ": -0.02418929505908511,
    "XZZIXI": 0.02418928963435805,
    "YZZIYI": 0.02418928963435805,
    "IXIZZX": 0.02418928963435805,
    "IYIZZY": 0.02418928963435805,
    "IIXXYY": -0.019166306378625486,
    "IIXYYX": 0.019166306378625486,
    "IIYXXY": 0.019166306378625486,
    "IIYYXX": -0.019166306378625486,
    "ZXZZZX": -1.1458755448618545e-08,
    "ZYZZZY": -1.1458755448618545e-08,
    "XIZZXI": -1.1458755448618545e-08,
    "YIZZYI": -1.1458755448618545e-08,
    "XZIZXI": -1.0044881483886603e-08,
    "IXZIZX": -1.0044881483886603e-08,
    "IYZIZY": -1.0044881483886603e-08,
    "YZIZYI": -1.0044881483886603e-08
  },
  "data": {
    "molecule_id": "H3+_singlet_D3h",
    "qubit_encoding": "JW",
    "unit": "Angstrom",
    "basis": "sto-3g",
    "charge": 1,
    "multiplicity": 1,
    "spin": 0,
    "geometry": "H 0.0000000000 0.5933556667 0.0000000000\nH 0.5138616000 -0.2966783333 0.0000000000\nH -0.5138616000 -0.2966783333 0.0000000000",
    "n_qubits": 6,
    "n_particles": {
      "total": 2,
      "alpha": 1,
      "beta": 1
    },
    "hf_array": [
      1,
      1,
      0,
      0,
      0,
      0
    ],
    "hf_method": "pyscf.scf.hf_symm.SymAdaptedRHF",
    "convergence_threshold": 1e-06,
    "point_group": {
      "groupname": "C2v",
      "topgroup": "C2v"
    },
    "alpha": 1.2,
    "calculated_properties": {
      "HF": {
        "energy": -1.2437956822251552,
        "converged": true
      },
      "MP2": {
        "energy": -1.2640784298313357,
        "converged": false
      },
      "CISD": {
        "energy": -1.2730990428706834,
        "converged": true
      },
      "CCSD": {
        "energy": -1.27309923628836,
        "converged": true
      },
      "FCI": {
        "energy": -1.273099042870683,
        "converged": true,
        "spin_matches_target": true,
        "multiplicity": 1.0,
        "oscillatory_converged": false,
        "oscillation_energy_change": null
      }
    },
    "auxiliary_operators": {
      "number_operator": {
        "IIIIII": 3.0,
        "ZIIIII": -0.5,
        "IZIIII": -0.5,
        "IIZIII": -0.5,
        "IIIZII": -0.5,
        "IIIIZI": -0.5,
        "IIIIIZ": -0.5
      },
      "N_alpha": {
        "IIIIII": 1.5,
        "ZIIIII": -0.5,
        "IIZIII": -0.5,
        "IIIIZI": -0.5
      },
      "N_beta": {
        "IIIIII": 1.5,
        "IZIIII": -0.5,
        "IIIZII": -0.5,
        "IIIIIZ": -0.5
      },
      "S^2_operator": {
        "IIIIII": 1.125,
        "ZZIIII": -0.375,
        "IIIIZZ": -0.375,
        "IIZZII": -0.375,
        "IIXXXX": 0.125,
        "IIYYYY": 0.125,
        "IIYYXX": 0.125,
        "IIXYYX": -0.125,
        "IIXYXY": 0.125,
        "ZIZIII": 0.125,
        "ZIIIZI": 0.125,
        "ZIIIIZ": -0.125,
        "IZZIII": -0.125,
        "IZIZII": 0.125,
        "IZIIZI": -0.125,
        "IZIIIZ": 0.125,
        "IIZIZI": 0.125,
        "IIZIIZ": -0.125,
        "ZIIZII": -0.125,
        "IIXXYY": 0.125,
        "IIYXYX": 0.125,
        "IIIZZI": -0.125,
        "YXYXII": 0.125,
        "YXXYII": -0.125,
        "XXYYII": 0.125,
        "XXXXII": 0.125,
        "YYYYII": 0.125,
        "YYXXII": 0.125,
        "XYYXII": -0.125,
        "IIYXXY": -0.125,
        "XYXYII": 0.125,
        "YXIIXY": -0.125,
        "XXIIYY": 0.125,
        "XXIIXX": 0.125,
        "YYIIYY": 0.125,
        "YYIIXX": 0.125,
        "XYIIYX": -0.125,
        "XYIIXY": 0.125,
        "YXIIYX": 0.125,
        "IIIZIZ": 0.125
      },
      "UCCSD_operator": {
        "XXYXII": 0.012695607598969953,
        "YYYXII": -0.012695607598969953,
        "YXYYII": 0.012695607598969953,
        "XYYYII": 0.012695607598969953,
        "YXXXII": -0.012695607598969953,
        "XYXXII": -0.012695607598969953,
        "XXXYII": 0.012695607598969953,
        "YYXYII": -0.012695607598969953,
        "XXIIYX": 0.012695602948108854,
        "YYIIYX": -0.012695602948108854,
        "YXIIYY": 0.012695602948108854,
        "XYIIYY": 0.012695602948108854,
        "YXIIXX": -0.012695602948108854,
        "XYIIXX": -0.012695602948108854,
        "XXIIXY": 0.012695602948108854,
        "YYIIXY": -0.012695602948108854
      }
    },
    "hf_method_fallback": "standard",
    "generation_time_s": 0.023,
    "timestamp": "2026-04-03T21:43:53.913189+00:00"
  }
}