{
  "hamiltonian": {
    "IIIIII": -0.6274383929450212,
    "ZIIIII": 0.15113362604962394,
    "IZIIII": 0.1511336260496239,
    "IIIIZZ": 0.14986187622041167,
    "IIZZII": 0.149861872806301,
    "ZZIIII": 0.12745584626205153,
    "ZIIIIZ": 0.12589127483974755,
    "IZIIZI": 0.12589127483974755,
    "ZIIZII": 0.12589125831464865,
    "IZZIII": 0.12589125831464865,
    "IIIZZI": 0.10767734762031236,
    "IIZIIZ": 0.10767734762031236,
    "IZIIIZ": 0.08842334916592168,
    "ZIIIZI": 0.08842334916592168,
    "IZIZII": 0.08842333522968593,
    "ZIZIII": 0.08842333522968593,
    "IIZIZI": 0.0865850677291615,
    "IIIZIZ": 0.0865850677291615,
    "IIIIIZ": -0.04731527803805932,
    "IIIIZI": -0.047315278038059266,
    "IIIZII": -0.04731517694981832,
    "IIZIII": -0.04731517694981832,
    "YYIIXX": -0.037467925673825855,
    "YXIIXY": 0.037467925673825855,
    "XYIIYX": 0.037467925673825855,
    "XXIIYY": -0.037467925673825855,
    "YYXXII": -0.03746792308496273,
    "YXXYII": 0.03746792308496273,
    "XXYYII": -0.03746792308496273,
    "XYYXII": 0.03746792308496273,
    "XZXYZY": -0.027141037094079352,
    "YZYYZY": -0.027141037094079352,
    "YZYXZX": -0.027141037094079352,
    "IXXYYI": 0.027141037094079352,
    "XZXXZX": -0.027141037094079352,
    "IXYYXI": -0.027141037094079352,
    "IYYXXI": 0.027141037094079352,
    "IYXXYI": -0.027141037094079352,
    "IXZZIX": -0.027141029289669223,
    "IYZZIY": -0.027141029289669223,
    "YZZZYZ": -0.027141029289669223,
    "XZZZXZ": -0.027141029289669223,
    "XZZIXI": 0.027141026763555967,
    "YZZIYI": 0.027141026763555967,
    "IXIZZX": 0.027141026763555967,
    "IYIZZY": 0.027141026763555967,
    "IIXXYY": -0.021092279891150863,
    "IIXYYX": 0.021092279891150863,
    "IIYXXY": 0.021092279891150863,
    "IIYYXX": -0.021092279891150863,
    "ZXZZZX": -1.2605457953400601e-08,
    "ZYZZZY": -1.2605457953400601e-08,
    "XIZZXI": -1.2605457953400601e-08,
    "YIZZYI": -1.2605457953400601e-08,
    "XZIZXI": -1.033052338464402e-08,
    "IXZIZX": -1.033052338464402e-08,
    "IYZIZY": -1.033052338464402e-08,
    "YZIZYI": -1.033052338464402e-08
  },
  "data": {
    "molecule_id": "H3+_singlet_D3h",
    "qubit_encoding": "JW",
    "unit": "Angstrom",
    "basis": "sto-3g",
    "charge": 1,
    "multiplicity": 1,
    "spin": 0,
    "geometry": "H 0.0000000000 0.7911410000 0.0000000000\nH 0.6851488000 -0.3955710000 0.0000000000\nH -0.6851488000 -0.3955710000 0.0000000000",
    "n_qubits": 6,
    "n_particles": {
      "total": 2,
      "alpha": 1,
      "beta": 1
    },
    "hf_array": [
      1,
      1,
      0,
      0,
      0,
      0
    ],
    "hf_method": "pyscf.scf.hf_symm.SymAdaptedRHF",
    "convergence_threshold": 1e-06,
    "point_group": {
      "groupname": "C2v",
      "topgroup": "D3h"
    },
    "alpha": 1.6,
    "calculated_properties": {
      "HF": {
        "energy": -1.16052056413232,
        "converged": true
      },
      "MP2": {
        "energy": -1.1908893632669004,
        "converged": false
      },
      "CISD": {
        "energy": -1.2053023260033073,
        "converged": true
      },
      "CCSD": {
        "energy": -1.20530232600636,
        "converged": true
      },
      "FCI": {
        "energy": -1.2053023260033062,
        "converged": true,
        "spin_matches_target": true,
        "multiplicity": 1.0,
        "oscillatory_converged": false,
        "oscillation_energy_change": null
      }
    },
    "auxiliary_operators": {
      "number_operator": {
        "IIIIII": 3.0,
        "ZIIIII": -0.5,
        "IZIIII": -0.5,
        "IIZIII": -0.5,
        "IIIZII": -0.5,
        "IIIIZI": -0.5,
        "IIIIIZ": -0.5
      },
      "N_alpha": {
        "IIIIII": 1.5,
        "ZIIIII": -0.5,
        "IIZIII": -0.5,
        "IIIIZI": -0.5
      },
      "N_beta": {
        "IIIIII": 1.5,
        "IZIIII": -0.5,
        "IIIZII": -0.5,
        "IIIIIZ": -0.5
      },
      "S^2_operator": {
        "IIIIII": 1.125,
        "ZZIIII": -0.375,
        "IIIIZZ": -0.375,
        "IIZZII": -0.375,
        "IIXXXX": 0.125,
        "IIYYYY": 0.125,
        "IIYYXX": 0.125,
        "IIXYYX": -0.125,
        "IIXYXY": 0.125,
        "ZIZIII": 0.125,
        "ZIIIZI": 0.125,
        "ZIIIIZ": -0.125,
        "IZZIII": -0.125,
        "IZIZII": 0.125,
        "IZIIZI": -0.125,
        "IZIIIZ": 0.125,
        "IIZIZI": 0.125,
        "IIZIIZ": -0.125,
        "ZIIZII": -0.125,
        "IIXXYY": 0.125,
        "IIYXYX": 0.125,
        "IIIZZI": -0.125,
        "YXYXII": 0.125,
        "YXXYII": -0.125,
        "XXYYII": 0.125,
        "XXXXII": 0.125,
        "YYYYII": 0.125,
        "YYXXII": 0.125,
        "XYYXII": -0.125,
        "IIYXXY": -0.125,
        "XYXYII": 0.125,
        "YXIIXY": -0.125,
        "XXIIYY": 0.125,
        "XXIIXX": 0.125,
        "YYIIYY": 0.125,
        "YYIIXX": 0.125,
        "XYIIYX": -0.125,
        "XYIIXY": 0.125,
        "YXIIYX": 0.125,
        "IIIZIZ": 0.125
      },
      "UCCSD_operator": {
        "XXYXII": 0.018675044466747986,
        "YYYXII": -0.018675044466747986,
        "YXYYII": 0.018675044466747986,
        "XYYYII": 0.018675044466747986,
        "YXXXII": -0.018675044466747986,
        "XYXXII": -0.018675044466747986,
        "XXXYII": 0.018675044466747986,
        "YYXYII": -0.018675044466747986,
        "XXIIYX": 0.018675037816790193,
        "YYIIYX": -0.018675037816790193,
        "YXIIYY": 0.018675037816790193,
        "XYIIYY": 0.018675037816790193,
        "YXIIXX": -0.018675037816790193,
        "XYIIXX": -0.018675037816790193,
        "XXIIXY": 0.018675037816790193,
        "YYIIXY": -0.018675037816790193
      }
    },
    "hf_method_fallback": "standard",
    "generation_time_s": 0.024,
    "timestamp": "2026-04-03T21:43:54.005466+00:00",
    "formula_latex": "$\\mathrm{H_{3}^{+}}$"
  }
}