{
  "hamiltonian": {
    "IIIIII": 1.1561861963517228,
    "IZIIII": 0.358175995324177,
    "ZIIIII": 0.35817599532417693,
    "IIIIZI": -0.28554092282809884,
    "IIIIIZ": -0.28554092282809884,
    "IIZIII": -0.2855407232927154,
    "IIIZII": -0.2855407232927154,
    "IIIIZZ": 0.1854956669817202,
    "IIZZII": 0.18549566055644012,
    "ZZIIII": 0.17497888526393338,
    "IZIIZI": 0.17033000294459028,
    "ZIIIIZ": 0.17033000294459028,
    "IZZIII": 0.1703299953306912,
    "ZIIZII": 0.1703299953306912,
    "IIZIIZ": 0.1566671376636234,
    "IIIZZI": 0.1566671376636234,
    "IIZIZI": 0.14225286917650107,
    "IIIZIZ": 0.14225286917650107,
    "IZIIIZ": 0.1334775980558411,
    "ZIIIZI": 0.1334775980558411,
    "IZIZII": 0.13347759007007015,
    "ZIZIII": 0.13347759007007015,
    "YYXXII": -0.03685240526062105,
    "YXXYII": 0.03685240526062105,
    "XXYYII": -0.03685240526062105,
    "XYYXII": 0.03685240526062105,
    "XXIIYY": -0.03685240488874915,
    "XYIIYX": 0.03685240488874915,
    "YXIIXY": 0.03685240488874915,
    "YYIIXX": -0.03685240488874915,
    "YZYXZX": -0.017039294158098805,
    "IYXXYI": -0.017039294158098805,
    "IYYXXI": 0.017039294158098805,
    "IXYYXI": -0.017039294158098805,
    "IXXYYI": 0.017039294158098805,
    "XZXYZY": -0.017039294158098805,
    "XZXXZX": -0.017039294158098805,
    "YZYYZY": -0.017039294158098805,
    "IXZZIX": -0.017039293797506648,
    "IYZZIY": -0.017039293797506648,
    "YZZZYZ": -0.017039293797506648,
    "XZZZXZ": -0.017039293797506648,
    "YZZIYI": 0.017039286434687724,
    "IXIZZX": 0.017039286434687724,
    "XZZIXI": 0.017039286434687724,
    "IYIZZY": 0.017039286434687724,
    "IIXYYX": 0.014414268487122293,
    "IIYXXY": 0.014414268487122293,
    "IIXXYY": -0.014414268487122293,
    "IIYYXX": -0.014414268487122293
  },
  "data": {
    "molecule_id": "H3+_singlet_D3h",
    "qubit_encoding": "JW",
    "unit": "Angstrom",
    "basis": "sto-3g",
    "charge": 1,
    "multiplicity": 1,
    "spin": 0,
    "geometry": "H 0.0000000000 0.2966776667 0.0000000000\nH 0.2569308000 -0.1483393333 0.0000000000\nH -0.2569308000 -0.1483393333 0.0000000000",
    "n_qubits": 6,
    "n_particles": {
      "total": 2,
      "alpha": 1,
      "beta": 1
    },
    "hf_array": [
      1,
      1,
      0,
      0,
      0,
      0
    ],
    "hf_method": "pyscf.scf.hf_symm.SymAdaptedRHF",
    "convergence_threshold": 1e-06,
    "point_group": {
      "groupname": "C2v",
      "topgroup": "D3h"
    },
    "alpha": 0.6,
    "calculated_properties": {
      "HF": {
        "energy": -0.7737492328583015,
        "converged": true
      },
      "MP2": {
        "energy": -0.7858785749897158,
        "converged": false
      },
      "CISD": {
        "energy": -0.7900360784323179,
        "converged": true
      },
      "CCSD": {
        "energy": -0.7900361138328282,
        "converged": true
      },
      "FCI": {
        "energy": -0.7900360784323195,
        "converged": true,
        "spin_matches_target": true,
        "multiplicity": 1.0,
        "oscillatory_converged": false,
        "oscillation_energy_change": null
      }
    },
    "auxiliary_operators": {
      "number_operator": {
        "IIIIII": 3.0,
        "ZIIIII": -0.5,
        "IZIIII": -0.5,
        "IIZIII": -0.5,
        "IIIZII": -0.5,
        "IIIIZI": -0.5,
        "IIIIIZ": -0.5
      },
      "N_alpha": {
        "IIIIII": 1.5,
        "ZIIIII": -0.5,
        "IIZIII": -0.5,
        "IIIIZI": -0.5
      },
      "N_beta": {
        "IIIIII": 1.5,
        "IZIIII": -0.5,
        "IIIZII": -0.5,
        "IIIIIZ": -0.5
      },
      "S^2_operator": {
        "IIIIII": 1.125,
        "ZZIIII": -0.375,
        "IIIIZZ": -0.375,
        "IIZZII": -0.375,
        "IIXXXX": 0.125,
        "IIYYYY": 0.125,
        "IIYYXX": 0.125,
        "IIXYYX": -0.125,
        "IIXYXY": 0.125,
        "ZIZIII": 0.125,
        "ZIIIZI": 0.125,
        "ZIIIIZ": -0.125,
        "IZZIII": -0.125,
        "IZIZII": 0.125,
        "IZIIZI": -0.125,
        "IZIIIZ": 0.125,
        "IIZIZI": 0.125,
        "IIZIIZ": -0.125,
        "ZIIZII": -0.125,
        "IIXXYY": 0.125,
        "IIYXYX": 0.125,
        "IIIZZI": -0.125,
        "YXYXII": 0.125,
        "YXXYII": -0.125,
        "XXYYII": 0.125,
        "XXXXII": 0.125,
        "YYYYII": 0.125,
        "YYXXII": 0.125,
        "XYYXII": -0.125,
        "IIYXXY": -0.125,
        "XYXYII": 0.125,
        "YXIIXY": -0.125,
        "XXIIYY": 0.125,
        "XXIIXX": 0.125,
        "YYIIYY": 0.125,
        "YYIIXX": 0.125,
        "XYIIYX": -0.125,
        "XYIIXY": 0.125,
        "YXIIYX": 0.125,
        "IIIZIZ": 0.125
      },
      "UCCSD_operator": {
        "XXYXII": 0.00690545306601769,
        "YYYXII": -0.00690545306601769,
        "YXYYII": 0.00690545306601769,
        "XYYYII": 0.00690545306601769,
        "YXXXII": -0.00690545306601769,
        "XYXXII": -0.00690545306601769,
        "XXXYII": 0.00690545306601769,
        "YYXYII": -0.00690545306601769,
        "XXIIYX": 0.006905450982781593,
        "YYIIYX": -0.006905450982781593,
        "YXIIYY": 0.006905450982781593,
        "XYIIYY": 0.006905450982781593,
        "YXIIXX": -0.006905450982781593,
        "XYIIXX": -0.006905450982781593,
        "XXIIXY": 0.006905450982781593,
        "YYIIXY": -0.006905450982781593
      }
    },
    "hf_method_fallback": "standard",
    "generation_time_s": 0.017,
    "timestamp": "2026-04-03T21:43:54.373557+00:00"
  }
}