{
  "hamiltonian": {
    "IIIIII": 1.8156120575889683,
    "ZIIIII": 0.3966164132433055,
    "IZIIII": 0.3966164132433055,
    "IIIIZI": -0.3356233816567591,
    "IIIIIZ": -0.3356233816567591,
    "IIZIII": -0.3356231871710368,
    "IIIZII": -0.3356231871710368,
    "IIIIZZ": 0.18991698069266055,
    "IIZZII": 0.18991697503819932,
    "ZZIIII": 0.17978270949111447,
    "IZIIZI": 0.1756256812472607,
    "ZIIIIZ": 0.1756256812472607,
    "IZZIII": 0.17562567500840295,
    "ZIIZII": 0.17562567500840295,
    "IIZIIZ": 0.16305118987711514,
    "IIIZZI": 0.16305118987711514,
    "IIZIZI": 0.14961829165861923,
    "IIIZIZ": 0.14961829165861923,
    "IZIIIZ": 0.1383721296666493,
    "ZIIIZI": 0.1383721296666493,
    "IZIZII": 0.1383721231468775,
    "ZIZIII": 0.1383721231468775,
    "YYXXII": -0.037253551861525465,
    "YXXYII": 0.037253551861525465,
    "XXYYII": -0.037253551861525465,
    "XYYXII": 0.037253551861525465,
    "XXIIYY": -0.03725355158061141,
    "XYIIYX": 0.03725355158061141,
    "YXIIXY": 0.03725355158061141,
    "YYIIXX": -0.03725355158061141,
    "XZZZXZ": -0.015133102645188735,
    "YZZZYZ": -0.015133102645188735,
    "IXZZIX": -0.015133102645188735,
    "IYZZIY": -0.015133102645188735,
    "IYXXYI": -0.015133102550161863,
    "IYYXXI": 0.015133102550161863,
    "YZYXZX": -0.015133102550161863,
    "IXXYYI": 0.015133102550161863,
    "XZXYZY": -0.015133102550161863,
    "XZXXZX": -0.015133102550161863,
    "YZYYZY": -0.015133102550161863,
    "IXYYXI": -0.015133102550161863,
    "YZZIYI": 0.015133095603333951,
    "IXIZZX": 0.015133095603333951,
    "XZZIXI": 0.015133095603333951,
    "IYIZZY": 0.015133095603333951,
    "IIXYYX": 0.013432898218495904,
    "IIYXXY": 0.013432898218495904,
    "IIXXYY": -0.013432898218495904,
    "IIYYXX": -0.013432898218495904
  },
  "data": {
    "molecule_id": "H3+_singlet_D3h",
    "qubit_encoding": "JW",
    "unit": "Angstrom",
    "basis": "sto-3g",
    "charge": 1,
    "multiplicity": 1,
    "spin": 0,
    "geometry": "H 0.0000000000 0.2472313333 0.0000000000\nH 0.2141090000 -0.1236161667 0.0000000000\nH -0.2141090000 -0.1236161667 0.0000000000",
    "n_qubits": 6,
    "n_particles": {
      "total": 2,
      "alpha": 1,
      "beta": 1
    },
    "hf_array": [
      1,
      1,
      0,
      0,
      0,
      0
    ],
    "hf_method": "pyscf.scf.hf_symm.SymAdaptedRHF",
    "convergence_threshold": 1e-06,
    "point_group": {
      "groupname": "C2v",
      "topgroup": "D3h"
    },
    "alpha": 0.5,
    "calculated_properties": {
      "HF": {
        "energy": -0.39114949639817365,
        "converged": true
      },
      "MP2": {
        "energy": -0.4023431858271493,
        "converged": false
      },
      "CISD": {
        "energy": -0.40593921446597525,
        "converged": true
      },
      "CCSD": {
        "energy": -0.4059392354236336,
        "converged": true,
        "t1_diagnostic": 8.442190979695308e-10
      },
      "FCI": {
        "energy": -0.4059392144659748,
        "converged": true,
        "spin_matches_target": true,
        "multiplicity": 1.0,
        "oscillatory_converged": false,
        "oscillation_energy_change": null
      }
    },
    "auxiliary_operators": {
      "number_operator": {
        "IIIIII": 3.0,
        "ZIIIII": -0.5,
        "IZIIII": -0.5,
        "IIZIII": -0.5,
        "IIIZII": -0.5,
        "IIIIZI": -0.5,
        "IIIIIZ": -0.5
      },
      "N_alpha": {
        "IIIIII": 1.5,
        "ZIIIII": -0.5,
        "IIZIII": -0.5,
        "IIIIZI": -0.5
      },
      "N_beta": {
        "IIIIII": 1.5,
        "IZIIII": -0.5,
        "IIIZII": -0.5,
        "IIIIIZ": -0.5
      },
      "S^2_operator": {
        "IIIIII": 1.125,
        "ZZIIII": -0.375,
        "IIIIZZ": -0.375,
        "IIZZII": -0.375,
        "IIXXXX": 0.125,
        "IIYYYY": 0.125,
        "IIYYXX": 0.125,
        "IIXYYX": -0.125,
        "IIXYXY": 0.125,
        "ZIZIII": 0.125,
        "ZIIIZI": 0.125,
        "ZIIIIZ": -0.125,
        "IZZIII": -0.125,
        "IZIZII": 0.125,
        "IZIIZI": -0.125,
        "IZIIIZ": 0.125,
        "IIZIZI": 0.125,
        "IIZIIZ": -0.125,
        "ZIIZII": -0.125,
        "IIXXYY": 0.125,
        "IIYXYX": 0.125,
        "IIIZZI": -0.125,
        "YXYXII": 0.125,
        "YXXYII": -0.125,
        "XXYYII": 0.125,
        "XXXXII": 0.125,
        "YYYYII": 0.125,
        "YYXXII": 0.125,
        "XYYXII": -0.125,
        "IIYXXY": -0.125,
        "XYXYII": 0.125,
        "YXIIXY": -0.125,
        "XXIIYY": 0.125,
        "XXIIXX": 0.125,
        "YYIIYY": 0.125,
        "YYIIXX": 0.125,
        "XYIIYX": -0.125,
        "XYIIXY": 0.125,
        "YXIIYX": 0.125,
        "IIIZIZ": 0.125
      },
      "UCCSD_operator": {
        "XXYXII": 0.006203158939163952,
        "YYYXII": -0.006203158939163952,
        "YXYYII": 0.006203158939163952,
        "XYYYII": 0.006203158939163952,
        "YXXXII": -0.006203158939163952,
        "XYXXII": -0.006203158939163952,
        "XXXYII": 0.006203158939163952,
        "YYXYII": -0.006203158939163952,
        "XXIIYX": 0.006203157323138641,
        "YYIIYX": -0.006203157323138641,
        "YXIIYY": 0.006203157323138641,
        "XYIIYY": 0.006203157323138641,
        "YXIIXX": -0.006203157323138641,
        "XYIIXX": -0.006203157323138641,
        "XXIIXY": 0.006203157323138641,
        "YYIIXY": -0.006203157323138641
      }
    },
    "hf_method_fallback": "standard",
    "generation_time_s": 0.017,
    "timestamp": "2026-04-03T21:43:54.390438+00:00",
    "formula_latex": "$\\mathrm{H_{3}^{+}}$"
  }
}