{
  "hamiltonian": {
    "IIIIII": -0.6665702664860976,
    "IIIIZZ": 0.14717501686211232,
    "IIZZII": 0.14717501408352257,
    "ZIIIII": 0.1405275424669636,
    "IZIIII": 0.1405275424669636,
    "ZZIIII": 0.12381691943678111,
    "IZIIZI": 0.12277138059510692,
    "ZIIIIZ": 0.12277138059510692,
    "ZIIZII": 0.12277136348545453,
    "IZZIII": 0.12277136348545453,
    "IIZIIZ": 0.10424527299677855,
    "IIIZZI": 0.10424527299677855,
    "ZIIIZI": 0.08475343306827515,
    "IZIIIZ": 0.08475343306827515,
    "IZIZII": 0.08475341906707151,
    "ZIZIII": 0.08475341906707151,
    "IIZIZI": 0.08278038465841264,
    "IIIZIZ": 0.08278038465841264,
    "XXIIYY": -0.03801794752683176,
    "XYIIYX": 0.03801794752683176,
    "YXIIXY": 0.03801794752683176,
    "YYIIXX": -0.03801794752683176,
    "XYYXII": 0.03801794441838301,
    "YYXXII": -0.03801794441838301,
    "XXYYII": -0.03801794441838301,
    "YXXYII": 0.03801794441838301,
    "IIIIIZ": -0.036605130728413926,
    "IIIIZI": -0.03660513072841387,
    "IIIZII": -0.036605038020777136,
    "IIZIII": -0.036605038020777136,
    "XZXXZX": -0.02777451959594037,
    "IYXXYI": -0.02777451959594037,
    "YZYYZY": -0.02777451959594037,
    "YZYXZX": -0.02777451959594037,
    "XZXYZY": -0.02777451959594037,
    "IXXYYI": 0.02777451959594037,
    "IXYYXI": -0.02777451959594037,
    "IYYXXI": 0.02777451959594037,
    "IXZZIX": -0.027774511111922938,
    "IYZZIY": -0.027774511111922938,
    "XZZZXZ": -0.027774511111922938,
    "YZZZYZ": -0.027774511111922938,
    "XZZIXI": 0.027774509314311607,
    "IXIZZX": 0.027774509314311607,
    "IYIZZY": 0.027774509314311607,
    "YZZIYI": 0.027774509314311607,
    "IIXXYY": -0.0214648883383659,
    "IIXYYX": 0.0214648883383659,
    "IIYYXX": -0.0214648883383659,
    "IIYXXY": 0.0214648883383659,
    "ZXZZZX": -1.2754321949568727e-08,
    "ZYZZZY": -1.2754321949568727e-08,
    "YIZZYI": -1.2754321949568727e-08,
    "XIZZXI": -1.2754321949568727e-08,
    "YZIZYI": -1.0281628763653128e-08,
    "IXZIZX": -1.0281628763653128e-08,
    "IYZIZY": -1.0281628763653128e-08,
    "XZIZXI": -1.0281628763653128e-08
  },
  "data": {
    "molecule_id": "H3+_singlet_D3h",
    "qubit_encoding": "JW",
    "unit": "Angstrom",
    "basis": "sto-3g",
    "charge": 1,
    "multiplicity": 1,
    "spin": 0,
    "geometry": "H 0.0000000000 0.8405873333 0.0000000000\nH 0.7279706000 -0.4202941667 0.0000000000\nH -0.7279706000 -0.4202941667 0.0000000000",
    "n_qubits": 6,
    "n_particles": {
      "total": 2,
      "alpha": 1,
      "beta": 1
    },
    "hf_array": [
      1,
      1,
      0,
      0,
      0,
      0
    ],
    "hf_method": "pyscf.scf.hf_symm.SymAdaptedRHF",
    "convergence_threshold": 1e-06,
    "point_group": {
      "groupname": "C2v",
      "topgroup": "D3h"
    },
    "alpha": 1.7,
    "calculated_properties": {
      "HF": {
        "energy": -1.1319266156574248,
        "converged": true
      },
      "MP2": {
        "energy": -1.1657670355239809,
        "converged": false
      },
      "CISD": {
        "energy": -1.1818572978086306,
        "converged": true
      },
      "CCSD": {
        "energy": -1.1818572978147301,
        "converged": true
      },
      "FCI": {
        "energy": -1.1818572978086295,
        "converged": true,
        "spin_matches_target": true,
        "multiplicity": 1.0,
        "oscillatory_converged": false,
        "oscillation_energy_change": null
      }
    },
    "auxiliary_operators": {
      "number_operator": {
        "IIIIII": 3.0,
        "ZIIIII": -0.5,
        "IZIIII": -0.5,
        "IIZIII": -0.5,
        "IIIZII": -0.5,
        "IIIIZI": -0.5,
        "IIIIIZ": -0.5
      },
      "N_alpha": {
        "IIIIII": 1.5,
        "ZIIIII": -0.5,
        "IIZIII": -0.5,
        "IIIIZI": -0.5
      },
      "N_beta": {
        "IIIIII": 1.5,
        "IZIIII": -0.5,
        "IIIZII": -0.5,
        "IIIIIZ": -0.5
      },
      "S^2_operator": {
        "IIIIII": 1.125,
        "ZZIIII": -0.375,
        "IIIIZZ": -0.375,
        "IIZZII": -0.375,
        "IIXXXX": 0.125,
        "IIYYYY": 0.125,
        "IIYYXX": 0.125,
        "IIXYYX": -0.125,
        "IIXYXY": 0.125,
        "ZIZIII": 0.125,
        "ZIIIZI": 0.125,
        "ZIIIIZ": -0.125,
        "IZZIII": -0.125,
        "IZIZII": 0.125,
        "IZIIZI": -0.125,
        "IZIIIZ": 0.125,
        "IIZIZI": 0.125,
        "IIZIIZ": -0.125,
        "ZIIZII": -0.125,
        "IIXXYY": 0.125,
        "IIYXYX": 0.125,
        "IIIZZI": -0.125,
        "YXYXII": 0.125,
        "YXXYII": -0.125,
        "XXYYII": 0.125,
        "XXXXII": 0.125,
        "YYYYII": 0.125,
        "YYXXII": 0.125,
        "XYYXII": -0.125,
        "IIYXXY": -0.125,
        "XYXYII": 0.125,
        "YXIIXY": -0.125,
        "XXIIYY": 0.125,
        "XXIIXX": 0.125,
        "YYIIYY": 0.125,
        "YYIIXX": 0.125,
        "XYIIYX": -0.125,
        "XYIIXY": 0.125,
        "YXIIYX": 0.125,
        "IIIZIZ": 0.125
      },
      "UCCSD_operator": {
        "XXYXII": 0.020521020410094102,
        "YYYXII": -0.020521020410094102,
        "YXYYII": 0.020521020410094102,
        "XYYYII": 0.020521020410094102,
        "YXXXII": -0.020521020410094102,
        "XYXXII": -0.020521020410094102,
        "XXXYII": 0.020521020410094102,
        "YYXYII": -0.020521020410094102,
        "XXIIYX": 0.02052101322686398,
        "YYIIYX": -0.02052101322686398,
        "YXIIYY": 0.02052101322686398,
        "XYIIYY": 0.02052101322686398,
        "YXIIXX": -0.02052101322686398,
        "XYIIXX": -0.02052101322686398,
        "XXIIXY": 0.02052101322686398,
        "YYIIXY": -0.02052101322686398
      }
    },
    "hf_method_fallback": "standard",
    "generation_time_s": 0.022,
    "timestamp": "2026-04-03T21:43:54.028266+00:00"
  }
}