{
  "hamiltonian": {
    "IIIIII": -0.7914918475019558,
    "IIZZII": 0.13259382845473322,
    "IIIIZZ": 0.13259382759015234,
    "ZIIIIZ": 0.10663553169402784,
    "IZIIZI": 0.10663553169402784,
    "ZIIZII": 0.10663551360781923,
    "IZZIII": 0.10663551360781923,
    "ZZIIII": 0.10548231737577006,
    "IZIIII": 0.08727895329790675,
    "ZIIIII": 0.08727895329790675,
    "IIIZZI": 0.08575193524124526,
    "IIZIIZ": 0.08575193524124526,
    "IZIIIZ": 0.06382518536853604,
    "ZIIIZI": 0.06382518536853604,
    "IZIZII": 0.06382517252877619,
    "ZIZIII": 0.06382517252877619,
    "IIIZIZ": 0.062330970553757005,
    "IIZIZI": 0.062330970553757005,
    "YYIIXX": -0.0428103463254918,
    "YXIIXY": 0.0428103463254918,
    "XYIIYX": 0.0428103463254918,
    "XXIIYY": -0.0428103463254918,
    "XXYYII": -0.04281034107904305,
    "YYXXII": -0.04281034107904305,
    "YXXYII": 0.04281034107904305,
    "XYYXII": 0.04281034107904305,
    "YZYYZY": -0.03148961991300039,
    "YZYXZX": -0.03148961991300039,
    "XZXYZY": -0.03148961991300039,
    "XZXXZX": -0.03148961991300039,
    "IXXYYI": 0.03148961991300039,
    "IYYXXI": 0.03148961991300039,
    "IYXXYI": -0.03148961991300039,
    "IXYYXI": -0.03148961991300039,
    "IXIZZX": 0.03148961069405512,
    "IYIZZY": 0.03148961069405512,
    "XZZIXI": 0.03148961069405512,
    "YZZIYI": 0.03148961069405512,
    "XZZZXZ": -0.03148960887358947,
    "YZZZYZ": -0.03148960887358947,
    "IYZZIY": -0.03148960887358947,
    "IXZZIX": -0.03148960887358947,
    "IIXYYX": 0.02342096468748826,
    "IIXXYY": -0.02342096468748826,
    "IIYYXX": -0.02342096468748826,
    "IIYXXY": 0.02342096468748826,
    "IIZIII": 0.01015232948006041,
    "IIIZII": 0.010152329480060403,
    "IIIIIZ": 0.010152282023918324,
    "IIIIZI": 0.010152282023918296,
    "IYZZZY": -1.4106563792082305e-08,
    "IXZZZX": -1.4106563792082305e-08,
    "YZZZYI": -1.4106563792082305e-08,
    "XZZZXI": -1.4106563792082305e-08,
    "ZYZZZY": -1.2316665905902418e-08,
    "ZXZZZX": -1.2316665905902418e-08,
    "YIZZYI": -1.2316665905902416e-08,
    "XIZZXI": -1.2316665905902416e-08
  },
  "data": {
    "molecule_id": "H3+_singlet_D3h",
    "qubit_encoding": "JW",
    "unit": "Angstrom",
    "basis": "sto-3g",
    "charge": 1,
    "multiplicity": 1,
    "spin": 0,
    "geometry": "H 0.0000000000 1.1867116667 0.0000000000\nH 1.0277232000 -0.5933563333 0.0000000000\nH -1.0277232000 -0.5933563333 0.0000000000",
    "n_qubits": 6,
    "n_particles": {
      "total": 2,
      "alpha": 1,
      "beta": 1
    },
    "hf_array": [
      1,
      1,
      0,
      0,
      0,
      0
    ],
    "hf_method": "pyscf.scf.hf_symm.SymAdaptedRHF",
    "convergence_threshold": 1e-06,
    "point_group": {
      "groupname": "C2v",
      "topgroup": "D3h"
    },
    "alpha": 2.4,
    "calculated_properties": {
      "HF": {
        "energy": -0.9404475524774699,
        "converged": true
      },
      "MP2": {
        "energy": -1.0129053032911335,
        "converged": false
      },
      "CISD": {
        "energy": -1.0396906955752652,
        "converged": true
      },
      "CCSD": {
        "energy": -1.039690695580977,
        "converged": true
      },
      "FCI": {
        "energy": -1.0396906955752616,
        "converged": true,
        "spin_matches_target": true,
        "multiplicity": 1.0,
        "oscillatory_converged": false,
        "oscillation_energy_change": null
      }
    },
    "auxiliary_operators": {
      "number_operator": {
        "IIIIII": 3.0,
        "ZIIIII": -0.5,
        "IZIIII": -0.5,
        "IIZIII": -0.5,
        "IIIZII": -0.5,
        "IIIIZI": -0.5,
        "IIIIIZ": -0.5
      },
      "N_alpha": {
        "IIIIII": 1.5,
        "ZIIIII": -0.5,
        "IIZIII": -0.5,
        "IIIIZI": -0.5
      },
      "N_beta": {
        "IIIIII": 1.5,
        "IZIIII": -0.5,
        "IIIZII": -0.5,
        "IIIIIZ": -0.5
      },
      "S^2_operator": {
        "IIIIII": 1.125,
        "ZZIIII": -0.375,
        "IIIIZZ": -0.375,
        "IIZZII": -0.375,
        "IIXXXX": 0.125,
        "IIYYYY": 0.125,
        "IIYYXX": 0.125,
        "IIXYYX": -0.125,
        "IIXYXY": 0.125,
        "ZIZIII": 0.125,
        "ZIIIZI": 0.125,
        "ZIIIIZ": -0.125,
        "IZZIII": -0.125,
        "IZIZII": 0.125,
        "IZIIZI": -0.125,
        "IZIIIZ": 0.125,
        "IIZIZI": 0.125,
        "IIZIIZ": -0.125,
        "ZIIZII": -0.125,
        "IIXXYY": 0.125,
        "IIYXYX": 0.125,
        "IIIZZI": -0.125,
        "YXYXII": 0.125,
        "YXXYII": -0.125,
        "XXYYII": 0.125,
        "XXXXII": 0.125,
        "YYYYII": 0.125,
        "YYXXII": 0.125,
        "XYYXII": -0.125,
        "IIYXXY": -0.125,
        "XYXYII": 0.125,
        "YXIIXY": -0.125,
        "XXIIYY": 0.125,
        "XXIIXX": 0.125,
        "YYIIYY": 0.125,
        "YYIIXX": 0.125,
        "XYIIYX": -0.125,
        "XYIIXY": 0.125,
        "YXIIYX": 0.125,
        "IIIZIZ": 0.125
      },
      "UCCSD_operator": {
        "XYXXII": -0.03622195599126288,
        "XXYXII": 0.03622195599126288,
        "YYYXII": -0.03622195599126288,
        "YXYYII": 0.03622195599126288,
        "XYYYII": 0.03622195599126288,
        "YXXXII": -0.03622195599126288,
        "XXXYII": 0.03622195599126288,
        "YYXYII": -0.03622195599126288,
        "XYIIXX": -0.03622194316436142,
        "YXIIXX": -0.03622194316436142,
        "XYIIYY": 0.03622194316436142,
        "YXIIYY": 0.03622194316436142,
        "YYIIYX": -0.03622194316436142,
        "YYIIXY": -0.03622194316436142,
        "XXIIXY": 0.03622194316436142,
        "XXIIYX": 0.03622194316436142,
        "IXZZZY": 4.677563909824044e-08,
        "IYZZZX": -4.677563909824044e-08,
        "XZZZYI": 4.677563909824044e-08,
        "YZZZXI": -4.677563909824044e-08
      }
    },
    "hf_method_fallback": "standard",
    "generation_time_s": 0.024,
    "timestamp": "2026-04-03T21:43:54.186774+00:00"
  }
}