{
  "hamiltonian": {
    "IIIIII": -0.8066726736815617,
    "IIZZII": 0.12820381817947016,
    "IIIIZZ": 0.1282038167490716,
    "ZIIIIZ": 0.10203243204850637,
    "IZIIZI": 0.10203243204850637,
    "ZIIZII": 0.10203241486811099,
    "IZZIII": 0.10203241486811099,
    "ZZIIII": 0.10066213484816233,
    "IIIZZI": 0.08011518468851464,
    "IIZIIZ": 0.08011518468851464,
    "IZIIII": 0.07285221937965948,
    "ZIIIII": 0.07285221937965947,
    "IZIIIZ": 0.05713929069337574,
    "ZIIIZI": 0.05713929069337574,
    "IZIZII": 0.057139278731381735,
    "ZIZIII": 0.057139278731381735,
    "IIIZIZ": 0.056070850890850066,
    "IIZIZI": 0.056070850890850066,
    "YYIIXX": -0.044893141355130645,
    "YXIIXY": 0.044893141355130645,
    "XYIIYX": 0.044893141355130645,
    "XXIIYY": -0.044893141355130645,
    "XXYYII": -0.04489313613672927,
    "YYXXII": -0.04489313613672927,
    "YXXYII": 0.04489313613672927,
    "XYYXII": 0.04489313613672927,
    "YZYYZY": -0.03276840078785787,
    "YZYXZX": -0.03276840078785787,
    "XZXYZY": -0.03276840078785787,
    "XZXXZX": -0.03276840078785787,
    "IXXYYI": 0.03276840078785787,
    "IYYXXI": 0.03276840078785787,
    "IYXXYI": -0.03276840078785787,
    "IXYYXI": -0.03276840078785787,
    "IXIZZX": 0.03276839219142036,
    "IYIZZY": 0.03276839219142036,
    "XZZIXI": 0.03276839219142036,
    "YZZIYI": 0.03276839219142036,
    "XZZZXZ": -0.032768389764218676,
    "YZZZYZ": -0.032768389764218676,
    "IYZZIY": -0.032768389764218676,
    "IXZZIX": -0.032768389764218676,
    "IIXYYX": 0.02404433379766458,
    "IIXXYY": -0.02404433379766458,
    "IIYYXX": -0.02404433379766458,
    "IIYXXY": 0.02404433379766458,
    "IIIZII": 0.020344101908067708,
    "IIZIII": 0.020344101908067708,
    "IIIIIZ": 0.020344066970981456,
    "IIIIZI": 0.020344066970981456,
    "IYZZZY": -1.3853332765656479e-08,
    "IXZZZX": -1.3853332765656479e-08,
    "YZZZYI": -1.3853332765656479e-08,
    "XZZZXI": -1.3853332765656479e-08,
    "ZYZZZY": -1.1481548120625556e-08,
    "ZXZZZX": -1.1481548120625556e-08,
    "YIZZYI": -1.1481548120625556e-08,
    "XIZZXI": -1.1481548120625556e-08
  },
  "data": {
    "molecule_id": "H3+_singlet_D3h",
    "qubit_encoding": "JW",
    "unit": "Angstrom",
    "basis": "sto-3g",
    "charge": 1,
    "multiplicity": 1,
    "spin": 0,
    "geometry": "H 0.0000000000 1.3350506667 0.0000000000\nH 1.1561886000 -0.6675258333 0.0000000000\nH -1.1561886000 -0.6675258333 0.0000000000",
    "n_qubits": 6,
    "n_particles": {
      "total": 2,
      "alpha": 1,
      "beta": 1
    },
    "hf_array": [
      1,
      1,
      0,
      0,
      0,
      0
    ],
    "hf_method": "pyscf.scf.hf_symm.SymAdaptedRHF",
    "convergence_threshold": 1e-06,
    "point_group": {
      "groupname": "C2v",
      "topgroup": "C2v"
    },
    "alpha": 2.7,
    "calculated_properties": {
      "HF": {
        "energy": -0.8782457664300979,
        "converged": true
      },
      "MP2": {
        "energy": -0.9759788511010725,
        "converged": false
      },
      "CISD": {
        "energy": -1.001851945836017,
        "converged": true
      },
      "CCSD": {
        "energy": -1.001851992066118,
        "converged": true
      },
      "FCI": {
        "energy": -1.001851945836013,
        "converged": true,
        "spin_matches_target": true,
        "multiplicity": 1.0,
        "oscillatory_converged": false,
        "oscillation_energy_change": null
      }
    },
    "auxiliary_operators": {
      "number_operator": {
        "IIIIII": 3.0,
        "ZIIIII": -0.5,
        "IZIIII": -0.5,
        "IIZIII": -0.5,
        "IIIZII": -0.5,
        "IIIIZI": -0.5,
        "IIIIIZ": -0.5
      },
      "N_alpha": {
        "IIIIII": 1.5,
        "ZIIIII": -0.5,
        "IIZIII": -0.5,
        "IIIIZI": -0.5
      },
      "N_beta": {
        "IIIIII": 1.5,
        "IZIIII": -0.5,
        "IIIZII": -0.5,
        "IIIIIZ": -0.5
      },
      "S^2_operator": {
        "IIIIII": 1.125,
        "ZZIIII": -0.375,
        "IIIIZZ": -0.375,
        "IIZZII": -0.375,
        "IIXXXX": 0.125,
        "IIYYYY": 0.125,
        "IIYYXX": 0.125,
        "IIXYYX": -0.125,
        "IIXYXY": 0.125,
        "ZIZIII": 0.125,
        "ZIIIZI": 0.125,
        "ZIIIIZ": -0.125,
        "IZZIII": -0.125,
        "IZIZII": 0.125,
        "IZIIZI": -0.125,
        "IZIIIZ": 0.125,
        "IIZIZI": 0.125,
        "IIZIIZ": -0.125,
        "ZIIZII": -0.125,
        "IIXXYY": 0.125,
        "IIYXYX": 0.125,
        "IIIZZI": -0.125,
        "YXYXII": 0.125,
        "YXXYII": -0.125,
        "XXYYII": 0.125,
        "XXXXII": 0.125,
        "YYYYII": 0.125,
        "YYXXII": 0.125,
        "XYYXII": -0.125,
        "IIYXXY": -0.125,
        "XYXYII": 0.125,
        "YXIIXY": -0.125,
        "XXIIYY": 0.125,
        "XXIIXX": 0.125,
        "YYIIYY": 0.125,
        "YYIIXX": 0.125,
        "XYIIYX": -0.125,
        "XYIIXY": 0.125,
        "YXIIYX": 0.125,
        "IIIZIZ": 0.125
      },
      "UCCSD_operator": {
        "XYXXII": -0.04302099664712778,
        "XXYXII": 0.04302099664712778,
        "YYYXII": -0.04302099664712778,
        "YXYYII": 0.04302099664712778,
        "XYYYII": 0.04302099664712778,
        "YXXXII": -0.04302099664712778,
        "XXXYII": 0.04302099664712778,
        "YYXYII": -0.04302099664712778,
        "XYIIXX": -0.04302098346449726,
        "YXIIXX": -0.04302098346449726,
        "XYIIYY": 0.04302098346449726,
        "YXIIYY": 0.04302098346449726,
        "YYIIYX": -0.04302098346449726,
        "YYIIXY": -0.04302098346449726,
        "XXIIXY": 0.04302098346449726,
        "XXIIYX": 0.04302098346449726,
        "IXZZZY": 5.421214226611735e-08,
        "IYZZZX": -5.421214226611735e-08,
        "XZZZYI": 5.421214226611735e-08,
        "YZZZXI": -5.421214226611735e-08
      }
    },
    "hf_method_fallback": "standard",
    "generation_time_s": 0.017,
    "timestamp": "2026-04-03T21:43:54.245676+00:00",
    "formula_latex": "$\\mathrm{H_{3}^{+}}$"
  }
}