{
  "hamiltonian": {
    "IIIIII": -0.8136966818704697,
    "IIZZII": 0.1246163064578257,
    "IIIIZZ": 0.12461630497834031,
    "IZIIZI": 0.0983545040452872,
    "ZIIIIZ": 0.0983545040452872,
    "IZZIII": 0.09835448822538673,
    "ZIIZII": 0.09835448822538673,
    "ZZIIII": 0.09705557345529972,
    "IIZIIZ": 0.07544183717782554,
    "IIIZZI": 0.07544183717782554,
    "ZIIIII": 0.062136780929328284,
    "IZIIII": 0.06213678092932828,
    "ZIIIZI": 0.05155793988707028,
    "IZIIIZ": 0.05155793988707028,
    "ZIZIII": 0.0515579288161514,
    "IZIZII": 0.0515579288161514,
    "IIIZIZ": 0.050854586878648786,
    "IIZIZI": 0.050854586878648786,
    "YXIIXY": 0.04679656415821691,
    "XXIIYY": -0.04679656415821691,
    "XYIIYX": 0.04679656415821691,
    "YYIIXX": -0.04679656415821691,
    "XXYYII": -0.046796559409235335,
    "XYYXII": 0.046796559409235335,
    "YXXYII": 0.046796559409235335,
    "YYXXII": -0.046796559409235335,
    "XZXXZX": -0.033880548051325295,
    "XZXYZY": -0.033880548051325295,
    "YZYXZX": -0.033880548051325295,
    "YZYYZY": -0.033880548051325295,
    "IYYXXI": 0.033880548051325295,
    "IYXXYI": -0.033880548051325295,
    "IXXYYI": 0.033880548051325295,
    "IXYYXI": -0.033880548051325295,
    "XZZIXI": 0.03388054008853607,
    "YZZIYI": 0.03388054008853607,
    "IYIZZY": 0.03388054008853607,
    "IXIZZX": 0.03388054008853607,
    "IXZZIX": -0.0338805375337764,
    "IYZZIY": -0.0338805375337764,
    "XZZZXZ": -0.0338805375337764,
    "YZZZYZ": -0.0338805375337764,
    "IIZIII": 0.027193878729320928,
    "IIIZII": 0.027193878729320928,
    "IIIIZI": 0.027193853204800278,
    "IIIIIZ": 0.027193853204800222,
    "IIXXYY": -0.024587250299176765,
    "IIXYYX": 0.024587250299176765,
    "IIYYXX": -0.024587250299176765,
    "IIYXXY": 0.024587250299176765,
    "IYZZZY": -1.2964797117820392e-08,
    "IXZZZX": -1.2964797117820392e-08,
    "YZZZYI": -1.2964797117820392e-08,
    "XZZZXI": -1.2964797117820392e-08,
    "ZYZZZY": -1.0429104699613742e-08,
    "ZXZZZX": -1.0429104699613742e-08,
    "YIZZYI": -1.0429104699613742e-08,
    "XIZZXI": -1.0429104699613742e-08
  },
  "data": {
    "molecule_id": "H3+_singlet_D3h",
    "qubit_encoding": "JW",
    "unit": "Angstrom",
    "basis": "sto-3g",
    "charge": 1,
    "multiplicity": 1,
    "spin": 0,
    "geometry": "H 0.0000000000 1.4833896667 0.0000000000\nH 1.2846540000 -0.7416953333 0.0000000000\nH -1.2846540000 -0.7416953333 0.0000000000",
    "n_qubits": 6,
    "n_particles": {
      "total": 2,
      "alpha": 1,
      "beta": 1
    },
    "hf_array": [
      1,
      1,
      0,
      0,
      0,
      0
    ],
    "hf_method": "pyscf.scf.hf_symm.SymAdaptedRHF",
    "convergence_threshold": 1e-06,
    "point_group": {
      "groupname": "C2v",
      "topgroup": "D3h"
    },
    "alpha": 3.0,
    "calculated_properties": {
      "HF": {
        "energy": -0.8299634688042609,
        "converged": true
      },
      "MP2": {
        "energy": -0.9581113853281062,
        "converged": false
      },
      "CISD": {
        "energy": -0.9762899439534584,
        "converged": true
      },
      "CCSD": {
        "energy": -0.976289660727472,
        "converged": true
      },
      "FCI": {
        "energy": -0.9762899439534539,
        "converged": true,
        "spin_matches_target": true,
        "multiplicity": 1.0,
        "oscillatory_converged": false,
        "oscillation_energy_change": null
      }
    },
    "auxiliary_operators": {
      "number_operator": {
        "IIIIII": 3.0,
        "ZIIIII": -0.5,
        "IZIIII": -0.5,
        "IIZIII": -0.5,
        "IIIZII": -0.5,
        "IIIIZI": -0.5,
        "IIIIIZ": -0.5
      },
      "N_alpha": {
        "IIIIII": 1.5,
        "ZIIIII": -0.5,
        "IIZIII": -0.5,
        "IIIIZI": -0.5
      },
      "N_beta": {
        "IIIIII": 1.5,
        "IZIIII": -0.5,
        "IIIZII": -0.5,
        "IIIIIZ": -0.5
      },
      "S^2_operator": {
        "IIIIII": 1.125,
        "ZZIIII": -0.375,
        "IIIIZZ": -0.375,
        "IIZZII": -0.375,
        "IIXXXX": 0.125,
        "IIYYYY": 0.125,
        "IIYYXX": 0.125,
        "IIXYYX": -0.125,
        "IIXYXY": 0.125,
        "ZIZIII": 0.125,
        "ZIIIZI": 0.125,
        "ZIIIIZ": -0.125,
        "IZZIII": -0.125,
        "IZIZII": 0.125,
        "IZIIZI": -0.125,
        "IZIIIZ": 0.125,
        "IIZIZI": 0.125,
        "IIZIIZ": -0.125,
        "ZIIZII": -0.125,
        "IIXXYY": 0.125,
        "IIYXYX": 0.125,
        "IIIZZI": -0.125,
        "YXYXII": 0.125,
        "YXXYII": -0.125,
        "XXYYII": 0.125,
        "XXXXII": 0.125,
        "YYYYII": 0.125,
        "YYXXII": 0.125,
        "XYYXII": -0.125,
        "IIYXXY": -0.125,
        "XYXYII": 0.125,
        "YXIIXY": -0.125,
        "XXIIYY": 0.125,
        "XXIIXX": 0.125,
        "YYIIYY": 0.125,
        "YYIIXX": 0.125,
        "XYIIYX": -0.125,
        "XYIIXY": 0.125,
        "YXIIYX": 0.125,
        "IIIZIZ": 0.125
      },
      "UCCSD_operator": {
        "XYXXII": -0.048857160430757225,
        "XXYXII": 0.048857160430757225,
        "YYYXII": -0.048857160430757225,
        "YXYYII": 0.048857160430757225,
        "XYYYII": 0.048857160430757225,
        "YXXXII": -0.048857160430757225,
        "XXXYII": 0.048857160430757225,
        "YYXYII": -0.048857160430757225,
        "XYIIXX": -0.04885714428106179,
        "YXIIXX": -0.04885714428106179,
        "XYIIYY": 0.04885714428106179,
        "YXIIYY": 0.04885714428106179,
        "YYIIYX": -0.04885714428106179,
        "YYIIXY": -0.04885714428106179,
        "XXIIXY": 0.04885714428106179,
        "XXIIYX": 0.04885714428106179,
        "IXZZZY": 6.161317028933561e-08,
        "IYZZZX": -6.161317028933561e-08,
        "XZZZYI": 6.161317028933561e-08,
        "YZZZXI": -6.161317028933561e-08
      }
    },
    "hf_method_fallback": "standard",
    "generation_time_s": 0.019,
    "timestamp": "2026-04-03T21:43:54.300637+00:00",
    "formula_latex": "$\\mathrm{H_{3}^{+}}$"
  }
}