{
  "hamiltonian": {
    "IIIIII": -0.2376790658108231,
    "ZIIIII": 0.22390447456582163,
    "IZIIII": 0.22390447456582155,
    "IIIIZZ": 0.16561865712740298,
    "IIZZII": 0.16561865125104366,
    "ZZIIII": 0.1495268818355835,
    "IZIIZI": 0.1452165461899012,
    "ZIIIIZ": 0.1452165461899012,
    "IZZIII": 0.14521653368561088,
    "ZIIZII": 0.14521653368561088,
    "IIZIIZ": 0.1285342725971338,
    "IIIZZI": 0.1285342725971338,
    "IIIIIZ": -0.12517730726753695,
    "IIIIZI": -0.12517730726753695,
    "IIIZII": -0.12517715960058923,
    "IIZIII": -0.12517715960058923,
    "IIIZIZ": 0.1099920702676128,
    "IIZIZI": 0.1099920702676128,
    "ZIIIZI": 0.1092579408085406,
    "IZIIIZ": 0.1092579408085406,
    "IZIZII": 0.10925792856367694,
    "ZIZIII": 0.10925792856367694,
    "YYIIXX": -0.03595860538136059,
    "YXIIXY": 0.03595860538136059,
    "XYIIYX": 0.03595860538136059,
    "XXIIYY": -0.03595860538136059,
    "YYXXII": -0.035958605121933926,
    "YXXYII": 0.035958605121933926,
    "XXYYII": -0.035958605121933926,
    "XYYXII": 0.035958605121933926,
    "IYYXXI": 0.02330328349320614,
    "IXYYXI": -0.02330328349320614,
    "IXXYYI": 0.02330328349320614,
    "XZXXZX": -0.02330328349320614,
    "XZXYZY": -0.02330328349320614,
    "YZYXZX": -0.02330328349320614,
    "YZYYZY": -0.02330328349320614,
    "IYXXYI": -0.02330328349320614,
    "XZZZXZ": -0.023303279679213126,
    "YZZZYZ": -0.023303279679213126,
    "IXZZIX": -0.023303279679213126,
    "IYZZIY": -0.023303279679213126,
    "IXIZZX": 0.023303273658332353,
    "IYIZZY": 0.023303273658332353,
    "YZZIYI": 0.023303273658332353,
    "XZZIXI": 0.023303273658332353,
    "IIXXYY": -0.018542202329521,
    "IIXYYX": 0.018542202329521,
    "IIYXXY": 0.018542202329521,
    "IIYYXX": -0.018542202329521,
    "ZYZZZY": -1.1056818036065934e-08,
    "XIZZXI": -1.1056818036065934e-08,
    "YIZZYI": -1.1056818036065934e-08,
    "ZXZZZX": -1.1056818036065934e-08
  },
  "data": {
    "molecule_id": "H3+_singlet_D3h",
    "qubit_encoding": "JW",
    "unit": "Angstrom",
    "basis": "sto-3g",
    "charge": 1,
    "multiplicity": 1,
    "spin": 0,
    "geometry": "H 0.0000000000 0.5439093333 0.0000000000\nH 0.4710398000 -0.2719551667 0.0000000000\nH -0.4710398000 -0.2719551667 0.0000000000",
    "n_qubits": 6,
    "n_particles": {
      "total": 2,
      "alpha": 1,
      "beta": 1
    },
    "hf_array": [
      1,
      1,
      0,
      0,
      0,
      0
    ],
    "hf_method": "pyscf.scf.hf_symm.SymAdaptedRHF",
    "convergence_threshold": 1e-06,
    "point_group": {
      "groupname": "C2v",
      "topgroup": "D3h"
    },
    "alpha": 1.1,
    "calculated_properties": {
      "HF": {
        "energy": -1.246277971230655,
        "converged": true
      },
      "MP2": {
        "energy": -1.2647882697462753,
        "converged": false
      },
      "CISD": {
        "energy": -1.272787922021265,
        "converged": true
      },
      "CCSD": {
        "energy": -1.2727880566924117,
        "converged": true,
        "t1_diagnostic": 6.917438941260841e-09
      },
      "FCI": {
        "energy": -1.2727879220212648,
        "converged": true,
        "spin_matches_target": true,
        "multiplicity": 1.0,
        "oscillatory_converged": false,
        "oscillation_energy_change": null
      }
    },
    "auxiliary_operators": {
      "number_operator": {
        "IIIIII": 3.0,
        "ZIIIII": -0.5,
        "IZIIII": -0.5,
        "IIZIII": -0.5,
        "IIIZII": -0.5,
        "IIIIZI": -0.5,
        "IIIIIZ": -0.5
      },
      "N_alpha": {
        "IIIIII": 1.5,
        "ZIIIII": -0.5,
        "IIZIII": -0.5,
        "IIIIZI": -0.5
      },
      "N_beta": {
        "IIIIII": 1.5,
        "IZIIII": -0.5,
        "IIIZII": -0.5,
        "IIIIIZ": -0.5
      },
      "S^2_operator": {
        "IIIIII": 1.125,
        "ZZIIII": -0.375,
        "IIIIZZ": -0.375,
        "IIZZII": -0.375,
        "IIXXXX": 0.125,
        "IIYYYY": 0.125,
        "IIYYXX": 0.125,
        "IIXYYX": -0.125,
        "IIXYXY": 0.125,
        "ZIZIII": 0.125,
        "ZIIIZI": 0.125,
        "ZIIIIZ": -0.125,
        "IZZIII": -0.125,
        "IZIZII": 0.125,
        "IZIIZI": -0.125,
        "IZIIIZ": 0.125,
        "IIZIZI": 0.125,
        "IIZIIZ": -0.125,
        "ZIIZII": -0.125,
        "IIXXYY": 0.125,
        "IIYXYX": 0.125,
        "IIIZZI": -0.125,
        "YXYXII": 0.125,
        "YXXYII": -0.125,
        "XXYYII": 0.125,
        "XXXXII": 0.125,
        "YYYYII": 0.125,
        "YYXXII": 0.125,
        "XYYXII": -0.125,
        "IIYXXY": -0.125,
        "XYXYII": 0.125,
        "YXIIXY": -0.125,
        "XXIIYY": 0.125,
        "XXIIXX": 0.125,
        "YYIIYY": 0.125,
        "YYIIXX": 0.125,
        "XYIIYX": -0.125,
        "XYIIXY": 0.125,
        "YXIIYX": 0.125,
        "IIIZIZ": 0.125
      },
      "UCCSD_operator": {
        "XXYXII": 0.011519361167607031,
        "YYYXII": -0.011519361167607031,
        "YXYYII": 0.011519361167607031,
        "XYYYII": 0.011519361167607031,
        "YXXXII": -0.011519361167607031,
        "XYXXII": -0.011519361167607031,
        "XXXYII": 0.011519361167607031,
        "YYXYII": -0.011519361167607031,
        "XXIIYX": 0.011519356960703608,
        "YYIIYX": -0.011519356960703608,
        "YXIIYY": 0.011519356960703608,
        "XYIIYY": 0.011519356960703608,
        "YXIIXX": -0.011519356960703608,
        "XYIIXX": -0.011519356960703608,
        "XXIIXY": 0.011519356960703608,
        "YYIIXY": -0.011519356960703608
      }
    },
    "hf_method_fallback": "standard",
    "generation_time_s": 0.039,
    "timestamp": "2026-04-03T21:43:53.889870+00:00",
    "formula_latex": "$\\mathrm{H_{3}^{+}}$"
  }
}