{
  "hamiltonian": {
    "IIIIII": -0.7601794046738308,
    "IIIIZZ": 0.13799713777681658,
    "IIZZII": 0.13799713741938271,
    "ZIIIIZ": 0.11246608214419733,
    "IZIIZI": 0.11246608214419733,
    "ZIIZII": 0.11246606384261731,
    "IZZIII": 0.11246606384261731,
    "ZZIIII": 0.11193562655370161,
    "ZIIIII": 0.10625792924448003,
    "IZIIII": 0.10625792924448002,
    "IIIZZI": 0.09261748365502215,
    "IIZIIZ": 0.09261748365502215,
    "IZIIIZ": 0.07180824485911402,
    "ZIIIZI": 0.07180824485911402,
    "IZIZII": 0.07180823127644742,
    "ZIZIII": 0.07180823127644742,
    "IIIZIZ": 0.06992763823201381,
    "IIZIZI": 0.06992763823201381,
    "YYIIXX": -0.040657837285083306,
    "YXIIXY": 0.040657837285083306,
    "XYIIYX": 0.040657837285083306,
    "XXIIYY": -0.040657837285083306,
    "XXYYII": -0.040657832566169894,
    "YYXXII": -0.040657832566169894,
    "YXXYII": 0.040657832566169894,
    "XYYXII": 0.040657832566169894,
    "YZYYZY": -0.03003229024387872,
    "YZYXZX": -0.03003229024387872,
    "XZXYZY": -0.03003229024387872,
    "XZXXZX": -0.03003229024387872,
    "IXXYYI": 0.03003229024387872,
    "IYYXXI": 0.03003229024387872,
    "IYXXYI": -0.03003229024387872,
    "IXYYXI": -0.03003229024387872,
    "IXIZZX": 0.0300322804644146,
    "IYIZZY": 0.0300322804644146,
    "XZZIXI": 0.0300322804644146,
    "YZZIYI": 0.0300322804644146,
    "XZZZXZ": -0.030032279816591824,
    "YZZZYZ": -0.030032279816591824,
    "IYZZIY": -0.030032279816591824,
    "IXZZIX": -0.030032279816591824,
    "IIXYYX": 0.022689845423008344,
    "IIXXYY": -0.022689845423008344,
    "IIYYXX": -0.022689845423008344,
    "IIYXXY": 0.022689845423008344,
    "IIIIIZ": -0.004940957540514795,
    "IIIIZI": -0.004940957540514795,
    "IIIZII": -0.004940893673815588,
    "IIZIII": -0.004940893673815588,
    "IYZZZY": -1.34464864624817e-08,
    "IXZZZX": -1.34464864624817e-08,
    "YZZZYI": -1.34464864624817e-08,
    "XZZZXI": -1.34464864624817e-08,
    "ZYZZZY": -1.280382020824565e-08,
    "ZXZZZX": -1.280382020824565e-08,
    "YIZZYI": -1.280382020824565e-08,
    "XIZZXI": -1.280382020824565e-08
  },
  "data": {
    "molecule_id": "H3+_singlet_D3h",
    "qubit_encoding": "JW",
    "unit": "Angstrom",
    "basis": "sto-3g",
    "charge": 1,
    "multiplicity": 1,
    "spin": 0,
    "geometry": "H 0.0000000000 1.0383726667 0.0000000000\nH 0.8992578000 -0.5191868333 0.0000000000\nH -0.8992578000 -0.5191868333 0.0000000000",
    "n_qubits": 6,
    "n_particles": {
      "total": 2,
      "alpha": 1,
      "beta": 1
    },
    "hf_array": [
      1,
      1,
      0,
      0,
      0,
      0
    ],
    "hf_method": "pyscf.scf.hf_symm.SymAdaptedRHF",
    "convergence_threshold": 1e-06,
    "point_group": {
      "groupname": "C2v",
      "topgroup": "C2v"
    },
    "alpha": 2.1,
    "calculated_properties": {
      "HF": {
        "energy": -1.0165360643122314,
        "converged": true
      },
      "MP2": {
        "energy": -1.069109297937696,
        "converged": false
      },
      "CISD": {
        "energy": -1.0922959124866438,
        "converged": true
      },
      "CCSD": {
        "energy": -1.0922959125050762,
        "converged": true,
        "t1_diagnostic": 4.796315500796806e-08
      },
      "FCI": {
        "energy": -1.0922959124866414,
        "converged": true,
        "spin_matches_target": true,
        "multiplicity": 1.0,
        "oscillatory_converged": false,
        "oscillation_energy_change": null
      }
    },
    "auxiliary_operators": {
      "number_operator": {
        "IIIIII": 3.0,
        "ZIIIII": -0.5,
        "IZIIII": -0.5,
        "IIZIII": -0.5,
        "IIIZII": -0.5,
        "IIIIZI": -0.5,
        "IIIIIZ": -0.5
      },
      "N_alpha": {
        "IIIIII": 1.5,
        "ZIIIII": -0.5,
        "IIZIII": -0.5,
        "IIIIZI": -0.5
      },
      "N_beta": {
        "IIIIII": 1.5,
        "IZIIII": -0.5,
        "IIIZII": -0.5,
        "IIIIIZ": -0.5
      },
      "S^2_operator": {
        "IIIIII": 1.125,
        "ZZIIII": -0.375,
        "IIIIZZ": -0.375,
        "IIZZII": -0.375,
        "IIXXXX": 0.125,
        "IIYYYY": 0.125,
        "IIYYXX": 0.125,
        "IIXYYX": -0.125,
        "IIXYXY": 0.125,
        "ZIZIII": 0.125,
        "ZIIIZI": 0.125,
        "ZIIIIZ": -0.125,
        "IZZIII": -0.125,
        "IZIZII": 0.125,
        "IZIIZI": -0.125,
        "IZIIIZ": 0.125,
        "IIZIZI": 0.125,
        "IIZIIZ": -0.125,
        "ZIIZII": -0.125,
        "IIXXYY": 0.125,
        "IIYXYX": 0.125,
        "IIIZZI": -0.125,
        "YXYXII": 0.125,
        "YXXYII": -0.125,
        "XXYYII": 0.125,
        "XXXXII": 0.125,
        "YYYYII": 0.125,
        "YYXXII": 0.125,
        "XYYXII": -0.125,
        "IIYXXY": -0.125,
        "XYXYII": 0.125,
        "YXIIXY": -0.125,
        "XXIIYY": 0.125,
        "XXIIXX": 0.125,
        "YYIIYY": 0.125,
        "YYIIXX": 0.125,
        "XYIIYX": -0.125,
        "XYIIXY": 0.125,
        "YXIIYX": 0.125,
        "IIIZIZ": 0.125
      },
      "UCCSD_operator": {
        "XYXXII": -0.02911487617728368,
        "XXYXII": 0.02911487617728368,
        "YYYXII": -0.02911487617728368,
        "YXYYII": 0.02911487617728368,
        "XYYYII": 0.02911487617728368,
        "YXXXII": -0.02911487617728368,
        "XXXYII": 0.02911487617728368,
        "YYXYII": -0.02911487617728368,
        "XYIIXX": -0.029114866266139263,
        "YXIIXX": -0.029114866266139263,
        "XYIIYY": 0.029114866266139263,
        "YXIIYY": 0.029114866266139263,
        "YYIIYX": -0.029114866266139263,
        "YYIIXY": -0.029114866266139263,
        "XXIIXY": 0.029114866266139263,
        "XXIIYX": 0.029114866266139263,
        "IXZZZY": 3.377494392133542e-08,
        "IYZZZX": -3.377494392133542e-08,
        "XZZZYI": 3.377494392133542e-08,
        "YZZZXI": -3.377494392133542e-08
      }
    },
    "hf_method_fallback": "standard",
    "generation_time_s": 0.022,
    "timestamp": "2026-04-03T21:43:54.118010+00:00",
    "formula_latex": "$\\mathrm{H_{3}^{+}}$"
  }
}