{
  "hamiltonian": {
    "IIIIII": -0.7439049251806918,
    "IIIIZZ": 0.14006478925795848,
    "IIZZII": 0.14006478835380756,
    "ZIIIIZ": 0.1147431229498326,
    "IZIIZI": 0.1147431229498326,
    "ZIIZII": 0.11474310477514846,
    "IZZIII": 0.11474310477514846,
    "ZZIIII": 0.11452525888526915,
    "IZIIII": 0.11376240521985703,
    "ZIIIII": 0.11376240521985703,
    "IIIZZI": 0.09523393091348295,
    "IIZIIZ": 0.09523393091348295,
    "IZIIIZ": 0.07478839268040846,
    "ZIIIZI": 0.07478839268040846,
    "IZIZII": 0.074788378912624,
    "ZIZIII": 0.074788378912624,
    "IIIZIZ": 0.07281848367168786,
    "IIZIZI": 0.07281848367168786,
    "YYIIXX": -0.03995473026942413,
    "YXIIXY": 0.03995473026942413,
    "XYIIYX": 0.03995473026942413,
    "XXIIYY": -0.03995473026942413,
    "XXYYII": -0.03995472586252446,
    "YYXXII": -0.03995472586252446,
    "YXXYII": 0.03995472586252446,
    "XYYXII": 0.03995472586252446,
    "YZYYZY": -0.029504186601826986,
    "YZYXZX": -0.029504186601826986,
    "XZXYZY": -0.029504186601826986,
    "XZXXZX": -0.029504186601826986,
    "IXXYYI": 0.029504186601826986,
    "IYYXXI": 0.029504186601826986,
    "IYXXYI": -0.029504186601826986,
    "IXYYXI": -0.029504186601826986,
    "IXIZZX": 0.029504176662062138,
    "IYIZZY": 0.029504176662062138,
    "XZZIXI": 0.029504176662062138,
    "YZZIYI": 0.029504176662062138,
    "XZZZXZ": -0.02950417653776648,
    "YZZZYZ": -0.02950417653776648,
    "IYZZIY": -0.02950417653776648,
    "IXZZIX": -0.02950417653776648,
    "IIXYYX": 0.02241544724179508,
    "IIXXYY": -0.02241544724179508,
    "IIYYXX": -0.02241544724179508,
    "IIYXXY": 0.02241544724179508,
    "IIIIIZ": -0.011420260494299395,
    "IIIIZI": -0.011420260494299284,
    "IIIZII": -0.011420190180437606,
    "IIZIII": -0.011420190180437606,
    "IYZZZY": -1.2993266042954366e-08,
    "IXZZZX": -1.2993266042954366e-08,
    "YZZZYI": -1.2993266042954366e-08,
    "XZZZXI": -1.2993266042954366e-08,
    "YIZZYI": -1.2870345559261164e-08,
    "XIZZXI": -1.2870345559261164e-08,
    "ZYZZZY": -1.2870345559261163e-08,
    "ZXZZZX": -1.2870345559261163e-08
  },
  "data": {
    "molecule_id": "H3+_singlet_D3h",
    "qubit_encoding": "JW",
    "unit": "Angstrom",
    "basis": "sto-3g",
    "charge": 1,
    "multiplicity": 1,
    "spin": 0,
    "geometry": "H 0.0000000000 0.9889263333 0.0000000000\nH 0.8564360000 -0.4944636667 0.0000000000\nH -0.8564360000 -0.4944636667 0.0000000000",
    "n_qubits": 6,
    "n_particles": {
      "total": 2,
      "alpha": 1,
      "beta": 1
    },
    "hf_array": [
      1,
      1,
      0,
      0,
      0,
      0
    ],
    "hf_method": "pyscf.scf.hf_symm.SymAdaptedRHF",
    "convergence_threshold": 1e-06,
    "point_group": {
      "groupname": "C2v",
      "topgroup": "D3h"
    },
    "alpha": 2.0,
    "calculated_properties": {
      "HF": {
        "energy": -1.04447696993853,
        "converged": true
      },
      "MP2": {
        "energy": -1.0915791811303548,
        "converged": false
      },
      "CISD": {
        "energy": -1.113056608172923,
        "converged": true
      },
      "CCSD": {
        "energy": -1.1130566081902433,
        "converged": true
      },
      "FCI": {
        "energy": -1.113056608172921,
        "converged": true,
        "spin_matches_target": true,
        "multiplicity": 1.0,
        "oscillatory_converged": false,
        "oscillation_energy_change": null
      }
    },
    "auxiliary_operators": {
      "number_operator": {
        "IIIIII": 3.0,
        "ZIIIII": -0.5,
        "IZIIII": -0.5,
        "IIZIII": -0.5,
        "IIIZII": -0.5,
        "IIIIZI": -0.5,
        "IIIIIZ": -0.5
      },
      "N_alpha": {
        "IIIIII": 1.5,
        "ZIIIII": -0.5,
        "IIZIII": -0.5,
        "IIIIZI": -0.5
      },
      "N_beta": {
        "IIIIII": 1.5,
        "IZIIII": -0.5,
        "IIIZII": -0.5,
        "IIIIIZ": -0.5
      },
      "S^2_operator": {
        "IIIIII": 1.125,
        "ZZIIII": -0.375,
        "IIIIZZ": -0.375,
        "IIZZII": -0.375,
        "IIXXXX": 0.125,
        "IIYYYY": 0.125,
        "IIYYXX": 0.125,
        "IIXYYX": -0.125,
        "IIXYXY": 0.125,
        "ZIZIII": 0.125,
        "ZIIIZI": 0.125,
        "ZIIIIZ": -0.125,
        "IZZIII": -0.125,
        "IZIZII": 0.125,
        "IZIIZI": -0.125,
        "IZIIIZ": 0.125,
        "IIZIZI": 0.125,
        "IIZIIZ": -0.125,
        "ZIIZII": -0.125,
        "IIXXYY": 0.125,
        "IIYXYX": 0.125,
        "IIIZZI": -0.125,
        "YXYXII": 0.125,
        "YXXYII": -0.125,
        "XXYYII": 0.125,
        "XXXXII": 0.125,
        "YYYYII": 0.125,
        "YYXXII": 0.125,
        "XYYXII": -0.125,
        "IIYXXY": -0.125,
        "XYXYII": 0.125,
        "YXIIXY": -0.125,
        "XXIIYY": 0.125,
        "XXIIXX": 0.125,
        "YYIIYY": 0.125,
        "YYIIXX": 0.125,
        "XYIIYX": -0.125,
        "XYIIXY": 0.125,
        "YXIIYX": 0.125,
        "IIIZIZ": 0.125
      },
      "UCCSD_operator": {
        "XYXXII": -0.02681927975885745,
        "XXYXII": 0.02681927975885745,
        "YYYXII": -0.02681927975885745,
        "YXYYII": 0.02681927975885745,
        "XYYYII": 0.02681927975885745,
        "YXXXII": -0.02681927975885745,
        "XXXYII": 0.02681927975885745,
        "YYXYII": -0.02681927975885745,
        "XYIIXX": -0.02681927064817607,
        "YXIIXX": -0.02681927064817607,
        "XYIIYY": 0.02681927064817607,
        "YXIIYY": 0.02681927064817607,
        "YYIIYX": -0.02681927064817607,
        "YYIIXY": -0.02681927064817607,
        "XXIIXY": 0.02681927064817607,
        "XXIIYX": 0.02681927064817607,
        "IXZZZY": 2.95600673832701e-08,
        "IYZZZX": -2.95600673832701e-08,
        "XZZZYI": 2.95600673832701e-08,
        "YZZZXI": -2.95600673832701e-08
      }
    },
    "hf_method_fallback": "standard",
    "generation_time_s": 0.022,
    "timestamp": "2026-04-03T21:43:54.095976+00:00",
    "formula_latex": "$\\mathrm{H_{3}^{+}}$"
  }
}