{
  "hamiltonian": {
    "IIIIII": -0.7833952880271835,
    "IIZZII": 0.13427062785725544,
    "IIIIZZ": 0.13427062732467465,
    "ZIIIIZ": 0.10842595181094182,
    "IZIIZI": 0.10842595181094182,
    "ZIIZII": 0.10842593356282423,
    "IZZIII": 0.10842593356282423,
    "ZZIIII": 0.10743037434629817,
    "IZIIII": 0.09305489465716167,
    "ZIIIII": 0.09305489465716156,
    "IIIZZI": 0.08788889803801167,
    "IIZIIZ": 0.08788889803801167,
    "IZIIIZ": 0.06633283836287139,
    "ZIIIZI": 0.06633283836287139,
    "IZIZII": 0.06633282525230991,
    "ZIZIII": 0.06633282525230991,
    "IIIZIZ": 0.06469801481861634,
    "IIZIZI": 0.06469801481861634,
    "YYIIXX": -0.04209311344807042,
    "YXIIXY": 0.04209311344807042,
    "XYIIYX": 0.04209311344807042,
    "XXIIYY": -0.04209311344807042,
    "XXYYII": -0.04209310831051433,
    "YYXXII": -0.04209310831051433,
    "YXXYII": 0.04209310831051433,
    "XYYXII": 0.04209310831051433,
    "YZYYZY": -0.031024286677075536,
    "YZYXZX": -0.031024286677075536,
    "XZXYZY": -0.031024286677075536,
    "XZXXZX": -0.031024286677075536,
    "IXXYYI": 0.031024286677075536,
    "IYYXXI": 0.031024286677075536,
    "IYXXYI": -0.031024286677075536,
    "IXYYXI": -0.031024286677075536,
    "IXIZZX": 0.031024277261236438,
    "IYIZZY": 0.031024277261236438,
    "XZZIXI": 0.031024277261236438,
    "YZZIYI": 0.031024277261236438,
    "XZZZXZ": -0.031024275765438734,
    "YZZZYZ": -0.031024275765438734,
    "IYZZIY": -0.031024275765438734,
    "IXZZIX": -0.031024275765438734,
    "IIXYYX": 0.023190883219395324,
    "IIXXYY": -0.023190883219395324,
    "IIYYXX": -0.023190883219395324,
    "IIYXXY": 0.023190883219395324,
    "IIIZII": 0.005759881779789616,
    "IIZIII": 0.005759881779789505,
    "IIIIIZ": 0.005759829320408916,
    "IIIIZI": 0.005759829320408916,
    "IYZZZY": -1.3999418405769015e-08,
    "IXZZZX": -1.3999418405769015e-08,
    "YZZZYI": -1.3999418405769015e-08,
    "XZZZXI": -1.3999418405769015e-08,
    "YIZZYI": -1.2523845134235752e-08,
    "XIZZXI": -1.2523845134235752e-08,
    "ZYZZZY": -1.252384513423575e-08,
    "ZXZZZX": -1.252384513423575e-08
  },
  "data": {
    "molecule_id": "H3+_singlet_D3h",
    "qubit_encoding": "JW",
    "unit": "Angstrom",
    "basis": "sto-3g",
    "charge": 1,
    "multiplicity": 1,
    "spin": 0,
    "geometry": "H 0.0000000000 1.1372653333 0.0000000000\nH 0.9849014000 -0.5686331667 0.0000000000\nH -0.9849014000 -0.5686331667 0.0000000000",
    "n_qubits": 6,
    "n_particles": {
      "total": 2,
      "alpha": 1,
      "beta": 1
    },
    "hf_array": [
      1,
      1,
      0,
      0,
      0,
      0
    ],
    "hf_method": "pyscf.scf.hf_symm.SymAdaptedRHF",
    "convergence_threshold": 1e-06,
    "point_group": {
      "groupname": "C2v",
      "topgroup": "D3h"
    },
    "alpha": 2.3,
    "calculated_properties": {
      "HF": {
        "energy": -0.9643552978775203,
        "converged": true
      },
      "MP2": {
        "energy": -1.0295910073239247,
        "converged": false
      },
      "CISD": {
        "energy": -1.055537850641248,
        "converged": true
      },
      "CCSD": {
        "energy": -1.0555378506525854,
        "converged": true,
        "t1_diagnostic": 6.153703148676449e-08
      },
      "FCI": {
        "energy": -1.055537850641245,
        "converged": true,
        "spin_matches_target": true,
        "multiplicity": 1.0,
        "oscillatory_converged": false,
        "oscillation_energy_change": null
      }
    },
    "auxiliary_operators": {
      "number_operator": {
        "IIIIII": 3.0,
        "ZIIIII": -0.5,
        "IZIIII": -0.5,
        "IIZIII": -0.5,
        "IIIZII": -0.5,
        "IIIIZI": -0.5,
        "IIIIIZ": -0.5
      },
      "N_alpha": {
        "IIIIII": 1.5,
        "ZIIIII": -0.5,
        "IIZIII": -0.5,
        "IIIIZI": -0.5
      },
      "N_beta": {
        "IIIIII": 1.5,
        "IZIIII": -0.5,
        "IIIZII": -0.5,
        "IIIIIZ": -0.5
      },
      "S^2_operator": {
        "IIIIII": 1.125,
        "ZZIIII": -0.375,
        "IIIIZZ": -0.375,
        "IIZZII": -0.375,
        "IIXXXX": 0.125,
        "IIYYYY": 0.125,
        "IIYYXX": 0.125,
        "IIXYYX": -0.125,
        "IIXYXY": 0.125,
        "ZIZIII": 0.125,
        "ZIIIZI": 0.125,
        "ZIIIIZ": -0.125,
        "IZZIII": -0.125,
        "IZIZII": 0.125,
        "IZIIZI": -0.125,
        "IZIIIZ": 0.125,
        "IIZIZI": 0.125,
        "IIZIIZ": -0.125,
        "ZIIZII": -0.125,
        "IIXXYY": 0.125,
        "IIYXYX": 0.125,
        "IIIZZI": -0.125,
        "YXYXII": 0.125,
        "YXXYII": -0.125,
        "XXYYII": 0.125,
        "XXXXII": 0.125,
        "YYYYII": 0.125,
        "YYXXII": 0.125,
        "XYYXII": -0.125,
        "IIYXXY": -0.125,
        "XYXYII": 0.125,
        "YXIIXY": -0.125,
        "XXIIYY": 0.125,
        "XXIIXX": 0.125,
        "YYIIYY": 0.125,
        "YYIIXX": 0.125,
        "XYIIYX": -0.125,
        "XYIIXY": 0.125,
        "YXIIYX": 0.125,
        "IIIZIZ": 0.125
      },
      "UCCSD_operator": {
        "XYXXII": -0.033847050152802545,
        "XXYXII": 0.033847050152802545,
        "YYYXII": -0.033847050152802545,
        "YXYYII": 0.033847050152802545,
        "XYYYII": 0.033847050152802545,
        "YXXXII": -0.033847050152802545,
        "XXXYII": 0.033847050152802545,
        "YYXYII": -0.033847050152802545,
        "XYIIXX": -0.03384703837375113,
        "YXIIXX": -0.03384703837375113,
        "XYIIYY": 0.03384703837375113,
        "YXIIYY": 0.03384703837375113,
        "YYIIYX": -0.03384703837375113,
        "YYIIXY": -0.03384703837375113,
        "XXIIXY": 0.03384703837375113,
        "XXIIYX": 0.03384703837375113,
        "IXZZZY": 4.248479694264738e-08,
        "IYZZZX": -4.248479694264738e-08,
        "XZZZYI": 4.248479694264738e-08,
        "YZZZXI": -4.248479694264738e-08
      }
    },
    "hf_method_fallback": "standard",
    "generation_time_s": 0.021,
    "timestamp": "2026-04-03T21:43:54.162905+00:00",
    "formula_latex": "$\\mathrm{H_{3}^{+}}$"
  }
}