{
  "hamiltonian": {
    "IIIIII": 0.6903109523794271,
    "ZIIIII": 0.3242070520651679,
    "IZIIII": 0.32420705206516787,
    "IIIIIZ": -0.2419511964484283,
    "IIIIZI": -0.24195119644842827,
    "IIIZII": -0.24195100182606866,
    "IIZIII": -0.24195100182606863,
    "IIIIZZ": 0.18115116333390305,
    "IIZZII": 0.18115115661480855,
    "ZZIIII": 0.16995319179684887,
    "ZIIIIZ": 0.16499438168316855,
    "IZIIZI": 0.16499438168316855,
    "ZIIZII": 0.16499437287174354,
    "IZZIII": 0.16499437287174354,
    "IIIZZI": 0.15042662928644984,
    "IIZIIZ": 0.15042662928644984,
    "IIZIZI": 0.13506435726207824,
    "IIIZIZ": 0.13506435726207824,
    "IZIIIZ": 0.12848369698108233,
    "ZIIIZI": 0.12848369698108233,
    "IZIZII": 0.12848368779510222,
    "ZIZIII": 0.12848368779510222,
    "YXXYII": 0.03651068507664133,
    "YYXXII": -0.03651068507664133,
    "XYYXII": 0.03651068507664133,
    "XXYYII": -0.03651068507664133,
    "XXIIYY": -0.03651068470208624,
    "XYIIYX": 0.03651068470208624,
    "YXIIXY": 0.03651068470208624,
    "YYIIXX": -0.03651068470208624,
    "YZYXZX": -0.01865290942692257,
    "IXYYXI": -0.01865290942692257,
    "IXXYYI": 0.01865290942692257,
    "YZYYZY": -0.01865290942692257,
    "IYXXYI": -0.01865290942692257,
    "IYYXXI": 0.01865290942692257,
    "XZXXZX": -0.01865290942692257,
    "XZXYZY": -0.01865290942692257,
    "IYZZIY": -0.018652908473434038,
    "IXZZIX": -0.018652908473434038,
    "XZZZXZ": -0.018652908473434038,
    "YZZZYZ": -0.018652908473434038,
    "XZZIXI": 0.018652901084221393,
    "IXIZZX": 0.018652901084221393,
    "IYIZZY": 0.018652901084221393,
    "YZZIYI": 0.018652901084221393,
    "IIXXYY": -0.01536227202437163,
    "IIXYYX": 0.01536227202437163,
    "IIYXXY": 0.01536227202437163,
    "IIYYXX": -0.01536227202437163,
    "XZZZXI": -1.0615478496234232e-08,
    "YZZZYI": -1.0615478496234232e-08,
    "IXZZZX": -1.0615478496234232e-08,
    "IYZZZY": -1.0615478496234232e-08
  },
  "data": {
    "molecule_id": "H3+_singlet_D3h",
    "qubit_encoding": "JW",
    "unit": "Angstrom",
    "basis": "sto-3g",
    "charge": 1,
    "multiplicity": 1,
    "spin": 0,
    "geometry": "H 0.0000000000 0.3461240000 0.0000000000\nH 0.2997526000 -0.1730625000 0.0000000000\nH -0.2997526000 -0.1730625000 0.0000000000",
    "n_qubits": 6,
    "n_particles": {
      "total": 2,
      "alpha": 1,
      "beta": 1
    },
    "hf_array": [
      1,
      1,
      0,
      0,
      0,
      0
    ],
    "hf_method": "pyscf.scf.hf_symm.SymAdaptedRHF",
    "convergence_threshold": 1e-06,
    "point_group": {
      "groupname": "C2v",
      "topgroup": "D3h"
    },
    "alpha": 0.7,
    "calculated_properties": {
      "HF": {
        "energy": -0.996582342119479,
        "converged": true
      },
      "MP2": {
        "energy": -1.009748120018243,
        "converged": false
      },
      "CISD": {
        "energy": -1.0145357349036508,
        "converged": true
      },
      "CCSD": {
        "energy": -1.0145357699758155,
        "converged": true
      },
      "FCI": {
        "energy": -1.0145357349036517,
        "converged": true,
        "spin_matches_target": true,
        "multiplicity": 1.0,
        "oscillatory_converged": false,
        "oscillation_energy_change": null
      }
    },
    "auxiliary_operators": {
      "number_operator": {
        "IIIIII": 3.0,
        "ZIIIII": -0.5,
        "IZIIII": -0.5,
        "IIZIII": -0.5,
        "IIIZII": -0.5,
        "IIIIZI": -0.5,
        "IIIIIZ": -0.5
      },
      "N_alpha": {
        "IIIIII": 1.5,
        "ZIIIII": -0.5,
        "IIZIII": -0.5,
        "IIIIZI": -0.5
      },
      "N_beta": {
        "IIIIII": 1.5,
        "IZIIII": -0.5,
        "IIIZII": -0.5,
        "IIIIIZ": -0.5
      },
      "S^2_operator": {
        "IIIIII": 1.125,
        "ZZIIII": -0.375,
        "IIIIZZ": -0.375,
        "IIZZII": -0.375,
        "IIXXXX": 0.125,
        "IIYYYY": 0.125,
        "IIYYXX": 0.125,
        "IIXYYX": -0.125,
        "IIXYXY": 0.125,
        "ZIZIII": 0.125,
        "ZIIIZI": 0.125,
        "ZIIIIZ": -0.125,
        "IZZIII": -0.125,
        "IZIZII": 0.125,
        "IZIIZI": -0.125,
        "IZIIIZ": 0.125,
        "IIZIZI": 0.125,
        "IIZIIZ": -0.125,
        "ZIIZII": -0.125,
        "IIXXYY": 0.125,
        "IIYXYX": 0.125,
        "IIIZZI": -0.125,
        "YXYXII": 0.125,
        "YXXYII": -0.125,
        "XXYYII": 0.125,
        "XXXXII": 0.125,
        "YYYYII": 0.125,
        "YYXXII": 0.125,
        "XYYXII": -0.125,
        "IIYXXY": -0.125,
        "XYXYII": 0.125,
        "YXIIXY": -0.125,
        "XXIIYY": 0.125,
        "XXIIXX": 0.125,
        "YYIIYY": 0.125,
        "YYIIXX": 0.125,
        "XYIIYX": -0.125,
        "XYIIXY": 0.125,
        "YXIIYX": 0.125,
        "IIIZIZ": 0.125
      },
      "UCCSD_operator": {
        "XXYXII": 0.007683294831590837,
        "YYYXII": -0.007683294831590837,
        "YXYYII": 0.007683294831590837,
        "XYYYII": 0.007683294831590837,
        "YXXXII": -0.007683294831590837,
        "XYXXII": -0.007683294831590837,
        "XXXYII": 0.007683294831590837,
        "YYXYII": -0.007683294831590837,
        "XXIIYX": 0.00768329229791967,
        "YYIIYX": -0.00768329229791967,
        "YXIIYY": 0.00768329229791967,
        "XYIIYY": 0.00768329229791967,
        "YXIIXX": -0.00768329229791967,
        "XYIIXX": -0.00768329229791967,
        "XXIIXY": 0.00768329229791967,
        "YYIIXY": -0.00768329229791967
      }
    },
    "hf_method_fallback": "standard",
    "generation_time_s": 0.018,
    "timestamp": "2026-04-03T21:43:54.355734+00:00"
  }
}