{
  "hamiltonian": {
    "IIIIII": -0.7731314871278422,
    "IIZZII": 0.1360686936920828,
    "IIIIZZ": 0.1360686935678517,
    "ZIIIIZ": 0.11036500077304026,
    "IZIIZI": 0.11036500077304026,
    "ZIIZII": 0.11036498244984594,
    "IZZIII": 0.11036498244984594,
    "ZZIIII": 0.10957602402741015,
    "ZIIIII": 0.09936913354040969,
    "IZIIII": 0.09936913354040967,
    "IIIZZI": 0.09017335814040911,
    "IIZIIZ": 0.09017335814040911,
    "IZIIIZ": 0.06899168757437103,
    "ZIIIZI": 0.06899168757437103,
    "IZIZII": 0.06899167421366888,
    "ZIZIII": 0.06899167421366888,
    "IIIZIZ": 0.0672256718979746,
    "IIZIZI": 0.0672256718979746,
    "YYIIXX": -0.04137331319866924,
    "YXIIXY": 0.04137331319866924,
    "XYIIYX": 0.04137331319866924,
    "XXIIYY": -0.04137331319866924,
    "XXYYII": -0.041373308236177055,
    "YYXXII": -0.041373308236177055,
    "YXXYII": 0.041373308236177055,
    "XYYXII": 0.041373308236177055,
    "YZYYZY": -0.0305387075365173,
    "YZYXZX": -0.0305387075365173,
    "XZXYZY": -0.0305387075365173,
    "XZXXZX": -0.0305387075365173,
    "IXXYYI": 0.0305387075365173,
    "IYYXXI": 0.0305387075365173,
    "IYXXYI": -0.0305387075365173,
    "IXYYXI": -0.0305387075365173,
    "IXIZZX": 0.030538697932867582,
    "IYIZZY": 0.030538697932867582,
    "XZZIXI": 0.030538697932867582,
    "YZZIYI": 0.030538697932867582,
    "XZZZXZ": -0.03053869682759456,
    "YZZZYZ": -0.03053869682759456,
    "IYZZIY": -0.03053869682759456,
    "IXZZIX": -0.03053869682759456,
    "IIXYYX": 0.022947686242434512,
    "IIXXYY": -0.022947686242434512,
    "IIYYXX": -0.022947686242434512,
    "IIYXXY": 0.022947686242434512,
    "IIIZII": 0.0007557591291114385,
    "IIZIII": 0.0007557591291114385,
    "IIIIIZ": 0.0007557012073056146,
    "IIIIZI": 0.0007557012073056146,
    "IYZZZY": -1.378120548234385e-08,
    "IXZZZX": -1.378120548234385e-08,
    "YZZZYI": -1.378120548234385e-08,
    "XZZZXI": -1.378120548234385e-08,
    "ZYZZZY": -1.2687446798839154e-08,
    "ZXZZZX": -1.2687446798839154e-08,
    "YIZZYI": -1.2687446798839154e-08,
    "XIZZXI": -1.2687446798839154e-08
  },
  "data": {
    "molecule_id": "H3+_singlet_D3h",
    "qubit_encoding": "JW",
    "unit": "Angstrom",
    "basis": "sto-3g",
    "charge": 1,
    "multiplicity": 1,
    "spin": 0,
    "geometry": "H 0.0000000000 1.0878190000 0.0000000000\nH 0.9420796000 -0.5439100000 0.0000000000\nH -0.9420796000 -0.5439100000 0.0000000000",
    "n_qubits": 6,
    "n_particles": {
      "total": 2,
      "alpha": 1,
      "beta": 1
    },
    "hf_array": [
      1,
      1,
      0,
      0,
      0,
      0
    ],
    "hf_method": "pyscf.scf.hf_symm.SymAdaptedRHF",
    "convergence_threshold": 1e-06,
    "point_group": {
      "groupname": "C2v",
      "topgroup": "D3h"
    },
    "alpha": 2.2,
    "calculated_properties": {
      "HF": {
        "energy": -0.989762052193568,
        "converged": true
      },
      "MP2": {
        "energy": -1.0483737020500619,
        "converged": false
      },
      "CISD": {
        "energy": -1.073084592221234,
        "converged": true
      },
      "CCSD": {
        "energy": -1.0730845922382737,
        "converged": true
      },
      "FCI": {
        "energy": -1.0730845922212313,
        "converged": true,
        "spin_matches_target": true,
        "multiplicity": 1.0,
        "oscillatory_converged": false,
        "oscillation_energy_change": null
      }
    },
    "auxiliary_operators": {
      "number_operator": {
        "IIIIII": 3.0,
        "ZIIIII": -0.5,
        "IZIIII": -0.5,
        "IIZIII": -0.5,
        "IIIZII": -0.5,
        "IIIIZI": -0.5,
        "IIIIIZ": -0.5
      },
      "N_alpha": {
        "IIIIII": 1.5,
        "ZIIIII": -0.5,
        "IIZIII": -0.5,
        "IIIIZI": -0.5
      },
      "N_beta": {
        "IIIIII": 1.5,
        "IZIIII": -0.5,
        "IIIZII": -0.5,
        "IIIIIZ": -0.5
      },
      "S^2_operator": {
        "IIIIII": 1.125,
        "ZZIIII": -0.375,
        "IIIIZZ": -0.375,
        "IIZZII": -0.375,
        "IIXXXX": 0.125,
        "IIYYYY": 0.125,
        "IIYYXX": 0.125,
        "IIXYYX": -0.125,
        "IIXYXY": 0.125,
        "ZIZIII": 0.125,
        "ZIIIZI": 0.125,
        "ZIIIIZ": -0.125,
        "IZZIII": -0.125,
        "IZIZII": 0.125,
        "IZIIZI": -0.125,
        "IZIIIZ": 0.125,
        "IIZIZI": 0.125,
        "IIZIIZ": -0.125,
        "ZIIZII": -0.125,
        "IIXXYY": 0.125,
        "IIYXYX": 0.125,
        "IIIZZI": -0.125,
        "YXYXII": 0.125,
        "YXXYII": -0.125,
        "XXYYII": 0.125,
        "XXXXII": 0.125,
        "YYYYII": 0.125,
        "YYXXII": 0.125,
        "XYYXII": -0.125,
        "IIYXXY": -0.125,
        "XYXYII": 0.125,
        "YXIIXY": -0.125,
        "XXIIYY": 0.125,
        "XXIIXX": 0.125,
        "YYIIYY": 0.125,
        "YYIIXX": 0.125,
        "XYIIYX": -0.125,
        "XYIIXY": 0.125,
        "YXIIYX": 0.125,
        "IIIZIZ": 0.125
      },
      "UCCSD_operator": {
        "XYXXII": -0.031467506203539684,
        "XXYXII": 0.031467506203539684,
        "YYYXII": -0.031467506203539684,
        "YXYYII": 0.031467506203539684,
        "XYYYII": 0.031467506203539684,
        "YXXXII": -0.031467506203539684,
        "XXXYII": 0.031467506203539684,
        "YYXYII": -0.031467506203539684,
        "XYIIXX": -0.031467495401265026,
        "YXIIXX": -0.031467495401265026,
        "XYIIYY": 0.031467495401265026,
        "YXIIYY": 0.031467495401265026,
        "YYIIYX": -0.031467495401265026,
        "YYIIXY": -0.031467495401265026,
        "XXIIXY": 0.031467495401265026,
        "XXIIYX": 0.031467495401265026,
        "IXZZZY": 3.8116219002381746e-08,
        "IYZZZX": -3.8116219002381746e-08,
        "XZZZYI": 3.8116219002381746e-08,
        "YZZZXI": -3.8116219002381746e-08
      }
    },
    "hf_method_fallback": "standard",
    "generation_time_s": 0.023,
    "timestamp": "2026-04-03T21:43:54.141039+00:00",
    "formula_latex": "$\\mathrm{H_{3}^{+}}$"
  }
}