{
  "hamiltonian": {
    "IIIIII": -0.7978483497725426,
    "IIZZII": 0.13102933289562665,
    "IIIIZZ": 0.13102933177402448,
    "ZIIIIZ": 0.10498100320217688,
    "IZIIZI": 0.10498100320217688,
    "ZIIZII": 0.10498098535438516,
    "IZZIII": 0.10498098535438516,
    "ZZIIII": 0.10371555381559652,
    "IIIZZI": 0.08375098054791544,
    "IIZIIZ": 0.08375098054791544,
    "IZIIII": 0.08200774444541634,
    "ZIIIII": 0.08200774444541631,
    "IZIIIZ": 0.061461816882771886,
    "ZIIIZI": 0.061461816882771886,
    "IZIZII": 0.06146180432809786,
    "ZIZIII": 0.06146180432809786,
    "IIIZIZ": 0.0601117865848676,
    "IIZIZI": 0.0601117865848676,
    "YYIIXX": -0.04351918631940499,
    "YXIIXY": 0.04351918631940499,
    "XYIIYX": 0.04351918631940499,
    "XXIIYY": -0.04351918631940499,
    "XXYYII": -0.043519181026287296,
    "YYXXII": -0.043519181026287296,
    "YXXYII": 0.043519181026287296,
    "XYYXII": 0.043519181026287296,
    "YZYYZY": -0.031935154820955866,
    "YZYXZX": -0.031935154820955866,
    "XZXYZY": -0.031935154820955866,
    "XZXXZX": -0.031935154820955866,
    "IXXYYI": 0.031935154820955866,
    "IYYXXI": 0.031935154820955866,
    "IYXXYI": -0.031935154820955866,
    "IXYYXI": -0.031935154820955866,
    "IXIZZX": 0.031935145805551624,
    "IYIZZY": 0.031935145805551624,
    "XZZIXI": 0.031935145805551624,
    "YZZIYI": 0.031935145805551624,
    "XZZZXZ": -0.03193514372383005,
    "YZZZYZ": -0.03193514372383005,
    "IYZZIY": -0.03193514372383005,
    "IXZZIX": -0.03193514372383005,
    "IIXYYX": 0.023639193963047832,
    "IIXXYY": -0.023639193963047832,
    "IIYYXX": -0.023639193963047832,
    "IIYXXY": 0.023639193963047832,
    "IIIZII": 0.014005423234931924,
    "IIZIII": 0.014005423234931924,
    "IIIIIZ": 0.014005380348265845,
    "IIIIZI": 0.014005380348265845,
    "IYZZZY": -1.4110949492218694e-08,
    "IXZZZX": -1.4110949492218694e-08,
    "YZZZYI": -1.4110949492218694e-08,
    "XZZZXI": -1.4110949492218694e-08,
    "ZYZZZY": -1.2070474420372281e-08,
    "ZXZZZX": -1.2070474420372281e-08,
    "YIZZYI": -1.2070474420372281e-08,
    "XIZZXI": -1.2070474420372281e-08
  },
  "data": {
    "molecule_id": "H3+_singlet_D3h",
    "qubit_encoding": "JW",
    "unit": "Angstrom",
    "basis": "sto-3g",
    "charge": 1,
    "multiplicity": 1,
    "spin": 0,
    "geometry": "H 0.0000000000 1.2361580000 0.0000000000\nH 1.0705450000 -0.6180795000 0.0000000000\nH -1.0705450000 -0.6180795000 0.0000000000",
    "n_qubits": 6,
    "n_particles": {
      "total": 2,
      "alpha": 1,
      "beta": 1
    },
    "hf_array": [
      1,
      1,
      0,
      0,
      0,
      0
    ],
    "hf_method": "pyscf.scf.hf_symm.SymAdaptedRHF",
    "convergence_threshold": 1e-06,
    "point_group": {
      "groupname": "C2v",
      "topgroup": "D3h"
    },
    "alpha": 2.5,
    "calculated_properties": {
      "HF": {
        "energy": -0.91811369828103,
        "converged": true
      },
      "MP2": {
        "energy": -0.9983972166077562,
        "converged": false
      },
      "CISD": {
        "energy": -1.025515292433968,
        "converged": true
      },
      "CCSD": {
        "energy": -1.0255152924374253,
        "converged": true
      },
      "FCI": {
        "energy": -1.0255152924339646,
        "converged": true,
        "spin_matches_target": true,
        "multiplicity": 1.0,
        "oscillatory_converged": false,
        "oscillation_energy_change": null
      }
    },
    "auxiliary_operators": {
      "number_operator": {
        "IIIIII": 3.0,
        "ZIIIII": -0.5,
        "IZIIII": -0.5,
        "IIZIII": -0.5,
        "IIIZII": -0.5,
        "IIIIZI": -0.5,
        "IIIIIZ": -0.5
      },
      "N_alpha": {
        "IIIIII": 1.5,
        "ZIIIII": -0.5,
        "IIZIII": -0.5,
        "IIIIZI": -0.5
      },
      "N_beta": {
        "IIIIII": 1.5,
        "IZIIII": -0.5,
        "IIIZII": -0.5,
        "IIIIIZ": -0.5
      },
      "S^2_operator": {
        "IIIIII": 1.125,
        "ZZIIII": -0.375,
        "IIIIZZ": -0.375,
        "IIZZII": -0.375,
        "IIXXXX": 0.125,
        "IIYYYY": 0.125,
        "IIYYXX": 0.125,
        "IIXYYX": -0.125,
        "IIXYXY": 0.125,
        "ZIZIII": 0.125,
        "ZIIIZI": 0.125,
        "ZIIIIZ": -0.125,
        "IZZIII": -0.125,
        "IZIZII": 0.125,
        "IZIIZI": -0.125,
        "IZIIIZ": 0.125,
        "IIZIZI": 0.125,
        "IIZIIZ": -0.125,
        "ZIIZII": -0.125,
        "IIXXYY": 0.125,
        "IIYXYX": 0.125,
        "IIIZZI": -0.125,
        "YXYXII": 0.125,
        "YXXYII": -0.125,
        "XXYYII": 0.125,
        "XXXXII": 0.125,
        "YYYYII": 0.125,
        "YYXXII": 0.125,
        "XYYXII": -0.125,
        "IIYXXY": -0.125,
        "XYXYII": 0.125,
        "YXIIXY": -0.125,
        "XXIIYY": 0.125,
        "XXIIXX": 0.125,
        "YYIIYY": 0.125,
        "YYIIXX": 0.125,
        "XYIIYX": -0.125,
        "XYIIXY": 0.125,
        "YXIIYX": 0.125,
        "IIIZIZ": 0.125
      },
      "UCCSD_operator": {
        "XYXXII": -0.038561160159496476,
        "XXYXII": 0.038561160159496476,
        "YYYXII": -0.038561160159496476,
        "YXYYII": 0.038561160159496476,
        "XYYYII": 0.038561160159496476,
        "YXXXII": -0.038561160159496476,
        "XXXYII": 0.038561160159496476,
        "YYXYII": -0.038561160159496476,
        "XYIIXX": -0.03856114623802947,
        "YXIIXX": -0.03856114623802947,
        "XYIIYY": 0.03856114623802947,
        "YXIIYY": 0.03856114623802947,
        "YYIIYX": -0.03856114623802947,
        "YYIIXY": -0.03856114623802947,
        "XXIIXY": 0.03856114623802947,
        "XXIIYX": 0.03856114623802947,
        "IXZZZY": 5.089113188213018e-08,
        "IYZZZX": -5.089113188213018e-08,
        "XZZZYI": 5.089113188213018e-08,
        "YZZZXI": -5.089113188213018e-08
      }
    },
    "hf_method_fallback": "standard",
    "generation_time_s": 0.022,
    "timestamp": "2026-04-03T21:43:54.208781+00:00"
  }
}