{
  "hamiltonian": {
    "IIIIII": -0.69813908139727,
    "IIIIZZ": 0.1446482358873675,
    "IIZZII": 0.14464823375324148,
    "IZIIII": 0.1308273085555454,
    "ZIIIII": 0.13082730855554536,
    "ZZIIII": 0.12045381384766554,
    "IZIIZI": 0.11988188812502444,
    "ZIIIIZ": 0.11988188812502444,
    "ZIIZII": 0.11988187054390016,
    "IZZIII": 0.11988187054390016,
    "IIZIIZ": 0.10103523939595163,
    "IIIZZI": 0.10103523939595163,
    "ZIIIZI": 0.0812580745734525,
    "IZIIIZ": 0.0812580745734525,
    "IZIZII": 0.08125806058569927,
    "ZIZIII": 0.08125806058569927,
    "IIZIZI": 0.0792287240582217,
    "IIIZIZ": 0.0792287240582217,
    "XXIIYY": -0.03862381355157195,
    "XYIIYX": 0.03862381355157195,
    "YXIIXY": 0.03862381355157195,
    "YYIIXX": -0.03862381355157195,
    "XYYXII": 0.03862380995820088,
    "YYXXII": -0.03862380995820088,
    "XXYYII": -0.03862380995820088,
    "YXXYII": 0.03862380995820088,
    "XZXXZX": -0.02837743282575015,
    "IYXXYI": -0.02837743282575015,
    "YZYYZY": -0.02837743282575015,
    "YZYXZX": -0.02837743282575015,
    "XZXYZY": -0.02837743282575015,
    "IXXYYI": 0.02837743282575015,
    "IYYXXI": 0.02837743282575015,
    "IXYYXI": -0.02837743282575015,
    "IXZZIX": -0.02837742373522915,
    "IYZZIY": -0.02837742373522915,
    "XZZZXZ": -0.02837742373522915,
    "YZZZYZ": -0.02837742373522915,
    "XZZIXI": 0.028377422629578406,
    "IXIZZX": 0.028377422629578406,
    "IYIZZY": 0.028377422629578406,
    "YZZIYI": 0.028377422629578406,
    "IIIIZI": -0.027137134646153777,
    "IIIIIZ": -0.027137134646153777,
    "IIIZII": -0.027137049896613974,
    "IIZIII": -0.027137049896613974,
    "IIXXYY": -0.02180651533772994,
    "IIXYYX": 0.02180651533772994,
    "IIYYXX": -0.02180651533772994,
    "IIYXXY": 0.02180651533772994,
    "YIZZYI": -1.284704546860748e-08,
    "XIZZXI": -1.284704546860748e-08,
    "ZXZZZX": -1.2847045468607479e-08,
    "ZYZZZY": -1.2847045468607479e-08,
    "YZIZYI": -1.019617174372045e-08,
    "IXZIZX": -1.019617174372045e-08,
    "IYZIZY": -1.019617174372045e-08,
    "XZIZXI": -1.019617174372045e-08
  },
  "data": {
    "molecule_id": "H3+_singlet_D3h",
    "qubit_encoding": "JW",
    "unit": "Angstrom",
    "basis": "sto-3g",
    "charge": 1,
    "multiplicity": 1,
    "spin": 0,
    "geometry": "H 0.0000000000 0.8900336667 0.0000000000\nH 0.7707924000 -0.4450173333 0.0000000000\nH -0.7707924000 -0.4450173333 0.0000000000",
    "n_qubits": 6,
    "n_particles": {
      "total": 2,
      "alpha": 1,
      "beta": 1
    },
    "hf_array": [
      1,
      1,
      0,
      0,
      0,
      0
    ],
    "hf_method": "pyscf.scf.hf_symm.SymAdaptedRHF",
    "convergence_threshold": 1e-06,
    "point_group": {
      "groupname": "C2v",
      "topgroup": "D3h"
    },
    "alpha": 1.8,
    "calculated_properties": {
      "HF": {
        "energy": -1.102623644853428,
        "converged": true
      },
      "MP2": {
        "energy": -1.1403885253690336,
        "converged": false
      },
      "CISD": {
        "energy": -1.1582480833876814,
        "converged": true
      },
      "CCSD": {
        "energy": -1.1582480833977937,
        "converged": true
      },
      "FCI": {
        "energy": -1.1582480833876811,
        "converged": true,
        "spin_matches_target": true,
        "multiplicity": 1.0,
        "oscillatory_converged": false,
        "oscillation_energy_change": null
      }
    },
    "auxiliary_operators": {
      "number_operator": {
        "IIIIII": 3.0,
        "ZIIIII": -0.5,
        "IZIIII": -0.5,
        "IIZIII": -0.5,
        "IIIZII": -0.5,
        "IIIIZI": -0.5,
        "IIIIIZ": -0.5
      },
      "N_alpha": {
        "IIIIII": 1.5,
        "ZIIIII": -0.5,
        "IIZIII": -0.5,
        "IIIIZI": -0.5
      },
      "N_beta": {
        "IIIIII": 1.5,
        "IZIIII": -0.5,
        "IIIZII": -0.5,
        "IIIIIZ": -0.5
      },
      "S^2_operator": {
        "IIIIII": 1.125,
        "ZZIIII": -0.375,
        "IIIIZZ": -0.375,
        "IIZZII": -0.375,
        "IIXXXX": 0.125,
        "IIYYYY": 0.125,
        "IIYYXX": 0.125,
        "IIXYYX": -0.125,
        "IIXYXY": 0.125,
        "ZIZIII": 0.125,
        "ZIIIZI": 0.125,
        "ZIIIIZ": -0.125,
        "IZZIII": -0.125,
        "IZIZII": 0.125,
        "IZIIZI": -0.125,
        "IZIIIZ": 0.125,
        "IIZIZI": 0.125,
        "IIZIIZ": -0.125,
        "ZIIZII": -0.125,
        "IIXXYY": 0.125,
        "IIYXYX": 0.125,
        "IIIZZI": -0.125,
        "YXYXII": 0.125,
        "YXXYII": -0.125,
        "XXYYII": 0.125,
        "XXXXII": 0.125,
        "YYYYII": 0.125,
        "YYXXII": 0.125,
        "XYYXII": -0.125,
        "IIYXXY": -0.125,
        "XYXYII": 0.125,
        "YXIIXY": -0.125,
        "XXIIYY": 0.125,
        "XXIIXX": 0.125,
        "YYIIYY": 0.125,
        "YYIIXX": 0.125,
        "XYIIYX": -0.125,
        "XYIIXY": 0.125,
        "YXIIYX": 0.125,
        "IIIZIZ": 0.125
      },
      "UCCSD_operator": {
        "XYXXII": -0.022502491665736504,
        "XXYXII": 0.022502491665736504,
        "YYYXII": -0.022502491665736504,
        "YXYYII": 0.022502491665736504,
        "XYYYII": 0.022502491665736504,
        "YXXXII": -0.022502491665736504,
        "XXXYII": 0.022502491665736504,
        "YYXYII": -0.022502491665736504,
        "XYIIXX": -0.022502483905882012,
        "YXIIXX": -0.022502483905882012,
        "XYIIYY": 0.022502483905882012,
        "YXIIYY": 0.022502483905882012,
        "YYIIYX": -0.022502483905882012,
        "YYIIXY": -0.022502483905882012,
        "XXIIXY": 0.022502483905882012,
        "XXIIYX": 0.022502483905882012,
        "IXZZZY": 2.1825652433007386e-08,
        "IYZZZX": -2.1825652433007386e-08,
        "XZZZYI": 2.1825652433007386e-08,
        "YZZZXI": -2.1825652433007386e-08
      }
    },
    "hf_method_fallback": "standard",
    "generation_time_s": 0.022,
    "timestamp": "2026-04-03T21:43:54.050337+00:00",
    "formula_latex": "$\\mathrm{H_{3}^{+}}$"
  }
}