{
  "hamiltonian": {
    "ZIIIII": 0.26767876262708196,
    "IZIIII": 0.26767876262708196,
    "IIIIIZ": -0.17387742259668099,
    "IIIIZI": -0.17387742259668096,
    "IIZIII": -0.17387725114537095,
    "IIIZII": -0.1738772511453709,
    "IIIIZZ": 0.17300776720337735,
    "IIZZII": 0.17300776072567375,
    "ZZIIII": 0.1596590332508416,
    "ZIIIIZ": 0.1546878268523288,
    "IZIIZI": 0.1546878268523288,
    "IZZIII": 0.15468781607656718,
    "ZIIZII": 0.15468781607656718,
    "IIZIIZ": 0.13883186335154682,
    "IIIZZI": 0.13883186335154682,
    "IIZIZI": 0.12174390388550389,
    "IIIZIZ": 0.12174390388550389,
    "IZIIIZ": 0.11863512614429672,
    "ZIIIZI": 0.11863512614429672,
    "IZIZII": 0.11863511518654365,
    "ZIZIII": 0.11863511518654365,
    "IIIIII": 0.09964428741858987,
    "YYXXII": -0.0360527008900235,
    "YXXYII": 0.0360527008900235,
    "XYYXII": 0.0360527008900235,
    "XXYYII": -0.0360527008900235,
    "XXIIYY": -0.036052700708032064,
    "XYIIYX": 0.036052700708032064,
    "YXIIXY": 0.036052700708032064,
    "YYIIXX": -0.036052700708032064,
    "YZYXZX": -0.02125302536516456,
    "IXYYXI": -0.02125302536516456,
    "IXXYYI": 0.02125302536516456,
    "YZYYZY": -0.02125302536516456,
    "IYXXYI": -0.02125302536516456,
    "IYYXXI": 0.02125302536516456,
    "XZXXZX": -0.02125302536516456,
    "XZXYZY": -0.02125302536516456,
    "IYZZIY": -0.021253023053955645,
    "IXZZIX": -0.021253023053955645,
    "XZZZXZ": -0.021253023053955645,
    "YZZZYZ": -0.021253023053955645,
    "XZZIXI": 0.02125301612687782,
    "IXIZZX": 0.02125301612687782,
    "IYIZZY": 0.02125301612687782,
    "YZZIYI": 0.02125301612687782,
    "IIXXYY": -0.01708795946604293,
    "IIXYYX": 0.01708795946604293,
    "IIYXXY": 0.01708795946604293,
    "IIYYXX": -0.01708795946604293,
    "ZXZZZX": -1.0129506749484067e-08,
    "ZYZZZY": -1.0129506749484067e-08,
    "XIZZXI": -1.0129506749484067e-08,
    "YIZZYI": -1.0129506749484067e-08
  },
  "data": {
    "molecule_id": "H3+_singlet_D3h",
    "qubit_encoding": "JW",
    "unit": "Angstrom",
    "basis": "sto-3g",
    "charge": 1,
    "multiplicity": 1,
    "spin": 0,
    "geometry": "H 0.0000000000 0.4450166667 0.0000000000\nH 0.3853962000 -0.2225088333 0.0000000000\nH -0.3853962000 -0.2225088333 0.0000000000",
    "n_qubits": 6,
    "n_particles": {
      "total": 2,
      "alpha": 1,
      "beta": 1
    },
    "hf_array": [
      1,
      1,
      0,
      0,
      0,
      0
    ],
    "hf_method": "pyscf.scf.hf_symm.SymAdaptedRHF",
    "convergence_threshold": 1e-06,
    "point_group": {
      "groupname": "C2v",
      "topgroup": "D3h"
    },
    "alpha": 0.9,
    "calculated_properties": {
      "HF": {
        "energy": -1.1976882581851567,
        "converged": true
      },
      "MP2": {
        "energy": -1.2132481150350383,
        "converged": false
      },
      "CISD": {
        "energy": -1.2194949739818564,
        "converged": true
      },
      "CCSD": {
        "energy": -1.2194950601680863,
        "converged": true
      },
      "FCI": {
        "energy": -1.2194949739818557,
        "converged": true,
        "spin_matches_target": true,
        "multiplicity": 1.0,
        "oscillatory_converged": false,
        "oscillation_energy_change": null
      }
    },
    "auxiliary_operators": {
      "number_operator": {
        "IIIIII": 3.0,
        "ZIIIII": -0.5,
        "IZIIII": -0.5,
        "IIZIII": -0.5,
        "IIIZII": -0.5,
        "IIIIZI": -0.5,
        "IIIIIZ": -0.5
      },
      "N_alpha": {
        "IIIIII": 1.5,
        "ZIIIII": -0.5,
        "IIZIII": -0.5,
        "IIIIZI": -0.5
      },
      "N_beta": {
        "IIIIII": 1.5,
        "IZIIII": -0.5,
        "IIIZII": -0.5,
        "IIIIIZ": -0.5
      },
      "S^2_operator": {
        "IIIIII": 1.125,
        "ZZIIII": -0.375,
        "IIIIZZ": -0.375,
        "IIZZII": -0.375,
        "IIXXXX": 0.125,
        "IIYYYY": 0.125,
        "IIYYXX": 0.125,
        "IIXYYX": -0.125,
        "IIXYXY": 0.125,
        "ZIZIII": 0.125,
        "ZIIIZI": 0.125,
        "ZIIIIZ": -0.125,
        "IZZIII": -0.125,
        "IZIZII": 0.125,
        "IZIIZI": -0.125,
        "IZIIIZ": 0.125,
        "IIZIZI": 0.125,
        "IIZIIZ": -0.125,
        "ZIIZII": -0.125,
        "IIXXYY": 0.125,
        "IIYXYX": 0.125,
        "IIIZZI": -0.125,
        "YXYXII": 0.125,
        "YXXYII": -0.125,
        "XXYYII": 0.125,
        "XXXXII": 0.125,
        "YYYYII": 0.125,
        "YYXXII": 0.125,
        "XYYXII": -0.125,
        "IIYXXY": -0.125,
        "XYXYII": 0.125,
        "YXIIXY": -0.125,
        "XXIIYY": 0.125,
        "XXIIXX": 0.125,
        "YYIIYY": 0.125,
        "YYIIXX": 0.125,
        "XYIIYX": -0.125,
        "XYIIXY": 0.125,
        "YXIIYX": 0.125,
        "IIIZIZ": 0.125
      },
      "UCCSD_operator": {
        "XXYXII": 0.009450924176734777,
        "YYYXII": -0.009450924176734777,
        "YXYYII": 0.009450924176734777,
        "XYYYII": 0.009450924176734777,
        "YXXXII": -0.009450924176734777,
        "XYXXII": -0.009450924176734777,
        "XXXYII": 0.009450924176734777,
        "YYXYII": -0.009450924176734777,
        "XXIIYX": 0.009450920813056539,
        "YYIIYX": -0.009450920813056539,
        "YXIIYY": 0.009450920813056539,
        "XYIIYY": 0.009450920813056539,
        "YXIIXX": -0.009450920813056539,
        "XYIIXX": -0.009450920813056539,
        "XXIIXY": 0.009450920813056539,
        "YYIIXY": -0.009450920813056539
      }
    },
    "hf_method_fallback": "standard",
    "generation_time_s": 0.019,
    "timestamp": "2026-04-03T21:43:54.319559+00:00",
    "formula_latex": "$\\mathrm{H_{3}^{+}}$"
  }
}