{
  "hamiltonian": {
    "ZIIIII": 0.24437311994423233,
    "IZIIII": 0.24437311994423233,
    "IIIIZZ": 0.16922715394645518,
    "IIZZII": 0.16922714772668465,
    "ZZIIII": 0.15454239233902206,
    "ZIIIIZ": 0.1498347327986283,
    "IZIIZI": 0.1498347327986283,
    "IZZIII": 0.14983472117443794,
    "ZIIZII": 0.14983472117443794,
    "IIIIZI": -0.1476465989072646,
    "IIIIIZ": -0.14764659890726456,
    "IIZIII": -0.14764643991284448,
    "IIIZII": -0.14764643991284448,
    "IIZIIZ": 0.13352699575727045,
    "IIIZZI": 0.13352699575727045,
    "IIZIZI": 0.1156769078781592,
    "IIIZIZ": 0.1156769078781592,
    "IZIIIZ": 0.11387874125832709,
    "ZIIIZI": 0.11387874125832709,
    "IZIZII": 0.11387872961342568,
    "ZIZIII": 0.11387872961342568,
    "IIIIII": -0.09076921679500069,
    "YYXXII": -0.03595599156101225,
    "YXXYII": 0.03595599156101225,
    "XYYXII": 0.03595599156101225,
    "XXYYII": -0.03595599156101225,
    "XXIIYY": -0.0359559915403012,
    "XYIIYX": 0.0359559915403012,
    "YXIIXY": 0.0359559915403012,
    "YYIIXX": -0.0359559915403012,
    "YZYXZX": -0.02233142935030684,
    "IXYYXI": -0.02233142935030684,
    "IXXYYI": 0.02233142935030684,
    "YZYYZY": -0.02233142935030684,
    "IYXXYI": -0.02233142935030684,
    "IYYXXI": 0.02233142935030684,
    "XZXXZX": -0.02233142935030684,
    "XZXYZY": -0.02233142935030684,
    "IYZZIY": -0.02233142632470561,
    "IXZZIX": -0.02233142632470561,
    "XZZZXZ": -0.02233142632470561,
    "YZZZYZ": -0.02233142632470561,
    "XZZIXI": 0.02233141978362658,
    "IXIZZX": 0.02233141978362658,
    "IYIZZY": 0.02233141978362658,
    "YZZIYI": 0.02233141978362658,
    "IIXXYY": -0.01785008787911128,
    "IIXYYX": 0.01785008787911128,
    "IIYXXY": 0.01785008787911128,
    "IIYYXX": -0.01785008787911128,
    "ZXZZZX": -1.0598675483114556e-08,
    "ZYZZZY": -1.0598675483114556e-08,
    "XIZZXI": -1.0598675483114556e-08,
    "YIZZYI": -1.0598675483114556e-08
  },
  "data": {
    "molecule_id": "H3+_singlet_D3h",
    "qubit_encoding": "JW",
    "unit": "Angstrom",
    "basis": "sto-3g",
    "charge": 1,
    "multiplicity": 1,
    "spin": 0,
    "geometry": "H 0.0000000000 0.4944630000 0.0000000000\nH 0.4282180000 -0.2472320000 0.0000000000\nH -0.4282180000 -0.2472320000 0.0000000000",
    "n_qubits": 6,
    "n_particles": {
      "total": 2,
      "alpha": 1,
      "beta": 1
    },
    "hf_array": [
      1,
      1,
      0,
      0,
      0,
      0
    ],
    "hf_method": "pyscf.scf.hf_symm.SymAdaptedRHF",
    "convergence_threshold": 1e-06,
    "point_group": {
      "groupname": "C2v",
      "topgroup": "D3h"
    },
    "alpha": 1.0,
    "calculated_properties": {
      "HF": {
        "energy": -1.2335508827303003,
        "converged": true
      },
      "MP2": {
        "energy": -1.2505008894484742,
        "converged": false
      },
      "CISD": {
        "energy": -1.2575819646848085,
        "converged": true
      },
      "CCSD": {
        "energy": -1.257582093989991,
        "converged": true,
        "t1_diagnostic": 5.247138266357323e-09
      },
      "FCI": {
        "energy": -1.2575819646848092,
        "converged": true,
        "spin_matches_target": true,
        "multiplicity": 1.0,
        "oscillatory_converged": false,
        "oscillation_energy_change": null
      }
    },
    "auxiliary_operators": {
      "number_operator": {
        "IIIIII": 3.0,
        "ZIIIII": -0.5,
        "IZIIII": -0.5,
        "IIZIII": -0.5,
        "IIIZII": -0.5,
        "IIIIZI": -0.5,
        "IIIIIZ": -0.5
      },
      "N_alpha": {
        "IIIIII": 1.5,
        "ZIIIII": -0.5,
        "IIZIII": -0.5,
        "IIIIZI": -0.5
      },
      "N_beta": {
        "IIIIII": 1.5,
        "IZIIII": -0.5,
        "IIIZII": -0.5,
        "IIIIIZ": -0.5
      },
      "S^2_operator": {
        "IIIIII": 1.125,
        "ZZIIII": -0.375,
        "IIIIZZ": -0.375,
        "IIZZII": -0.375,
        "IIXXXX": 0.125,
        "IIYYYY": 0.125,
        "IIYYXX": 0.125,
        "IIXYYX": -0.125,
        "IIXYXY": 0.125,
        "ZIZIII": 0.125,
        "ZIIIZI": 0.125,
        "ZIIIIZ": -0.125,
        "IZZIII": -0.125,
        "IZIZII": 0.125,
        "IZIIZI": -0.125,
        "IZIIIZ": 0.125,
        "IIZIZI": 0.125,
        "IIZIIZ": -0.125,
        "ZIIZII": -0.125,
        "IIXXYY": 0.125,
        "IIYXYX": 0.125,
        "IIIZZI": -0.125,
        "YXYXII": 0.125,
        "YXXYII": -0.125,
        "XXYYII": 0.125,
        "XXXXII": 0.125,
        "YYYYII": 0.125,
        "YYXXII": 0.125,
        "XYYXII": -0.125,
        "IIYXXY": -0.125,
        "XYXYII": 0.125,
        "YXIIXY": -0.125,
        "XXIIYY": 0.125,
        "XXIIXX": 0.125,
        "YYIIYY": 0.125,
        "YYIIXX": 0.125,
        "XYIIYX": -0.125,
        "XYIIXY": 0.125,
        "YXIIYX": 0.125,
        "IIIZIZ": 0.125
      },
      "UCCSD_operator": {
        "XXYXII": 0.01044298119944527,
        "YYYXII": -0.01044298119944527,
        "YXYYII": 0.01044298119944527,
        "XYYYII": 0.01044298119944527,
        "YXXXII": -0.01044298119944527,
        "XYXXII": -0.01044298119944527,
        "XXXYII": 0.01044298119944527,
        "YYXYII": -0.01044298119944527,
        "XXIIYX": 0.010442977426040693,
        "YYIIYX": -0.010442977426040693,
        "YXIIYY": 0.010442977426040693,
        "XYIIYY": 0.010442977426040693,
        "YXIIXX": -0.010442977426040693,
        "XYIIXX": -0.010442977426040693,
        "XXIIXY": 0.010442977426040693,
        "YYIIXY": -0.010442977426040693
      }
    },
    "hf_method_fallback": "standard",
    "generation_time_s": 0.025,
    "timestamp": "2026-04-03T21:43:53.849989+00:00",
    "formula_latex": "$\\mathrm{H_{3}^{+}}$"
  }
}