{
  "hamiltonian": {
    "IIIIII": -0.8028139025150527,
    "IIZZII": 0.12956862639815667,
    "IIIIZZ": 0.12956862509002387,
    "ZIIIIZ": 0.10345037375108565,
    "IZIIZI": 0.10345037375108565,
    "ZIIZII": 0.1034503562082347,
    "IZZIII": 0.1034503562082347,
    "ZZIIII": 0.10211404410959142,
    "IIIZZI": 0.08187534290504483,
    "IIZIIZ": 0.08187534290504483,
    "IZIIII": 0.07720918661822657,
    "ZIIIII": 0.07720918661822654,
    "IZIIIZ": 0.05923559618553073,
    "ZIIIZI": 0.05923559618553073,
    "IZIZII": 0.059235583924906014,
    "ZIZIII": 0.059235583924906014,
    "IIIZIZ": 0.0580286837146643,
    "IIZIZI": 0.0580286837146643,
    "YYIIXX": -0.04421477756555492,
    "YXIIXY": 0.04421477756555492,
    "XYIIYX": 0.04421477756555492,
    "XXIIYY": -0.04421477756555492,
    "XXYYII": -0.04421477228332869,
    "YYXXII": -0.04421477228332869,
    "YXXYII": 0.04421477228332869,
    "XYYXII": 0.04421477228332869,
    "YZYYZY": -0.032361282285899656,
    "YZYXZX": -0.032361282285899656,
    "XZXYZY": -0.032361282285899656,
    "XZXXZX": -0.032361282285899656,
    "IXXYYI": 0.032361282285899656,
    "IYYXXI": 0.032361282285899656,
    "IYXXYI": -0.032361282285899656,
    "IXYYXI": -0.032361282285899656,
    "IXIZZX": 0.032361273478604256,
    "IYIZZY": 0.032361273478604256,
    "XZZIXI": 0.032361273478604256,
    "YZZIYI": 0.032361273478604256,
    "XZZZXZ": -0.03236127119580632,
    "YZZZYZ": -0.03236127119580632,
    "IYZZIY": -0.03236127119580632,
    "IXZZIX": -0.03236127119580632,
    "IIXYYX": 0.023846659190380537,
    "IIXXYY": -0.023846659190380537,
    "IIYYXX": -0.023846659190380537,
    "IIYXXY": 0.023846659190380537,
    "IIIZII": 0.017383618708940923,
    "IIZIII": 0.017383618708940923,
    "IIIIIZ": 0.017383579985449926,
    "IIIIZI": 0.017383579985449926,
    "IYZZZY": -1.402282286816492e-08,
    "IXZZZX": -1.402282286816492e-08,
    "YZZZYI": -1.402282286816492e-08,
    "XZZZXI": -1.402282286816492e-08,
    "ZYZZZY": -1.1790376348527554e-08,
    "ZXZZZX": -1.1790376348527554e-08,
    "YIZZYI": -1.1790376348527554e-08,
    "XIZZXI": -1.1790376348527554e-08
  },
  "data": {
    "molecule_id": "H3+_singlet_D3h",
    "qubit_encoding": "JW",
    "unit": "Angstrom",
    "basis": "sto-3g",
    "charge": 1,
    "multiplicity": 1,
    "spin": 0,
    "geometry": "H 0.0000000000 1.2856043333 0.0000000000\nH 1.1133668000 -0.6428026667 0.0000000000\nH -1.1133668000 -0.6428026667 0.0000000000",
    "n_qubits": 6,
    "n_particles": {
      "total": 2,
      "alpha": 1,
      "beta": 1
    },
    "hf_array": [
      1,
      1,
      0,
      0,
      0,
      0
    ],
    "hf_method": "pyscf.scf.hf_symm.SymAdaptedRHF",
    "convergence_threshold": 1e-06,
    "point_group": {
      "groupname": "C2v",
      "topgroup": "D3h"
    },
    "alpha": 2.6,
    "calculated_properties": {
      "HF": {
        "energy": -0.8973823496650477,
        "converged": true
      },
      "MP2": {
        "energy": -0.9860939682816826,
        "converged": false
      },
      "CISD": {
        "energy": -1.0129374646784062,
        "converged": true
      },
      "CCSD": {
        "energy": -1.0129376638247694,
        "converged": true,
        "t1_diagnostic": 8.3510451881272e-08
      },
      "FCI": {
        "energy": -1.0129374646784017,
        "converged": true,
        "spin_matches_target": true,
        "multiplicity": 1.0,
        "oscillatory_converged": false,
        "oscillation_energy_change": null
      }
    },
    "auxiliary_operators": {
      "number_operator": {
        "IIIIII": 3.0,
        "ZIIIII": -0.5,
        "IZIIII": -0.5,
        "IIZIII": -0.5,
        "IIIZII": -0.5,
        "IIIIZI": -0.5,
        "IIIIIZ": -0.5
      },
      "N_alpha": {
        "IIIIII": 1.5,
        "ZIIIII": -0.5,
        "IIZIII": -0.5,
        "IIIIZI": -0.5
      },
      "N_beta": {
        "IIIIII": 1.5,
        "IZIIII": -0.5,
        "IIIZII": -0.5,
        "IIIIIZ": -0.5
      },
      "S^2_operator": {
        "IIIIII": 1.125,
        "ZZIIII": -0.375,
        "IIIIZZ": -0.375,
        "IIZZII": -0.375,
        "IIXXXX": 0.125,
        "IIYYYY": 0.125,
        "IIYYXX": 0.125,
        "IIXYYX": -0.125,
        "IIXYXY": 0.125,
        "ZIZIII": 0.125,
        "ZIIIZI": 0.125,
        "ZIIIIZ": -0.125,
        "IZZIII": -0.125,
        "IZIZII": 0.125,
        "IZIIZI": -0.125,
        "IZIIIZ": 0.125,
        "IIZIZI": 0.125,
        "IIZIIZ": -0.125,
        "ZIIZII": -0.125,
        "IIXXYY": 0.125,
        "IIYXYX": 0.125,
        "IIIZZI": -0.125,
        "YXYXII": 0.125,
        "YXXYII": -0.125,
        "XXYYII": 0.125,
        "XXXXII": 0.125,
        "YYYYII": 0.125,
        "YYXXII": 0.125,
        "XYYXII": -0.125,
        "IIYXXY": -0.125,
        "XYXYII": 0.125,
        "YXIIXY": -0.125,
        "XXIIYY": 0.125,
        "XXIIXX": 0.125,
        "YYIIYY": 0.125,
        "YYIIXX": 0.125,
        "XYIIYX": -0.125,
        "XYIIXY": 0.125,
        "YXIIYX": 0.125,
        "IIIZIZ": 0.125
      },
      "UCCSD_operator": {
        "XYXXII": -0.04083594413918088,
        "XXYXII": 0.04083594413918088,
        "YYYXII": -0.04083594413918088,
        "YXYYII": 0.04083594413918088,
        "XYYYII": 0.04083594413918088,
        "YXXXII": -0.04083594413918088,
        "XXXYII": 0.04083594413918088,
        "YYXYII": -0.04083594413918088,
        "XYIIXX": -0.040835930786392666,
        "YXIIXX": -0.040835930786392666,
        "XYIIYY": 0.040835930786392666,
        "YXIIYY": 0.040835930786392666,
        "YYIIYX": -0.040835930786392666,
        "YYIIXY": -0.040835930786392666,
        "XXIIXY": 0.040835930786392666,
        "XXIIYX": 0.040835930786392666,
        "IXZZZY": 5.2133597139589074e-08,
        "IYZZZX": -5.2133597139589074e-08,
        "XZZZYI": 5.2133597139589074e-08,
        "YZZZXI": -5.2133597139589074e-08
      }
    },
    "hf_method_fallback": "standard",
    "generation_time_s": 0.019,
    "timestamp": "2026-04-03T21:43:54.228316+00:00",
    "formula_latex": "$\\mathrm{H_{3}^{+}}$"
  }
}