{
  "hamiltonian": {
    "IIIIII": 0.3513259874554835,
    "ZIIIII": 0.29417879530275376,
    "IZIIII": 0.29417879530275376,
    "IIIIZI": -0.2049554397914584,
    "IIIIIZ": -0.2049554397914584,
    "IIZIII": -0.20495525569774634,
    "IIIZII": -0.20495525569774634,
    "IIIIZZ": 0.17697951021457647,
    "IIZZII": 0.17697950353195396,
    "ZZIIII": 0.16481854418729955,
    "ZIIIIZ": 0.15975461513017697,
    "IZIIZI": 0.15975461513017697,
    "ZIIZII": 0.1597546052791594,
    "IZZIII": 0.1597546052791594,
    "IIIZZI": 0.14446552552851555,
    "IIZIIZ": 0.14446552552851555,
    "IIZIZI": 0.1282085269249211,
    "IIIZIZ": 0.1282085269249211,
    "IZIIIZ": 0.12351383752544136,
    "ZIIIZI": 0.12351383752544136,
    "IZIZII": 0.12351382736977069,
    "ZIZIII": 0.12351382736977069,
    "YXXYII": 0.03624077790938871,
    "YYXXII": -0.03624077790938871,
    "XYYXII": 0.03624077790938871,
    "XXYYII": -0.03624077790938871,
    "XXIIYY": -0.036240777604735624,
    "XYIIYX": 0.036240777604735624,
    "YXIIXY": 0.036240777604735624,
    "YYIIXX": -0.036240777604735624,
    "YZYXZX": -0.02003986709881485,
    "IXYYXI": -0.02003986709881485,
    "IXXYYI": 0.02003986709881485,
    "YZYYZY": -0.02003986709881485,
    "IYXXYI": -0.02003986709881485,
    "IYYXXI": 0.02003986709881485,
    "XZXXZX": -0.02003986709881485,
    "XZXYZY": -0.02003986709881485,
    "IYZZIY": -0.020039865483465303,
    "IXZZIX": -0.020039865483465303,
    "XZZZXZ": -0.020039865483465303,
    "YZZZYZ": -0.020039865483465303,
    "XZZIXI": 0.020039858261333247,
    "IXIZZX": 0.020039858261333247,
    "IYIZZY": 0.020039858261333247,
    "YZZIYI": 0.020039858261333247,
    "IIXXYY": -0.01625699860359446,
    "IIXYYX": 0.01625699860359446,
    "IIYXXY": 0.01625699860359446,
    "IIYYXX": -0.01625699860359446,
    "XZZZXI": -1.1983403203769116e-08,
    "YZZZYI": -1.1983403203769116e-08,
    "IXZZZX": -1.1983403203769116e-08,
    "IYZZZY": -1.1983403203769116e-08
  },
  "data": {
    "molecule_id": "H3+_singlet_D3h",
    "qubit_encoding": "JW",
    "unit": "Angstrom",
    "basis": "sto-3g",
    "charge": 1,
    "multiplicity": 1,
    "spin": 0,
    "geometry": "H 0.0000000000 0.3955703333 0.0000000000\nH 0.3425744000 -0.1977856667 0.0000000000\nH -0.3425744000 -0.1977856667 0.0000000000",
    "n_qubits": 6,
    "n_particles": {
      "total": 2,
      "alpha": 1,
      "beta": 1
    },
    "hf_array": [
      1,
      1,
      0,
      0,
      0,
      0
    ],
    "hf_method": "pyscf.scf.hf_symm.SymAdaptedRHF",
    "convergence_threshold": 1e-06,
    "point_group": {
      "groupname": "C2v",
      "topgroup": "D3h"
    },
    "alpha": 0.8,
    "calculated_properties": {
      "HF": {
        "energy": -1.125801101896827,
        "converged": true
      },
      "MP2": {
        "energy": -1.140106913488429,
        "converged": false
      },
      "CISD": {
        "energy": -1.1455910777854585,
        "converged": true
      },
      "CCSD": {
        "energy": -1.145591133617809,
        "converged": true,
        "t1_diagnostic": 2.83854374242246e-09
      },
      "FCI": {
        "energy": -1.1455910777854585,
        "converged": true,
        "spin_matches_target": true,
        "multiplicity": 1.0,
        "oscillatory_converged": false,
        "oscillation_energy_change": null
      }
    },
    "auxiliary_operators": {
      "number_operator": {
        "IIIIII": 3.0,
        "ZIIIII": -0.5,
        "IZIIII": -0.5,
        "IIZIII": -0.5,
        "IIIZII": -0.5,
        "IIIIZI": -0.5,
        "IIIIIZ": -0.5
      },
      "N_alpha": {
        "IIIIII": 1.5,
        "ZIIIII": -0.5,
        "IIZIII": -0.5,
        "IIIIZI": -0.5
      },
      "N_beta": {
        "IIIIII": 1.5,
        "IZIIII": -0.5,
        "IIIZII": -0.5,
        "IIIIIZ": -0.5
      },
      "S^2_operator": {
        "IIIIII": 1.125,
        "ZZIIII": -0.375,
        "IIIIZZ": -0.375,
        "IIZZII": -0.375,
        "IIXXXX": 0.125,
        "IIYYYY": 0.125,
        "IIYYXX": 0.125,
        "IIXYYX": -0.125,
        "IIXYXY": 0.125,
        "ZIZIII": 0.125,
        "ZIIIZI": 0.125,
        "ZIIIIZ": -0.125,
        "IZZIII": -0.125,
        "IZIZII": 0.125,
        "IZIIZI": -0.125,
        "IZIIIZ": 0.125,
        "IIZIZI": 0.125,
        "IIZIIZ": -0.125,
        "ZIIZII": -0.125,
        "IIXXYY": 0.125,
        "IIYXYX": 0.125,
        "IIIZZI": -0.125,
        "YXYXII": 0.125,
        "YXXYII": -0.125,
        "XXYYII": 0.125,
        "XXXXII": 0.125,
        "YYYYII": 0.125,
        "YYXXII": 0.125,
        "XYYXII": -0.125,
        "IIYXXY": -0.125,
        "XYXYII": 0.125,
        "YXIIXY": -0.125,
        "XXIIYY": 0.125,
        "XXIIXX": 0.125,
        "YYIIYY": 0.125,
        "YYIIXX": 0.125,
        "XYIIYX": -0.125,
        "XYIIXY": 0.125,
        "YXIIYX": 0.125,
        "IIIZIZ": 0.125
      },
      "UCCSD_operator": {
        "XXYXII": 0.008532358253547796,
        "YYYXII": -0.008532358253547796,
        "YXYYII": 0.008532358253547796,
        "XYYYII": 0.008532358253547796,
        "YXXXII": -0.008532358253547796,
        "XYXXII": -0.008532358253547796,
        "XXXYII": 0.008532358253547796,
        "YYXYII": -0.008532358253547796,
        "XXIIYX": 0.00853235529720295,
        "YYIIYX": -0.00853235529720295,
        "YXIIYY": 0.00853235529720295,
        "XYIIYY": 0.00853235529720295,
        "YXIIXX": -0.00853235529720295,
        "XYIIXX": -0.00853235529720295,
        "XXIIXY": 0.00853235529720295,
        "YYIIXY": -0.00853235529720295
      }
    },
    "hf_method_fallback": "standard",
    "generation_time_s": 0.018,
    "timestamp": "2026-04-03T21:43:54.337560+00:00",
    "formula_latex": "$\\mathrm{H_{3}^{+}}$"
  }
}