{
  "hamiltonian": {
    "IIIIII": -0.7978483497725432,
    "IIZZII": 0.13102933289562665,
    "IIIIZZ": 0.131029331647911,
    "ZIIIIZ": 0.10498100326523349,
    "IZIIZI": 0.10498100326523349,
    "IZZIII": 0.10498098529132843,
    "ZIIZII": 0.10498098529132843,
    "ZZIIII": 0.10371555381559651,
    "IIIZZI": 0.08375098061097211,
    "IIZIIZ": 0.08375098061097211,
    "IZIIII": 0.08200774444541638,
    "ZIIIII": 0.08200774444541635,
    "ZIIIZI": 0.06146181688277186,
    "IZIIIZ": 0.06146181688277186,
    "ZIZIII": 0.06146180432809786,
    "IZIZII": 0.06146180432809786,
    "IIZIZI": 0.06011178658486758,
    "IIIZIZ": 0.06011178658486758,
    "XXIIYY": -0.04351918638246162,
    "XYIIYX": 0.04351918638246162,
    "YXIIXY": 0.04351918638246162,
    "YYIIXX": -0.04351918638246162,
    "YXXYII": 0.043519180963230555,
    "YYXXII": -0.043519180963230555,
    "XXYYII": -0.043519180963230555,
    "XYYXII": 0.043519180963230555,
    "XZXYZY": -0.031935154840582604,
    "YZYXZX": -0.031935154840582604,
    "IYXXYI": -0.031935154840582604,
    "IYYXXI": 0.031935154840582604,
    "IXXYYI": 0.031935154840582604,
    "IXYYXI": -0.031935154840582604,
    "XZXXZX": -0.031935154840582604,
    "YZYYZY": -0.031935154840582604,
    "XZZIXI": 0.03193514582651117,
    "IYIZZY": 0.03193514582651117,
    "IXIZZX": 0.03193514582651117,
    "YZZIYI": 0.03193514582651117,
    "YZZZYZ": -0.0319351436636169,
    "IYZZIY": -0.0319351436636169,
    "XZZZXZ": -0.0319351436636169,
    "IXZZIX": -0.0319351436636169,
    "IIYXXY": 0.023639194026104524,
    "IIYYXX": -0.023639194026104524,
    "IIXXYY": -0.023639194026104524,
    "IIXYYX": 0.023639194026104524,
    "IIZIII": 0.014005423234932056,
    "IIIZII": 0.014005423234931917,
    "IIIIZI": 0.014005380348265817,
    "IIIIIZ": 0.014005380348265803
  },
  "data": {
    "molecule_id": "H3+_singlet_D3h",
    "qubit_encoding": "JW",
    "basis": "sto-3g",
    "charge": 1,
    "multiplicity": 1,
    "geometry": "H 0.0000000000 1.2361580000 0.0000000000\nH 1.0705450000 -0.6180795000 0.0000000000\nH -1.0705450000 -0.6180795000 0.0000000000",
    "n_qubits": 6,
    "alpha": 2.5,
    "energies": {
      "HF": -0.9181136982810297,
      "MP2": -0.9983972166077556,
      "CISD": -1.0255152924339679,
      "CCSD": -1.025515292437425,
      "FCI": -1.025515292433964
    },
    "converged": {
      "HF": true,
      "MP2": false,
      "CISD": true,
      "CCSD": true,
      "FCI": true
    },
    "fci_spin_matches_target": true,
    "fci_multiplicity": 1.0,
    "hf_method_fallback": "standard",
    "generation_time_s": 0.034,
    "timestamp": "2026-02-25T23:52:36.700358+00:00"
  }
}