{
  "hamiltonian": {
    "IIIIII": -0.8136966818704701,
    "IIZZII": 0.1246163064578257,
    "IIIIZZ": 0.12461630477370401,
    "ZIIIIZ": 0.09835450414760522,
    "IZIIZI": 0.09835450414760522,
    "IZZIII": 0.09835448812306863,
    "ZIIZII": 0.09835448812306863,
    "ZZIIII": 0.09705557345529976,
    "IIIZZI": 0.07544183728014364,
    "IIZIIZ": 0.07544183728014364,
    "IZIIII": 0.06213678092932848,
    "ZIIIII": 0.062136780929328415,
    "ZIIIZI": 0.051557939887070275,
    "IZIIIZ": 0.051557939887070275,
    "ZIZIII": 0.051557928816151406,
    "IZIZII": 0.051557928816151406,
    "IIZIZI": 0.05085458687864876,
    "IIIZIZ": 0.05085458687864876,
    "XXIIYY": -0.046796564260534954,
    "XYIIYX": 0.046796564260534954,
    "YXIIXY": 0.046796564260534954,
    "YYIIXX": -0.046796564260534954,
    "YXXYII": 0.04679655930691722,
    "YYXXII": -0.04679655930691722,
    "XXYYII": -0.04679655930691722,
    "XYYXII": 0.04679655930691722,
    "XZXYZY": -0.03388054808486097,
    "YZYXZX": -0.03388054808486097,
    "IYXXYI": -0.03388054808486097,
    "IYYXXI": 0.03388054808486097,
    "IXXYYI": 0.03388054808486097,
    "IXYYXI": -0.03388054808486097,
    "XZXXZX": -0.03388054808486097,
    "YZYYZY": -0.03388054808486097,
    "XZZIXI": 0.03388054012313379,
    "IYIZZY": 0.03388054012313379,
    "IXIZZX": 0.03388054012313379,
    "YZZIYI": 0.03388054012313379,
    "YZZZYZ": -0.03388053743210716,
    "IYZZIY": -0.03388053743210716,
    "XZZZXZ": -0.03388053743210716,
    "IXZZIX": -0.03388053743210716,
    "IIZIII": 0.02719387872932099,
    "IIIZII": 0.02719387872932098,
    "IIIIIZ": 0.027193853204800354,
    "IIIIZI": 0.027193853204800354,
    "IIYXXY": 0.024587250401494894,
    "IIYYXX": -0.024587250401494894,
    "IIXXYY": -0.024587250401494894,
    "IIXYYX": 0.024587250401494894
  },
  "data": {
    "molecule_id": "H3+_singlet_D3h",
    "qubit_encoding": "JW",
    "basis": "sto-3g",
    "charge": 1,
    "multiplicity": 1,
    "geometry": "H 0.0000000000 1.4833896667 0.0000000000\nH 1.2846540000 -0.7416953333 0.0000000000\nH -1.2846540000 -0.7416953333 0.0000000000",
    "n_qubits": 6,
    "alpha": 3.0,
    "energies": {
      "HF": -0.8299634688042609,
      "MP2": -0.9581113853281056,
      "CISD": -0.9762899439534583,
      "CCSD": -0.9762896607274723,
      "FCI": -0.9762899439534544
    },
    "converged": {
      "HF": true,
      "MP2": false,
      "CISD": true,
      "CCSD": true,
      "FCI": true
    },
    "fci_spin_matches_target": true,
    "fci_multiplicity": 1.0,
    "hf_method_fallback": "standard",
    "generation_time_s": 0.062,
    "timestamp": "2026-02-25T23:52:36.762683+00:00"
  }
}