{
  "hamiltonian": {
    "IZIIII": 0.24437311994423216,
    "ZIIIII": 0.24437311994423214,
    "IIIIZZ": 0.16922715394645518,
    "IIZZII": 0.16922714772668465,
    "ZZIIII": 0.15454239233902206,
    "ZIIIIZ": 0.1498347327986283,
    "IZIIZI": 0.1498347327986283,
    "IZZIII": 0.14983472117443794,
    "ZIIZII": 0.14983472117443794,
    "IIIIIZ": -0.1476465989072645,
    "IIIIZI": -0.1476465989072645,
    "IIZIII": -0.14764643991284457,
    "IIIZII": -0.1476464399128445,
    "IIZIIZ": 0.13352699575727045,
    "IIIZZI": 0.13352699575727045,
    "IIZIZI": 0.1156769078781592,
    "IIIZIZ": 0.1156769078781592,
    "IZIIIZ": 0.11387874125832709,
    "ZIIIZI": 0.11387874125832709,
    "ZIZIII": 0.11387872961342568,
    "IZIZII": 0.11387872961342568,
    "IIIIII": -0.09076921679500173,
    "YXXYII": 0.03595599156101225,
    "YYXXII": -0.03595599156101225,
    "XXYYII": -0.03595599156101225,
    "XYYXII": 0.03595599156101225,
    "XYIIYX": 0.035955991540301206,
    "YXIIXY": 0.035955991540301206,
    "YYIIXX": -0.035955991540301206,
    "XXIIYY": -0.035955991540301206,
    "IXXYYI": 0.02233142935030684,
    "IYYXXI": 0.02233142935030684,
    "IXYYXI": -0.02233142935030684,
    "IYXXYI": -0.02233142935030684,
    "YZYYZY": -0.022331429350306835,
    "YZYXZX": -0.022331429350306835,
    "XZXXZX": -0.022331429350306835,
    "XZXYZY": -0.022331429350306835,
    "XZZZXZ": -0.02233142632470561,
    "IYZZIY": -0.02233142632470561,
    "IXZZIX": -0.02233142632470561,
    "YZZZYZ": -0.02233142632470561,
    "IXIZZX": 0.02233141978362658,
    "XZZIXI": 0.02233141978362658,
    "IYIZZY": 0.02233141978362658,
    "YZZIYI": 0.02233141978362658,
    "IIXYYX": 0.01785008787911128,
    "IIYYXX": -0.01785008787911128,
    "IIXXYY": -0.01785008787911128,
    "IIYXXY": 0.01785008787911128
  },
  "data": {
    "molecule_id": "H3+_singlet_D3h",
    "qubit_encoding": "JW",
    "basis": "sto-3g",
    "charge": 1,
    "multiplicity": 1,
    "geometry": "H 0.0000000000 0.4944630000 0.0000000000\nH 0.4282180000 -0.2472320000 0.0000000000\nH -0.4282180000 -0.2472320000 0.0000000000",
    "n_qubits": 6,
    "alpha": 1.0,
    "energies": {
      "HF": -1.2335508827303003,
      "MP2": -1.2505008894484742,
      "CISD": -1.2575819646848085,
      "CCSD": -1.257582093989991,
      "FCI": -1.2575819646848092
    },
    "converged": {
      "HF": true,
      "MP2": false,
      "CISD": true,
      "CCSD": true,
      "FCI": true
    },
    "fci_spin_matches_target": true,
    "fci_multiplicity": 1.0,
    "hf_method_fallback": "standard",
    "generation_time_s": 0.034,
    "timestamp": "2026-02-25T23:52:36.569260+00:00"
  }
}