{
  "hamiltonian": {
    "IIIIII": 1.8156120575889734,
    "IZIIII": 0.39661641324330565,
    "ZIIIII": 0.39661641324330554,
    "IIIIIZ": -0.33562338165676175,
    "IIIIZI": -0.33562338165676164,
    "IIZIII": -0.33562318717103823,
    "IIIZII": -0.33562318717103823,
    "IIIIZZ": 0.18991698069374174,
    "IIZZII": 0.18991697503819932,
    "ZZIIII": 0.17978270949111438,
    "IZIIZI": 0.17562568124672007,
    "ZIIIIZ": 0.17562568124672007,
    "IZZIII": 0.17562567500894355,
    "ZIIZII": 0.17562567500894355,
    "IIIZZI": 0.16305118987657502,
    "IIZIIZ": 0.16305118987657502,
    "IIZIZI": 0.14961829165862003,
    "IIIZIZ": 0.14961829165862003,
    "IZIIIZ": 0.13837212966664916,
    "ZIIIZI": 0.13837212966664916,
    "ZIZIII": 0.13837212314687755,
    "IZIZII": 0.13837212314687755,
    "YXXYII": 0.03725355186206596,
    "YYXXII": -0.03725355186206596,
    "XXYYII": -0.03725355186206596,
    "XYYXII": 0.03725355186206596,
    "YXIIXY": 0.03725355158007088,
    "XYIIYX": 0.03725355158007088,
    "YYIIXX": -0.03725355158007088,
    "XXIIYY": -0.03725355158007088,
    "YZZZYZ": -0.015133102646264086,
    "XZZZXZ": -0.015133102646264086,
    "IXZZIX": -0.015133102646264086,
    "IYZZIY": -0.015133102646264086,
    "YZYYZY": -0.015133102549736483,
    "IXXYYI": 0.015133102549736483,
    "IYYXXI": 0.015133102549736483,
    "IYXXYI": -0.015133102549736483,
    "XZXXZX": -0.015133102549736483,
    "XZXYZY": -0.015133102549736483,
    "YZYXZX": -0.015133102549736483,
    "IXYYXI": -0.015133102549736483,
    "IXIZZX": 0.015133095603109502,
    "IYIZZY": 0.015133095603109502,
    "YZZIYI": 0.015133095603109502,
    "XZZIXI": 0.015133095603109502,
    "IIYXXY": 0.013432898217954974,
    "IIYYXX": -0.013432898217954974,
    "IIXXYY": -0.013432898217954974,
    "IIXYYX": 0.013432898217954974
  },
  "data": {
    "molecule_id": "H3+_singlet_D3h",
    "qubit_encoding": "JW",
    "basis": "sto-3g",
    "charge": 1,
    "multiplicity": 1,
    "geometry": "H 0.0000000000 0.2472313333 0.0000000000\nH 0.2141090000 -0.1236161667 0.0000000000\nH -0.2141090000 -0.1236161667 0.0000000000",
    "n_qubits": 6,
    "alpha": 0.5,
    "energies": {
      "HF": -0.39114949639817276,
      "MP2": -0.40234318582714834,
      "CISD": -0.40593921446597436,
      "CCSD": -0.40593923542363625,
      "FCI": -0.40593921446597303
    },
    "converged": {
      "HF": true,
      "MP2": false,
      "CISD": true,
      "CCSD": true,
      "FCI": true
    },
    "fci_spin_matches_target": true,
    "fci_multiplicity": 1.0,
    "hf_method_fallback": "standard",
    "generation_time_s": 0.043,
    "timestamp": "2026-02-25T23:52:36.955683+00:00"
  }
}