{
  "hamiltonian": {
    "IIIIII": -0.7439049251806907,
    "IIIIZZ": 0.1400647892552383,
    "IIZZII": 0.14006478835380756,
    "ZIIIIZ": 0.11474312295119268,
    "IZIIZI": 0.11474312295119268,
    "IZZIII": 0.11474310477378838,
    "ZIIZII": 0.11474310477378838,
    "ZZIIII": 0.11452525888526914,
    "ZIIIII": 0.11376240521985703,
    "IZIIII": 0.11376240521985703,
    "IIIZZI": 0.09523393091484303,
    "IIZIIZ": 0.09523393091484303,
    "ZIIIZI": 0.07478839268040846,
    "IZIIIZ": 0.07478839268040846,
    "ZIZIII": 0.074788378912624,
    "IZIZII": 0.074788378912624,
    "IIZIZI": 0.07281848367168788,
    "IIIZIZ": 0.07281848367168788,
    "YXIIXY": 0.03995473027078422,
    "YYIIXX": -0.03995473027078422,
    "XXIIYY": -0.03995473027078422,
    "XYIIYX": 0.03995473027078422,
    "YYXXII": -0.03995472586116436,
    "XXYYII": -0.03995472586116436,
    "XYYXII": 0.03995472586116436,
    "YXXYII": 0.03995472586116436,
    "XZXYZY": -0.029504186602231256,
    "YZYXZX": -0.029504186602231256,
    "XZXXZX": -0.029504186602231256,
    "IYXXYI": -0.029504186602231256,
    "IYYXXI": 0.029504186602231256,
    "IXXYYI": 0.029504186602231256,
    "IXYYXI": -0.029504186602231256,
    "YZYYZY": -0.029504186602231256,
    "YZZIYI": 0.029504176662511802,
    "XZZIXI": 0.029504176662511802,
    "IYIZZY": 0.029504176662511802,
    "IXIZZX": 0.029504176662511802,
    "IYZZIY": -0.029504176536508282,
    "IXZZIX": -0.029504176536508282,
    "XZZZXZ": -0.029504176536508282,
    "YZZZYZ": -0.029504176536508282,
    "IIYXXY": 0.02241544724315517,
    "IIYYXX": -0.02241544724315517,
    "IIXXYY": -0.02241544724315517,
    "IIXYYX": 0.02241544724315517,
    "IIIIZI": -0.011420260494299339,
    "IIIIIZ": -0.011420260494299325,
    "IIIZII": -0.011420190180437533,
    "IIZIII": -0.01142019018043753
  },
  "data": {
    "molecule_id": "H3+_singlet_D3h",
    "qubit_encoding": "JW",
    "basis": "sto-3g",
    "charge": 1,
    "multiplicity": 1,
    "geometry": "H 0.0000000000 0.9889263333 0.0000000000\nH 0.8564360000 -0.4944636667 0.0000000000\nH -0.8564360000 -0.4944636667 0.0000000000",
    "n_qubits": 6,
    "alpha": 2.0,
    "energies": {
      "HF": -1.0444769699385295,
      "MP2": -1.0915791811303543,
      "CISD": -1.1130566081729225,
      "CCSD": -1.113056608190678,
      "FCI": -1.1130566081729205
    },
    "converged": {
      "HF": true,
      "MP2": false,
      "CISD": true,
      "CCSD": true,
      "FCI": true
    },
    "fci_spin_matches_target": true,
    "fci_multiplicity": 1.0,
    "hf_method_fallback": "standard",
    "generation_time_s": 0.034,
    "timestamp": "2026-02-25T23:52:36.666206+00:00"
  }
}