{
  "hamiltonian": {
    "IIIIII": 0.35132598745548366,
    "ZIIIII": 0.2941787953027538,
    "IZIIII": 0.29417879530275376,
    "IIIIZI": -0.20495543979145844,
    "IIIIIZ": -0.2049554397914584,
    "IIZIII": -0.20495525569774625,
    "IIIZII": -0.20495525569774622,
    "IIIIZZ": 0.17697951021457647,
    "IIZZII": 0.17697950353195396,
    "ZZIIII": 0.16481854418729955,
    "ZIIIIZ": 0.15975461513017697,
    "IZIIZI": 0.15975461513017697,
    "ZIIZII": 0.1597546052791594,
    "IZZIII": 0.1597546052791594,
    "IIIZZI": 0.14446552552851555,
    "IIZIIZ": 0.14446552552851555,
    "IIZIZI": 0.1282085269249211,
    "IIIZIZ": 0.1282085269249211,
    "IZIIIZ": 0.12351383752544136,
    "ZIIIZI": 0.12351383752544136,
    "IZIZII": 0.12351382736977069,
    "ZIZIII": 0.12351382736977069,
    "YXXYII": 0.03624077790938871,
    "YYXXII": -0.03624077790938871,
    "XXYYII": -0.03624077790938871,
    "XYYXII": 0.03624077790938871,
    "YXIIXY": 0.036240777604735624,
    "YYIIXX": -0.036240777604735624,
    "XYIIYX": 0.036240777604735624,
    "XXIIYY": -0.036240777604735624,
    "XZXXZX": -0.020039867098814855,
    "YZYXZX": -0.020039867098814855,
    "YZYYZY": -0.020039867098814855,
    "IYXXYI": -0.020039867098814855,
    "IYYXXI": 0.020039867098814855,
    "IXXYYI": 0.020039867098814855,
    "IXYYXI": -0.020039867098814855,
    "XZXYZY": -0.020039867098814855,
    "IYZZIY": -0.020039865483465303,
    "XZZZXZ": -0.020039865483465303,
    "YZZZYZ": -0.020039865483465303,
    "IXZZIX": -0.020039865483465303,
    "IXIZZX": 0.020039858261333247,
    "YZZIYI": 0.020039858261333247,
    "XZZIXI": 0.020039858261333247,
    "IYIZZY": 0.020039858261333247,
    "IIYXXY": 0.01625699860359446,
    "IIYYXX": -0.01625699860359446,
    "IIXXYY": -0.01625699860359446,
    "IIXYYX": 0.01625699860359446,
    "YZZZYI": 1.0024086375196029e-08,
    "XZZZXI": 1.0024086375196029e-08
  },
  "data": {
    "molecule_id": "H3+_singlet_D3h",
    "qubit_encoding": "JW",
    "basis": "sto-3g",
    "charge": 1,
    "multiplicity": 1,
    "geometry": "H 0.0000000000 0.3955703333 0.0000000000\nH 0.3425744000 -0.1977856667 0.0000000000\nH -0.3425744000 -0.1977856667 0.0000000000",
    "n_qubits": 6,
    "alpha": 0.8,
    "energies": {
      "HF": -1.125801101896827,
      "MP2": -1.140106913488429,
      "CISD": -1.1455910777854585,
      "CCSD": -1.145591133617809,
      "FCI": -1.1455910777854585
    },
    "converged": {
      "HF": true,
      "MP2": false,
      "CISD": true,
      "CCSD": true,
      "FCI": true
    },
    "fci_spin_matches_target": true,
    "fci_multiplicity": 1.0,
    "hf_method_fallback": "standard",
    "generation_time_s": 0.06,
    "timestamp": "2026-02-25T23:52:36.880344+00:00"
  }
}