{
  "hamiltonian": {
    "IIIIII": -0.3531243969214199,
    "IZIIII": 0.20587672856919312,
    "ZIIIII": 0.2058767285691931,
    "IIIIZZ": 0.16216686262370061,
    "IIZZII": 0.16216685711973072,
    "ZZIIII": 0.14466339094326242,
    "IZIIZI": 0.14084482935974196,
    "ZIIIIZ": 0.14084482935974196,
    "IZZIII": 0.14084481598813808,
    "ZIIZII": 0.14084481598813808,
    "IIIZZI": 0.12383427245552606,
    "IIZIIZ": 0.12383427245552606,
    "IIIIIZ": -0.10560535832735321,
    "IIIIZI": -0.10560535832735318,
    "IIIZII": -0.10560522088665308,
    "IIZIII": -0.10560522088665308,
    "IZIIIZ": 0.10477974807924138,
    "ZIIIZI": 0.10477974807924138,
    "IZIZII": 0.10477973531537144,
    "ZIZIII": 0.10477973531537144,
    "IIZIZI": 0.10466796607495135,
    "IIIZIZ": 0.10466796607495135,
    "YYIIXX": -0.0360650812805006,
    "XYIIYX": 0.0360650812805006,
    "XXIIYY": -0.0360650812805006,
    "YXIIXY": 0.0360650812805006,
    "YYXXII": -0.03606508067276664,
    "XXYYII": -0.03606508067276664,
    "XYYXII": 0.03606508067276664,
    "YXXYII": 0.03606508067276664,
    "XZXYZY": -0.024189299679920402,
    "YZYXZX": -0.024189299679920402,
    "IYXXYI": -0.024189299679920402,
    "IYYXXI": 0.024189299679920402,
    "YZYYZY": -0.024189299679920402,
    "IXYYXI": -0.024189299679920402,
    "XZXXZX": -0.024189299679920402,
    "IXXYYI": 0.024189299679920402,
    "YZZZYZ": -0.02418929505703809,
    "XZZZXZ": -0.02418929505703809,
    "IYZZIY": -0.024189295057038086,
    "IXZZIX": -0.024189295057038086,
    "IXIZZX": 0.02418928963504339,
    "IYIZZY": 0.02418928963504339,
    "XZZIXI": 0.02418928963504339,
    "YZZIYI": 0.02418928963504339,
    "IIYXXY": 0.01916630638057472,
    "IIYYXX": -0.01916630638057472,
    "IIXXYY": -0.01916630638057472,
    "IIXYYX": 0.01916630638057472
  },
  "data": {
    "molecule_id": "H3+_singlet_D3h",
    "qubit_encoding": "JW",
    "basis": "sto-3g",
    "charge": 1,
    "multiplicity": 1,
    "geometry": "H 0.0000000000 0.5933556667 0.0000000000\nH 0.5138616000 -0.2966783333 0.0000000000\nH -0.5138616000 -0.2966783333 0.0000000000",
    "n_qubits": 6,
    "alpha": 1.2,
    "energies": {
      "HF": -1.2437956822251552,
      "MP2": -1.2640784298313357,
      "CISD": -1.2730990428706834,
      "CCSD": -1.2730992362883602,
      "FCI": -1.273099042870683
    },
    "converged": {
      "HF": true,
      "MP2": false,
      "CISD": true,
      "CCSD": true,
      "FCI": true
    },
    "fci_spin_matches_target": true,
    "fci_multiplicity": 1.0,
    "hf_method_fallback": "standard",
    "generation_time_s": 0.028,
    "timestamp": "2026-02-25T23:52:36.597485+00:00"
  }
}