{
  "hamiltonian": {
    "IIIIII": -0.5790296411034195,
    "ZIIIII": 0.16277632991614344,
    "IZIIII": 0.16277632991614327,
    "IIIIZZ": 0.15270798730170101,
    "IIZZII": 0.15270798328716792,
    "ZZIIII": 0.13137114122660712,
    "IZIIZI": 0.12925217020896712,
    "ZIIIIZ": 0.12925217020896712,
    "ZIIZII": 0.12925215436624418,
    "IZZIII": 0.12925215436624418,
    "IIIZZI": 0.11134225819626557,
    "IIZIIZ": 0.11134225819626557,
    "ZIIIZI": 0.0922658526224957,
    "IZIIIZ": 0.0922658526224957,
    "IZIZII": 0.09226583883858461,
    "ZIZIII": 0.09226583883858461,
    "IIZIZI": 0.09065937898101248,
    "IIIZIZ": 0.09065937898101248,
    "IIIIIZ": -0.05940486473814985,
    "IIIIZI": -0.05940486473814974,
    "IIZIII": -0.05940475493895589,
    "IIIZII": -0.059404754938955834,
    "XXIIYY": -0.036986317586471425,
    "YXIIXY": 0.036986317586471425,
    "XYIIYX": 0.036986317586471425,
    "YYIIXX": -0.036986317586471425,
    "YXXYII": 0.03698631552765958,
    "YYXXII": -0.03698631552765958,
    "XXYYII": -0.03698631552765958,
    "XYYXII": 0.03698631552765958,
    "YZYXZX": -0.026472492926403246,
    "IXYYXI": -0.026472492926403246,
    "IXXYYI": 0.026472492926403246,
    "XZXYZY": -0.026472492926403246,
    "IYXXYI": -0.026472492926403246,
    "YZYYZY": -0.026472492926403246,
    "XZXXZX": -0.026472492926403246,
    "IYYXXI": 0.026472492926403246,
    "IYZZIY": -0.026472485861769257,
    "IXZZIX": -0.026472485861769257,
    "XZZZXZ": -0.026472485861769257,
    "YZZZYZ": -0.026472485861769257,
    "IXIZZX": 0.02647248258994427,
    "IYIZZY": 0.02647248258994427,
    "YZZIYI": 0.02647248258994427,
    "XZZIXI": 0.02647248258994427,
    "IIYXXY": 0.020682879215253084,
    "IIYYXX": -0.020682879215253084,
    "IIXXYY": -0.020682879215253084,
    "IIXYYX": 0.020682879215253084
  },
  "data": {
    "molecule_id": "H3+_singlet_D3h",
    "qubit_encoding": "JW",
    "basis": "sto-3g",
    "charge": 1,
    "multiplicity": 1,
    "geometry": "H 0.0000000000 0.7416946667 0.0000000000\nH 0.6423270000 -0.3708478333 0.0000000000\nH -0.6423270000 -0.3708478333 0.0000000000",
    "n_qubits": 6,
    "alpha": 1.5,
    "energies": {
      "HF": -1.1874831861924693,
      "MP2": -1.2147982509880861,
      "CISD": -1.2276555702528846,
      "CCSD": -1.227655570256907,
      "FCI": -1.2276555702528844
    },
    "converged": {
      "HF": true,
      "MP2": false,
      "CISD": true,
      "CCSD": true,
      "FCI": true
    },
    "fci_spin_matches_target": true,
    "fci_multiplicity": 1.0,
    "hf_method_fallback": "standard",
    "generation_time_s": 0.034,
    "timestamp": "2026-02-25T23:52:36.632154+00:00"
  }
}