{
  "hamiltonian": {
    "ZIIIII": 0.2676787626270818,
    "IZIIII": 0.2676787626270818,
    "IIIIZI": -0.17387742259668099,
    "IIIIIZ": -0.17387742259668099,
    "IIZIII": -0.1738772511453709,
    "IIIZII": -0.1738772511453709,
    "IIIIZZ": 0.17300776720337735,
    "IIZZII": 0.17300776072567375,
    "ZZIIII": 0.1596590332508416,
    "IZIIZI": 0.1546878268523288,
    "ZIIIIZ": 0.1546878268523288,
    "ZIIZII": 0.15468781607656718,
    "IZZIII": 0.15468781607656718,
    "IIIZZI": 0.13883186335154682,
    "IIZIIZ": 0.13883186335154682,
    "IIZIZI": 0.12174390388550389,
    "IIIZIZ": 0.12174390388550389,
    "IZIIIZ": 0.11863512614429672,
    "ZIIIZI": 0.11863512614429672,
    "ZIZIII": 0.11863511518654365,
    "IZIZII": 0.11863511518654365,
    "IIIIII": 0.09964428741858986,
    "YXXYII": 0.0360527008900235,
    "YYXXII": -0.0360527008900235,
    "XXYYII": -0.0360527008900235,
    "XYYXII": 0.0360527008900235,
    "YXIIXY": 0.036052700708032064,
    "YYIIXX": -0.036052700708032064,
    "XXIIYY": -0.036052700708032064,
    "XYIIYX": 0.036052700708032064,
    "IYXXYI": -0.02125302536516456,
    "XZXYZY": -0.02125302536516456,
    "YZYXZX": -0.02125302536516456,
    "IYYXXI": 0.02125302536516456,
    "IXXYYI": 0.02125302536516456,
    "IXYYXI": -0.02125302536516456,
    "YZYYZY": -0.02125302536516456,
    "XZXXZX": -0.02125302536516456,
    "YZZZYZ": -0.021253023053955645,
    "XZZZXZ": -0.021253023053955645,
    "IYZZIY": -0.02125302305395564,
    "IXZZIX": -0.02125302305395564,
    "YZZIYI": 0.02125301612687782,
    "XZZIXI": 0.02125301612687782,
    "IXIZZX": 0.02125301612687782,
    "IYIZZY": 0.02125301612687782,
    "IIYXXY": 0.01708795946604293,
    "IIYYXX": -0.01708795946604293,
    "IIXXYY": -0.01708795946604293,
    "IIXYYX": 0.01708795946604293,
    "YZZZYI": 1.0037256756648127e-08,
    "XZZZXI": 1.0037256756648127e-08
  },
  "data": {
    "molecule_id": "H3+_singlet_D3h",
    "qubit_encoding": "JW",
    "basis": "sto-3g",
    "charge": 1,
    "multiplicity": 1,
    "geometry": "H 0.0000000000 0.4450166667 0.0000000000\nH 0.3853962000 -0.2225088333 0.0000000000\nH -0.3853962000 -0.2225088333 0.0000000000",
    "n_qubits": 6,
    "alpha": 0.9,
    "energies": {
      "HF": -1.1976882581851567,
      "MP2": -1.2132481150350383,
      "CISD": -1.2194949739818564,
      "CCSD": -1.2194950601680863,
      "FCI": -1.2194949739818557
    },
    "converged": {
      "HF": true,
      "MP2": false,
      "CISD": true,
      "CCSD": true,
      "FCI": true
    },
    "fci_spin_matches_target": true,
    "fci_multiplicity": 1.0,
    "hf_method_fallback": "standard",
    "generation_time_s": 0.057,
    "timestamp": "2026-02-25T23:52:36.820414+00:00"
  }
}