{
  "hamiltonian": {
    "IIIIII": 0.6903109523794276,
    "ZIIIII": 0.32420705206516776,
    "IZIIII": 0.32420705206516776,
    "IIIIZI": -0.24195119644842839,
    "IIIIIZ": -0.24195119644842833,
    "IIZIII": -0.2419510018260686,
    "IIIZII": -0.24195100182606857,
    "IIIIZZ": 0.18115116333390305,
    "IIZZII": 0.18115115661480855,
    "ZZIIII": 0.16995319179684887,
    "IZIIZI": 0.16499438168316855,
    "ZIIIIZ": 0.16499438168316855,
    "IZZIII": 0.16499437287174354,
    "ZIIZII": 0.16499437287174354,
    "IIIZZI": 0.15042662928644984,
    "IIZIIZ": 0.15042662928644984,
    "IIZIZI": 0.13506435726207824,
    "IIIZIZ": 0.13506435726207824,
    "IZIIIZ": 0.12848369698108233,
    "ZIIIZI": 0.12848369698108233,
    "ZIZIII": 0.12848368779510222,
    "IZIZII": 0.12848368779510222,
    "YXXYII": 0.03651068507664134,
    "YYXXII": -0.03651068507664134,
    "XXYYII": -0.03651068507664134,
    "XYYXII": 0.03651068507664134,
    "YXIIXY": 0.03651068470208624,
    "YYIIXX": -0.03651068470208624,
    "XXIIYY": -0.03651068470208624,
    "XYIIYX": 0.03651068470208624,
    "IXXYYI": 0.01865290942692257,
    "IYYXXI": 0.01865290942692257,
    "YZYYZY": -0.01865290942692257,
    "IXYYXI": -0.01865290942692257,
    "YZYXZX": -0.01865290942692257,
    "XZXYZY": -0.01865290942692257,
    "XZXXZX": -0.01865290942692257,
    "IYXXYI": -0.01865290942692257,
    "XZZZXZ": -0.018652908473434038,
    "IYZZIY": -0.018652908473434038,
    "IXZZIX": -0.018652908473434038,
    "YZZZYZ": -0.018652908473434038,
    "IXIZZX": 0.018652901084221393,
    "YZZIYI": 0.018652901084221393,
    "IYIZZY": 0.018652901084221393,
    "XZZIXI": 0.018652901084221393,
    "IIXXYY": -0.015362272024371628,
    "IIXYYX": 0.015362272024371628,
    "IIYYXX": -0.015362272024371628,
    "IIYXXY": 0.015362272024371628
  },
  "data": {
    "molecule_id": "H3+_singlet_D3h",
    "qubit_encoding": "JW",
    "basis": "sto-3g",
    "charge": 1,
    "multiplicity": 1,
    "geometry": "H 0.0000000000 0.3461240000 0.0000000000\nH 0.2997526000 -0.1730625000 0.0000000000\nH -0.2997526000 -0.1730625000 0.0000000000",
    "n_qubits": 6,
    "alpha": 0.7,
    "energies": {
      "HF": -0.996582342119479,
      "MP2": -1.009748120018243,
      "CISD": -1.0145357349036508,
      "CCSD": -1.0145357699758155,
      "FCI": -1.0145357349036517
    },
    "converged": {
      "HF": true,
      "MP2": false,
      "CISD": true,
      "CCSD": true,
      "FCI": true
    },
    "fci_spin_matches_target": true,
    "fci_multiplicity": 1.0,
    "hf_method_fallback": "standard",
    "generation_time_s": 0.032,
    "timestamp": "2026-02-25T23:52:36.912193+00:00"
  }
}