{
  "hamiltonian": {
    "IIII": -0.4890290187665238,
    "IIZZ": 0.14636539275171728,
    "ZIIZ": 0.14035602610119463,
    "IZZI": 0.14035602610119463,
    "ZZII": 0.13867337049989828,
    "ZIII": 0.09462426287151059,
    "IZII": 0.09462426287151052,
    "ZIZI": 0.08324985567583548,
    "IZIZ": 0.08324985567583548,
    "YXXY": 0.05710617042535914,
    "YYXX": -0.05710617042535914,
    "XXYY": -0.05710617042535914,
    "XYYX": 0.05710617042535914,
    "IIIZ": -0.03779651846918181,
    "IIZI": -0.037796518469181764
  },
  "data": {
    "molecule_id": "DH_singlet_Coov",
    "qubit_encoding": "JW",
    "basis": "sto-3g",
    "charge": 0,
    "multiplicity": 1,
    "geometry": "H 0.0000000000 0.0000000000 -0.3707000000\nH 0.0000000000 0.0000000000 1.1121000000",
    "n_qubits": 4,
    "alpha": 2.0,
    "energies": {
      "HF": -0.9160435817503536,
      "MP2": -0.9603230595106899,
      "CISD": -1.000943192701586,
      "CCSD": -1.0009431928986645,
      "FCI": -1.0009431927015855
    },
    "converged": {
      "HF": true,
      "MP2": false,
      "CISD": true,
      "CCSD": true,
      "FCI": true
    },
    "fci_spin_matches_target": true,
    "fci_multiplicity": 1.0,
    "hf_method_fallback": "standard",
    "generation_time_s": 0.026,
    "timestamp": "2026-02-25T23:54:02.643228+00:00"
  }
}