{
  "hamiltonian": {
    "IIII": -0.2508025042077621,
    "IIZZ": 0.16780701776812965,
    "IIZI": -0.16417569557328154,
    "IIIZ": -0.16417569557328154,
    "ZZII": 0.16161674073246393,
    "ZIIZ": 0.15968097025340983,
    "IZZI": 0.15968097025340983,
    "ZIII": 0.15038677896266328,
    "IZII": 0.15038677896266323,
    "ZIZI": 0.11219481658063374,
    "IZIZ": 0.11219481658063374,
    "YXXY": 0.047486153672776095,
    "YYXX": -0.047486153672776095,
    "XXYY": -0.047486153672776095,
    "XYYX": 0.047486153672776095
  },
  "data": {
    "molecule_id": "DH_singlet_Coov",
    "qubit_encoding": "JW",
    "basis": "sto-3g",
    "charge": 0,
    "multiplicity": 1,
    "geometry": "H 0.0000000000 0.0000000000 -0.0741400000\nH 0.0000000000 0.0000000000 0.8155400000",
    "n_qubits": 4,
    "alpha": 1.2,
    "energies": {
      "HF": -1.0942552684471458,
      "MP2": -1.1113093519463828,
      "CISD": -1.1223039328099862,
      "CCSD": -1.1223039328128015,
      "FCI": -1.1223039328099857
    },
    "converged": {
      "HF": true,
      "MP2": false,
      "CISD": true,
      "CCSD": true,
      "FCI": true
    },
    "fci_spin_matches_target": true,
    "fci_multiplicity": 1.0,
    "hf_method_fallback": "standard",
    "generation_time_s": 0.024,
    "timestamp": "2026-02-25T23:54:02.591948+00:00"
  }
}