{
  "hamiltonian": {
    "IIIZ": -0.25987264417306755,
    "IIZI": -0.2598726441730675,
    "ZIII": 0.183095562131243,
    "IZII": 0.18309556213124298,
    "IIZZ": 0.1778344986376499,
    "ZZII": 0.17215654983826117,
    "ZIIZ": 0.16914347030059326,
    "IZZI": 0.16914347030059326,
    "ZIZI": 0.12483497800642654,
    "IZIZ": 0.12483497800642654,
    "YXXY": 0.04430849229416673,
    "YYXX": -0.04430849229416673,
    "XXYY": -0.04430849229416673,
    "XYYX": 0.04430849229416673,
    "IIII": 0.008666211979940594
  },
  "data": {
    "molecule_id": "DH_singlet_Coov",
    "qubit_encoding": "JW",
    "basis": "sto-3g",
    "charge": 0,
    "multiplicity": 1,
    "geometry": "H 0.0000000000 0.0000000000 0.0370700000\nH 0.0000000000 0.0000000000 0.7043300000",
    "n_qubits": 4,
    "alpha": 0.9,
    "energies": {
      "HF": -1.115236048766809,
      "MP2": -1.1267686926495695,
      "CISD": -1.1327902044631086,
      "CCSD": -1.1327903319929864,
      "FCI": -1.1327902044631082
    },
    "converged": {
      "HF": true,
      "MP2": false,
      "CISD": true,
      "CCSD": true,
      "FCI": true
    },
    "fci_spin_matches_target": true,
    "fci_multiplicity": 1.0,
    "hf_method_fallback": "standard",
    "generation_time_s": 0.017,
    "timestamp": "2026-02-25T23:54:02.715870+00:00"
  }
}