{
  "hamiltonian": {
    "IIII": -0.5400818537010723,
    "IIZZ": 0.12961042484382812,
    "ZIIZ": 0.1265351877955903,
    "IZZI": 0.1265351877955903,
    "ZZII": 0.12427518687552609,
    "YXXY": 0.06757845249768979,
    "YYXX": -0.06757845249768979,
    "XXYY": -0.06757845249768979,
    "XYYX": 0.06757845249768979,
    "ZIII": 0.05957851580926715,
    "IZII": 0.059578515809267124,
    "ZIZI": 0.058956735297900534,
    "IZIZ": 0.058956735297900534,
    "IIZI": 0.016986681036037454,
    "IIIZ": 0.0169866810360374
  },
  "data": {
    "molecule_id": "DH_singlet_Coov",
    "qubit_encoding": "JW",
    "basis": "sto-3g",
    "charge": 0,
    "multiplicity": 1,
    "geometry": "H 0.0000000000 0.0000000000 -0.7414000000\nH 0.0000000000 0.0000000000 1.4828000000",
    "n_qubits": 4,
    "alpha": 3.0,
    "energies": {
      "HF": -0.742363757715159,
      "MP2": -0.8567565252477333,
      "CISD": -0.9405981776215797,
      "CCSD": -0.9405981779169112,
      "FCI": -0.9405981776215795
    },
    "converged": {
      "HF": true,
      "MP2": false,
      "CISD": true,
      "CCSD": true,
      "FCI": true
    },
    "fci_spin_matches_target": true,
    "fci_multiplicity": 1.0,
    "hf_method_fallback": "standard",
    "generation_time_s": 0.026,
    "timestamp": "2026-02-25T23:54:02.698469+00:00"
  }
}