{
  "hamiltonian": {
    "IIIIIIII": 2.9975295724760525,
    "IIIIIIIZ": -1.311473835292705,
    "IIIIIIZI": -1.3114738352927047,
    "IIIIZIII": -0.7311172768833755,
    "IIIIIZII": -0.7311172768833754,
    "IIIZIIII": -0.45780076731756497,
    "IIZIIIII": -0.4578007673175649,
    "ZIIIIIII": -0.2911720669986181,
    "IZIIIIII": -0.2911720669986179,
    "IIIIIIZZ": 0.21094270140498378,
    "IZIIIIZI": 0.19006288246567693,
    "ZIIIIIIZ": 0.19006288246567693,
    "ZZIIIIII": 0.1859835515297153,
    "IZIIIIIZ": 0.15179014771245225,
    "ZIIIIIZI": 0.15179014771245225,
    "IIIIIZZI": 0.15038921985007903,
    "IIIIZIIZ": 0.15038921985007903,
    "IZIIZIII": 0.1469203407277388,
    "ZIIIIZII": 0.1469203407277388,
    "IIIIZIZI": 0.12559576005261772,
    "IIIIIZIZ": 0.12559576005261772,
    "IIIIZZII": 0.1250001736925019,
    "ZIIIZIII": 0.11523670083274828,
    "IZIIIZII": 0.11523670083274828,
    "IIIZIIZI": 0.11508177568632394,
    "IIZIIIIZ": 0.11508177568632394,
    "IZZIIIII": 0.11233878299832073,
    "ZIIZIIII": 0.11233878299832073,
    "IIIZIIIZ": 0.1008572170881508,
    "IIZIIIZI": 0.1008572170881508,
    "IIZZIIII": 0.10026722047282949,
    "IIZIIZII": 0.09911653475350413,
    "IIIZZIII": 0.09911653475350413,
    "IXZZZXII": 0.09682261887674726,
    "YZZZYIII": 0.09682261887674726,
    "XZZZXIII": 0.09682261887674726,
    "IYZZZYII": 0.09682261887674726,
    "IZIZIIII": 0.09602748419836904,
    "ZIZIIIII": 0.09602748419836904,
    "IIIZIZII": 0.08810977154368206,
    "IIZIZIII": 0.08810977154368206,
    "IYZZZYZI": -0.056722005881988516,
    "IXZZZXZI": -0.056722005881988516,
    "XZZZXIIZ": -0.056722005881988516,
    "YZZZYIIZ": -0.056722005881988516,
    "XIZZXIII": -0.04959625534250968,
    "ZYZZZYII": -0.04959625534250968,
    "YIZZYIII": -0.04959625534250968,
    "ZXZZZXII": -0.04959625534250968,
    "IIXZZZXI": -0.047066432279177325,
    "IIYZZZYI": -0.047066432279177325,
    "IIIYZZZY": -0.047066432279177325,
    "IIIXZZZX": -0.047066432279177325,
    "IIYZZZYZ": 0.04128839918358959,
    "IIXZZZXZ": 0.04128839918358959,
    "IIIYZZIY": 0.04128839918358959,
    "IIIXZZIX": 0.04128839918358959,
    "YYIIIIXX": -0.03827273475322466,
    "YXIIIIXY": 0.03827273475322466,
    "XYIIIIYX": 0.03827273475322466,
    "XXIIIIYY": -0.03827273475322466,
    "IZXZZZXI": 0.03586159089358747,
    "ZIIYZZZY": 0.03586159089358747,
    "ZIIXZZZX": 0.03586159089358747,
    "IZYZZZYI": 0.03586159089358747,
    "IXZZIXII": -0.032957757396125185,
    "IYZZIYII": -0.032957757396125185,
    "XZZZXZII": -0.032957757396125185,
    "YZZZYZII": -0.032957757396125185,
    "YXIIXYII": 0.03168363989499051,
    "YYIIXXII": -0.03168363989499051,
    "XYIIYXII": 0.03168363989499051,
    "XXIIYYII": -0.03168363989499051,
    "IYZZXIXY": -0.02849232131659328,
    "IYZZYIYY": -0.02849232131659328,
    "IXZZYIYX": -0.02849232131659328,
    "IXZZXIXX": -0.02849232131659328,
    "XZZZZXYY": -0.028492321316593277,
    "YZZZZXXY": 0.028492321316593277,
    "YZZZZYXX": -0.028492321316593277,
    "XZZZZYYX": 0.028492321316593277,
    "XZZZXIZI": -0.028229684565395236,
    "YZZZYIZI": -0.028229684565395236,
    "IYZZZYIZ": -0.028229684565395236,
    "IXZZZXIZ": -0.028229684565395236,
    "IIYZIZYI": 0.025214752415047427,
    "IIXZIZXI": 0.025214752415047427,
    "IIIXZIZX": 0.025214752415047427,
    "IIIYZIZY": 0.025214752415047427,
    "IIIIXYYX": 0.024793459797461313,
    "IIIIXXYY": -0.024793459797461313,
    "IIIIYYXX": -0.024793459797461313,
    "IIIIYXXY": 0.024793459797461313,
    "IIIYIZZY": 0.022296475103728793,
    "IIXZZIXI": 0.022296475103728793,
    "IIYZZIYI": 0.022296475103728793,
    "IIIXIZZX": 0.022296475103728793,
    "XXIXZZXI": 0.018581925889254926,
    "YYIYZZYI": 0.018581925889254926,
    "YXXZZZZY": -0.018581925889254926,
    "YYXZZZZX": 0.018581925889254926,
    "XXYZZZZY": 0.018581925889254926,
    "XYYZZZZX": -0.018581925889254926,
    "YXIXZZYI": 0.018581925889254926,
    "XYIYZZXI": 0.018581925889254926,
    "XZIZXIII": -0.01840921465973371,
    "IYZIZYII": -0.01840921465973371,
    "IXZIZXII": -0.01840921465973371,
    "YZIZYIII": -0.01840921465973371,
    "ZIXZZZXI": 0.01727966500433255,
    "ZIYZZZYI": 0.01727966500433255,
    "IZIYZZZY": 0.01727966500433255,
    "IZIXZZZX": 0.01727966500433255,
    "IXXIIYYI": 0.016495862883000374,
    "XZZYYZZX": -0.016495862883000374,
    "YZZYXZZX": 0.016495862883000374,
    "IXYIIYXI": -0.016495862883000374,
    "YZZXXZZY": -0.016495862883000374,
    "XZZXYZZY": 0.016495862883000374,
    "IYYIIXXI": 0.016495862883000374,
    "IYXIIXYI": -0.016495862883000374,
    "YXXYIIII": 0.016311298799951704,
    "YYXXIIII": -0.016311298799951704,
    "XXYYIIII": -0.016311298799951704,
    "XYYXIIII": 0.016311298799951704,
    "YZXIXZYI": -0.01592650091967482,
    "XZYIYZXI": -0.01592650091967482,
    "IYZXIXZY": -0.01592650091967482,
    "IXZYIYZX": -0.01592650091967482,
    "IXZXYZYI": -0.015269312114129178,
    "XZXIIXZX": -0.015269312114129178,
    "XZXIIYZY": -0.015269312114129178,
    "IYZYXZXI": -0.015269312114129178,
    "IYZYYZYI": -0.015269312114129178,
    "YZYIIXZX": -0.015269312114129178,
    "YZYIIYZY": -0.015269312114129178,
    "IXZXXZXI": -0.015269312114129178,
    "IXZXIXZX": -0.014699950150803621,
    "XZXIXZXI": -0.014699950150803621,
    "YZYIYZYI": -0.014699950150803621,
    "IYZYIYZY": -0.014699950150803621,
    "IIYXIIXY": 0.014224558598173146,
    "IIYYIIXX": -0.014224558598173146,
    "IIXXIIYY": -0.014224558598173146,
    "IIXYIIYX": 0.014224558598173146,
    "IIYIZZYI": 0.01140804451473288,
    "IIXIZZXI": 0.01140804451473288,
    "IIZYZZZY": 0.011408044514732879,
    "IIZXZZZX": 0.011408044514732879,
    "IIXXYYII": -0.011006763209822053,
    "IIXYYXII": 0.011006763209822053,
    "IIYYXXII": -0.011006763209822053,
    "IIYXXYII": 0.011006763209822053,
    "IYIZZYII": -0.0101002292593216,
    "XZZIXIII": -0.0101002292593216,
    "YZZIYIII": -0.0101002292593216,
    "IXIZZXII": -0.0101002292593216,
    "IYYXXIII": 0.008308985400412108,
    "IXXYYIII": 0.008308985400412108,
    "YZYYZYII": -0.008308985400412108,
    "YZYXZXII": -0.008308985400412108,
    "XZXYZYII": -0.008308985400412108,
    "XZXXZXII": -0.008308985400412108,
    "IYXXYIII": -0.008308985400412108,
    "IXYYXIII": -0.008308985400412108,
    "IIXZXXZX": 0.002918277311318635,
    "IIIXYYXI": 0.002918277311318635,
    "IIXZXYZY": 0.002918277311318635,
    "IIIYYXXI": -0.002918277311318635,
    "IIIYXXYI": 0.002918277311318635,
    "IIYZYXZX": 0.002918277311318635,
    "IIYZYYZY": 0.002918277311318635,
    "IIIXXYYI": -0.002918277311318635,
    "YZYIXZXI": 0.001226550768871196,
    "XZXIYZYI": 0.001226550768871196,
    "IXZXIYZY": 0.001226550768871196,
    "IYZYIXZX": 0.001226550768871196,
    "IYYIYZZY": 0.000569361963325557,
    "YZZXIXYI": 0.000569361963325557,
    "XZZXIXXI": 0.000569361963325557,
    "XZZYIYXI": 0.000569361963325557,
    "IXYIYZZX": 0.000569361963325557,
    "IYXIXZZY": 0.000569361963325557,
    "YZZYIYYI": 0.000569361963325557,
    "IXXIXZZX": 0.000569361963325557
  },
  "data": {
    "molecule_id": "DH_singlet_Coov",
    "qubit_encoding": "JW",
    "basis": "3-21g",
    "charge": 0,
    "multiplicity": 1,
    "geometry": "H 0.0000000000 0.0000000000 0.1112100000\nH 0.0000000000 0.0000000000 0.6301900000",
    "n_qubits": 8,
    "alpha": 0.7,
    "energies": {
      "HF": -1.0651685253358685,
      "MP2": -1.0803845528215605,
      "CISD": -1.085925631809672,
      "CCSD": -1.0859256178129237,
      "FCI": -1.0859256318096757
    },
    "converged": {
      "HF": true,
      "MP2": false,
      "CISD": true,
      "CCSD": true,
      "FCI": true
    },
    "fci_spin_matches_target": true,
    "fci_multiplicity": 1.0,
    "hf_method_fallback": "standard",
    "generation_time_s": 0.054,
    "timestamp": "2026-02-25T23:53:32.139937+00:00"
  }
}