{
  "hamiltonian": {
    "IIIIIIII": 2.4640866846258853,
    "IIIIIIIZ": -1.0411904138688313,
    "IIIIIIZI": -1.041190413868831,
    "IIIIIZII": -0.8293154274669662,
    "IIIIZIII": -0.8293154274669662,
    "IIZIIIII": -0.4276539854500472,
    "IIIZIIII": -0.4276539854500472,
    "IZIIIIII": -0.299605885008857,
    "ZIIIIIII": -0.2996058850088568,
    "IIIIIIZZ": 0.17218585932064812,
    "IZIIIIZI": 0.15367497957095527,
    "ZIIIIIIZ": 0.15367497957095527,
    "ZZIIIIII": 0.15110887974431536,
    "IIIIZIIZ": 0.14313555975330067,
    "IIIIIZZI": 0.14313555975330067,
    "IZIIZIII": 0.135224898847249,
    "ZIIIIZII": 0.135224898847249,
    "IIIIZZII": 0.12691572832168332,
    "ZIIIIIZI": 0.1245807461970006,
    "IZIIIIIZ": 0.1245807461970006,
    "IIIZIIZI": 0.11753747245584875,
    "IIZIIIIZ": 0.11753747245584875,
    "ZIIZIIII": 0.11448333325910603,
    "IZZIIIII": 0.11448333325910603,
    "ZIIIZIII": 0.10943372166850632,
    "IZIIIZII": 0.10943372166850632,
    "IIIZZIII": 0.10495551758002067,
    "IIZIIZII": 0.10495551758002067,
    "IIZZIIII": 0.10432579828454093,
    "IIIIIZIZ": 0.10076216911687129,
    "IIIIZIZI": 0.10076216911687129,
    "IIZIIIZI": 0.09763035963285484,
    "IIIZIIIZ": 0.09763035963285484,
    "IIIZIZII": 0.0960544904410793,
    "IIZIZIII": 0.0960544904410793,
    "YZZZYIII": 0.08904778594821307,
    "XZZZXIII": 0.08904778594821307,
    "IYZZZYII": 0.08904778594821307,
    "IXZZZXII": 0.08904778594821307,
    "IZIZIIII": 0.08837848549321314,
    "ZIZIIIII": 0.08837848549321314,
    "IIXZZZXI": -0.06206478321208511,
    "IIYZZZYI": -0.06206478321208511,
    "IIIXZZZX": -0.06206478321208511,
    "IIIYZZZY": -0.06206478321208511,
    "IXZZZXZI": -0.04630959441518058,
    "IYZZZYZI": -0.04630959441518058,
    "XZZZXIIZ": -0.04630959441518058,
    "YZZZYIIZ": -0.04630959441518058,
    "IIIIYXXY": 0.042373390636429364,
    "IIIIXYYX": 0.042373390636429364,
    "IIIIXXYY": -0.042373390636429364,
    "IIIIYYXX": -0.042373390636429364,
    "IIXZZZXZ": 0.04205175346962112,
    "IIYZZZYZ": 0.04205175346962112,
    "IIIXZZIX": 0.04205175346962112,
    "IIIYZZIY": 0.04205175346962112,
    "XIZZXIII": -0.03644285637837465,
    "ZXZZZXII": -0.03644285637837465,
    "ZYZZZYII": -0.03644285637837465,
    "YIZZYIII": -0.03644285637837465,
    "ZIIXZZZX": 0.03489354209353476,
    "ZIIYZZZY": 0.03489354209353476,
    "IZYZZZYI": 0.03489354209353476,
    "IZXZZZXI": 0.03489354209353476,
    "XZZZXZII": -0.03214683731265615,
    "IYZZIYII": -0.03214683731265615,
    "IXZZIXII": -0.03214683731265615,
    "YZZZYZII": -0.03214683731265615,
    "IXZZYIYX": -0.031986967485704704,
    "XZZZZYYX": 0.031986967485704704,
    "IXZZXIXX": -0.031986967485704704,
    "IYZZYIYY": -0.031986967485704704,
    "IYZZXIXY": -0.031986967485704704,
    "XZZZZXYY": -0.031986967485704704,
    "YZZZZXXY": 0.031986967485704704,
    "YZZZZYXX": -0.031986967485704704,
    "IIYZZIYI": 0.029752621458495172,
    "IIXZZIXI": 0.029752621458495172,
    "IIIYIZZY": 0.029752621458495172,
    "IIIXIZZX": 0.029752621458495172,
    "YXIIIIXY": 0.029094233373954663,
    "YYIIIIXX": -0.029094233373954663,
    "XXIIIIYY": -0.029094233373954663,
    "XYIIIIYX": 0.029094233373954663,
    "IXZXXZXI": -0.02866974709212127,
    "IXZXYZYI": -0.02866974709212127,
    "IYZYXZXI": -0.02866974709212127,
    "IYZYYZYI": -0.02866974709212127,
    "XZXIIYZY": -0.02866974709212127,
    "XZXIIXZX": -0.02866974709212127,
    "YZYIIXZX": -0.02866974709212127,
    "YZYIIYZY": -0.02866974709212127,
    "YXXYIIII": 0.026104847765892888,
    "YYXXIIII": -0.026104847765892888,
    "XXYYIIII": -0.026104847765892888,
    "XYYXIIII": 0.026104847765892888,
    "YXIIXYII": 0.025791177178742686,
    "YYIIXXII": -0.025791177178742686,
    "XXIIYYII": -0.025791177178742686,
    "XYIIYXII": 0.025791177178742686,
    "IIIXZIZX": 0.022872503016058816,
    "IIXZIZXI": 0.022872503016058816,
    "IIYZIZYI": 0.022872503016058816,
    "IIIYZIZY": 0.022872503016058816,
    "IXYIIYXI": -0.020380838592776212,
    "IXXIIYYI": 0.020380838592776212,
    "YZZXXZZY": -0.020380838592776212,
    "IYXIIXYI": -0.020380838592776212,
    "XZZYYZZX": -0.020380838592776212,
    "XZZXYZZY": 0.020380838592776212,
    "YZZYXZZX": 0.020380838592776212,
    "IYYIIXXI": 0.020380838592776212,
    "YXIXZZYI": 0.020142099112458376,
    "YYIYZZYI": 0.020142099112458376,
    "XXIXZZXI": 0.020142099112458376,
    "YXXZZZZY": -0.020142099112458376,
    "XYIYZZXI": 0.020142099112458376,
    "XXYZZZZY": 0.020142099112458376,
    "YYXZZZZX": 0.020142099112458376,
    "XYYZZZZX": -0.020142099112458376,
    "IIXXIIYY": -0.019907112822993928,
    "IIYXIIXY": 0.019907112822993928,
    "IIYYIIXX": -0.019907112822993928,
    "IIXYIIYX": 0.019907112822993928,
    "XZXIXZXI": -0.018002887805798267,
    "YZYIYZYI": -0.018002887805798267,
    "IXZXIXZX": -0.018002887805798267,
    "IYZYIYZY": -0.018002887805798267,
    "IIZXZZZX": 0.017032881955796303,
    "IIZYZZZY": 0.017032881955796303,
    "IIXIZZXI": 0.017032881955796303,
    "IIYIZZYI": 0.017032881955796303,
    "XZZIXIII": -0.016387902359433545,
    "IYIZZYII": -0.016387902359433545,
    "YZZIYIII": -0.016387902359433545,
    "IXIZZXII": -0.016387902359433545,
    "XZIZXIII": -0.0163236928106928,
    "IYZIZYII": -0.0163236928106928,
    "IXZIZXII": -0.0163236928106928,
    "YZIZYIII": -0.0163236928106928,
    "ZIXZZZXI": 0.014751442981076385,
    "IZIYZZZY": 0.014751442981076385,
    "IZIXZZZX": 0.014751442981076385,
    "ZIYZZZYI": 0.014751442981076385,
    "IXZZZXIZ": -0.014322626929475883,
    "XZZZXIZI": -0.014322626929475883,
    "IYZZZYIZ": -0.014322626929475883,
    "YZZZYIZI": -0.014322626929475883,
    "IXXIXZZX": 0.010666859286323004,
    "XZZYIYXI": 0.010666859286323004,
    "XZZXIXXI": 0.010666859286323004,
    "YZZYIYYI": 0.010666859286323004,
    "YZZXIXYI": 0.010666859286323004,
    "IYXIXZZY": 0.010666859286323004,
    "IYYIYZZY": 0.010666859286323004,
    "IXYIYZZX": 0.010666859286323004,
    "YZXIXZYI": -0.009713979306453211,
    "XZYIYZXI": -0.009713979306453211,
    "IXZYIYZX": -0.009713979306453211,
    "IYZXIXZY": -0.009713979306453211,
    "IIXXYYII": -0.008901027138941371,
    "IIYXXYII": 0.008901027138941371,
    "IIYYXXII": -0.008901027138941371,
    "IIXYYXII": 0.008901027138941371,
    "IXZXIYZY": -0.00828890849934506,
    "XZXIYZYI": -0.00828890849934506,
    "YZYIXZXI": -0.00828890849934506,
    "IYZYIXZX": -0.00828890849934506,
    "IIIXYYXI": -0.006880118442436356,
    "IIIXXYYI": 0.006880118442436356,
    "IIIYYXXI": 0.006880118442436356,
    "IIIYXXYI": -0.006880118442436356,
    "IIXZXXZX": -0.006880118442436356,
    "IIXZXYZY": -0.006880118442436356,
    "IIYZYXZX": -0.006880118442436356,
    "IIYZYYZY": -0.006880118442436356,
    "IYXXYIII": 6.420954874074595e-05,
    "IXYYXIII": 6.420954874074595e-05,
    "XZXXZXII": 6.420954874074595e-05,
    "XZXYZYII": 6.420954874074595e-05,
    "YZYXZXII": 6.420954874074595e-05,
    "YZYYZYII": 6.420954874074595e-05,
    "IXXYYIII": -6.420954874074595e-05,
    "IYYXXIII": -6.420954874074595e-05
  },
  "data": {
    "molecule_id": "DH_singlet_Coov",
    "qubit_encoding": "JW",
    "basis": "3-21g",
    "charge": 0,
    "multiplicity": 1,
    "geometry": "H 0.0000000000 0.0000000000 -0.0741400000\nH 0.0000000000 0.0000000000 0.8155400000",
    "n_qubits": 8,
    "alpha": 1.2,
    "energies": {
      "HF": -1.109886125369012,
      "MP2": -1.1287177060823317,
      "CISD": -1.1383419936038226,
      "CCSD": -1.1383419779468664,
      "FCI": -1.138341993603823
    },
    "converged": {
      "HF": true,
      "MP2": false,
      "CISD": true,
      "CCSD": true,
      "FCI": true
    },
    "fci_spin_matches_target": true,
    "fci_multiplicity": 1.0,
    "hf_method_fallback": "standard",
    "generation_time_s": 0.085,
    "timestamp": "2026-02-25T23:53:31.677781+00:00"
  }
}