{
  "hamiltonian": {
    "IIZI": -0.22278593040418382,
    "IIIZ": -0.22278593040418382,
    "IIZZ": 0.17434844185575626,
    "ZIII": 0.17119774903433005,
    "IZII": 0.17119774903433002,
    "ZZII": 0.16862219158920955,
    "ZIIZ": 0.16586702410589194,
    "IZZI": 0.16586702410589194,
    "ZIZI": 0.12054482205301796,
    "IZIZ": 0.12054482205301796,
    "IIII": -0.09886396933546007,
    "YXXY": 0.045322202052874,
    "YYXX": -0.045322202052874,
    "XXYY": -0.045322202052874,
    "XYYX": 0.045322202052874
  },
  "data": {
    "molecule_id": "DH_singlet_Coov",
    "qubit_encoding": "JW",
    "basis": "sto-3g",
    "charge": 0,
    "multiplicity": 1,
    "geometry": "H 0.0000000000 0.0000000000 0.0000000000\nH 0.0000000000 0.0000000000 0.7414000000",
    "n_qubits": 4,
    "alpha": 1.0,
    "energies": {
      "HF": -1.1166843870853413,
      "MP2": -1.1298551535553103,
      "CISD": -1.1372701746609035,
      "CCSD": -1.1372703406409206,
      "FCI": -1.137270174660904
    },
    "converged": {
      "HF": true,
      "MP2": false,
      "CISD": true,
      "CCSD": true,
      "FCI": true
    },
    "fci_spin_matches_target": true,
    "fci_multiplicity": 1.0,
    "hf_method_fallback": "standard",
    "generation_time_s": 0.028,
    "timestamp": "2026-02-25T23:54:02.567503+00:00"
  }
}