{
  "hamiltonian": {
    "IIIIIIII": 2.401227043211855,
    "IIIIIIIZ": -0.9613434832811644,
    "IIIIIIZI": -0.9613434832811644,
    "IIIIIZII": -0.8889163737529492,
    "IIIIZIII": -0.8889163737529492,
    "IIZIIIII": -0.40727876964065496,
    "IIIZIIII": -0.40727876964065496,
    "ZIIIIIII": -0.2981199477638144,
    "IZIIIIII": -0.29811994776381434,
    "IIIIIIZZ": 0.15336671970844273,
    "IIIIIZZI": 0.13844009653278128,
    "IIIIZIIZ": 0.13844009653278128,
    "IZIIIIZI": 0.13779315130829706,
    "ZIIIIIIZ": 0.13779315130829706,
    "ZZIIIIII": 0.13723701010892686,
    "IZIIZIII": 0.12895883396567814,
    "ZIIIIZII": 0.12895883396567814,
    "IIIIZZII": 0.12871627253961876,
    "IIIZIIZI": 0.11701199385322353,
    "IIZIIIIZ": 0.11701199385322353,
    "IZZIIIII": 0.11418553243775974,
    "ZIIZIIII": 0.11418553243775974,
    "IZIIIIIZ": 0.11345564583719947,
    "ZIIIIIZI": 0.11345564583719947,
    "IIIZZIII": 0.10918315993799971,
    "IIZIIZII": 0.10918315993799971,
    "ZIIIZIII": 0.10683057286504412,
    "IZIIIZII": 0.10683057286504412,
    "IIZZIIII": 0.1066530464135571,
    "IIZIZIII": 0.0977682592719189,
    "IIIZIZII": 0.0977682592719189,
    "IIZIIIZI": 0.09546233630116811,
    "IIIZIIIZ": 0.09546233630116811,
    "IIIIZIZI": 0.08762518765662279,
    "IIIIIZIZ": 0.08762518765662279,
    "IZIZIIII": 0.08326175637556273,
    "ZIZIIIII": 0.08326175637556273,
    "IYZZZYII": 0.08072382158062745,
    "IXZZZXII": 0.08072382158062745,
    "YZZZYIII": 0.08072382158062744,
    "XZZZXIII": 0.08072382158062744,
    "IIYZZZYI": -0.06413122503209094,
    "IIXZZZXI": -0.06413122503209094,
    "IIIYZZZY": -0.06413122503209094,
    "IIIXZZZX": -0.06413122503209094,
    "IIIIXYYX": 0.050814908876158485,
    "IIIIXXYY": -0.050814908876158485,
    "IIIIYYXX": -0.050814908876158485,
    "IIIIYXXY": 0.050814908876158485,
    "XZZZXIIZ": -0.039726316208048985,
    "YZZZYIIZ": -0.039726316208048985,
    "IYZZZYZI": -0.039726316208048985,
    "IXZZZXZI": -0.039726316208048985,
    "IIIYZZIY": 0.03960084434408834,
    "IIIXZZIX": 0.03960084434408834,
    "IIXZZZXZ": 0.03960084434408834,
    "IIYZZZYZ": 0.03960084434408834,
    "XZXIIYZY": -0.035217640603806874,
    "IXZXYZYI": -0.035217640603806874,
    "IYZYXZXI": -0.035217640603806874,
    "IYZYYZYI": -0.035217640603806874,
    "YZYIIYZY": -0.035217640603806874,
    "YZYIIXZX": -0.035217640603806874,
    "IXZXXZXI": -0.035217640603806874,
    "XZXIIXZX": -0.035217640603806874,
    "IIXZZIXI": 0.03282833009913084,
    "IIYZZIYI": 0.03282833009913084,
    "IIIYIZZY": 0.03282833009913084,
    "IIIXIZZX": 0.03282833009913084,
    "ZIIXZZZX": 0.03243722938453267,
    "IZXZZZXI": 0.03243722938453267,
    "IZYZZZYI": 0.03243722938453267,
    "ZIIYZZZY": 0.03243722938453267,
    "IYZZXIXY": -0.031085940875447193,
    "IYZZYIYY": -0.031085940875447193,
    "IXZZYIYX": -0.031085940875447193,
    "IXZZXIXX": -0.031085940875447193,
    "YZZZZXXY": 0.031085940875447193,
    "YZZZZYXX": -0.031085940875447193,
    "XZZZZXYY": -0.031085940875447193,
    "XZZZZYYX": 0.031085940875447193,
    "YZZZYZII": -0.030972279828155317,
    "XZZZXZII": -0.030972279828155317,
    "IXZZIXII": -0.030972279828155314,
    "IYZZIYII": -0.030972279828155314,
    "XXYYIIII": -0.030923776062197015,
    "YXXYIIII": 0.030923776062197015,
    "XYYXIIII": 0.030923776062197015,
    "YYXXIIII": -0.030923776062197015,
    "ZYZZZYII": -0.029680269468466247,
    "ZXZZZXII": -0.029680269468466247,
    "YIZZYIII": -0.029680269468466247,
    "XIZZXIII": -0.029680269468466247,
    "YXIIIIXY": 0.02433750547109759,
    "XXIIIIYY": -0.02433750547109759,
    "YYIIIIXX": -0.02433750547109759,
    "XYIIIIYX": 0.02433750547109759,
    "YYIIXXII": -0.02212826110063401,
    "XXIIYYII": -0.02212826110063401,
    "YXIIXYII": 0.02212826110063401,
    "XYIIYXII": 0.02212826110063401,
    "IIXYIIYX": 0.02154965755205543,
    "IIXXIIYY": -0.02154965755205543,
    "IIYYIIXX": -0.02154965755205543,
    "IIYXIIXY": 0.02154965755205543,
    "IYYIIXXI": 0.020421662009262126,
    "YZZXXZZY": -0.020421662009262126,
    "YZZYXZZX": 0.020421662009262126,
    "XZZXYZZY": 0.020421662009262126,
    "XZZYYZZX": -0.020421662009262126,
    "IXXIIYYI": 0.020421662009262126,
    "IXYIIYXI": -0.020421662009262126,
    "IYXIIXYI": -0.020421662009262126,
    "XZXIXZXI": -0.020189231138006736,
    "IXZXIXZX": -0.020189231138006736,
    "YZYIYZYI": -0.020189231138006736,
    "IYZYIYZY": -0.020189231138006736,
    "IIZXZZZX": 0.019917741521616187,
    "IIZYZZZY": 0.019917741521616187,
    "IIXIZZXI": 0.019917741521616187,
    "IIYIZZYI": 0.019917741521616187,
    "YXXZZZZY": -0.01936401960539145,
    "YYXZZZZX": 0.01936401960539145,
    "YYIYZZYI": 0.01936401960539145,
    "YXIXZZYI": 0.01936401960539145,
    "XXYZZZZY": 0.01936401960539145,
    "XXIXZZXI": 0.01936401960539145,
    "XYYZZZZX": -0.01936401960539145,
    "XYIYZZXI": 0.01936401960539145,
    "YZZIYIII": -0.01912290152481043,
    "XZZIXIII": -0.01912290152481043,
    "IXIZZXII": -0.01912290152481043,
    "IYIZZYII": -0.01912290152481043,
    "IIIXZIZX": 0.01729475049031181,
    "IIIYZIZY": 0.01729475049031181,
    "IIXZIZXI": 0.01729475049031181,
    "IIYZIZYI": 0.01729475049031181,
    "IIXZXYZY": -0.015533579608819025,
    "IIIYXXYI": -0.015533579608819025,
    "IIXZXXZX": -0.015533579608819025,
    "IIYZYXZX": -0.015533579608819025,
    "IIIXYYXI": -0.015533579608819025,
    "IIIXXYYI": 0.015533579608819025,
    "IIIYYXXI": 0.015533579608819025,
    "IIYZYYZY": -0.015533579608819025,
    "IXXIXZZX": 0.015028409465800146,
    "XZZXIXXI": 0.015028409465800146,
    "YZZYIYYI": 0.015028409465800146,
    "YZZXIXYI": 0.015028409465800146,
    "IYXIXZZY": 0.015028409465800146,
    "IYYIYZZY": 0.015028409465800146,
    "IXYIYZZX": 0.015028409465800146,
    "XZZYIYXI": 0.015028409465800146,
    "XZXIYZYI": -0.014795978594544752,
    "YZYIXZXI": -0.014795978594544752,
    "IXZXIYZY": -0.014795978594544752,
    "IYZYIXZX": -0.014795978594544752,
    "IZIYZZZY": 0.013073209779141216,
    "IZIXZZZX": 0.013073209779141216,
    "ZIXZZZXI": 0.013073209779141216,
    "ZIYZZZYI": 0.013073209779141216,
    "IXZIZXII": -0.011942213658784584,
    "XZIZXIII": -0.011942213658784584,
    "YZIZYIII": -0.011942213658784584,
    "IYZIZYII": -0.011942213658784584,
    "IIYXXYII": 0.011414900666080807,
    "IIXYYXII": 0.011414900666080807,
    "IIYYXXII": -0.011414900666080807,
    "IIXXYYII": -0.011414900666080807,
    "XZZZXIZI": -0.008640375332601792,
    "IYZZZYIZ": -0.008640375332601792,
    "IXZZZXIZ": -0.008640375332601792,
    "YZZZYIZI": -0.008640375332601792,
    "IYXXYIII": 0.007180687866025843,
    "IXXYYIII": -0.007180687866025843,
    "IXYYXIII": 0.007180687866025843,
    "IYYXXIII": -0.007180687866025843,
    "XZXXZXII": 0.007180687866025842,
    "XZXYZYII": 0.007180687866025842,
    "YZYXZXII": 0.007180687866025842,
    "YZYYZYII": 0.007180687866025842,
    "XZYIYZXI": -0.00539325254346198,
    "YZXIXZYI": -0.00539325254346198,
    "IYZXIXZY": -0.00539325254346198,
    "IXZYIYZX": -0.00539325254346198
  },
  "data": {
    "molecule_id": "DH_singlet_Coov",
    "qubit_encoding": "JW",
    "basis": "3-21g",
    "charge": 0,
    "multiplicity": 1,
    "geometry": "H 0.0000000000 0.0000000000 -0.1853500000\nH 0.0000000000 0.0000000000 0.9267500000",
    "n_qubits": 8,
    "alpha": 1.5,
    "energies": {
      "HF": -1.0696261843111619,
      "MP2": -1.091441389335482,
      "CISD": -1.105775888578175,
      "CCSD": -1.1057758519829015,
      "FCI": -1.1057758885781732
    },
    "converged": {
      "HF": true,
      "MP2": false,
      "CISD": true,
      "CCSD": true,
      "FCI": true
    },
    "fci_spin_matches_target": true,
    "fci_multiplicity": 0.9999999999999998,
    "hf_method_fallback": "standard",
    "generation_time_s": 0.063,
    "timestamp": "2026-02-25T23:53:31.741835+00:00"
  }
}