{
  "hamiltonian": {
    "IIIIIIII": 2.8108734333101557,
    "IIIIIIIZ": -1.2355483525910107,
    "IIIIIIZI": -1.2355483525910107,
    "IIIIIZII": -0.7503408715149992,
    "IIIIZIII": -0.7503408715149991,
    "IIZIIIII": -0.45244919786245297,
    "IIIZIIII": -0.45244919786245297,
    "ZIIIIIII": -0.2949247202796199,
    "IZIIIIII": -0.2949247202796199,
    "IIIIIIZZ": 0.20282684126702377,
    "ZIIIIIIZ": 0.18183955587215178,
    "IZIIIIZI": 0.18183955587215178,
    "ZZIIIIII": 0.17762070736279825,
    "IIIIZIIZ": 0.14940421915453944,
    "IIIIIZZI": 0.14940421915453944,
    "ZIIIIIZI": 0.1453379837204731,
    "IZIIIIIZ": 0.1453379837204731,
    "ZIIIIZII": 0.14490405700899509,
    "IZIIZIII": 0.14490405700899509,
    "IIIIZZII": 0.1259665505871451,
    "IIIIZIZI": 0.12120133536690429,
    "IIIIIZIZ": 0.12120133536690429,
    "IIIZIIZI": 0.11576260789383827,
    "IIZIIIIZ": 0.11576260789383827,
    "ZIIIZIII": 0.11401956415003353,
    "IZIIIZII": 0.11401956415003353,
    "IZZIIIII": 0.1128778738696997,
    "ZIIZIIII": 0.1128778738696997,
    "IIZZIIII": 0.10093167443209555,
    "IIIZIIIZ": 0.10026655905767032,
    "IIZIIIZI": 0.10026655905767032,
    "IIZIIZII": 0.10004567850266444,
    "IIIZZIII": 0.10004567850266444,
    "YZZZYIII": 0.09653907177813041,
    "XZZZXIII": 0.09653907177813041,
    "IXZZZXII": 0.0965390717781304,
    "IYZZZYII": 0.0965390717781304,
    "IZIZIIII": 0.09461013571981185,
    "ZIZIIIII": 0.09461013571981185,
    "IIZIZIII": 0.08998021450645372,
    "IIIZIZII": 0.08998021450645372,
    "IYZZZYZI": -0.05495478319614913,
    "XZZZXIIZ": -0.05495478319614913,
    "YZZZYIIZ": -0.05495478319614913,
    "IXZZZXZI": -0.05495478319614913,
    "IIXZZZXI": -0.05123667832067312,
    "IIYZZZYI": -0.05123667832067312,
    "IIIYZZZY": -0.05123667832067311,
    "IIIXZZZX": -0.05123667832067311,
    "ZXZZZXII": -0.0469787773707486,
    "YIZZYIII": -0.0469787773707486,
    "XIZZXIII": -0.0469787773707486,
    "ZYZZZYII": -0.0469787773707486,
    "IIIYZZIY": 0.042013775176345726,
    "IIIXZZIX": 0.042013775176345726,
    "IIYZZZYZ": 0.04201377517634572,
    "IIXZZZXZ": 0.04201377517634572,
    "XXIIIIYY": -0.036501572151678686,
    "YXIIIIXY": 0.036501572151678686,
    "XYIIIIYX": 0.036501572151678686,
    "YYIIIIXX": -0.036501572151678686,
    "IZXZZZXI": 0.03604789413261568,
    "IZYZZZYI": 0.03604789413261568,
    "ZIIYZZZY": 0.03604789413261568,
    "ZIIXZZZX": 0.03604789413261568,
    "XZZZXZII": -0.033409904126524885,
    "YZZZYZII": -0.033409904126524885,
    "IXZZIXII": -0.03340990412652488,
    "IYZZIYII": -0.03340990412652488,
    "YXIIXYII": 0.030884492858961558,
    "XYIIYXII": 0.030884492858961558,
    "XXIIYYII": -0.030884492858961558,
    "YYIIXXII": -0.030884492858961558,
    "YZZZZXXY": 0.029728059260794637,
    "YZZZZYXX": -0.029728059260794637,
    "XZZZZXYY": -0.029728059260794637,
    "XZZZZYYX": 0.029728059260794637,
    "IXZZXIXX": -0.02972805926079463,
    "IYZZYIYY": -0.02972805926079463,
    "IYZZXIXY": -0.02972805926079463,
    "IXZZYIYX": -0.02972805926079463,
    "IIIIYYXX": -0.02820288378763517,
    "IIIIXXYY": -0.02820288378763517,
    "IIIIXYYX": 0.02820288378763517,
    "IIIIYXXY": 0.02820288378763517,
    "IIYZIZYI": 0.025703460698937034,
    "IIXZIZXI": 0.025703460698937034,
    "IIIXZIZX": 0.025703460698937034,
    "IIIYZIZY": 0.025703460698937034,
    "YZZZYIZI": -0.02522672393535451,
    "IYZZZYIZ": -0.02522672393535451,
    "XZZZXIZI": -0.02522672393535451,
    "IXZZZXIZ": -0.02522672393535451,
    "IIIYIZZY": 0.02395627409509451,
    "IIIXIZZX": 0.02395627409509451,
    "IIXZZIXI": 0.02395627409509451,
    "IIYZZIYI": 0.02395627409509451,
    "XYIYZZXI": 0.019219848127779535,
    "XXIXZZXI": 0.019219848127779535,
    "YYIYZZYI": 0.019219848127779535,
    "YXIXZZYI": 0.019219848127779535,
    "YYXZZZZX": 0.019219848127779535,
    "YXXZZZZY": -0.019219848127779535,
    "XYYZZZZX": -0.019219848127779535,
    "XXYZZZZY": 0.019219848127779535,
    "YZIZYIII": -0.018596741571093558,
    "XZIZXIII": -0.018596741571093558,
    "IYZIZYII": -0.018596741571093558,
    "IXZIZXII": -0.018596741571093558,
    "YYXXIIII": -0.01826773814988786,
    "XYYXIIII": 0.01826773814988786,
    "XXYYIIII": -0.01826773814988786,
    "YXXYIIII": 0.01826773814988786,
    "IXZXYZYI": -0.017868624079180273,
    "YZYIIXZX": -0.017868624079180273,
    "YZYIIYZY": -0.017868624079180273,
    "IYZYYZYI": -0.017868624079180273,
    "XZXIIXZX": -0.017868624079180273,
    "XZXIIYZY": -0.017868624079180273,
    "IXZXXZXI": -0.017868624079180273,
    "IYZYXZXI": -0.017868624079180273,
    "IXXIIYYI": 0.01762284531309256,
    "IXYIIYXI": -0.01762284531309256,
    "IYYIIXXI": 0.01762284531309256,
    "IYXIIXYI": -0.01762284531309256,
    "XZZYYZZX": -0.01762284531309256,
    "XZZXYZZY": 0.01762284531309256,
    "YZZYXZZX": 0.01762284531309256,
    "YZZXXZZY": -0.01762284531309256,
    "IZIXZZZX": 0.016828046004836148,
    "IZIYZZZY": 0.016828046004836148,
    "ZIXZZZXI": 0.016828046004836148,
    "ZIYZZZYI": 0.016828046004836148,
    "IIYXIIXY": 0.015496048836167954,
    "IIXXIIYY": -0.015496048836167954,
    "IIXYIIYX": 0.015496048836167954,
    "IIYYIIXX": -0.015496048836167954,
    "IXZXIXZX": -0.015293718090597827,
    "YZYIYZYI": -0.015293718090597827,
    "IYZYIYZY": -0.015293718090597827,
    "XZXIXZXI": -0.015293718090597827,
    "XZYIYZXI": -0.015047939324510115,
    "YZXIXZYI": -0.015047939324510115,
    "IXZYIYZX": -0.015047939324510115,
    "IYZXIXZY": -0.015047939324510115,
    "IIYIZZYI": 0.012439096309575499,
    "IIXIZZXI": 0.012439096309575499,
    "IIZXZZZX": 0.012439096309575499,
    "IIZYZZZY": 0.012439096309575499,
    "XZZIXIII": -0.011329709033918953,
    "YZZIYIII": -0.011329709033918953,
    "IYIZZYII": -0.011329709033918953,
    "IXIZZXII": -0.011329709033918953,
    "IIYXXYII": 0.010065463996210723,
    "IIYYXXII": -0.010065463996210723,
    "IIXXYYII": -0.010065463996210723,
    "IIXYYXII": 0.010065463996210723,
    "XZXYZYII": -0.007267032537174605,
    "YZYXZXII": -0.007267032537174605,
    "XZXXZXII": -0.007267032537174605,
    "YZYYZYII": -0.007267032537174605,
    "IYYXXIII": 0.007267032537174604,
    "IYXXYIII": -0.007267032537174604,
    "IXXYYIII": 0.007267032537174604,
    "IXYYXIII": -0.007267032537174604,
    "IYXIXZZY": 0.002574905988582447,
    "YZZXIXYI": 0.002574905988582447,
    "YZZYIYYI": 0.002574905988582447,
    "XZZXIXXI": 0.002574905988582447,
    "XZZYIYXI": 0.002574905988582447,
    "IYYIYZZY": 0.002574905988582447,
    "IXXIXZZX": 0.002574905988582447,
    "IXYIYZZX": 0.002574905988582447,
    "IIIXYYXI": 0.0017471866038425228,
    "IIIXXYYI": -0.0017471866038425228,
    "IIIYYXXI": -0.0017471866038425228,
    "IIIYXXYI": 0.0017471866038425228,
    "IIXZXXZX": 0.0017471866038425224,
    "IIYZYYZY": 0.0017471866038425224,
    "IIYZYXZX": 0.0017471866038425224,
    "IIXZXYZY": 0.0017471866038425224,
    "IYZYIXZX": -0.0002457787660877141,
    "IXZXIYZY": -0.0002457787660877141,
    "XZXIYZYI": -0.0002457787660877141,
    "YZYIXZXI": -0.0002457787660877141
  },
  "data": {
    "molecule_id": "DH_singlet_Coov",
    "qubit_encoding": "JW",
    "basis": "3-21g",
    "charge": 0,
    "multiplicity": 1,
    "geometry": "H 0.0000000000 0.0000000000 0.0741400000\nH 0.0000000000 0.0000000000 0.6672600000",
    "n_qubits": 8,
    "alpha": 0.8,
    "energies": {
      "HF": -1.1024653081366576,
      "MP2": -1.1184168668634789,
      "CISD": -1.1245511928693204,
      "CCSD": -1.1245511662624756,
      "FCI": -1.124551192869082
    },
    "converged": {
      "HF": true,
      "MP2": false,
      "CISD": true,
      "CCSD": true,
      "FCI": true
    },
    "fci_spin_matches_target": true,
    "fci_multiplicity": 1.0,
    "hf_method_fallback": "standard",
    "generation_time_s": 0.056,
    "timestamp": "2026-02-25T23:53:32.085240+00:00"
  }
}