{
  "hamiltonian": {
    "IIIIIIII": 2.363996824609391,
    "IIIIIIZI": -0.9323328315380548,
    "IIIIIIIZ": -0.9323328315380547,
    "IIIIIZII": -0.9057053369752596,
    "IIIIZIII": -0.9057053369752596,
    "IIIZIIII": -0.37411162163702866,
    "IIZIIIII": -0.37411162163702855,
    "ZIIIIIII": -0.2931731996075772,
    "IZIIIIII": -0.29317319960757715,
    "IIIIIIZZ": 0.13399772914643512,
    "IIIIZZII": 0.1327380219448926,
    "IIIIIZZI": 0.1323520133853437,
    "IIIIZIIZ": 0.1323520133853437,
    "ZIIIIIIZ": 0.12175579108508572,
    "IZIIIIZI": 0.12175579108508572,
    "ZZIIIIII": 0.12169508072720316,
    "ZIIIIZII": 0.12008719127635425,
    "IZIIZIII": 0.12008719127635425,
    "IIZIIIIZ": 0.1138368883766174,
    "IIIZIIZI": 0.1138368883766174,
    "IIZIIZII": 0.11367482125704101,
    "IIIZZIII": 0.11367482125704101,
    "IZZIIIII": 0.11127868707513655,
    "ZIIZIIII": 0.11127868707513655,
    "IIZZIIII": 0.10818662320136475,
    "ZIIIIIZI": 0.10278937365765287,
    "IZIIIIIZ": 0.10278937365765287,
    "ZIIIZIII": 0.10079745181299324,
    "IZIIIZII": 0.10079745181299324,
    "IIZIIIZI": 0.09632829290701445,
    "IIIZIIIZ": 0.09632829290701445,
    "IIIZIZII": 0.09204643708662061,
    "IIZIZIII": 0.09204643708662061,
    "ZIZIIIII": 0.07455920310342037,
    "IZIZIIII": 0.07455920310342037,
    "IIIIIZIZ": 0.07394819734190043,
    "IIIIZIZI": 0.07394819734190043,
    "XZZZZZXI": 0.06975930380834325,
    "YZZZZZYI": 0.06975930380834325,
    "IXZZZZZX": 0.06975930380834325,
    "IYZZZZZY": 0.06975930380834325,
    "IIIXZXII": -0.06347425963986553,
    "IIIYZYII": -0.06347425963986553,
    "IIXZXIII": -0.06347425963986551,
    "IIYZYIII": -0.06347425963986551,
    "IIIIXYYX": 0.05840381604344326,
    "IIIIYXXY": 0.05840381604344326,
    "IIIIYYXX": -0.05840381604344326,
    "IIIIXXYY": -0.05840381604344326,
    "YZYIIYZY": -0.04192712971279978,
    "XZXIIXZX": -0.04192712971279978,
    "XZXIIYZY": -0.04192712971279978,
    "YZYIIXZX": -0.04192712971279978,
    "IYZYYZYI": -0.04192712971279978,
    "IXZXXZXI": -0.04192712971279978,
    "IXZXYZYI": -0.04192712971279978,
    "IYZYXZXI": -0.04192712971279978,
    "YXXYIIII": 0.03671948397171618,
    "XXYYIIII": -0.03671948397171618,
    "YYXXIIII": -0.03671948397171618,
    "XYYXIIII": 0.03671948397171618,
    "IIIYZYZI": 0.03536698361583734,
    "IIXZXIIZ": 0.03536698361583734,
    "IIYZYIIZ": 0.03536698361583734,
    "IIIXZXZI": 0.03536698361583734,
    "IIIYIYII": 0.03481016244434443,
    "IIIXIXII": 0.03481016244434443,
    "IIXZXZII": 0.03481016244434442,
    "IIYZYZII": 0.03481016244434442,
    "IYZZIZZY": -0.032042014054332796,
    "IXZZIZZX": -0.032042014054332796,
    "YZZZZIYI": -0.032042014054332796,
    "XZZZZIXI": -0.032042014054332796,
    "IYZZZZIY": -0.030814353016920308,
    "IXZZZZIX": -0.030814353016920308,
    "XZZZZZXZ": -0.030814353016920305,
    "YZZZZZYZ": -0.030814353016920305,
    "IYZZYXXI": -0.028080550843106147,
    "XZZZXXZX": 0.028080550843106147,
    "XZZZXYZY": 0.028080550843106147,
    "YZZZYXZX": 0.028080550843106147,
    "IXZZXYYI": -0.028080550843106147,
    "IXZZYYXI": 0.028080550843106147,
    "IYZZXXYI": 0.028080550843106147,
    "YZZZYYZY": 0.028080550843106147,
    "IZYZYIII": 0.027761505848069794,
    "IZXZXIII": 0.027761505848069794,
    "ZIIYZYII": 0.027761505848069794,
    "ZIIXZXII": 0.027761505848069794,
    "IIIYYIYY": 0.026570368687251024,
    "IIIXXIXX": 0.026570368687251024,
    "IIIXYIYX": 0.026570368687251024,
    "IIYZZXXY": -0.026570368687251024,
    "IIIYXIXY": 0.026570368687251024,
    "IIXZZXYY": 0.026570368687251024,
    "IIXZZYYX": -0.026570368687251024,
    "IIYZZYXX": 0.026570368687251024,
    "XZXIYZYI": -0.0239365636417658,
    "IXZXIYZY": -0.0239365636417658,
    "IYZYIXZX": -0.0239365636417658,
    "YZYIXZXI": -0.0239365636417658,
    "YZYIYZYI": -0.023018967513288476,
    "XZXIXZXI": -0.023018967513288476,
    "IXZXIXZX": -0.023018967513288476,
    "IYZYIYZY": -0.023018967513288476,
    "IIYIYIII": 0.022471401128335393,
    "IIXIXIII": 0.022471401128335393,
    "IIZYZYII": 0.022471401128335393,
    "IIZXZXII": 0.022471401128335393,
    "XIZZZZXI": -0.02204503173815945,
    "YIZZZZYI": -0.02204503173815945,
    "ZYZZZZZY": -0.02204503173815945,
    "ZXZZZZZX": -0.02204503173815945,
    "IIYXXYII": 0.021628384170420397,
    "IIYYXXII": -0.021628384170420397,
    "IIXXYYII": -0.021628384170420397,
    "IIXYYXII": 0.021628384170420397,
    "YZZIZZYI": -0.02074375658857005,
    "XZZIZZXI": -0.02074375658857005,
    "IYIZZZZY": -0.02074375658857005,
    "IXIZZZZX": -0.02074375658857005,
    "XYIIYXII": 0.01928973946336102,
    "XXIIYYII": -0.01928973946336102,
    "YYIIXXII": -0.01928973946336102,
    "YXIIXYII": 0.01928973946336102,
    "YYIIIIXX": -0.018966417427432856,
    "YXIIIIXY": 0.018966417427432856,
    "XXIIIIYY": -0.018966417427432856,
    "XYIIIIYX": 0.018966417427432856,
    "IYXIXZZY": 0.01890816219951131,
    "IYYIYZZY": 0.01890816219951131,
    "IXXIXZZX": 0.01890816219951131,
    "IXYIYZZX": 0.01890816219951131,
    "YZZXIXYI": 0.01890816219951131,
    "YZZYIYYI": 0.01890816219951131,
    "XZZXIXXI": 0.01890816219951131,
    "XZZYIYXI": 0.01890816219951131,
    "XZZYYZZX": -0.017990566071033984,
    "XZZXYZZY": 0.017990566071033984,
    "IXYIIYXI": -0.017990566071033984,
    "IXXIIYYI": 0.017990566071033984,
    "IYYIIXXI": 0.017990566071033984,
    "IYXIIXYI": -0.017990566071033984,
    "YZZYXZZX": 0.017990566071033984,
    "YZZXXZZY": -0.017990566071033984,
    "XYIYXIII": 0.017552119457951532,
    "XYYZZXII": -0.017552119457951532,
    "XXYZZYII": 0.017552119457951532,
    "YXIXYIII": 0.017552119457951532,
    "YXXZZYII": -0.017552119457951532,
    "YYXZZXII": 0.017552119457951532,
    "YYIYYIII": 0.017552119457951532,
    "XXIXXIII": 0.017552119457951532,
    "IIYYIIXX": -0.01750859546960296,
    "IIYXIIXY": 0.01750859546960296,
    "IIXYIIYX": 0.01750859546960296,
    "IIXXIIYY": -0.01750859546960296,
    "IYXXZZYI": 0.016501050170273486,
    "IYYXZZXI": -0.016501050170273486,
    "IXXYZZYI": -0.016501050170273486,
    "IXYYZZXI": 0.016501050170273486,
    "XZXXZZZX": 0.016501050170273486,
    "YZYYZZZY": 0.016501050170273486,
    "YZYXZZZX": 0.016501050170273486,
    "XZXYZZZY": 0.016501050170273486,
    "IZIYZYII": 0.01020938639011826,
    "ZIYZYIII": 0.01020938639011826,
    "ZIXZXIII": 0.01020938639011826,
    "IZIXZXII": 0.01020938639011826,
    "IIIXZXIZ": 0.008796614928586313,
    "IIIYZYIZ": 0.008796614928586313,
    "IIYZYIZI": 0.008796614928586313,
    "IIXZXIZI": 0.008796614928586313,
    "IXZIZZZX": -0.004242706418296563,
    "XZIZZZXI": -0.004242706418296563,
    "YZIZZZYI": -0.004242706418296563,
    "IYZIZZZY": -0.004242706418296563,
    "YZZZIZYI": -0.003961463211226653,
    "IYZZZIZY": -0.003961463211226653,
    "IXZZZIZX": -0.003961463211226653,
    "XZZZIZXI": -0.003961463211226653,
    "XZYIYZXI": 0.0009175961284773309,
    "YZXIXZYI": 0.0009175961284773309,
    "IYZXIXZY": 0.0009175961284773309,
    "IXZYIYZX": 0.0009175961284773309
  },
  "data": {
    "molecule_id": "DH_singlet_Coov",
    "qubit_encoding": "JW",
    "basis": "3-21g",
    "charge": 0,
    "multiplicity": 1,
    "geometry": "H 0.0000000000 0.0000000000 -0.3707000000\nH 0.0000000000 0.0000000000 1.1121000000",
    "n_qubits": 8,
    "alpha": 2.0,
    "energies": {
      "HF": -0.9955009967684538,
      "MP2": -1.0251851007728359,
      "CISD": -1.0525292597333755,
      "CCSD": -1.0525292298863762,
      "FCI": -1.052529259733375
    },
    "converged": {
      "HF": true,
      "MP2": false,
      "CISD": true,
      "CCSD": true,
      "FCI": true
    },
    "fci_spin_matches_target": true,
    "fci_multiplicity": 1.0,
    "hf_method_fallback": "standard",
    "generation_time_s": 0.063,
    "timestamp": "2026-02-25T23:53:31.804921+00:00"
  }
}