{
  "hamiltonian": {
    "IIII": -3.250836388695973,
    "ZIII": 0.7443480096697093,
    "IZII": 0.7443480096697093,
    "IIZI": 0.7443480093118156,
    "IIIZ": 0.7443480093118156,
    "IIZZ": 0.1425646228817351,
    "ZIIZ": 0.14256462286832633,
    "IZZI": 0.14256462286832633,
    "ZZII": 0.14256462285491758,
    "YXXY": 0.12136361281544171,
    "YYXX": -0.12136361281544171,
    "XXYY": -0.12136361281544171,
    "XYYX": 0.12136361281544171,
    "ZIZI": 0.021201010052884613,
    "IZIZ": 0.021201010052884613
  },
  "data": {
    "molecule_id": "He2_singlet_Dooh",
    "qubit_encoding": "JW",
    "basis": "sto-3g",
    "charge": 0,
    "multiplicity": 1,
    "geometry": "He 3.1200000000 0.0000000000 0.0000000000\nHe -3.1200000000 0.0000000000 0.0000000000",
    "n_qubits": 4,
    "alpha": 1.2,
    "energies": {
      "HF": -5.615567915079947,
      "MP2": -5.615567915079947,
      "CISD": -5.615567915079947,
      "CCSD": -5.615567915079947,
      "FCI": -5.615567915079947
    },
    "converged": {
      "HF": true,
      "MP2": false,
      "CISD": true,
      "CCSD": true,
      "FCI": true
    },
    "fci_spin_matches_target": true,
    "fci_multiplicity": 1.0,
    "hf_method_fallback": "standard",
    "generation_time_s": 0.015,
    "timestamp": "2026-02-25T23:52:34.453268+00:00"
  }
}