{
  "hamiltonian": {
    "IIIIIIIZ": -0.8652360729328106,
    "IIIIIIZI": -0.8652360729328106,
    "IIIIZIII": -0.864615189205739,
    "IIIIIZII": -0.864615189205739,
    "IIIIIIII": -0.3894133139605023,
    "ZIIIIIII": 0.2834755577635987,
    "IZIIIIII": 0.2834755577635986,
    "IIZIIIII": 0.28334535013678874,
    "IIIZIIII": 0.28334535013678874,
    "IIZZIIII": 0.14675716202853992,
    "IZZIIIII": 0.14673939918067375,
    "ZIIZIIII": 0.14673939918067375,
    "ZZIIIIII": 0.14672164236276308,
    "IIIIZZII": 0.14297088798974658,
    "IIIIIZZI": 0.14296417166359413,
    "IIIIZIIZ": 0.14296417166359413,
    "IIIIIIZZ": 0.14295746508739715,
    "IIZIIZII": 0.14093605704101886,
    "IIIZZIII": 0.14093605704101886,
    "IIZIIIIZ": 0.14093057886654636,
    "IIIZIIZI": 0.14093057886654636,
    "IZIIZIII": 0.14091807553162589,
    "ZIIIIZII": 0.14091807553162589,
    "ZIIIIIIZ": 0.14091259729509548,
    "IZIIIIZI": 0.14091259729509548,
    "YXXYIIII": 0.11039480892532591,
    "XYYXIIII": 0.11039480892532591,
    "YYXXIIII": -0.11039480892532591,
    "XXYYIIII": -0.11039480892532591,
    "IIIZIIIZ": 0.10818141068120997,
    "IIZIIIZI": 0.10818141068120997,
    "IZIIIIIZ": 0.10817784059222163,
    "ZIIIIIZI": 0.10817784059222163,
    "IIZIZIII": 0.10817219598666328,
    "IIIZIZII": 0.10817219598666328,
    "IZIIIZII": 0.10816863406661788,
    "ZIIIZIII": 0.10816863406661788,
    "IIIIXYYX": 0.10661958104331706,
    "IIIIXXYY": -0.10661958104331706,
    "IIIIYYXX": -0.10661958104331706,
    "IIIIYXXY": 0.10661958104331706,
    "IYZYXZXI": 0.10457973439008916,
    "IXZXYZYI": 0.10457973439008916,
    "IYZYYZYI": 0.10457973439008916,
    "YZYIIXZX": 0.10457973439008916,
    "XZXIIYZY": 0.10457973439008916,
    "XZXIIXZX": 0.10457973439008916,
    "IXZXXZXI": 0.10457973439008916,
    "YZYIIYZY": 0.10457973439008916,
    "XZXIXZXI": 0.07183043344365454,
    "YZYIYZYI": 0.07183043344365454,
    "IYZYIYZY": 0.07183043344365454,
    "IXZXIXZX": 0.07183043344365454,
    "YZYIXZXI": 0.07183043176742247,
    "XZXIYZYI": 0.07183043176742247,
    "IXZXIYZY": 0.07183043176742247,
    "IYZYIXZX": 0.07183043176742247,
    "IIIYXXYI": 0.04299650966569328,
    "IIXZXXZX": 0.04299650966569328,
    "IIYZYYZY": 0.04299650966569328,
    "IIYZYXZX": 0.04299650966569328,
    "IIIXXYYI": -0.04299650966569328,
    "IIIXYYXI": 0.04299650966569328,
    "IIXZXYZY": 0.04299650966569328,
    "IIIYYXXI": -0.04299650966569328,
    "IYZZIYII": -0.04298163416111393,
    "IXZZIXII": -0.04298163416111393,
    "YZZZYZII": -0.042981634161113925,
    "XZZZXZII": -0.042981634161113925,
    "IIIXIZZX": -0.042978580585646256,
    "IIYZZIYI": -0.042978580585646256,
    "IIXZZIXI": -0.042978580585646256,
    "IIIYIZZY": -0.042978580585646256,
    "IYZZZYZI": -0.04297370354586269,
    "XZZZXIIZ": -0.04297370354586269,
    "YZZZYIIZ": -0.04297370354586269,
    "IXZZZXZI": -0.04297370354586269,
    "IIXZZZXZ": -0.0429706449898184,
    "IIYZZZYZ": -0.0429706449898184,
    "IIIXZZIX": -0.042970644989818396,
    "IIIYZZIY": -0.042970644989818396,
    "IYZZYIYY": -0.0429557708921294,
    "IXZZXIXX": -0.0429557708921294,
    "IXZZYIYX": -0.0429557708921294,
    "IYZZXIXY": -0.0429557708921294,
    "XZZZZXYY": -0.042955770892129395,
    "YZZZZYXX": -0.042955770892129395,
    "YZZZZXXY": 0.042955770892129395,
    "XZZZZYYX": 0.042955770892129395,
    "IXXYYIII": -0.039925733254680754,
    "IXYYXIII": 0.039925733254680754,
    "IYYXXIII": -0.039925733254680754,
    "YZYYZYII": 0.039925733254680754,
    "IYXXYIII": 0.039925733254680754,
    "YZYXZXII": 0.039925733254680754,
    "XZXXZXII": 0.039925733254680754,
    "XZXYZYII": 0.039925733254680754,
    "YZZIYIII": -0.03991353432701282,
    "XZZIXIII": -0.03991353432701282,
    "IXIZZXII": -0.03991353432701282,
    "IYIZZYII": -0.03991353432701282,
    "IIZYZZZY": -0.03990798968998741,
    "IIYIZZYI": -0.03990798968998741,
    "IIZXZZZX": -0.03990798968998741,
    "IIXIZZXI": -0.03990798968998741,
    "ZXZZZXII": -0.03990107141578361,
    "ZYZZZYII": -0.03990107141578361,
    "XIZZXIII": -0.03990107141578361,
    "YIZZYIII": -0.03990107141578361,
    "IZXZZZXI": -0.03989552902284148,
    "IZYZZZYI": -0.03989552902284148,
    "ZIIYZZZY": -0.03989552902284148,
    "ZIIXZZZX": -0.03989552902284148,
    "XYYZZZZX": 0.03988332834211327,
    "XXYZZZZY": -0.03988332834211327,
    "YYXZZZZX": -0.03988332834211327,
    "YXXZZZZY": 0.03988332834211327,
    "XYIYZZXI": -0.03988332834211327,
    "YYIYZZYI": -0.03988332834211327,
    "YXIXZZYI": -0.03988332834211327,
    "XXIXZZXI": -0.03988332834211327,
    "IIIIIZIZ": 0.036344590620277034,
    "IIIIZIZI": 0.036344590620277034,
    "ZIZIIIII": 0.03634459025534786,
    "IZIZIIII": 0.03634459025534786,
    "IIXYYXII": 0.03276386105435558,
    "IIXXYYII": -0.03276386105435558,
    "IIYYXXII": -0.03276386105435558,
    "IIYXXYII": 0.03276386105435558,
    "XYIIYXII": 0.032749441465007995,
    "XXIIYYII": -0.032749441465007995,
    "YYIIXXII": -0.032749441465007995,
    "YXIIXYII": 0.032749441465007995,
    "XZZYYZZX": 0.032749302902038674,
    "IXYIIYXI": 0.032749302902038674,
    "IXXIIYYI": -0.032749302902038674,
    "IYYIIXXI": -0.032749302902038674,
    "YZZXXZZY": 0.032749302902038674,
    "IYXIIXYI": 0.032749302902038674,
    "XZZXYZZY": -0.032749302902038674,
    "YZZYXZZX": -0.032749302902038674,
    "XZZYIYXI": -0.032749300667062615,
    "IXYIYZZX": -0.032749300667062615,
    "YZZXIXYI": -0.032749300667062615,
    "YZZYIYYI": -0.032749300667062615,
    "IXXIXZZX": -0.032749300667062615,
    "IYYIYZZY": -0.032749300667062615,
    "IYXIXZZY": -0.032749300667062615,
    "XZZXIXXI": -0.032749300667062615,
    "IIYXIIXY": 0.03274916818533637,
    "IIXXIIYY": -0.03274916818533637,
    "IIYYIIXX": -0.03274916818533637,
    "IIXYIIYX": 0.03274916818533637,
    "YXIIIIXY": 0.03273475670287385,
    "XXIIIIYY": -0.03273475670287385,
    "XYIIIIYX": 0.03273475670287385,
    "YYIIIIXX": -0.03273475670287385,
    "IYZZZYII": 0.006171062026228649,
    "IXZZZXII": 0.006171062026228649,
    "XZZZXIII": 0.00617106202622863,
    "YZZZYIII": 0.00617106202622863,
    "IIIXZZZX": 0.00611537859083462,
    "IIIYZZZY": 0.00611537859083462,
    "IIXZZZXI": 0.006115378590834598,
    "IIYZZZYI": 0.006115378590834598,
    "IXZZZXIZ": -1.7932653733298415e-05,
    "YZZZYIZI": -1.7932653733298415e-05,
    "XZZZXIZI": -1.7932653733298415e-05,
    "IYZZZYIZ": -1.7932653733298415e-05,
    "IIXZIZXI": 1.7929080047020957e-05,
    "IIIYZIZY": 1.7929080047020957e-05,
    "IIYZIZYI": 1.7929080047020957e-05,
    "IIIXZIZX": 1.7929080047020957e-05,
    "ZIYZZZYI": -1.2200680728206847e-05,
    "ZIXZZZXI": -1.2200680728206847e-05,
    "IZIYZZZY": -1.2200680728206847e-05,
    "IZIXZZZX": -1.2200680728206847e-05,
    "YZIZYIII": 1.2198927667940451e-05,
    "XZIZXIII": 1.2198927667940451e-05,
    "IXZIZXII": 1.2198927667940451e-05,
    "IYZIZYII": 1.2198927667940451e-05
  },
  "data": {
    "molecule_id": "He2_singlet_Dooh",
    "qubit_encoding": "JW",
    "basis": "3-21g",
    "charge": 0,
    "multiplicity": 1,
    "geometry": "He 1.8200000000 0.0000000000 0.0000000000\nHe -1.8200000000 0.0000000000 0.0000000000",
    "n_qubits": 8,
    "alpha": 0.7,
    "energies": {
      "HF": -5.671359773252142,
      "MP2": -5.694353001354728,
      "CISD": -5.701058010288706,
      "CCSD": -5.701153422749158,
      "FCI": -5.701153426922531
    },
    "converged": {
      "HF": true,
      "MP2": false,
      "CISD": true,
      "CCSD": true,
      "FCI": true
    },
    "fci_spin_matches_target": true,
    "fci_multiplicity": 1.0000000000000107,
    "hf_method_fallback": "standard",
    "generation_time_s": 0.046,
    "timestamp": "2026-02-25T23:51:58.221300+00:00"
  }
}