{
  "hamiltonian": {
    "IIII": -3.1902620427352364,
    "IZII": 0.7747079223299175,
    "ZIII": 0.7747079223299174,
    "IIZI": 0.7745623927046243,
    "IIIZ": 0.7745623927046243,
    "IIZZ": 0.15015508104213068,
    "ZIIZ": 0.15013641204915892,
    "IZZI": 0.15013641204915892,
    "ZZII": 0.1501177524718506,
    "YXXY": 0.11379182522552779,
    "YYXX": -0.11379182522552779,
    "XXYY": -0.11379182522552779,
    "XYYX": 0.11379182522552779,
    "ZIZI": 0.03634458682363112,
    "IZIZ": 0.03634458682363112
  },
  "data": {
    "molecule_id": "He2_singlet_Dooh",
    "qubit_encoding": "JW",
    "basis": "sto-3g",
    "charge": 0,
    "multiplicity": 1,
    "geometry": "He 1.8200000000 0.0000000000 0.0000000000\nHe -1.8200000000 0.0000000000 0.0000000000",
    "n_qubits": 4,
    "alpha": 0.7,
    "energies": {
      "HF": -5.6155678415447605,
      "MP2": -5.6155678415447605,
      "CISD": -5.6155678415447605,
      "CCSD": -5.6155678415447605,
      "FCI": -5.61556784154476
    },
    "converged": {
      "HF": true,
      "MP2": false,
      "CISD": true,
      "CCSD": true,
      "FCI": true
    },
    "fci_spin_matches_target": true,
    "fci_multiplicity": 1.0,
    "hf_method_fallback": "standard",
    "generation_time_s": 0.013,
    "timestamp": "2026-02-25T23:52:34.546894+00:00"
  }
}