{
  "hamiltonian": {
    "IIIIIIIZ": -0.8808379734158229,
    "IIIIIIZI": -0.8808379734158229,
    "IIIIZIII": -0.849510453275308,
    "IIIIIZII": -0.8495104532753079,
    "IIIIIIII": -0.38840810406014414,
    "ZIIIIIII": 0.28580016303527767,
    "IZIIIIII": 0.2858001630352775,
    "IIIZIIII": 0.2810091081327101,
    "IIZIIIII": 0.2810091081327099,
    "IIZZIIII": 0.15474231361771995,
    "IZZIIIII": 0.15400613890366738,
    "ZIIZIIII": 0.15400613890366738,
    "ZZIIIIII": 0.15328532847800475,
    "IIIIZZII": 0.1505796252963346,
    "IIIIIZZI": 0.15022702332110965,
    "IIIIZIIZ": 0.15022702332110965,
    "IIIIIIZZ": 0.14991084156470025,
    "IIZIIZII": 0.14869545541760348,
    "IIIZZIII": 0.14869545541760348,
    "IIZIIIIZ": 0.14840909056712653,
    "IIIZIIZI": 0.14840909056712653,
    "ZIIIIZII": 0.14798891978802303,
    "IZIIZIII": 0.14798891978802303,
    "ZIIIIIIZ": 0.14769209419992424,
    "IZIIIIZI": 0.14769209419992424,
    "IIZIIIZI": 0.11568117663966102,
    "IIIZIIIZ": 0.11568117663966102,
    "ZIIIIIZI": 0.11554012691012121,
    "IZIIIIIZ": 0.11554012691012121,
    "IIZIZIII": 0.11533300736051424,
    "IIIZIZII": 0.11533300736051424,
    "ZIIIZIII": 0.11521358995118847,
    "IZIIIZII": 0.11521358995118847,
    "YXXYIIII": 0.10312338877988159,
    "XYYXIIII": 0.10312338877988159,
    "XXYYIIII": -0.10312338877988159,
    "YYXXIIII": -0.10312338877988159,
    "IIIIYYXX": -0.09935285041361418,
    "IIIIXXYY": -0.09935285041361418,
    "IIIIXYYX": 0.09935285041361418,
    "IIIIYXXY": 0.09935285041361418,
    "IYZYXZXI": 0.0973102726810222,
    "YZYIIYZY": 0.0973102726810222,
    "YZYIIXZX": 0.0973102726810222,
    "XZXIIYZY": 0.0973102726810222,
    "IYZYYZYI": 0.0973102726810222,
    "IXZXXZXI": 0.0973102726810222,
    "IXZXYZYI": 0.0973102726810222,
    "XZXIIXZX": 0.0973102726810222,
    "IXZXIXZX": 0.06456857173864027,
    "YZYIYZYI": 0.06456857173864027,
    "XZXIXZXI": 0.06456857173864027,
    "IYZYIYZY": 0.06456857173864027,
    "IXZXIYZY": 0.06456687421373684,
    "IYZYIXZX": 0.06456687421373684,
    "YZYIXZXI": 0.06456687421373684,
    "XZXIYZYI": 0.06456687421373684,
    "ZIZIIIII": 0.050882750123785805,
    "IZIZIIII": 0.050882750123785805,
    "IIIIIZIZ": 0.05087417290749548,
    "IIIIZIZI": 0.05087417290749548,
    "IIIYXXYI": 0.043808496574332306,
    "IIIYYXXI": -0.043808496574332306,
    "IIIXXYYI": -0.043808496574332306,
    "IIXZXXZX": 0.043808496574332306,
    "IIIXYYXI": 0.043808496574332306,
    "IIYZYYZY": 0.043808496574332306,
    "IIYZYXZX": 0.043808496574332306,
    "IIXZXYZY": 0.043808496574332306,
    "YZZZYZII": -0.04309918658441374,
    "XZZZXZII": -0.04309918658441374,
    "IYZZIYII": -0.04309918658441373,
    "IXZZIXII": -0.04309918658441373,
    "IIYZZIYI": -0.04307741635597033,
    "IIIYIZZY": -0.04307741635597033,
    "IIIXIZZX": -0.04307741635597033,
    "IIXZZIXI": -0.04307741635597033,
    "XZZZXIIZ": -0.042887866772745184,
    "YZZZYIIZ": -0.042887866772745184,
    "IXZZZXZI": -0.042887866772745184,
    "IYZZZYZI": -0.042887866772745184,
    "IIIXZZIX": -0.042843790532464385,
    "IIIYZZIY": -0.042843790532464385,
    "IIXZZZXZ": -0.042843790532464385,
    "IIYZZZYZ": -0.042843790532464385,
    "YZZZZYXX": -0.04213809582049737,
    "YZZZZXXY": 0.04213809582049737,
    "IYZZXIXY": -0.04213809582049737,
    "IYZZYIYY": -0.04213809582049737,
    "IXZZXIXX": -0.04213809582049737,
    "IXZZYIYX": -0.04213809582049737,
    "XZZZZXYY": -0.04213809582049737,
    "XZZZZYYX": 0.04213809582049737,
    "YZYXZXII": 0.04078871987305374,
    "XZXYZYII": 0.04078871987305374,
    "XZXXZXII": 0.04078871987305374,
    "YZYYZYII": 0.04078871987305374,
    "IYYXXIII": -0.040788719873053735,
    "IXXYYIII": -0.040788719873053735,
    "IYXXYIII": 0.040788719873053735,
    "IXYYXIII": 0.040788719873053735,
    "IXIZZXII": -0.040262906630673403,
    "IYIZZYII": -0.040262906630673403,
    "YZZIYIII": -0.040262906630673403,
    "XZZIXIII": -0.040262906630673403,
    "IIYIZZYI": -0.04009130732936736,
    "IIXIZZXI": -0.04009130732936736,
    "IIZYZZZY": -0.04009130732936736,
    "IIZXZZZX": -0.04009130732936736,
    "ZXZZZXII": -0.0397110139055015,
    "ZYZZZYII": -0.0397110139055015,
    "XIZZXIII": -0.0397110139055015,
    "YIZZYIII": -0.0397110139055015,
    "IZXZZZXI": -0.0395499013945852,
    "ZIIYZZZY": -0.0395499013945852,
    "IZYZZZYI": -0.0395499013945852,
    "ZIIXZZZX": -0.0395499013945852,
    "XXIXZZXI": -0.03901404612086929,
    "XYYZZZZX": 0.03901404612086929,
    "YXIXZZYI": -0.03901404612086929,
    "YYIYZZYI": -0.03901404612086929,
    "YXXZZZZY": 0.03901404612086929,
    "XYIYZZXI": -0.03901404612086929,
    "XXYZZZZY": -0.03901404612086929,
    "YYXZZZZX": -0.03901404612086929,
    "IIXXYYII": -0.03336244805708922,
    "IIXYYXII": 0.03336244805708922,
    "IIYXXYII": 0.03336244805708922,
    "IIYYXXII": -0.03336244805708922,
    "YXIIXYII": 0.032775329836834566,
    "YYIIXXII": -0.032775329836834566,
    "XXIIYYII": -0.032775329836834566,
    "XYIIYXII": 0.032775329836834566,
    "YZZYXZZX": -0.03274339846728536,
    "IXYIIYXI": 0.03274339846728536,
    "XZZYYZZX": 0.03274339846728536,
    "XZZXYZZY": -0.03274339846728536,
    "YZZXXZZY": 0.03274339846728536,
    "IXXIIYYI": -0.03274339846728536,
    "IYYIIXXI": -0.03274339846728536,
    "IYXIIXYI": 0.03274339846728536,
    "YZZXIXYI": -0.03274170094238194,
    "YZZYIYYI": -0.03274170094238194,
    "IYXIXZZY": -0.03274170094238194,
    "IYYIYZZY": -0.03274170094238194,
    "IXXIXZZX": -0.03274170094238194,
    "XZZXIXXI": -0.03274170094238194,
    "XZZYIYXI": -0.03274170094238194,
    "IXYIYZZX": -0.03274170094238194,
    "IIXYIIYX": 0.03272791392746554,
    "IIXXIIYY": -0.03272791392746554,
    "IIYYIIXX": -0.03272791392746554,
    "IIYXIIXY": 0.03272791392746554,
    "YXIIIIXY": 0.03215196728980304,
    "YYIIIIXX": -0.03215196728980304,
    "XXIIIIYY": -0.03215196728980304,
    "XYIIIIYX": 0.03215196728980304,
    "XZZZXIII": 0.007289428982508506,
    "YZZZYIII": 0.007289428982508506,
    "IXZZZXII": 0.007289428982508457,
    "IYZZZYII": 0.007289428982508457,
    "IIIYZZZY": 0.0050123562210318325,
    "IIIXZZZX": 0.0050123562210318325,
    "IIYZZZYI": 0.005012356221031824,
    "IIXZZZXI": 0.005012356221031824,
    "IXZZZXIZ": -0.0007497709522478226,
    "IYZZZYIZ": -0.0007497709522478226,
    "YZZZYIZI": -0.0007497709522478226,
    "XZZZXIZI": -0.0007497709522478226,
    "IIIXZIZX": 0.0007310802183619763,
    "IIXZIZXI": 0.0007310802183619763,
    "IIYZIZYI": 0.0007310802183619763,
    "IIIYZIZY": 0.0007310802183619763,
    "ZIYZZZYI": -0.0005358552737159093,
    "ZIXZZZXI": -0.0005358552737159093,
    "IZIYZZZY": -0.0005358552737159093,
    "IZIXZZZX": -0.0005358552737159093,
    "YZIZYIII": 0.0005258132423803415,
    "XZIZXIII": 0.0005258132423803415,
    "IYZIZYII": 0.0005258132423803415,
    "IXZIZXII": 0.0005258132423803415,
    "YZXIXZYI": 1.6975249034281714e-06,
    "XZYIYZXI": 1.6975249034281714e-06,
    "IYZXIXZY": 1.6975249034281714e-06,
    "IXZYIYZX": 1.6975249034281714e-06
  },
  "data": {
    "molecule_id": "He2_singlet_Dooh",
    "qubit_encoding": "JW",
    "basis": "3-21g",
    "charge": 0,
    "multiplicity": 1,
    "geometry": "He 1.3000000000 0.0000000000 0.0000000000\nHe -1.3000000000 0.0000000000 0.0000000000",
    "n_qubits": 8,
    "alpha": 0.5,
    "energies": {
      "HF": -5.67133214197783,
      "MP2": -5.6943264309280925,
      "CISD": -5.7010316468255935,
      "CCSD": -5.701126994829221,
      "FCI": -5.701127080854358
    },
    "converged": {
      "HF": true,
      "MP2": false,
      "CISD": true,
      "CCSD": true,
      "FCI": true
    },
    "fci_spin_matches_target": true,
    "fci_multiplicity": 0.9999999999999996,
    "hf_method_fallback": "standard",
    "generation_time_s": 0.047,
    "timestamp": "2026-02-25T23:51:58.269142+00:00"
  }
}