{
  "hamiltonian": {
    "IIIIIIIZ": -0.8649256026079607,
    "IIIIIIZI": -0.8649256026079606,
    "IIIIZIII": -0.8649255157802848,
    "IIIIIZII": -0.8649255157802848,
    "IIIIIIII": -0.3894135742254469,
    "ZIIIIIII": 0.28341046370710826,
    "IZIIIIII": 0.28341046370710815,
    "IIZIIIII": 0.2834104388557611,
    "IIIZIIII": 0.28341043885576106,
    "IIZZIIII": 0.14128771594892187,
    "IZZIIIII": 0.14128771314490307,
    "ZIIZIIII": 0.14128771314490307,
    "ZZIIIIII": 0.1412877103408844,
    "IIIIZZII": 0.13751248480447525,
    "IIIIIZZI": 0.13751248325890103,
    "IIIIZIIZ": 0.13751248325890103,
    "IIIIIIZZ": 0.13751248171332686,
    "IIZIIZII": 0.13547263983345406,
    "IIIZZIII": 0.13547263983345406,
    "IIZIIIIZ": 0.13547263848474345,
    "IIIZIIZI": 0.13547263848474345,
    "IZIIZIII": 0.1354726369164491,
    "ZIIIIZII": 0.1354726369164491,
    "IZIIIIZI": 0.1354726355677386,
    "ZIIIIIIZ": 0.1354726355677386,
    "XYYXIIII": 0.11584650108144146,
    "XXYYIIII": -0.11584650108144146,
    "YYXXIIII": -0.11584650108144146,
    "YXXYIIII": 0.11584650108144146,
    "IIIIYXXY": 0.11207127119543937,
    "IIIIXYYX": 0.11207127119543937,
    "IIIIXXYY": -0.11207127119543937,
    "IIIIYYXX": -0.11207127119543937,
    "IYZYYZYI": 0.11003142563713465,
    "IYZYXZXI": 0.11003142563713465,
    "IXZXYZYI": 0.11003142563713465,
    "YZYIIXZX": 0.11003142563713465,
    "YZYIIYZY": 0.11003142563713465,
    "XZXIIXZX": 0.11003142563713465,
    "XZXIIYZY": 0.11003142563713465,
    "IXZXXZXI": 0.11003142563713465,
    "IIZIIIZI": 0.10272333367538915,
    "IIIZIIIZ": 0.10272333367538915,
    "ZIIIIIZI": 0.10272333325797021,
    "IZIIIIIZ": 0.10272333325797021,
    "IIZIZIII": 0.10272333259646754,
    "IIIZIZII": 0.10272333259646754,
    "IZIIIZII": 0.1027233321790488,
    "ZIIIZIII": 0.1027233321790488,
    "YZYIYZYI": 0.07728212086375742,
    "IYZYIYZY": 0.07728212086375742,
    "IXZXIXZX": 0.07728212086375742,
    "XZXIXZXI": 0.07728212086375742,
    "IYZYIXZX": 0.07728212086375737,
    "IXZXIYZY": 0.07728212086375737,
    "XZXIYZYI": 0.07728212086375737,
    "YZYIXZXI": 0.07728212086375737,
    "IIXZXXZX": 0.042976144442305964,
    "IIYZYYZY": 0.042976144442305964,
    "IIXZXYZY": 0.042976144442305964,
    "IIYZYXZX": 0.042976144442305964,
    "IIIXYYXI": 0.042976144442305964,
    "IIIXXYYI": -0.042976144442305964,
    "IIIYYXXI": -0.042976144442305964,
    "IIIYXXYI": 0.042976144442305964,
    "IXZZIXII": -0.042976142017954064,
    "XZZZXZII": -0.042976142017954064,
    "IYZZIYII": -0.042976142017954064,
    "YZZZYZII": -0.042976142017954064,
    "IIIXIZZX": -0.04297614159620104,
    "IIIYIZZY": -0.04297614159620104,
    "IIYZZIYI": -0.04297614159620104,
    "IIXZZIXI": -0.04297614159620104,
    "XZZZXIIZ": -0.04297614036065411,
    "YZZZYIIZ": -0.04297614036065411,
    "IXZZZXZI": -0.04297614036065411,
    "IYZZZYZI": -0.04297614036065411,
    "IIIYZZIY": -0.04297613993890109,
    "IIIXZZIX": -0.04297613993890109,
    "IIXZZZXZ": -0.04297613993890109,
    "IIYZZZYZ": -0.04297613993890109,
    "XZZZZYYX": 0.04297613751454916,
    "YZZZZYXX": -0.04297613751454916,
    "YZZZZXXY": 0.04297613751454916,
    "IXZZYIYX": -0.04297613751454916,
    "IYZZXIXY": -0.04297613751454916,
    "IYZZYIYY": -0.04297613751454916,
    "XZZZZXYY": -0.04297613751454916,
    "IXZZXIXX": -0.04297613751454916,
    "IXXYYIII": -0.039904535528652495,
    "IXYYXIII": 0.039904535528652495,
    "IYYXXIII": -0.039904535528652495,
    "IYXXYIII": 0.039904535528652495,
    "XZXYZYII": 0.039904535528652495,
    "XZXXZXII": 0.039904535528652495,
    "YZYYZYII": 0.039904535528652495,
    "YZYXZXII": 0.039904535528652495,
    "IXIZZXII": -0.03990453335363777,
    "XZZIXIII": -0.03990453335363777,
    "IYIZZYII": -0.03990453335363777,
    "YZZIYIII": -0.03990453335363777,
    "IIZXZZZX": -0.039904532607954936,
    "IIZYZZZY": -0.039904532607954936,
    "IIXIZZXI": -0.039904532607954936,
    "IIYIZZYI": -0.039904532607954936,
    "YIZZYIII": -0.039904531328513744,
    "XIZZXIII": -0.039904531328513744,
    "ZYZZZYII": -0.039904531328513744,
    "ZXZZZXII": -0.039904531328513744,
    "IZYZZZYI": -0.03990453058283091,
    "ZIIYZZZY": -0.03990453058283091,
    "ZIIXZZZX": -0.03990453058283091,
    "IZXZZZXI": -0.03990453058283091,
    "YXIXZZYI": -0.039904528407816185,
    "YYIYZZYI": -0.039904528407816185,
    "XXIXZZXI": -0.039904528407816185,
    "XYIYZZXI": -0.039904528407816185,
    "YXXZZZZY": 0.039904528407816185,
    "YYXZZZZX": -0.039904528407816185,
    "XXYZZZZY": -0.039904528407816185,
    "XYYZZZZX": 0.039904528407816185,
    "IIYXXYII": 0.03274930723698652,
    "IIYYXXII": -0.03274930723698652,
    "IIXXYYII": -0.03274930723698652,
    "IIXYYXII": 0.03274930723698652,
    "IIYXIIXY": 0.03274930480935431,
    "IIYYIIXX": -0.03274930480935431,
    "IIXXIIYY": -0.03274930480935431,
    "IIXYIIYX": 0.03274930480935431,
    "YZZXXZZY": 0.03274930477337729,
    "YZZYXZZX": -0.03274930477337729,
    "XZZYYZZX": 0.03274930477337729,
    "IYYIIXXI": -0.03274930477337729,
    "IXXIIYYI": -0.03274930477337729,
    "IXYIIYXI": 0.03274930477337729,
    "IYXIIXYI": 0.03274930477337729,
    "XZZXYZZY": -0.03274930477337729,
    "IXYIYZZX": -0.03274930477337721,
    "XZZXIXXI": -0.03274930477337721,
    "IXXIXZZX": -0.03274930477337721,
    "IYYIYZZY": -0.03274930477337721,
    "IYXIXZZY": -0.03274930477337721,
    "XZZYIYXI": -0.03274930477337721,
    "YZZYIYYI": -0.03274930477337721,
    "YZZXIXYI": -0.03274930477337721,
    "XYIIYXII": 0.032749304737400294,
    "YXIIXYII": 0.032749304737400294,
    "XXIIYYII": -0.032749304737400294,
    "YYIIXXII": -0.032749304737400294,
    "XXIIIIYY": -0.03274930230976835,
    "XYIIIIYX": 0.03274930230976835,
    "YYIIIIXX": -0.03274930230976835,
    "YXIIIIXY": 0.03274930230976835,
    "IIIIIZIZ": 0.02544121206346163,
    "IIIIZIZI": 0.02544121206346163,
    "IZIZIIII": 0.025441212063461616,
    "ZIZIIIII": 0.025441212063461616,
    "IXZZZXII": 0.006143222768103113,
    "IYZZZYII": 0.006143222768103113,
    "XZZZXIII": 0.00614322276810308,
    "YZZZYIII": 0.00614322276810308,
    "IIXZZZXI": 0.006143213288874558,
    "IIYZZZYI": 0.006143213288874558,
    "IIIXZZZX": 0.00614321328887452,
    "IIIYZZZY": 0.00614321328887452
  },
  "data": {
    "molecule_id": "He2_singlet_Dooh",
    "qubit_encoding": "JW",
    "basis": "3-21g",
    "charge": 0,
    "multiplicity": 1,
    "geometry": "He 2.6000000000 0.0000000000 0.0000000000\nHe -2.6000000000 0.0000000000 0.0000000000",
    "n_qubits": 8,
    "alpha": 1.0,
    "energies": {
      "HF": -5.6713597472811355,
      "MP2": -5.6943529740815775,
      "CISD": -5.701057982686177,
      "CCSD": -5.701153395169171,
      "FCI": -5.701153399299463
    },
    "converged": {
      "HF": true,
      "MP2": false,
      "CISD": true,
      "CCSD": true,
      "FCI": true
    },
    "fci_spin_matches_target": true,
    "fci_multiplicity": 1.000000000000014,
    "hf_method_fallback": "standard",
    "generation_time_s": 0.057,
    "timestamp": "2026-02-25T23:51:57.798617+00:00"
  }
}