{
  "hamiltonian": {
    "IIII": -3.2847580047805893,
    "ZIII": 0.7273872014484553,
    "IZII": 0.7273872014484553,
    "IIZI": 0.7273872014484553,
    "IIIZ": 0.7273872014484553,
    "ZZII": 0.13832442085774943,
    "ZIIZ": 0.13832442085774943,
    "IZZI": 0.13832442085774943,
    "IIZZ": 0.13832442085774943,
    "YXXY": 0.12560381482601868,
    "YYXX": -0.12560381482601868,
    "XXYY": -0.12560381482601868,
    "XYYX": 0.12560381482601868,
    "ZIZI": 0.012720606031730752,
    "IZIZ": 0.012720606031730752
  },
  "data": {
    "molecule_id": "He2_singlet_Dooh",
    "qubit_encoding": "JW",
    "basis": "sto-3g",
    "charge": 0,
    "multiplicity": 1,
    "geometry": "He 5.2000000000 0.0000000000 0.0000000000\nHe -5.2000000000 0.0000000000 0.0000000000",
    "n_qubits": 4,
    "alpha": 2.0,
    "energies": {
      "HF": -5.61556791507995,
      "MP2": -5.61556791507995,
      "CISD": -5.61556791507995,
      "CCSD": -5.61556791507995,
      "FCI": -5.615567915079952
    },
    "converged": {
      "HF": true,
      "MP2": false,
      "CISD": true,
      "CCSD": true,
      "FCI": true
    },
    "fci_spin_matches_target": true,
    "fci_multiplicity": 1.0,
    "hf_method_fallback": "standard",
    "generation_time_s": 0.012,
    "timestamp": "2026-02-25T23:52:34.478559+00:00"
  }
}