{
  "hamiltonian": {
    "IIII": -3.222568375288032,
    "ZIII": 0.7584831773940075,
    "IZII": 0.7584831773940074,
    "IIZI": 0.7584808549891235,
    "IIIZ": 0.7584808549891235,
    "IIZZ": 0.14609829149793113,
    "ZIIZ": 0.14609812454379545,
    "IZZI": 0.14609812454379545,
    "ZZII": 0.14609795759032318,
    "YXXY": 0.11783011114006468,
    "YYXX": -0.11783011114006468,
    "XXYY": -0.11783011114006468,
    "XYYX": 0.11783011114006468,
    "ZIZI": 0.028268013403730786,
    "IZIZ": 0.028268013403730786
  },
  "data": {
    "molecule_id": "He2_singlet_Dooh",
    "qubit_encoding": "JW",
    "basis": "sto-3g",
    "charge": 0,
    "multiplicity": 1,
    "geometry": "He 2.3400000000 0.0000000000 0.0000000000\nHe -2.3400000000 0.0000000000 0.0000000000",
    "n_qubits": 4,
    "alpha": 0.9,
    "energies": {
      "HF": -5.615567915070986,
      "MP2": -5.615567915070986,
      "CISD": -5.615567915070986,
      "CCSD": -5.615567915070986,
      "FCI": -5.615567915070987
    },
    "converged": {
      "HF": true,
      "MP2": false,
      "CISD": true,
      "CCSD": true,
      "FCI": true
    },
    "fci_spin_matches_target": true,
    "fci_multiplicity": 1.0,
    "hf_method_fallback": "standard",
    "generation_time_s": 0.015,
    "timestamp": "2026-02-25T23:52:34.521472+00:00"
  }
}