{
  "hamiltonian": {
    "IIIIZIII": -0.8649255591941928,
    "IIIIIZII": -0.8649255591941928,
    "IIIIIIZI": -0.8649255591941928,
    "IIIIIIIZ": -0.8649255591941927,
    "IIIIIIII": -0.38941357422545503,
    "IZIIIIII": 0.2834104512815061,
    "ZIIIIIII": 0.283410451281506,
    "IIZIIIII": 0.283410451281506,
    "IIIZIIII": 0.283410451281506,
    "IIZZIIII": 0.13492741012811044,
    "IZZIIIII": 0.13492741012811044,
    "ZIIZIIII": 0.13492741012811044,
    "ZZIIIIII": 0.13492741012811044,
    "IIIIIZZI": 0.13115218024403427,
    "IIIIZIIZ": 0.13115218024403427,
    "IIIIZZII": 0.13115218024403427,
    "IIIIIIZZ": 0.13115218024403427,
    "IIZIIZII": 0.12911233468469518,
    "ZIIIIIIZ": 0.12911233468469518,
    "IZIIIIZI": 0.12911233468469518,
    "IIZIIIIZ": 0.12911233468469518,
    "IIIZZIII": 0.12911233468469518,
    "ZIIIIZII": 0.12911233468469518,
    "IZIIZIII": 0.12911233468469518,
    "IIIZIIZI": 0.12911233468469518,
    "XYYXIIII": 0.12220680409637964,
    "XXYYIIII": -0.12220680409637964,
    "YXXYIIII": 0.12220680409637964,
    "YYXXIIII": -0.12220680409637964,
    "IIIIYXXY": 0.11843157421230353,
    "IIIIXYYX": 0.11843157421230353,
    "IIIIXXYY": -0.11843157421230353,
    "IIIIYYXX": -0.11843157421230353,
    "IXZXXZXI": 0.11639172865296442,
    "IXZXYZYI": 0.11639172865296442,
    "YZYIIXZX": 0.11639172865296442,
    "IYZYYZYI": 0.11639172865296442,
    "IYZYXZXI": 0.11639172865296442,
    "XZXIIXZX": 0.11639172865296442,
    "YZYIIYZY": 0.11639172865296442,
    "XZXIIYZY": 0.11639172865296442,
    "ZIIIZIII": 0.09636302991135356,
    "IIZIIIZI": 0.09636302991135356,
    "ZIIIIIZI": 0.09636302991135356,
    "IIIZIIIZ": 0.09636302991135356,
    "IZIIIZII": 0.09636302991135356,
    "IZIIIIIZ": 0.09636302991135356,
    "IIZIZIII": 0.09636302991135356,
    "IIIZIZII": 0.09636302991135356,
    "IYZYIXZX": 0.08364242387962278,
    "IYZYIYZY": 0.08364242387962278,
    "XZXIXZXI": 0.08364242387962278,
    "XZXIYZYI": 0.08364242387962278,
    "YZYIXZXI": 0.08364242387962278,
    "IXZXIYZY": 0.08364242387962278,
    "YZYIYZYI": 0.08364242387962278,
    "IXZXIXZX": 0.08364242387962278,
    "IIIYIZZY": -0.042976140978796235,
    "YZZZYIIZ": -0.042976140978796235,
    "XZZZXIIZ": -0.042976140978796235,
    "IYZZZYZI": -0.042976140978796235,
    "XZZZXZII": -0.042976140978796235,
    "YZZZYZII": -0.042976140978796235,
    "IIIXZZIX": -0.042976140978796235,
    "IIXZZIXI": -0.042976140978796235,
    "IXZZZXZI": -0.042976140978796235,
    "IYZZIYII": -0.042976140978796235,
    "IXZZIXII": -0.042976140978796235,
    "IIYZZZYZ": -0.042976140978796235,
    "IIXZZZXZ": -0.042976140978796235,
    "IIIXIZZX": -0.042976140978796235,
    "IIYZZIYI": -0.042976140978796235,
    "IIIYZZIY": -0.042976140978796235,
    "IXZZXIXX": -0.04297614097879622,
    "IXZZYIYX": -0.04297614097879622,
    "IYZZYIYY": -0.04297614097879622,
    "IYZZXIXY": -0.04297614097879622,
    "XZZZZXYY": -0.042976140978796214,
    "YZZZZYXX": -0.042976140978796214,
    "YZZZZXXY": 0.042976140978796214,
    "IIIXYYXI": 0.042976140978796214,
    "XZZZZYYX": 0.042976140978796214,
    "IIYZYYZY": 0.042976140978796214,
    "IIIYXXYI": 0.042976140978796214,
    "IIIXXYYI": -0.042976140978796214,
    "IIIYYXXI": -0.042976140978796214,
    "IIYZYXZX": 0.042976140978796214,
    "IIXZXXZX": 0.042976140978796214,
    "IIXZXYZY": 0.042976140978796214,
    "XXIXZZXI": -0.03990453196788764,
    "YYIYZZYI": -0.03990453196788764,
    "YXIXZZYI": -0.03990453196788764,
    "XYIYZZXI": -0.03990453196788764,
    "XZXXZXII": 0.03990453196788764,
    "YXXZZZZY": 0.03990453196788764,
    "YZYXZXII": 0.03990453196788764,
    "IXYYXIII": 0.03990453196788764,
    "IXXYYIII": -0.03990453196788764,
    "IYYXXIII": -0.03990453196788764,
    "IYXXYIII": 0.03990453196788764,
    "YYXZZZZX": -0.03990453196788764,
    "YZYYZYII": 0.03990453196788764,
    "XYYZZZZX": 0.03990453196788764,
    "XZXYZYII": 0.03990453196788764,
    "XXYZZZZY": -0.03990453196788764,
    "IIYIZZYI": -0.03990453196788763,
    "IIXIZZXI": -0.03990453196788763,
    "IXIZZXII": -0.03990453196788763,
    "IZXZZZXI": -0.03990453196788763,
    "YIZZYIII": -0.03990453196788763,
    "XIZZXIII": -0.03990453196788763,
    "ZYZZZYII": -0.03990453196788763,
    "YZZIYIII": -0.03990453196788763,
    "XZZIXIII": -0.03990453196788763,
    "ZXZZZXII": -0.03990453196788763,
    "ZIIXZZZX": -0.03990453196788763,
    "IIZXZZZX": -0.03990453196788763,
    "IYIZZYII": -0.03990453196788763,
    "IZYZZZYI": -0.03990453196788763,
    "ZIIYZZZY": -0.03990453196788763,
    "IIZYZZZY": -0.03990453196788763,
    "IIXYIIYX": 0.03274930477334164,
    "IIXXIIYY": -0.03274930477334164,
    "IIYYIIXX": -0.03274930477334164,
    "IIYXIIXY": 0.03274930477334164,
    "IXYIYZZX": -0.03274930477334164,
    "IIXXYYII": -0.03274930477334164,
    "YXIIXYII": 0.03274930477334164,
    "YYIIXXII": -0.03274930477334164,
    "XXIIYYII": -0.03274930477334164,
    "XYIIYXII": 0.03274930477334164,
    "YXIIIIXY": 0.03274930477334164,
    "YYIIIIXX": -0.03274930477334164,
    "XXIIIIYY": -0.03274930477334164,
    "XYIIIIYX": 0.03274930477334164,
    "YZZXIXYI": -0.03274930477334164,
    "YZZYIYYI": -0.03274930477334164,
    "XZZXIXXI": -0.03274930477334164,
    "IIXYYXII": 0.03274930477334164,
    "YZZXXZZY": 0.03274930477334164,
    "YZZYXZZX": -0.03274930477334164,
    "XZZXYZZY": -0.03274930477334164,
    "XZZYIYXI": -0.03274930477334164,
    "IXXIIYYI": -0.03274930477334164,
    "IYXIXZZY": -0.03274930477334164,
    "IYYIYZZY": -0.03274930477334164,
    "IXXIXZZX": -0.03274930477334164,
    "IIYYXXII": -0.03274930477334164,
    "IYXIIXYI": 0.03274930477334164,
    "IYYIIXXI": -0.03274930477334164,
    "XZZYYZZX": 0.03274930477334164,
    "IXYIIYXI": 0.03274930477334164,
    "IIYXXYII": 0.03274930477334164,
    "ZIZIIIII": 0.01272060603173078,
    "IZIZIIII": 0.01272060603173078,
    "IIIIIZIZ": 0.012720606031730732,
    "IIIIZIZI": 0.012720606031730732,
    "IIIYZZZY": 0.006143218021817377,
    "IIIXZZZX": 0.006143218021817377,
    "IYZZZYII": 0.006143218021817366,
    "IXZZZXII": 0.006143218021817366,
    "IIXZZZXI": 0.006143218021817363,
    "IIYZZZYI": 0.006143218021817363,
    "XZZZXIII": 0.0061432180218173454,
    "YZZZYIII": 0.0061432180218173454
  },
  "data": {
    "molecule_id": "He2_singlet_Dooh",
    "qubit_encoding": "JW",
    "basis": "3-21g",
    "charge": 0,
    "multiplicity": 1,
    "geometry": "He 5.2000000000 0.0000000000 0.0000000000\nHe -5.2000000000 0.0000000000 0.0000000000",
    "n_qubits": 8,
    "alpha": 2.0,
    "energies": {
      "HF": -5.671359747281134,
      "MP2": -5.694352974081559,
      "CISD": -5.701057982686175,
      "CCSD": -5.701153395169193,
      "FCI": -5.701153399299466
    },
    "converged": {
      "HF": true,
      "MP2": false,
      "CISD": true,
      "CCSD": true,
      "FCI": true
    },
    "fci_spin_matches_target": true,
    "fci_multiplicity": 1.0000000000000173,
    "hf_method_fallback": "standard",
    "generation_time_s": 0.048,
    "timestamp": "2026-02-25T23:51:57.955540+00:00"
  }
}