{
  "hamiltonian": {
    "IIII": -3.1320821448465583,
    "ZIII": 0.8053422324215045,
    "IZII": 0.8053422324215045,
    "IIZI": 0.802062445137991,
    "IIIZ": 0.802062445137991,
    "IIZZ": 0.1579832844610719,
    "ZIIZ": 0.15740531345820863,
    "IZZI": 0.15740531345820863,
    "ZZII": 0.1568393525131327,
    "YXXY": 0.10652615752435105,
    "YYXX": -0.10652615752435105,
    "XXYY": -0.10652615752435105,
    "XYYX": 0.10652615752435105,
    "ZIZI": 0.05087915593385754,
    "IZIZ": 0.05087915593385754
  },
  "data": {
    "molecule_id": "He2_singlet_Dooh",
    "qubit_encoding": "JW",
    "basis": "sto-3g",
    "charge": 0,
    "multiplicity": 1,
    "geometry": "He 1.3000000000 0.0000000000 0.0000000000\nHe -1.3000000000 0.0000000000 0.0000000000",
    "n_qubits": 4,
    "alpha": 0.5,
    "energies": {
      "HF": -5.615499924207212,
      "MP2": -5.615499924207212,
      "CISD": -5.615499924207212,
      "CCSD": -5.615499924207212,
      "FCI": -5.615499924207211
    },
    "converged": {
      "HF": true,
      "MP2": false,
      "CISD": true,
      "CCSD": true,
      "FCI": true
    },
    "fci_spin_matches_target": true,
    "fci_multiplicity": 1.0,
    "hf_method_fallback": "standard",
    "generation_time_s": 0.012,
    "timestamp": "2026-02-25T23:52:34.559591+00:00"
  }
}