{
  "hamiltonian": {
    "IIIIIIZI": -0.8649492033181408,
    "IIIIIIIZ": -0.8649492033181407,
    "IIIIIZII": -0.864901915823458,
    "IIIIZIII": -0.8649019158234579,
    "IIIIIIII": -0.38941357294611884,
    "ZIIIIIII": 0.2834161382766339,
    "IZIIIIII": 0.28341613827663387,
    "IIZIIIII": 0.2834047643577222,
    "IIIZIIII": 0.2834047643577219,
    "IIZZIIII": 0.14446930032905753,
    "IZZIIIII": 0.14446786463542644,
    "ZIIZIIII": 0.14446786463542644,
    "ZZIIIIII": 0.14446642897870537,
    "IIIIZZII": 0.1406932521147247,
    "IIIIIZZI": 0.14069263477067892,
    "IIIIZIIZ": 0.14069263477067892,
    "IIIIIIZZ": 0.14069201747733898,
    "IIZIIZII": 0.1386537833133962,
    "IIIZZIII": 0.1386537833133962,
    "IIZIIIIZ": 0.13865326600451394,
    "IIIZIIZI": 0.13865326600451394,
    "IZIIZIII": 0.13865231241942588,
    "ZIIIIZII": 0.13865231241942588,
    "ZIIIIIIZ": 0.13865179511943088,
    "IZIIIIZI": 0.13865179511943088,
    "YYXXIIII": -0.11266634954377285,
    "YXXYIIII": 0.11266634954377285,
    "XXYYIIII": -0.11266634954377285,
    "XYYXIIII": 0.11266634954377285,
    "IIIIXXYY": -0.10889111967297947,
    "IIIIYYXX": -0.10889111967297947,
    "IIIIYXXY": 0.10889111967297947,
    "IIIIXYYX": 0.10889111967297947,
    "IYZYYZYI": 0.10685127410645869,
    "YZYIIYZY": 0.10685127410645869,
    "YZYIIXZX": 0.10685127410645869,
    "XZXIIYZY": 0.10685127410645869,
    "IXZXYZYI": 0.10685127410645869,
    "IYZYXZXI": 0.10685127410645869,
    "XZXIIXZX": 0.10685127410645869,
    "IXZXXZXI": 0.10685127410645869,
    "IIIZIIIZ": 0.10590395947003971,
    "IIZIIIZI": 0.10590395947003971,
    "ZIIIIIZI": 0.10590369438902787,
    "IZIIIIIZ": 0.10590369438902787,
    "IIIZIZII": 0.10590327444278086,
    "IIZIZIII": 0.10590327444278086,
    "ZIIIZIII": 0.10590300941092975,
    "IZIIIZII": 0.10590300941092975,
    "IXZXIXZX": 0.07410196935841712,
    "XZXIXZXI": 0.07410196935841712,
    "IYZYIYZY": 0.07410196935841712,
    "YZYIYZYI": 0.07410196935841712,
    "XZXIYZYI": 0.07410196934595141,
    "IYZYIXZX": 0.07410196934595141,
    "YZYIXZXI": 0.07410196934595141,
    "IXZXIYZY": 0.07410196934595141,
    "IIXZXYZY": 0.04297782787226018,
    "IIIXYYXI": 0.04297782787226018,
    "IIIXXYYI": -0.04297782787226018,
    "IIYZYXZX": 0.04297782787226018,
    "IIYZYYZY": 0.04297782787226018,
    "IIIYYXXI": -0.04297782787226018,
    "IIXZXXZX": 0.04297782787226018,
    "IIIYXXYI": 0.04297782787226018,
    "XZZZXZII": -0.04297662936069684,
    "IYZZIYII": -0.04297662936069684,
    "IXZZIXII": -0.04297662936069684,
    "YZZZYZII": -0.04297662936069684,
    "IIIXIZZX": -0.04297637929252346,
    "IIYZZIYI": -0.04297637929252346,
    "IIXZZIXI": -0.04297637929252346,
    "IIIYIZZY": -0.04297637929252346,
    "IYZZZYZI": -0.04297590267337243,
    "XZZZXIIZ": -0.04297590267337243,
    "YZZZYIIZ": -0.04297590267337243,
    "IXZZZXZI": -0.04297590267337243,
    "IIXZZZXZ": -0.04297565258296283,
    "IIIXZZIX": -0.04297565258296283,
    "IIIYZZIY": -0.04297565258296283,
    "IIYZZZYZ": -0.04297565258296283,
    "XZZZZXYY": -0.042974454077931545,
    "YZZZZYXX": -0.042974454077931545,
    "YZZZZXXY": 0.042974454077931545,
    "IXZZXIXX": -0.042974454077931545,
    "IXZZYIYX": -0.042974454077931545,
    "IYZZYIYY": -0.042974454077931545,
    "XZZZZYYX": 0.042974454077931545,
    "IYZZXIXY": -0.042974454077931545,
    "IXXYYIII": -0.03990627771967998,
    "IXYYXIII": 0.03990627771967998,
    "IYYXXIII": -0.03990627771967998,
    "YZYYZYII": 0.03990627771967998,
    "IYXXYIII": 0.03990627771967998,
    "YZYXZXII": 0.03990627771967998,
    "XZXXZXII": 0.03990627771967998,
    "XZXYZYII": 0.03990627771967998,
    "YZZIYIII": -0.03990525523972323,
    "XZZIXIII": -0.03990525523972323,
    "IXIZZXII": -0.03990525523972323,
    "IYIZZYII": -0.03990525523972323,
    "IIZYZZZY": -0.03990482091085722,
    "IIYIZZYI": -0.03990482091085722,
    "IIZXZZZX": -0.03990482091085722,
    "IIXIZZXI": -0.03990482091085722,
    "ZXZZZXII": -0.03990424300830271,
    "ZYZZZYII": -0.03990424300830271,
    "XIZZXIII": -0.03990424300830271,
    "YIZZYIII": -0.03990424300830271,
    "IZXZZZXI": -0.03990380868912021,
    "ZIIYZZZY": -0.03990380868912021,
    "ZIIXZZZX": -0.03990380868912021,
    "IZYZZZYI": -0.03990380868912021,
    "YXIXZZYI": -0.03990278620130708,
    "XXIXZZXI": -0.03990278620130708,
    "XYIYZZXI": -0.03990278620130708,
    "XYYZZZZX": 0.03990278620130708,
    "XXYZZZZY": -0.03990278620130708,
    "YYIYZZYI": -0.03990278620130708,
    "YXXZZZZY": 0.03990278620130708,
    "YYXZZZZX": -0.03990278620130708,
    "IIXYYXII": 0.032750508870615334,
    "IIXXYYII": -0.032750508870615334,
    "IIYYXXII": -0.032750508870615334,
    "IIYXXYII": 0.032750508870615334,
    "IIYXIIXY": 0.032749306534474214,
    "IIXYIIYX": 0.032749306534474214,
    "IIXXIIYY": -0.032749306534474214,
    "IIYYIIXX": -0.032749306534474214,
    "YZZXXZZY": 0.03274930476258491,
    "YZZYXZZX": -0.03274930476258491,
    "IYXIIXYI": 0.03274930476258491,
    "IXYIIYXI": 0.03274930476258491,
    "IXXIIYYI": -0.03274930476258491,
    "IYYIIXXI": -0.03274930476258491,
    "XZZYYZZX": 0.03274930476258491,
    "XZZXYZZY": -0.03274930476258491,
    "YZZYIYYI": -0.03274930474596397,
    "YZZXIXYI": -0.03274930474596397,
    "IYXIXZZY": -0.03274930474596397,
    "XZZXIXXI": -0.03274930474596397,
    "IYYIYZZY": -0.03274930474596397,
    "IXXIXZZX": -0.03274930474596397,
    "IXYIYZZX": -0.03274930474596397,
    "XZZYIYXI": -0.03274930474596397,
    "YXIIXYII": 0.032749303008496135,
    "YYIIXXII": -0.032749303008496135,
    "XXIIYYII": -0.032749303008496135,
    "XYIIYXII": 0.032749303008496135,
    "YXIIIIXY": 0.032748100730403025,
    "YYIIIIXX": -0.032748100730403025,
    "XYIIIIYX": 0.032748100730403025,
    "XXIIIIYY": -0.032748100730403025,
    "IIIIZIZI": 0.03180151509769944,
    "IIIIIZIZ": 0.03180151509769944,
    "ZIZIIIII": 0.031801515091653604,
    "IZIZIIII": 0.031801515091653604,
    "IYZZZYII": 0.006145519108300589,
    "IXZZZXII": 0.006145519108300589,
    "XZZZXIII": 0.006145519108300508,
    "YZZZYIII": 0.006145519108300508,
    "IIXZZZXI": 0.006140916960979211,
    "IIYZZZYI": 0.006140916960979211,
    "IIIXZZZX": 0.006140916960979206,
    "IIIYZZZY": 0.006140916960979206,
    "YZZZYIZI": -1.4485954408817447e-06,
    "XZZZXIZI": -1.4485954408817447e-06,
    "IXZZZXIZ": -1.4485954408817447e-06,
    "IYZZZYIZ": -1.4485954408817447e-06,
    "IIXZIZXI": 1.4485797367215503e-06,
    "IIIYZIZY": 1.4485797367215503e-06,
    "IIYZIZYI": 1.4485797367215503e-06,
    "IIIXZIZX": 1.4485797367215503e-06,
    "ZIYZZZYI": -1.0224878131369353e-06,
    "ZIXZZZXI": -1.0224878131369353e-06,
    "IZIYZZZY": -1.0224878131369353e-06,
    "IZIXZZZX": -1.0224878131369353e-06,
    "YZIZYIII": 1.0224799567512544e-06,
    "XZIZXIII": 1.0224799567512544e-06,
    "IXZIZXII": 1.0224799567512544e-06,
    "IYZIZYII": 1.0224799567512544e-06
  },
  "data": {
    "molecule_id": "He2_singlet_Dooh",
    "qubit_encoding": "JW",
    "basis": "3-21g",
    "charge": 0,
    "multiplicity": 1,
    "geometry": "He 2.0800000000 0.0000000000 0.0000000000\nHe -2.0800000000 0.0000000000 0.0000000000",
    "n_qubits": 8,
    "alpha": 0.8,
    "energies": {
      "HF": -5.671359747546375,
      "MP2": -5.694352974356156,
      "CISD": -5.701057982963062,
      "CCSD": -5.701153395445873,
      "FCI": -5.701153399576498
    },
    "converged": {
      "HF": true,
      "MP2": false,
      "CISD": true,
      "CCSD": true,
      "FCI": true
    },
    "fci_spin_matches_target": true,
    "fci_multiplicity": 1.0000000000000129,
    "hf_method_fallback": "standard",
    "generation_time_s": 0.048,
    "timestamp": "2026-02-25T23:51:58.174705+00:00"
  }
}