{
  "hamiltonian": {
    "IIII": -3.2338755806536446,
    "ZIII": 0.7528285009329934,
    "IZII": 0.7528285009329932,
    "IIZI": 0.7528283260908293,
    "IIIZ": 0.7528283260908293,
    "IIZZ": 0.144684733707307,
    "ZIIZ": 0.1446847238736152,
    "IZZI": 0.1446847238736152,
    "ZZII": 0.1446847140399238,
    "YXXY": 0.11924351181015358,
    "YYXX": -0.11924351181015358,
    "XXYY": -0.11924351181015358,
    "XYYX": 0.11924351181015358,
    "ZIZI": 0.025441212063461602,
    "IZIZ": 0.025441212063461602
  },
  "data": {
    "molecule_id": "He2_singlet_Dooh",
    "qubit_encoding": "JW",
    "basis": "sto-3g",
    "charge": 0,
    "multiplicity": 1,
    "geometry": "He 2.6000000000 0.0000000000 0.0000000000\nHe -2.6000000000 0.0000000000 0.0000000000",
    "n_qubits": 4,
    "alpha": 1.0,
    "energies": {
      "HF": -5.615567915079905,
      "MP2": -5.615567915079905,
      "CISD": -5.615567915079905,
      "CCSD": -5.615567915079905,
      "FCI": -5.615567915079905
    },
    "converged": {
      "HF": true,
      "MP2": false,
      "CISD": true,
      "CCSD": true,
      "FCI": true
    },
    "fci_spin_matches_target": true,
    "fci_multiplicity": 1.0,
    "hf_method_fallback": "standard",
    "generation_time_s": 0.022,
    "timestamp": "2026-02-25T23:52:34.437583+00:00"
  }
}