{
  "hamiltonian": {
    "IIII": -3.294934489605973,
    "ZIII": 0.7222989590357629,
    "IZII": 0.7222989590357629,
    "IIZI": 0.7222989590357629,
    "IIIZ": 0.7222989590357629,
    "ZZII": 0.13705236025457637,
    "ZIIZ": 0.13705236025457637,
    "IZZI": 0.13705236025457637,
    "IIZZ": 0.13705236025457637,
    "YXXY": 0.12687587542919174,
    "YYXX": -0.12687587542919174,
    "XXYY": -0.12687587542919174,
    "XYYX": 0.12687587542919174,
    "ZIZI": 0.010176484825384635,
    "IZIZ": 0.010176484825384635
  },
  "data": {
    "molecule_id": "He2_singlet_Dooh",
    "qubit_encoding": "JW",
    "basis": "sto-3g",
    "charge": 0,
    "multiplicity": 1,
    "geometry": "He 6.5000000000 0.0000000000 0.0000000000\nHe -6.5000000000 0.0000000000 0.0000000000",
    "n_qubits": 4,
    "alpha": 2.5,
    "energies": {
      "HF": -5.615567915079949,
      "MP2": -5.615567915079949,
      "CISD": -5.615567915079949,
      "CCSD": -5.615567915079949,
      "FCI": -5.61556791507995
    },
    "converged": {
      "HF": true,
      "MP2": false,
      "CISD": true,
      "CCSD": true,
      "FCI": true
    },
    "fci_spin_matches_target": true,
    "fci_multiplicity": 1.0,
    "hf_method_fallback": "standard",
    "generation_time_s": 0.014,
    "timestamp": "2026-02-25T23:52:34.493015+00:00"
  }
}