{
  "hamiltonian": {
    "IIIIZIII": -0.864925559194193,
    "IIIIIZII": -0.8649255591941929,
    "IIIIIIIZ": -0.8649255591941927,
    "IIIIIIZI": -0.8649255591941927,
    "IIIIIIII": -0.38941357422545586,
    "ZIIIIIII": 0.283410451281506,
    "IZIIIIII": 0.2834104512815059,
    "IIZIIIII": 0.28341045128150555,
    "IIIZIIII": 0.2834104512815055,
    "IIZZIIII": 0.13704751113340036,
    "IZZIIIII": 0.13704751113339897,
    "ZIIZIIII": 0.13704751113339897,
    "ZZIIIIII": 0.13704751113339755,
    "IIIIZZII": 0.13327228124932422,
    "IIIIIZZI": 0.13327228124932283,
    "IIIIZIIZ": 0.13327228124932283,
    "IIIIIIZZ": 0.13327228124932142,
    "IIZIIZII": 0.13123243568998516,
    "IIIZZIII": 0.13123243568998516,
    "IIZIIIIZ": 0.13123243568998383,
    "IIIZIIZI": 0.13123243568998383,
    "IZIIZIII": 0.13123243568998366,
    "ZIIIIZII": 0.13123243568998366,
    "IZIIIIZI": 0.13123243568998233,
    "ZIIIIIIZ": 0.13123243568998233,
    "XXYYIIII": -0.12008670309109126,
    "YYXXIIII": -0.12008670309109126,
    "YXXYIIII": 0.12008670309109126,
    "XYYXIIII": 0.12008670309109126,
    "IIIIYXXY": 0.11631147320701517,
    "IIIIXXYY": -0.11631147320701517,
    "IIIIYYXX": -0.11631147320701517,
    "IIIIXYYX": 0.11631147320701517,
    "IXZXYZYI": 0.11427162764767604,
    "IXZXXZXI": 0.11427162764767604,
    "XZXIIYZY": 0.11427162764767604,
    "IYZYXZXI": 0.11427162764767604,
    "YZYIIXZX": 0.11427162764767604,
    "YZYIIYZY": 0.11427162764767604,
    "XZXIIXZX": 0.11427162764767604,
    "IYZYYZYI": 0.11427162764767604,
    "IIIZIIIZ": 0.0984831309166421,
    "IIZIIIZI": 0.0984831309166421,
    "IIIZIZII": 0.09848313091664208,
    "IIZIZIII": 0.09848313091664208,
    "ZIIIZIII": 0.09848313091664206,
    "IZIIIZII": 0.09848313091664206,
    "IZIIIIIZ": 0.09848313091664204,
    "ZIIIIIZI": 0.09848313091664204,
    "YZYIYZYI": 0.08152232287433435,
    "IYZYIYZY": 0.08152232287433435,
    "IYZYIXZX": 0.08152232287433435,
    "IXZXIYZY": 0.08152232287433435,
    "IXZXIXZX": 0.08152232287433435,
    "XZXIXZXI": 0.08152232287433435,
    "XZXIYZYI": 0.08152232287433435,
    "YZYIXZXI": 0.08152232287433435,
    "IIYZYYZY": 0.04297614097879823,
    "IIXZXYZY": 0.04297614097879823,
    "IIXZXXZX": 0.04297614097879823,
    "IIYZYXZX": 0.04297614097879823,
    "IIIXYYXI": 0.04297614097879823,
    "IIIXXYYI": -0.04297614097879823,
    "IIIYYXXI": -0.04297614097879823,
    "IIIYXXYI": 0.04297614097879823,
    "IIXZZIXI": -0.04297614097879687,
    "IIYZZIYI": -0.04297614097879687,
    "IIIYIZZY": -0.04297614097879687,
    "IIIXIZZX": -0.04297614097879687,
    "IXZZIXII": -0.04297614097879679,
    "IYZZIYII": -0.04297614097879679,
    "YZZZYZII": -0.04297614097879679,
    "XZZZXZII": -0.04297614097879679,
    "IIIYZZIY": -0.04297614097879579,
    "IIIXZZIX": -0.04297614097879579,
    "IIYZZZYZ": -0.04297614097879579,
    "IIXZZZXZ": -0.04297614097879579,
    "IXZZZXZI": -0.042976140978795714,
    "XZZZXIIZ": -0.042976140978795714,
    "YZZZYIIZ": -0.042976140978795714,
    "IYZZZYZI": -0.042976140978795714,
    "XZZZZXYY": -0.04297614097879436,
    "IXZZYIYX": -0.04297614097879436,
    "YZZZZXXY": 0.04297614097879436,
    "YZZZZYXX": -0.04297614097879436,
    "IYZZXIXY": -0.04297614097879436,
    "IYZZYIYY": -0.04297614097879436,
    "IXZZXIXX": -0.04297614097879436,
    "XZZZZYYX": 0.04297614097879436,
    "XZXYZYII": 0.03990453196788963,
    "IXYYXIII": 0.03990453196788963,
    "IXXYYIII": -0.03990453196788963,
    "IYYXXIII": -0.03990453196788963,
    "XZXXZXII": 0.03990453196788963,
    "YZYXZXII": 0.03990453196788963,
    "YZYYZYII": 0.03990453196788963,
    "IYXXYIII": 0.03990453196788963,
    "IXIZZXII": -0.03990453196788827,
    "XZZIXIII": -0.03990453196788827,
    "IYIZZYII": -0.03990453196788827,
    "YZZIYIII": -0.03990453196788827,
    "IIZXZZZX": -0.039904531967888214,
    "IIZYZZZY": -0.039904531967888214,
    "IIXIZZXI": -0.039904531967888214,
    "IIYIZZYI": -0.039904531967888214,
    "ZYZZZYII": -0.039904531967887145,
    "ZXZZZXII": -0.039904531967887145,
    "YIZZYIII": -0.03990453196788714,
    "XIZZXIII": -0.03990453196788714,
    "IZYZZZYI": -0.03990453196788708,
    "ZIIYZZZY": -0.03990453196788708,
    "ZIIXZZZX": -0.03990453196788708,
    "IZXZZZXI": -0.03990453196788708,
    "YXIXZZYI": -0.039904531967885716,
    "YYIYZZYI": -0.039904531967885716,
    "XXIXZZXI": -0.039904531967885716,
    "XYIYZZXI": -0.039904531967885716,
    "YXXZZZZY": 0.039904531967885716,
    "YYXZZZZX": -0.039904531967885716,
    "XXYZZZZY": -0.039904531967885716,
    "XYYZZZZX": 0.039904531967885716,
    "IIYXXYII": 0.032749304773343056,
    "IIYYXXII": -0.032749304773343056,
    "IIXXYYII": -0.032749304773343056,
    "IIXYYXII": 0.032749304773343056,
    "IIYXIIXY": 0.03274930477334173,
    "IIYYIIXX": -0.03274930477334173,
    "IIXXIIYY": -0.03274930477334173,
    "IIXYIIYX": 0.03274930477334173,
    "YZZXXZZY": 0.03274930477334167,
    "YZZYXZZX": -0.03274930477334167,
    "XZZYYZZX": 0.03274930477334167,
    "IYYIIXXI": -0.03274930477334167,
    "IXXIIYYI": -0.03274930477334167,
    "IXYIIYXI": 0.03274930477334167,
    "IYXIIXYI": 0.03274930477334167,
    "XZZXYZZY": -0.03274930477334167,
    "IXYIYZZX": -0.03274930477334166,
    "IXXIXZZX": -0.03274930477334166,
    "IYYIYZZY": -0.03274930477334166,
    "IYXIXZZY": -0.03274930477334166,
    "XZZYIYXI": -0.03274930477334166,
    "XZZXIXXI": -0.03274930477334166,
    "YZZYIYYI": -0.03274930477334166,
    "YZZXIXYI": -0.03274930477334166,
    "YXIIXYII": 0.03274930477334159,
    "YYIIXXII": -0.03274930477334159,
    "XXIIYYII": -0.03274930477334159,
    "XYIIYXII": 0.03274930477334159,
    "XYIIIIYX": 0.03274930477334028,
    "YXIIIIXY": 0.03274930477334028,
    "YYIIIIXX": -0.03274930477334028,
    "XXIIIIYY": -0.03274930477334028,
    "IZIZIIII": 0.016960808042307693,
    "ZIZIIIII": 0.016960808042307693,
    "IIIIIZIZ": 0.01696080804230768,
    "IIIIZIZI": 0.01696080804230768,
    "IIXZZZXI": 0.006143218021827124,
    "IIYZZZYI": 0.006143218021827124,
    "IIIXZZZX": 0.006143218021827091,
    "IIIYZZZY": 0.006143218021827091,
    "IYZZZYII": 0.006143218021807766,
    "IXZZZXII": 0.006143218021807766,
    "XZZZXIII": 0.006143218021807728,
    "YZZZYIII": 0.006143218021807728
  },
  "data": {
    "molecule_id": "He2_singlet_Dooh",
    "qubit_encoding": "JW",
    "basis": "3-21g",
    "charge": 0,
    "multiplicity": 1,
    "geometry": "He 3.9000000000 0.0000000000 0.0000000000\nHe -3.9000000000 0.0000000000 0.0000000000",
    "n_qubits": 8,
    "alpha": 1.5,
    "energies": {
      "HF": -5.6713597472811355,
      "MP2": -5.694352974081561,
      "CISD": -5.7010579826861765,
      "CCSD": -5.7011533951691975,
      "FCI": -5.701153399299461
    },
    "converged": {
      "HF": true,
      "MP2": false,
      "CISD": true,
      "CCSD": true,
      "FCI": true
    },
    "fci_spin_matches_target": true,
    "fci_multiplicity": 1.0000000000000162,
    "hf_method_fallback": "standard",
    "generation_time_s": 0.052,
    "timestamp": "2026-02-25T23:51:57.907263+00:00"
  }
}