{
  "hamiltonian": {
    "IIII": -3.3017188128228936,
    "IIZI": 0.7189067974273012,
    "ZIII": 0.7189067974273011,
    "IZII": 0.7189067974273011,
    "IIIZ": 0.7189067974273011,
    "ZZII": 0.13620431985246095,
    "ZIIZ": 0.13620431985246095,
    "IZZI": 0.13620431985246095,
    "IIZZ": 0.13620431985246095,
    "YXXY": 0.12772391583130707,
    "YYXX": -0.12772391583130707,
    "XXYY": -0.12772391583130707,
    "XYYX": 0.12772391583130707,
    "ZIZI": 0.008480404021153853,
    "IZIZ": 0.008480404021153853
  },
  "data": {
    "molecule_id": "He2_singlet_Dooh",
    "qubit_encoding": "JW",
    "basis": "sto-3g",
    "charge": 0,
    "multiplicity": 1,
    "geometry": "He 7.8000000000 0.0000000000 0.0000000000\nHe -7.8000000000 0.0000000000 0.0000000000",
    "n_qubits": 4,
    "alpha": 3.0,
    "energies": {
      "HF": -5.615567915079947,
      "MP2": -5.615567915079947,
      "CISD": -5.615567915079947,
      "CCSD": -5.615567915079947,
      "FCI": -5.615567915079947
    },
    "converged": {
      "HF": true,
      "MP2": false,
      "CISD": true,
      "CCSD": true,
      "FCI": true
    },
    "fci_spin_matches_target": true,
    "fci_multiplicity": 1.0,
    "hf_method_fallback": "standard",
    "generation_time_s": 0.013,
    "timestamp": "2026-02-25T23:52:34.506329+00:00"
  }
}