{
  "hamiltonian": {
    "IIIIIIII": 2.308239434913753,
    "IIIIZIII": -0.9043372494322002,
    "IIIIIZII": -0.9043372494322002,
    "IIIIIIZI": -0.9023032985276618,
    "IIIIIIIZ": -0.9023032985276618,
    "IIZIIIII": -0.3442672734785366,
    "IIIZIIII": -0.3442672734785366,
    "ZIIIIIII": -0.285139589640797,
    "IZIIIIII": -0.285139589640797,
    "IIIIZZII": 0.1337210898343994,
    "IIIIIZZI": 0.12754248790459405,
    "IIIIZIIZ": 0.12754248790459405,
    "IIIIIIZZ": 0.123379483822776,
    "ZIIIIZII": 0.11559662209837483,
    "IZIIZIII": 0.11559662209837483,
    "IIZIIZII": 0.1137217910191845,
    "IIIZZIII": 0.1137217910191845,
    "ZZIIIIII": 0.11109788554738222,
    "IZIIIIZI": 0.1100511263444288,
    "ZIIIIIIZ": 0.1100511263444288,
    "IIZIIIIZ": 0.10998731325947378,
    "IIIZIIZI": 0.10998731325947378,
    "IZZIIIII": 0.10706791492287736,
    "ZIIZIIII": 0.10706791492287736,
    "IIZZIIII": 0.1069533362623161,
    "IZIIIZII": 0.09732242411496167,
    "ZIIIZIII": 0.09732242411496167,
    "ZIIIIIZI": 0.0931458391924017,
    "IZIIIIIZ": 0.0931458391924017,
    "IIIZIZII": 0.09277687764709021,
    "IIZIZIII": 0.09277687764709021,
    "IIIZIIIZ": 0.08940620912651609,
    "IIZIIIZI": 0.08940620912651609,
    "ZIZIIIII": 0.06587736162264385,
    "IZIZIIII": 0.06587736162264385,
    "IIIIZIZI": 0.06460662737385904,
    "IIIIIZIZ": 0.06460662737385904,
    "IYZZZYII": 0.06437235514122222,
    "YZZZYIII": 0.06437235514122222,
    "XZZZXIII": 0.06437235514122222,
    "IXZZZXII": 0.06437235514122222,
    "IIIIXXYY": -0.06293586053073502,
    "IIIIXYYX": 0.06293586053073502,
    "IIIIYXXY": 0.06293586053073502,
    "IIIIYYXX": -0.06293586053073502,
    "IIIXZZZX": -0.062293262568413846,
    "IIXZZZXI": -0.062293262568413846,
    "IIYZZZYI": -0.062293262568413846,
    "IIIYZZZY": -0.062293262568413846,
    "IYZYXZXI": -0.046381956474366055,
    "IYZYYZYI": -0.046381956474366055,
    "YZYIIYZY": -0.046381956474366055,
    "YZYIIXZX": -0.046381956474366055,
    "IXZXYZYI": -0.046381956474366055,
    "XZXIIXZX": -0.046381956474366055,
    "XZXIIYZY": -0.046381956474366055,
    "IXZXXZXI": -0.046381956474366055,
    "YYXXIIII": -0.04119055330023351,
    "YXXYIIII": 0.04119055330023351,
    "XYYXIIII": 0.04119055330023351,
    "XXYYIIII": -0.04119055330023351,
    "IIIYIZZY": 0.03515283482427376,
    "IIIXIZZX": 0.03515283482427376,
    "IIYZZIYI": 0.03515283482427376,
    "IIXZZIXI": 0.03515283482427376,
    "IIYZZZYZ": 0.03208209956816481,
    "IIXZZZXZ": 0.03208209956816481,
    "IIIYZZIY": 0.03208209956816481,
    "IIIXZZIX": 0.03208209956816481,
    "IIXZXXZX": -0.03182316383690712,
    "IIXZXYZY": -0.03182316383690712,
    "IIIYYXXI": 0.03182316383690712,
    "IIYZYXZX": -0.03182316383690712,
    "IIYZYYZY": -0.03182316383690712,
    "IIIXXYYI": 0.03182316383690712,
    "IIIXYYXI": -0.03182316383690712,
    "IIIYXXYI": -0.03182316383690712,
    "XZZZXZII": -0.03037235780940601,
    "IXZZIXII": -0.03037235780940601,
    "YZZZYZII": -0.03037235780940601,
    "IYZZIYII": -0.03037235780940601,
    "IYZZZYZI": -0.02927110028728693,
    "XZZZXIIZ": -0.02927110028728693,
    "YZZZYIIZ": -0.02927110028728693,
    "IXZZZXZI": -0.02927110028728693,
    "IXZXIYZY": -0.028289741443001518,
    "IYZYIXZX": -0.028289741443001518,
    "XZXIYZYI": -0.028289741443001518,
    "YZYIXZXI": -0.028289741443001518,
    "IXZXIXZX": -0.027957910079713447,
    "YZYIYZYI": -0.027957910079713447,
    "IYZYIYZY": -0.027957910079713447,
    "XZXIXZXI": -0.027957910079713447,
    "XZZZZXYY": -0.02635432647797987,
    "IXZZYIYX": -0.02635432647797987,
    "IXZZXIXX": -0.02635432647797987,
    "XZZZZYYX": 0.02635432647797987,
    "YZZZZXXY": 0.02635432647797987,
    "YZZZZYXX": -0.02635432647797987,
    "IYZZYIYY": -0.02635432647797987,
    "IYZZXIXY": -0.02635432647797987,
    "IZXZZZXI": 0.023823575558709953,
    "ZIIYZZZY": 0.023823575558709953,
    "ZIIXZZZX": 0.023823575558709953,
    "IZYZZZYI": 0.023823575558709953,
    "IIXIZZXI": 0.022939365596113728,
    "IIYIZZYI": 0.022939365596113728,
    "IIZXZZZX": 0.022939365596113724,
    "IIZYZZZY": 0.022939365596113724,
    "IYYXXIII": -0.021164181067581007,
    "IYXXYIII": 0.021164181067581007,
    "IXXYYIII": -0.021164181067581007,
    "IXYYXIII": 0.021164181067581007,
    "YZYYZYII": 0.021164181067581007,
    "YZYXZXII": 0.021164181067581007,
    "XZXYZYII": 0.021164181067581007,
    "XZXXZXII": 0.021164181067581007,
    "IIXXYYII": -0.02094491337209429,
    "IIXYYXII": 0.02094491337209429,
    "IIYXXYII": 0.02094491337209429,
    "IIYYXXII": -0.02094491337209429,
    "IXIZZXII": -0.020811054468796067,
    "XZZIXIII": -0.020811054468796067,
    "IYIZZYII": -0.020811054468796067,
    "YZZIYIII": -0.020811054468796067,
    "IIXXIIYY": -0.02058110413295769,
    "IIXYIIYX": 0.02058110413295769,
    "IIYXIIXY": 0.02058110413295769,
    "IIYYIIXX": -0.02058110413295769,
    "ZXZZZXII": -0.018645806525454455,
    "ZYZZZYII": -0.018645806525454455,
    "XIZZXIII": -0.018645806525454455,
    "YIZZYIII": -0.018645806525454455,
    "XZZYIYXI": 0.01842404639465261,
    "YZZYIYYI": 0.01842404639465261,
    "IXXIXZZX": 0.01842404639465261,
    "IXYIYZZX": 0.01842404639465261,
    "IYXIXZZY": 0.01842404639465261,
    "IYYIYZZY": 0.01842404639465261,
    "XZZXIXXI": 0.01842404639465261,
    "YZZXIXYI": 0.01842404639465261,
    "YYIIXXII": -0.018274197983413162,
    "YXIIXYII": 0.018274197983413162,
    "XYIIYXII": 0.018274197983413162,
    "XXIIYYII": -0.018274197983413162,
    "YZZXXZZY": -0.018092215031364538,
    "YZZYXZZX": 0.018092215031364538,
    "XZZYYZZX": -0.018092215031364538,
    "XZZXYZZY": 0.018092215031364538,
    "IXXIIYYI": 0.018092215031364538,
    "IXYIIYXI": -0.018092215031364538,
    "IYYIIXXI": 0.018092215031364538,
    "IYXIIXYI": -0.018092215031364538,
    "YYIIIIXX": -0.016905287152027097,
    "XXIIIIYY": -0.016905287152027097,
    "YXIIIIXY": 0.016905287152027097,
    "XYIIIIYX": 0.016905287152027097,
    "XYYZZZZX": -0.016436442945193478,
    "YYXZZZZX": 0.016436442945193478,
    "XXIXZZXI": 0.016436442945193478,
    "YXXZZZZY": -0.016436442945193478,
    "XXYZZZZY": 0.016436442945193478,
    "XYIYZZXI": 0.016436442945193478,
    "YXIXZZYI": 0.016436442945193478,
    "YYIYZZYI": 0.016436442945193478,
    "ZIYZZZYI": 0.007387132613516474,
    "ZIXZZZXI": 0.007387132613516474,
    "IZIYZZZY": 0.007387132613516474,
    "IZIXZZZX": 0.007387132613516474,
    "IIYZIZYI": 0.0033296709873666397,
    "IIXZIZXI": 0.0033296709873666397,
    "IIIXZIZX": 0.0033296709873666397,
    "IIIYZIZY": 0.0033296709873666397,
    "YZZZYIZI": -0.0029167738093070633,
    "XZZZXIZI": -0.0029167738093070633,
    "IYZZZYIZ": -0.0029167738093070633,
    "IXZZZXIZ": -0.0029167738093070633,
    "IXZIZXII": 0.00035312659878494225,
    "YZIZYIII": 0.00035312659878494225,
    "IYZIZYII": 0.00035312659878494225,
    "XZIZXIII": 0.00035312659878494225,
    "XZYIYZXI": 0.00033183136328807095,
    "YZXIXZYI": 0.00033183136328807095,
    "IYZXIXZY": 0.00033183136328807095,
    "IXZYIYZX": 0.00033183136328807095
  },
  "data": {
    "molecule_id": "DH_singlet_Coov",
    "qubit_encoding": "JW",
    "unit": "Angstrom",
    "basis": "3-21g",
    "charge": 0,
    "multiplicity": 1,
    "spin": 0,
    "geometry": "H 0.0000000000 0.0000000000 -0.5560500000\nH 0.0000000000 0.0000000000 1.2974500000",
    "n_qubits": 8,
    "n_particles": {
      "total": 2,
      "alpha": 1,
      "beta": 1
    },
    "hf_array": [
      1,
      1,
      0,
      0,
      0,
      0,
      0,
      0
    ],
    "hf_method": "pyscf.scf.hf_symm.SymAdaptedRHF",
    "convergence_threshold": 1e-06,
    "point_group": {
      "groupname": "Dooh",
      "topgroup": "Dooh"
    },
    "alpha": 2.5,
    "calculated_properties": {
      "HF": {
        "energy": -0.9301851971445174,
        "converged": true
      },
      "MP2": {
        "energy": -0.9721866993115705,
        "converged": false
      },
      "CISD": {
        "energy": -1.018281188328471,
        "converged": true
      },