{
  "hamiltonian": {
    "IIZI": -0.30356379674131817,
    "IIIZ": -0.30356379674131817,
    "ZIII": 0.19605759277134432,
    "IZII": 0.19605759277134432,
    "IIZZ": 0.18146979282752115,
    "ZZII": 0.1756565140044718,
    "ZIIZ": 0.1725140090247958,
    "IZZI": 0.1725140090247958,
    "IIII": 0.1467137191816987,
    "ZIZI": 0.12916842799309358,
    "IZIZ": 0.12916842799309358,
    "XXYY": -0.04334558103170223,
    "XYYX": 0.04334558103170223,
    "YXXY": 0.04334558103170223,
    "YYXX": -0.04334558103170223
  },
  "data": {
    "molecule_id": "DH_singlet_Coov",
    "qubit_encoding": "JW",
    "unit": "Angstrom",
    "basis": "sto-3g",
    "charge": 0,
    "multiplicity": 1,
    "spin": 0,
    "geometry": "H 0.0000000000 0.0000000000 0.0741400000\nH 0.0000000000 0.0000000000 0.6672600000",
    "n_qubits": 4,
    "n_particles": {
      "total": 2,
      "alpha": 1,
      "beta": 1
    },
    "hf_array": [
      1,
      1,
      0,
      0
    ],
    "hf_method": "pyscf.scf.hf_symm.SymAdaptedRHF",
    "convergence_threshold": 1e-06,
    "point_group": {
      "groupname": "Dooh",
      "topgroup": "Dooh"
    },
    "alpha": 0.8,
    "calculated_properties": {
      "HF": {
        "energy": -1.0987676270474118,
        "converged": true
      },
      "MP2": {
        "energy": -1.1088437244598388,
        "converged": false
      },
      "CISD": {
        "energy": -1.113698187128311,
        "converged": true
      },
      "CCSD": {
        "energy": -1.113698253731059,
        "converged": true
      },
      "FCI": {
        "energy": -1.113698187128311,
        "converged": true,
        "spin_matches_target": true,
        "multiplicity": 1.0,
        "oscillatory_converged": false,
        "oscillation_energy_change": null
      }
    },
    "auxiliary_operators": {
      "number_operator": {
        "IIII": 2.0,
        "ZIII": -0.5,
        "IZII": -0.5,
        "IIZI": -0.5,
        "IIIZ": -0.5
      },
      "N_alpha": {
        "IIII": 1.0,
        "ZIII": -0.5,
        "IIZI": -0.5
      },
      "N_beta": {
        "IIII": 1.0,
        "IZII": -0.5,
        "IIIZ": -0.5
      },
      "S^2_operator": {
        "IIII": 0.75,
        "ZZII": -0.375,
        "IIZZ": -0.375,
        "YXYX": 0.125,
        "YXXY": -0.125,
        "XXYY": 0.125,
        "XXXX": 0.125,
        "YYYY": 0.125,
        "YYXX": 0.125,
        "XYYX": -0.125,
        "XYXY": 0.125,
        "ZIZI": 0.125,
        "ZIIZ": -0.125,
        "IZZI": -0.125,
        "IZIZ": 0.125
      },
      "UCCSD_operator": {
        "XXYX": 0.010764236463290638,
        "YYYX": -0.010764236463290638,
        "YXYY": 0.010764236463290638,
        "XYYY": 0.010764236463290638,
        "YXXX": -0.010764236463290638,
        "XYXX": -0.010764236463290638,
        "XXXY": 0.010764236463290638,
        "YYXY": -0.010764236463290638
      }
    },
    "hf_method_fallback": "standard",
    "generation_time_s": 0.015,
    "timestamp": "2026-04-03T21:43:52.045134+00:00",
    "formula_latex": "$\\mathrm{DH}$"
  }
}