{
  "hamiltonian": {
    "IIIIIIII": 2.3639968246093903,
    "IIIIIIIZ": -0.9323328393748668,
    "IIIIIIZI": -0.9323328393748667,
    "IIIIIZII": -0.9057053343712632,
    "IIIIZIII": -0.9057053343712631,
    "IIIZIIII": -0.37411162424102423,
    "IIZIIIII": -0.3741116242410242,
    "ZIIIIIII": -0.2931731917707641,
    "IZIIIIII": -0.2931731917707641,
    "IIIIIIZZ": 0.1339977360698523,
    "IIIIZZII": 0.1327380190887582,
    "IIIIIZZI": 0.132352015534058,
    "IIIIZIIZ": 0.132352015534058,
    "ZIIIIIIZ": 0.12175579009993298,
    "IZIIIIZI": 0.12175579009993298,
    "ZZIIIIII": 0.12169507577409092,
    "IZIIZIII": 0.1200871865378293,
    "ZIIIIZII": 0.1200871865378293,
    "IIZIIIIZ": 0.1138368921578978,
    "IIIZIIZI": 0.1138368921578978,
    "IIZIIZII": 0.11367482176323165,
    "IIIZZIII": 0.11367482176323165,
    "IZZIIIII": 0.11127868588366654,
    "ZIIZIIII": 0.11127868588366654,
    "IIZZIIII": 0.10818662504511775,
    "ZIIIIIZI": 0.10278937365765278,
    "IZIIIIIZ": 0.10278937365765278,
    "ZIIIZIII": 0.10079745094912487,
    "IZIIIZII": 0.10079745094912487,
    "IIZIIIZI": 0.09632829374451941,
    "IIIZIIIZ": 0.09632829374451941,
    "IIZIZIII": 0.09204643708662062,
    "IIIZIZII": 0.09204643708662062,
    "IZIZIIII": 0.0745592030456258,
    "ZIZIIIII": 0.0745592030456258,
    "IIIIZIZI": 0.07394819742605822,
    "IIIIIZIZ": 0.07394819742605822,
    "IXZZZZZX": 0.06975926790649543,
    "IYZZZZZY": 0.06975926790649543,
    "YZZZZZYI": 0.06975926790649543,
    "XZZZZZXI": 0.06975926790649543,
    "IIIXZXII": -0.06347427054403061,
    "IIIYZYII": -0.06347427054403061,
    "IIYZYIII": -0.0634742705440306,
    "IIXZXIII": -0.0634742705440306,
    "IIIIXXYY": -0.058403818107999765,
    "IIIIXYYX": 0.058403818107999765,
    "IIIIYXXY": 0.058403818107999765,
    "IIIIYYXX": -0.058403818107999765,
    "IYZYYZYI": -0.0419271294437621,
    "YZYIIYZY": -0.0419271294437621,
    "IYZYXZXI": -0.0419271294437621,
    "IXZXYZYI": -0.0419271294437621,
    "YZYIIXZX": -0.0419271294437621,
    "XZXIIYZY": -0.0419271294437621,
    "IXZXXZXI": -0.0419271294437621,
    "XZXIIXZX": -0.0419271294437621,
    "XXYYIIII": -0.036719482838040746,
    "XYYXIIII": 0.036719482838040746,
    "YYXXIIII": -0.036719482838040746,
    "YXXYIIII": 0.036719482838040746,
    "IIIYZYZI": 0.03536698611978132,
    "IIXZXIIZ": 0.03536698611978132,
    "IIYZYIIZ": 0.03536698611978132,
    "IIIXZXZI": 0.03536698611978132,
    "IIYZYZII": 0.03481016194808069,
    "IIXZXZII": 0.03481016194808069,
    "IIIXIXII": 0.03481016194808069,
    "IIIYIYII": 0.03481016194808069,
    "YZZZZIYI": -0.032042012589716104,
    "XZZZZIXI": -0.032042012589716104,
    "IYZZIZZY": -0.032042012589716104,
    "IXZZIZZX": -0.032042012589716104,
    "XZZZZZXZ": -0.030814354459987772,
    "YZZZZZYZ": -0.030814354459987772,
    "IXZZZZIX": -0.030814354459987772,
    "IYZZZZIY": -0.030814354459987772,
    "YZZZYXZX": 0.02808054741700821,
    "XZZZXYZY": 0.02808054741700821,
    "YZZZYYZY": 0.02808054741700821,
    "XZZZXXZX": 0.02808054741700821,
    "IYZZXXYI": 0.02808054741700821,
    "IYZZYXXI": -0.02808054741700821,
    "IXZZXYYI": -0.02808054741700821,
    "IXZZYYXI": 0.02808054741700821,
    "ZIIXZXII": 0.027761503904593903,
    "IZYZYIII": 0.027761503904593903,
    "IZXZXIII": 0.027761503904593903,
    "ZIIYZYII": 0.027761503904593903,
    "IIIYYIYY": 0.02657037289170308,
    "IIIYXIXY": 0.02657037289170308,
    "IIIXYIYX": 0.02657037289170308,
    "IIIXXIXX": 0.02657037289170308,
    "IIXZZYYX": -0.02657037289170308,
    "IIYZZXXY": -0.02657037289170308,
    "IIXZZXYY": 0.02657037289170308,
    "IIYZZYXX": 0.02657037289170308,
    "IXZXIYZY": -0.023936563641765773,
    "YZYIXZXI": -0.023936563641765773,
    "IYZYIXZX": -0.023936563641765773,
    "XZXIYZYI": -0.023936563641765773,
    "IYZYIYZY": -0.023018967439701304,
    "IXZXIXZX": -0.023018967439701304,
    "XZXIXZXI": -0.023018967439701304,
    "YZYIYZYI": -0.023018967439701304,
    "IIZXZXII": 0.022471402128202686,
    "IIZYZYII": 0.022471402128202686,
    "IIYIYIII": 0.022471402128202683,
    "IIXIXIII": 0.022471402128202683,
    "ZXZZZZZX": -0.02204502960404705,
    "ZYZZZZZY": -0.02204502960404705,
    "YIZZZZYI": -0.02204502960404705,
    "XIZZZZXI": -0.02204502960404705,
    "IIXXYYII": -0.021628384676611028,
    "IIYXXYII": 0.021628384676611028,
    "IIYYXXII": -0.021628384676611028,
    "IIXYYXII": 0.021628384676611028,
    "IYIZZZZY": -0.02074375722057138,
    "IXIZZZZX": -0.02074375722057138,
    "YZZIZZYI": -0.02074375722057138,
    "XZZIZZXI": -0.02074375722057138,
    "YYIIXXII": -0.01928973558870442,
    "YXIIXYII": 0.01928973558870442,
    "XYIIYXII": 0.01928973558870442,
    "XXIIYYII": -0.01928973558870442,
    "YXIIIIXY": 0.018966416442280212,
    "XYIIIIYX": 0.018966416442280212,
    "XXIIIIYY": -0.018966416442280212,
    "YYIIIIXX": -0.018966416442280212,
    "XZZYIYXI": 0.01890816200406079,
    "IXYIYZZX": 0.01890816200406079,
    "YZZXIXYI": 0.01890816200406079,
    "YZZYIYYI": 0.01890816200406079,
    "IXXIXZZX": 0.01890816200406079,
    "XZZXIXXI": 0.01890816200406079,
    "IYXIXZZY": 0.01890816200406079,
    "IYYIYZZY": 0.01890816200406079,
    "YZZXXZZY": -0.01799056580199632,
    "XZZYYZZX": -0.01799056580199632,
    "XZZXYZZY": 0.01799056580199632,
    "YZZYXZZX": 0.01799056580199632,
    "IXYIIYXI": -0.01799056580199632,
    "IYXIIXYI": -0.01799056580199632,
    "IYYIIXXI": 0.01799056580199632,
    "IXXIIYYI": 0.01799056580199632,
    "XXIXXIII": 0.017552115734828344,
    "XYIYXIII": 0.017552115734828344,
    "YYIYYIII": 0.017552115734828344,
    "YYXZZXII": 0.017552115734828344,
    "YXXZZYII": -0.017552115734828344,
    "XYYZZXII": -0.017552115734828344,
    "XXYZZYII": 0.017552115734828344,
    "YXIXYIII": 0.017552115734828344,
    "IIXYIIYX": 0.0175085984133784,
    "IIXXIIYY": -0.0175085984133784,
    "IIYXIIXY": 0.0175085984133784,
    "IIYYIIXX": -0.0175085984133784,
    "XZXYZZZY": 0.01650105247840124,
    "XZXXZZZX": 0.01650105247840124,
    "YZYYZZZY": 0.01650105247840124,
    "YZYXZZZX": 0.01650105247840124,
    "IYYXZZXI": -0.01650105247840124,
    "IXXYZZYI": -0.01650105247840124,
    "IXYYZZXI": 0.01650105247840124,
    "IYXXZZYI": 0.01650105247840124,
    "IZIYZYII": 0.010209388169765563,
    "ZIYZYIII": 0.010209388169765563,
    "ZIXZXIII": 0.010209388169765563,
    "IZIXZXII": 0.010209388169765563,
    "IIIYZYIZ": 0.008796613228078235,
    "IIIXZXIZ": 0.008796613228078235,
    "IIXZXIZI": 0.008796613228078235,
    "IIYZYIZI": 0.008796613228078235,
    "IXZIZZZX": -0.004242704742170136,
    "YZIZZZYI": -0.004242704742170136,
    "XZIZZZXI": -0.004242704742170136,
    "IYZIZZZY": -0.004242704742170136,
    "XZZZIZXI": -0.003961465172707894,
    "YZZZIZYI": -0.003961465172707894,
    "IXZZZIZX": -0.003961465172707894,
    "IYZZZIZY": -0.003961465172707894,
    "XZYIYZXI": 0.000917596202064469,
    "YZXIXZYI": 0.000917596202064469,
    "IYZXIXZY": 0.000917596202064469,
    "IXZYIYZX": 0.000917596202064469
  },
  "data": {
    "molecule_id": "DH_singlet_Coov",
    "qubit_encoding": "JW",
    "unit": "Angstrom",
    "basis": "3-21g",
    "charge": 0,
    "multiplicity": 1,
    "spin": 0,
    "geometry": "H 0.0000000000 0.0000000000 -0.3707000000\nH 0.0000000000 0.0000000000 1.1121000000",
    "n_qubits": 8,
    "n_particles": {
      "total": 2,
      "alpha": 1,
      "beta": 1
    },
    "hf_array": [
      1,
      1,
      0,
      0,
      0,
      0,
      0,
      0
    ],
    "hf_method": "pyscf.scf.hf_symm.SymAdaptedRHF",
    "convergence_threshold": 1e-06,
    "point_group": {
      "groupname": "Dooh",
      "topgroup": "Dooh"
    },
    "alpha": 2.0,
    "calculated_properties": {
      "HF": {
        "energy": -0.995500996768464,
        "converged": true
      },
      "MP2": {
        "energy": -1.0251850970672882,
        "converged": false
      },
      "CISD": {
        "energy": -1.0525292597333755,
        "converged": true
      },
      "CCSD": {
        "energy": -1.05252922988669,