{
  "hamiltonian": {
    "IIIIIIII": 2.331630188395734,
    "IIIIIIZI": -0.9200446883357096,
    "IIIIIIIZ": -0.9200446883357095,
    "IIIIZIII": -0.9006168550847157,
    "IIIIIZII": -0.9006168550847157,
    "IIZIIIII": -0.35571741075392477,
    "IIIZIIII": -0.35571741075392477,
    "ZIIIIIII": -0.28864343660243535,
    "IZIIIIII": -0.28864343660243535,
    "IIIIIIZZ": 0.13455885710362303,
    "IIIIIZZI": 0.12933009118663263,
    "IIIIZIIZ": 0.12933009118663263,
    "IIIIZZII": 0.12608963013542634,
    "ZIIIIIIZ": 0.1180562631019918,
    "IZIIIIZI": 0.1180562631019918,
    "ZZIIIIII": 0.1149365330740705,
    "IIZIIIIZ": 0.11426580684785757,
    "IIIZIIZI": 0.11426580684785757,
    "IZIIZIII": 0.1133499838992686,
    "ZIIIIZII": 0.1133499838992686,
    "IIZIIZII": 0.11138971521011856,
    "IIIZZIII": 0.11138971521011856,
    "IZZIIIII": 0.10881703836933207,
    "ZIIZIIII": 0.10881703836933207,
    "IIZZIIII": 0.10770835525905435,
    "ZIIIIIZI": 0.09966088341145013,
    "IZIIIIIZ": 0.09966088341145013,
    "ZIIIZIII": 0.09573318096697395,
    "IZIIIZII": 0.09573318096697395,
    "IIZIIIZI": 0.09430544518419225,
    "IIIZIIIZ": 0.09430544518419225,
    "IIZIZIII": 0.09036900749737321,
    "IIIZIZII": 0.09036900749737321,
    "IZIZIIII": 0.0693234267403762,
    "ZIZIIIII": 0.0693234267403762,
    "IIIIZIZI": 0.06812367804848563,
    "IIIIIZIZ": 0.06812367804848563,
    "IXZZZZZX": 0.06593693541603171,
    "IYZZZZZY": 0.06593693541603171,
    "YZZZZZYI": 0.06593693541603171,
    "XZZZZZXI": 0.06593693541603171,
    "IIIXZXII": -0.06277609080601664,
    "IIYZYIII": -0.06277609080601664,
    "IIXZXIII": -0.06277609080601664,
    "IIIYZYII": -0.06277609080601664,
    "IIIIXXYY": -0.06120641313814701,
    "IIIIXYYX": 0.06120641313814701,
    "IIIIYXXY": 0.06120641313814701,
    "IIIIYYXX": -0.06120641313814701,
    "IXZXYZYI": -0.04470066835184655,
    "XZXIIXZX": -0.04470066835184655,
    "XZXIIYZY": -0.04470066835184655,
    "YZYIIXZX": -0.04470066835184655,
    "YZYIIYZY": -0.04470066835184655,
    "IYZYYZYI": -0.04470066835184655,
    "IYZYXZXI": -0.04470066835184655,
    "IXZXXZXI": -0.04470066835184655,
    "XXYYIIII": -0.03949361162895587,
    "XYYXIIII": 0.03949361162895587,
    "YXXYIIII": 0.03949361162895587,
    "YYXXIIII": -0.03949361162895587,
    "IIYZYIIZ": 0.03548345059664361,
    "IIXZXIIZ": 0.03548345059664361,
    "IIIYZYZI": 0.03548345059664361,
    "IIIXZXZI": 0.03548345059664361,
    "IIIYIYII": 0.03288323566777479,
    "IIIXIXII": 0.03288323566777479,
    "IIYZYZII": 0.03288323566777479,
    "IIXZXZII": 0.03288323566777479,
    "XZZZZZXZ": -0.030603736532449945,
    "IXZZZZIX": -0.030603736532449945,
    "IYZZZZIY": -0.030603736532449945,
    "YZZZZZYZ": -0.030603736532449945,
    "IIIXYIYX": 0.030256305492005316,
    "IIIXXIXX": 0.030256305492005316,
    "IIXZZXYY": 0.030256305492005316,
    "IIYZZYXX": 0.030256305492005316,
    "IIYZZXXY": -0.030256305492005316,
    "IIIYXIXY": 0.030256305492005316,
    "IIIYYIYY": 0.030256305492005316,
    "IIXZZYYX": -0.030256305492005316,
    "YZZZZIYI": -0.02991996532624032,
    "XZZZZIXI": -0.02991996532624032,
    "IYZZIZZY": -0.02991996532624032,
    "IXZZIZZX": -0.02991996532624032,
    "IYZZYXXI": -0.02682646133451186,
    "IXZZXYYI": -0.02682646133451186,
    "IYZZXXYI": 0.02682646133451186,
    "XZZZXXZX": 0.02682646133451186,
    "XZZZXYZY": 0.02682646133451186,
    "YZZZYXZX": 0.02682646133451186,
    "YZZZYYZY": 0.02682646133451186,
    "IXZZYYXI": 0.02682646133451186,
    "IYZYIYZY": -0.026420739162779424,
    "IXZXIXZX": -0.026420739162779424,
    "XZXIXZXI": -0.026420739162779424,
    "YZYIYZYI": -0.026420739162779424,
    "IYZYIXZX": -0.026330131146904644,
    "IXZXIYZY": -0.026330131146904644,
    "XZXIYZYI": -0.026330131146904644,
    "YZYIXZXI": -0.026330131146904644,
    "IZYZYIII": 0.02526190439605733,
    "IZXZXIII": 0.02526190439605733,
    "ZIIYZYII": 0.02526190439605733,
    "ZIIXZXII": 0.02526190439605733,
    "IIZYZYII": 0.02292927903610161,
    "IIZXZXII": 0.02292927903610161,
    "IIXIXIII": 0.022929279036101608,
    "IIYIYIII": 0.022929279036101608,
    "IIXYYXII": 0.02102070771274534,
    "IIXXYYII": -0.02102070771274534,
    "IIYXXYII": 0.02102070771274534,
    "IIYYXXII": -0.02102070771274534,
    "IXIZZZZX": -0.020836878028302887,
    "IYIZZZZY": -0.020836878028302887,
    "XZZIZZXI": -0.020836878028302887,
    "YZZIZZYI": -0.020836878028302887,
    "IIXXIIYY": -0.019960361663665327,
    "IIXYIIYX": 0.019960361663665327,
    "IIYXIIXY": 0.019960361663665327,
    "IIYYIIXX": -0.019960361663665327,
    "IYYXZZXI": -0.019765161426270002,
    "XZXYZZZY": 0.019765161426270002,
    "IXXYZZYI": -0.019765161426270002,
    "IXYYZZXI": 0.019765161426270002,
    "IYXXZZYI": 0.019765161426270002,
    "YZYYZZZY": 0.019765161426270002,
    "XZXXZZZX": 0.019765161426270002,
    "YZYXZZZX": 0.019765161426270002,
    "ZYZZZZZY": -0.01958886752548979,
    "ZXZZZZZX": -0.01958886752548979,
    "YIZZZZYI": -0.019588867525489786,
    "XIZZZZXI": -0.019588867525489786,
    "YXIIIIXY": 0.018395379690541676,
    "XYIIIIYX": 0.018395379690541676,
    "XXIIIIYY": -0.018395379690541676,
    "YYIIIIXX": -0.018395379690541676,
    "IXXIIYYI": 0.018370537204941906,
    "YZZYXZZX": 0.018370537204941906,
    "XZZXYZZY": 0.018370537204941906,
    "XZZYYZZX": -0.018370537204941906,
    "YZZXXZZY": -0.018370537204941906,
    "IXYIIYXI": -0.018370537204941906,
    "IYXIIXYI": -0.018370537204941906,
    "IYYIIXXI": 0.018370537204941906,
    "YZZYIYYI": 0.018279929189067127,
    "YZZXIXYI": 0.018279929189067127,
    "IYYIYZZY": 0.018279929189067127,
    "IYXIXZZY": 0.018279929189067127,
    "IXYIYZZX": 0.018279929189067127,
    "XZZYIYXI": 0.018279929189067127,
    "XZZXIXXI": 0.018279929189067127,
    "IXXIXZZX": 0.018279929189067127,
    "XXIIYYII": -0.017616802932294666,
    "YXIIXYII": 0.017616802932294666,
    "XYIIYXII": 0.017616802932294666,
    "YYIIXXII": -0.017616802932294666,
    "YYIYYIII": 0.016776789586276385,
    "XXYZZYII": 0.016776789586276385,
    "XYYZZXII": -0.016776789586276385,
    "YXXZZYII": -0.016776789586276385,
    "YYXZZXII": 0.016776789586276385,
    "XXIXXIII": 0.016776789586276385,
    "XYIYXIII": 0.016776789586276385,
    "YXIXYIII": 0.016776789586276385,
    "IZIYZYII": 0.008485114809780946,
    "ZIYZYIII": 0.008485114809780946,
    "IZIXZXII": 0.008485114809780946,
    "ZIXZXIII": 0.008485114809780946,
    "IIIXZXIZ": 0.005227145104638297,
    "IIIYZYIZ": 0.005227145104638297,
    "IIXZXIZI": 0.005227145104638297,
    "IIYZYIZI": 0.005227145104638297,
    "IYZZZIZY": -0.003093503991728459,
    "XZZZIZXI": -0.003093503991728459,
    "YZZZIZYI": -0.003093503991728459,
    "IXZZZIZX": -0.003093503991728459,
    "IXZIZZZX": -0.0010717166020328874,
    "IYZIZZZY": -0.0010717166020328874,
    "XZIZZZXI": -0.0010717166020328874,
    "YZIZZZYI": -0.0010717166020328874,
    "XZYIYZXI": -9.06080158747831e-05,
    "YZXIXZYI": -9.06080158747831e-05,
    "IXZYIYZX": -9.06080158747831e-05,
    "IYZXIXZY": -9.06080158747831e-05
  },
  "data": {
    "molecule_id": "DH_singlet_Coov",
    "qubit_encoding": "JW",
    "unit": "Angstrom",
    "basis": "3-21g",
    "charge": 0,
    "multiplicity": 1,
    "spin": 0,
    "geometry": "H 0.0000000000 0.0000000000 -0.4819100000\nH 0.0000000000 0.0000000000 1.2233100000",
    "n_qubits": 8,
    "n_particles": {
      "total": 2,
      "alpha": 1,
      "beta": 1
    },
    "hf_array": [
      1,
      1,
      0,
      0,
      0,
      0,
      0,
      0
    ],
    "hf_method": "pyscf.scf.hf_symm.SymAdaptedRHF",
    "convergence_threshold": 1e-06,
    "point_group": {
      "groupname": "Dooh",
      "topgroup": "Dooh"
    },
    "alpha": 2.3,
    "calculated_properties": {
      "HF": {
        "energy": -0.9548615362053869,
        "converged": true
      },
      "MP2": {
        "energy": -0.9913538300903452,
        "converged": false
      },
      "CISD": {
        "energy": -1.0294878953633466,
        "converged": true
      },