{
  "hamiltonian": {
    "IIIIIIII": 3.6205989996462766,
    "IIIIIIZI": -1.5164335864974943,
    "IIIIIIIZ": -1.5164335864974943,
    "IIIIZIII": -0.6927519220731091,
    "IIIIIZII": -0.692751922073109,
    "IIZIIIII": -0.46710619082423305,
    "IIIZIIII": -0.46710619082423305,
    "ZIIIIIII": -0.2788084234300574,
    "IZIIIIII": -0.2788084234300574,
    "IIIIIIZZ": 0.22691351561309378,
    "IZIIIIZI": 0.20743553870132983,
    "ZIIIIIIZ": 0.20743553870132983,
    "ZZIIIIII": 0.20475839133905488,
    "ZIIIIIZI": 0.16603932949065695,
    "IZIIIIIZ": 0.16603932949065695,
    "IIIIIZZI": 0.15096732531953405,
    "IIIIZIIZ": 0.15096732531953405,
    "ZIIIIZII": 0.14971115896285747,
    "IZIIZIII": 0.14971115896285747,
    "IIIIIZIZ": 0.13225483229778978,
    "IIIIZIZI": 0.13225483229778978,
    "IIIIZZII": 0.12183963863793307,
    "IZIIIZII": 0.11752974536076609,
    "ZIIIZIII": 0.11752974536076609,
    "IIZIIIIZ": 0.11385025634431473,
    "IIIZIIZI": 0.11385025634431473,
    "ZIIZIIII": 0.11148360599952695,
    "IZZIIIII": 0.11148360599952695,
    "IIIZIIIZ": 0.10193286051650503,
    "IIZIIIZI": 0.10193286051650503,
    "IIZZIIII": 0.09930689969688124,
    "IZIZIIII": 0.09872370871886814,
    "ZIZIIIII": 0.09872370871886814,
    "IIIZZIII": 0.09768769088480293,
    "IIZIIZII": 0.09768769088480293,
    "IYZZZYII": -0.0948175309021669,
    "IXZZZXII": -0.0948175309021669,
    "YZZZYIII": -0.0948175309021669,
    "XZZZXIII": -0.0948175309021669,
    "IIZIZIII": 0.08452934144894035,
    "IIIZIZII": 0.08452934144894035,
    "IXZZZXZI": 0.05923588605400433,
    "IYZZZYZI": 0.05923588605400433,
    "YZZZYIIZ": 0.05923588605400433,
    "XZZZXIIZ": 0.05923588605400433,
    "YIZZYIII": 0.05423139528976101,
    "XIZZXIII": 0.05423139528976101,
    "ZXZZZXII": 0.05423139528976101,
    "ZYZZZYII": 0.05423139528976101,
    "YYIIIIXX": -0.04139620921067288,
    "XYIIIIYX": 0.04139620921067288,
    "XXIIIIYY": -0.04139620921067288,
    "YXIIIIXY": 0.04139620921067288,
    "IIXZZZXZ": 0.03935604022000529,
    "IIYZZZYZ": 0.03935604022000529,
    "IIIXZZIX": 0.03935604022000529,
    "IIIYZZIY": 0.03935604022000529,
    "IIIYZZZY": -0.03806006341499858,
    "IIIXZZZX": -0.03806006341499858,
    "IIXZZZXI": -0.03806006341499856,
    "IIYZZZYI": -0.03806006341499856,
    "IZXZZZXI": 0.03516194520103879,
    "IZYZZZYI": 0.03516194520103879,
    "ZIIYZZZY": 0.03516194520103879,
    "ZIIXZZZX": 0.03516194520103879,
    "IXZZZXIZ": 0.03380617080687713,
    "IYZZZYIZ": 0.03380617080687713,
    "YZZZYIZI": 0.03380617080687713,
    "XZZZXIZI": 0.03380617080687713,
    "XXIIYYII": -0.03218141360209139,
    "YXIIXYII": 0.03218141360209139,
    "XYIIYXII": 0.03218141360209139,
    "YYIIXXII": -0.03218141360209139,
    "IYZZIYII": 0.030707564467143643,
    "IXZZIXII": 0.030707564467143643,
    "YZZZYZII": 0.030707564467143643,
    "XZZZXZII": 0.030707564467143643,
    "IXZZYIYX": 0.0254297152471272,
    "IXZZXIXX": 0.0254297152471272,
    "IYZZYIYY": 0.0254297152471272,
    "XZZZZXYY": 0.0254297152471272,
    "XZZZZYYX": -0.0254297152471272,
    "YZZZZXXY": -0.0254297152471272,
    "YZZZZYXX": 0.0254297152471272,
    "IYZZXIXY": 0.0254297152471272,
    "IIIYZIZY": 0.02320856869559318,
    "IIIXZIZX": 0.02320856869559318,
    "IIYZIZYI": 0.02320856869559318,
    "IIXZIZXI": 0.02320856869559318,
    "IIIXIZZX": 0.01906510129579598,
    "IIYZZIYI": 0.01906510129579598,
    "IIXZZIXI": 0.01906510129579598,
    "IIIYIZZY": 0.01906510129579598,
    "IIIIXXYY": -0.018712493021744287,
    "IIIIXYYX": 0.018712493021744287,
    "IIIIYYXX": -0.018712493021744287,
    "IIIIYXXY": 0.018712493021744287,
    "IZIYZZZY": 0.018143591269480404,
    "ZIYZZZYI": 0.018143591269480404,
    "ZIXZZZXI": 0.018143591269480404,
    "IZIXZZZX": 0.018143591269480404,
    "XZIZXIII": 0.017354636624827974,
    "YZIZYIII": 0.017354636624827974,
    "IXZIZXII": 0.017354636624827974,
    "IYZIZYII": 0.017354636624827974,
    "YYIYZZYI": 0.01701835393155839,
    "YXIXZZYI": 0.01701835393155839,
    "XYIYZZXI": 0.01701835393155839,
    "XXIXZZXI": 0.01701835393155839,
    "YXXZZZZY": -0.017018353931558386,
    "YYXZZZZX": 0.017018353931558386,
    "XXYZZZZY": 0.017018353931558386,
    "XYYZZZZX": -0.017018353931558386,
    "IYZXIXZY": 0.01696649434564692,
    "IXZYIYZX": 0.01696649434564692,
    "XZYIYZXI": 0.01696649434564692,
    "YZXIXZYI": 0.01696649434564692,
    "XZZXYZZY": -0.014027743357922675,
    "XZZYYZZX": 0.014027743357922675,
    "YZZXXZZY": 0.014027743357922675,
    "YZZYXZZX": -0.014027743357922675,
    "IXXIIYYI": -0.014027743357922675,
    "IXYIIYXI": 0.014027743357922675,
    "IYXIIXYI": 0.014027743357922675,
    "IYYIIXXI": -0.014027743357922675,
    "IYZYIYZY": 0.01365438196835975,
    "IXZXIXZX": 0.01365438196835975,
    "YZYIYZYI": 0.01365438196835975,
    "XZXIXZXI": 0.01365438196835975,
    "IIYXXYII": 0.013158349435862587,
    "IIYYXXII": -0.013158349435862587,
    "IIXXYYII": -0.013158349435862587,
    "IIXYYXII": 0.013158349435862587,
    "YYXXIIII": -0.012759897280658801,
    "YXXYIIII": 0.012759897280658801,
    "XYYXIIII": 0.012759897280658801,
    "XXYYIIII": -0.012759897280658801,
    "IIXYIIYX": 0.011917395827809688,
    "IIYXIIXY": 0.011917395827809688,
    "IIXXIIYY": -0.011917395827809688,
    "IIYYIIXX": -0.011917395827809688,
    "XZXIIYZY": 0.010715630980635504,
    "IYZYYZYI": 0.010715630980635504,
    "IYZYXZXI": 0.010715630980635504,
    "IXZXYZYI": 0.010715630980635504,
    "IXZXXZXI": 0.010715630980635504,
    "YZYIIYZY": 0.010715630980635504,
    "YZYIIXZX": 0.010715630980635504,
    "XZXIIXZX": 0.010715630980635504,
    "IIZXZZZX": 0.00973586125608798,
    "IIZYZZZY": 0.00973586125608798,
    "IIXIZZXI": 0.009735861256087979,
    "IIYIZZYI": 0.009735861256087979,
    "XZXXZXII": 0.009409937126263847,
    "IXXYYIII": -0.009409937126263847,
    "IXYYXIII": 0.009409937126263847,
    "IYXXYIII": 0.009409937126263847,
    "IYYXXIII": -0.009409937126263847,
    "YZYXZXII": 0.009409937126263847,
    "XZXYZYII": 0.009409937126263847,
    "YZYYZYII": 0.009409937126263847,
    "XZZIXIII": 0.007944699498564127,
    "IXIZZXII": 0.007944699498564127,
    "YZZIYIII": 0.007944699498564127,
    "IYIZZYII": 0.007944699498564127,
    "IIIYYXXI": -0.004143467399797197,
    "IIIYXXYI": 0.004143467399797197,
    "IIIXYYXI": 0.004143467399797197,
    "IIXZXYZY": 0.004143467399797197,
    "IIYZYXZX": 0.004143467399797197,
    "IIYZYYZY": 0.004143467399797197,
    "IIIXXYYI": -0.004143467399797197,
    "IIXZXXZX": 0.004143467399797197,
    "YZYIXZXI": -0.0033121123772871693,
    "IXZXIYZY": -0.0033121123772871693,
    "IYZYIXZX": -0.0033121123772871693,
    "XZXIYZYI": -0.0033121123772871693,
    "IXXIXZZX": 0.0029387509877242465,
    "IXYIYZZX": 0.0029387509877242465,
    "IYXIXZZY": 0.0029387509877242465,
    "IYYIYZZY": 0.0029387509877242465,
    "XZZXIXXI": 0.0029387509877242465,
    "YZZXIXYI": 0.0029387509877242465,
    "YZZYIYYI": 0.0029387509877242465,
    "XZZYIYXI": 0.0029387509877242465
  },
  "data": {
    "molecule_id": "DH_singlet_Coov",
    "qubit_encoding": "JW",
    "unit": "Angstrom",
    "basis": "3-21g",
    "charge": 0,
    "multiplicity": 1,
    "spin": 0,
    "geometry": "H 0.0000000000 0.0000000000 0.1853500000\nH 0.0000000000 0.0000000000 0.5560500000",
    "n_qubits": 8,
    "n_particles": {
      "total": 2,
      "alpha": 1,
      "beta": 1
    },
    "hf_array": [
      1,
      1,
      0,
      0,
      0,
      0,
      0,
      0
    ],
    "hf_method": "pyscf.scf.hf_symm.SymAdaptedRHF",
    "convergence_threshold": 1e-06,
    "point_group": {
      "groupname": "Dooh",
      "topgroup": "Dooh"
    },
    "alpha": 0.5,
    "calculated_properties": {
      "HF": {
        "energy": -0.8609506678405561,
        "converged": true
      },
      "MP2": {
        "energy": -0.8744434693413243,
        "converged": false
      },
      "CISD": {
        "energy": -0.878882204445753,
        "converged": true
      },