{
  "hamiltonian": {
    "IIIIIIII": 2.4328814810587596,
    "IIIIIIZI": -1.0097272123635785,
    "IIIIIIIZ": -1.0097272123635785,
    "IIIIZIII": -0.8500883900141583,
    "IIIIIZII": -0.8500883900141583,
    "IIZIIIII": -0.42092224494487995,
    "IIIZIIII": -0.42092224494487995,
    "ZIIIIIII": -0.299310598107376,
    "IZIIIIII": -0.299310598107376,
    "IIIIIIZZ": 0.16540674541985156,
    "ZIIIIIIZ": 0.14788117636125286,
    "IZIIIIZI": 0.14788117636125286,
    "ZZIIIIII": 0.1459844147789352,
    "IIIIIZZI": 0.1414782320039668,
    "IIIIZIIZ": 0.1414782320039668,
    "ZIIIIZII": 0.13293822475052497,
    "IZIIZIII": 0.13293822475052497,
    "IIIIZZII": 0.12721682471110266,
    "ZIIIIIZI": 0.12050587688470105,
    "IZIIIIIZ": 0.12050587688470105,
    "IIIZIIZI": 0.11754869014179434,
    "IIZIIIIZ": 0.11754869014179434,
    "IZZIIIII": 0.11454402161268465,
    "ZIIZIIII": 0.11454402161268465,
    "IZIIIZII": 0.10848423223483264,
    "ZIIIZIII": 0.10848423223483264,
    "IIZIIZII": 0.10637860663804331,
    "IIIZZIII": 0.10637860663804331,
    "IIZZIIII": 0.10518308280335156,
    "IIZIZIII": 0.09692136482108947,
    "IIIZIZII": 0.09692136482108947,
    "IIZIIIZI": 0.09691648541450995,
    "IIIZIIIZ": 0.09691648541450995,
    "IIIIIZIZ": 0.09594058842645106,
    "IIIIZIZI": 0.09594058842645106,
    "ZIZIIIII": 0.08669543855707154,
    "IZIZIIII": 0.08669543855707154,
    "IYZZZYII": 0.08629537714976296,
    "IXZZZXII": 0.08629537714976296,
    "XZZZXIII": 0.08629537714976294,
    "YZZZYIII": 0.08629537714976294,
    "IIIXZZZX": -0.06319469060718773,
    "IIYZZZYI": -0.06319469060718773,
    "IIXZZZXI": -0.06319469060718773,
    "IIIYZZZY": -0.06319469060718773,
    "IIIIXXYY": -0.04553764357751576,
    "IIIIXYYX": 0.04553764357751576,
    "IIIIYXXY": 0.04553764357751576,
    "IIIIYYXX": -0.04553764357751576,
    "XZZZXIIZ": -0.044038860340684466,
    "YZZZYIIZ": -0.044038860340684466,
    "IXZZZXZI": -0.044038860340684466,
    "IYZZZYZI": -0.044038860340684466,
    "IIYZZZYZ": 0.041390739774428274,
    "IIXZZZXZ": 0.041390739774428274,
    "IIIXZZIX": 0.041390739774428274,
    "IIIYZZIY": 0.041390739774428274,
    "ZIIYZZZY": 0.03417064235282742,
    "ZIIXZZZX": 0.03417064235282742,
    "IZXZZZXI": 0.03417064235282742,
    "IZYZZZYI": 0.03417064235282742,
    "XIZZXIII": -0.03403129868721175,
    "ZXZZZXII": -0.03403129868721175,
    "ZYZZZYII": -0.03403129868721175,
    "YIZZYIII": -0.03403129868721175,
    "XZZZZXYY": -0.031879978093439766,
    "IYZZXIXY": -0.031879978093439766,
    "IYZZYIYY": -0.031879978093439766,
    "YZZZZYXX": -0.031879978093439766,
    "IXZZXIXX": -0.031879978093439766,
    "IXZZYIYX": -0.031879978093439766,
    "XZZZZYYX": 0.031879978093439766,
    "YZZZZXXY": 0.031879978093439766,
    "YZZZYZII": -0.031635093510254064,
    "XZZZXZII": -0.031635093510254064,
    "IXZZIXII": -0.031635093510254064,
    "IYZZIYII": -0.031635093510254064,
    "YZYIIYZY": -0.03108682806269438,
    "YZYIIXZX": -0.03108682806269438,
    "IXZXXZXI": -0.03108682806269438,
    "IXZXYZYI": -0.03108682806269438,
    "IYZYXZXI": -0.03108682806269438,
    "IYZYYZYI": -0.03108682806269438,
    "XZXIIXZX": -0.03108682806269438,
    "XZXIIYZY": -0.03108682806269438,
    "IIIXIZZX": 0.030905701829783132,
    "IIXZZIXI": 0.030905701829783132,
    "IIYZZIYI": 0.030905701829783132,
    "IIIYIZZY": 0.030905701829783132,
    "XXYYIIII": -0.027848583055613108,
    "YYXXIIII": -0.027848583055613108,
    "XYYXIIII": 0.027848583055613108,
    "YXXYIIII": 0.027848583055613108,
    "XXIIIIYY": -0.027375299476551825,
    "XYIIIIYX": 0.027375299476551825,
    "YXIIIIXY": 0.027375299476551825,
    "YYIIIIXX": -0.027375299476551825,
    "XXIIYYII": -0.024453992515692316,
    "YXIIXYII": 0.024453992515692316,
    "YYIIXXII": -0.024453992515692316,
    "XYIIYXII": 0.024453992515692316,
    "IIXZIZXI": 0.02116523731654183,
    "IIYZIZYI": 0.02116523731654183,
    "IIIYZIZY": 0.02116523731654183,
    "IIIXZIZX": 0.02116523731654183,
    "IIXXIIYY": -0.02063220472728438,
    "IIYXIIXY": 0.02063220472728438,
    "IIXYIIYX": 0.02063220472728438,
    "IIYYIIXX": -0.02063220472728438,
    "IYYIIXXI": 0.02056225359881824,
    "XZZXYZZY": 0.02056225359881824,
    "IYXIIXYI": -0.02056225359881824,
    "IXYIIYXI": -0.02056225359881824,
    "IXXIIYYI": 0.02056225359881824,
    "YZZXXZZY": -0.02056225359881824,
    "YZZYXZZX": 0.02056225359881824,
    "XZZYYZZX": -0.02056225359881824,
    "XYYZZZZX": -0.019976497610425487,
    "YXXZZZZY": -0.019976497610425487,
    "YYXZZZZX": 0.019976497610425487,
    "XXYZZZZY": 0.019976497610425487,
    "XXIXZZXI": 0.019976497610425487,
    "XYIYZZXI": 0.019976497610425487,
    "YYIYZZYI": 0.019976497610425487,
    "YXIXZZYI": 0.019976497610425487,
    "YZYIYZYI": -0.018727564364636178,
    "XZXIXZXI": -0.018727564364636178,
    "IYZYIYZY": -0.018727564364636178,
    "IXZXIXZX": -0.018727564364636178,
    "IIYIZZYI": 0.01809779789599664,
    "IIXIZZXI": 0.01809779789599664,
    "IIZYZZZY": 0.01809779789599664,
    "IIZXZZZX": 0.01809779789599664,
    "XZZIXIII": -0.017458489834439643,
    "YZZIYIII": -0.017458489834439643,
    "IXIZZXII": -0.017458489834439643,
    "IYIZZYII": -0.017458489834439643,
    "XZIZXIII": -0.015035351264165362,
    "YZIZYIII": -0.015035351264165362,
    "IXZIZXII": -0.015035351264165362,
    "IYZIZYII": -0.015035351264165362,
    "ZIYZZZYI": 0.014194144742401937,
    "IZIXZZZX": 0.014194144742401937,
    "ZIXZZZXI": 0.014194144742401937,
    "IZIYZZZY": 0.014194144742401937,
    "XZZYIYXI": 0.012359263698058204,
    "XZZXIXXI": 0.012359263698058204,
    "IYYIYZZY": 0.012359263698058204,
    "IYXIXZZY": 0.012359263698058204,
    "YZZYIYYI": 0.012359263698058204,
    "IXXIXZZX": 0.012359263698058204,
    "YZZXIXYI": 0.012359263698058204,
    "IXYIYZZX": 0.012359263698058204,
    "IXZZZXIZ": -0.0121588822472447,
    "IYZZZYIZ": -0.0121588822472447,
    "YZZZYIZI": -0.0121588822472447,
    "XZZZXIZI": -0.0121588822472447,
    "YZYIXZXI": -0.01052457446387614,
    "IYZYIXZX": -0.01052457446387614,
    "IXZXIYZY": -0.01052457446387614,
    "XZXIYZYI": -0.01052457446387614,
    "IIIYYXXI": 0.009740464513241301,
    "IIIYXXYI": -0.009740464513241301,
    "IIYZYYZY": -0.009740464513241301,
    "IIYZYXZX": -0.009740464513241301,
    "IIIXYYXI": -0.009740464513241301,
    "IIXZXXZX": -0.009740464513241301,
    "IIIXXYYI": 0.009740464513241301,
    "IIXZXYZY": -0.009740464513241301,
    "IIYYXXII": -0.009457241816953848,
    "IIYXXYII": 0.009457241816953848,
    "IIXYYXII": 0.009457241816953848,
    "IIXXYYII": -0.009457241816953848,
    "XZYIYZXI": -0.008202989900760037,
    "YZXIXZYI": -0.008202989900760037,
    "IYZXIXZY": -0.008202989900760037,
    "IXZYIYZX": -0.008202989900760037,
    "YZYYZYII": 0.002423138570274281,
    "XZXYZYII": 0.002423138570274281,
    "XZXXZXII": 0.002423138570274281,
    "IXXYYIII": -0.002423138570274281,
    "IXYYXIII": 0.002423138570274281,
    "IYXXYIII": 0.002423138570274281,
    "YZYXZXII": 0.002423138570274281,
    "IYYXXIII": -0.002423138570274281
  },
  "data": {
    "molecule_id": "DH_singlet_Coov",
    "qubit_encoding": "JW",
    "unit": "Angstrom",
    "basis": "3-21g",
    "charge": 0,
    "multiplicity": 1,
    "spin": 0,
    "geometry": "H 0.0000000000 0.0000000000 -0.1112100000\nH 0.0000000000 0.0000000000 0.8526100000",
    "n_qubits": 8,
    "n_particles": {
      "total": 2,
      "alpha": 1,
      "beta": 1
    },
    "hf_array": [
      1,
      1,
      0,
      0,
      0,
      0,
      0,
      0
    ],
    "hf_method": "pyscf.scf.hf_symm.SymAdaptedRHF",
    "convergence_threshold": 1e-06,
    "point_group": {
      "groupname": "Dooh",
      "topgroup": "Dooh"
    },
    "alpha": 1.3,
    "calculated_properties": {
      "HF": {
        "energy": -1.0979119555689068,
        "converged": true
      },
      "MP2": {
        "energy": -1.1176210598992589,
        "converged": false
      },
      "CISD": {
        "energy": -1.1285777473010707,
        "converged": true
      },