{
  "hamiltonian": {
    "IIIIIIII": 2.51138164489914,
    "IIIIIIZI": -1.0782228989099096,
    "IIIIIIIZ": -1.0782228989099096,
    "IIIIZIII": -0.8087962035472075,
    "IIIIIZII": -0.8087962035472074,
    "IIZIIIII": -0.43424052379423617,
    "IIIZIIII": -0.43424052379423617,
    "ZIIIIIII": -0.29952235786756387,
    "IZIIIIII": -0.29952235786756387,
    "IIIIIIZZ": 0.17939624569609997,
    "IZIIIIZI": 0.1599736090980096,
    "ZIIIIIIZ": 0.1599736090980096,
    "ZZIIIIII": 0.15678955399555763,
    "IIIIZIIZ": 0.14483832514596073,
    "IIIIIZZI": 0.14483832514596073,
    "IZIIZIII": 0.13765669375620976,
    "ZIIIIZII": 0.13765669375620976,
    "ZIIIIIZI": 0.12906708695730218,
    "IZIIIIIZ": 0.12906708695730218,
    "IIIIZZII": 0.12681360086401136,
    "IIIZIIZI": 0.11733071759728633,
    "IIZIIIIZ": 0.11733071759728633,
    "IZZIIIII": 0.11426061445178438,
    "ZIIZIIII": 0.11426061445178438,
    "ZIIIZIII": 0.11047831142725562,
    "IZIIIZII": 0.11047831142725562,
    "IIIIIZIZ": 0.10588624480921661,
    "IIIIZIZI": 0.10588624480921661,
    "IIIZZIII": 0.10358209576831548,
    "IIZIIZII": 0.10358209576831548,
    "IIZZIIII": 0.10343344773762003,
    "IIZIIIZI": 0.09832629621800379,
    "IIIZIIIZ": 0.09832629621800379,
    "IIIZIZII": 0.09488719135194325,
    "IIZIZIII": 0.09488719135194325,
    "XZZZXIII": 0.09160183769316341,
    "YZZZYIII": 0.09160183769316341,
    "IYZZZYII": 0.09160183769316341,
    "IXZZZXII": 0.09160183769316341,
    "IZIZIIII": 0.09002118443578692,
    "ZIZIIIII": 0.09002118443578692,
    "IIXZZZXI": -0.060345541769656466,
    "IIIXZZZX": -0.060345541769656466,
    "IIYZZZYI": -0.060345541769656466,
    "IIIYZZZY": -0.060345541769656466,
    "XZZZXIIZ": -0.04858849180308097,
    "YZZZYIIZ": -0.04858849180308097,
    "IYZZZYZI": -0.04858849180308097,
    "IXZZZXZI": -0.04858849180308097,
    "IIIYZZIY": 0.04247966698895685,
    "IIIXZZIX": 0.04247966698895685,
    "IIYZZZYZ": 0.04247966698895685,
    "IIXZZZXZ": 0.04247966698895685,
    "ZXZZZXII": -0.03897971887860077,
    "ZYZZZYII": -0.03897971887860077,
    "XIZZXIII": -0.03897971887860077,
    "YIZZYIII": -0.03897971887860077,
    "IIIIXXYY": -0.038952080336744105,
    "IIIIXYYX": 0.038952080336744105,
    "IIIIYXXY": 0.038952080336744105,
    "IIIIYYXX": -0.038952080336744105,
    "IZYZZZYI": 0.03546844748982331,
    "IZXZZZXI": 0.03546844748982331,
    "ZIIYZZZY": 0.03546844748982331,
    "ZIIXZZZX": 0.03546844748982331,
    "YZZZYZII": -0.03269630349414252,
    "IYZZIYII": -0.03269630349414252,
    "IXZZIXII": -0.03269630349414252,
    "XZZZXZII": -0.03269630349414252,
    "IXZZXIXX": -0.03184091602185587,
    "IXZZYIYX": -0.03184091602185587,
    "IYZZXIXY": -0.03184091602185587,
    "XZZZZYYX": 0.03184091602185587,
    "YZZZZXXY": 0.03184091602185587,
    "YZZZZYXX": -0.03184091602185587,
    "XZZZZXYY": -0.03184091602185587,
    "IYZZYIYY": -0.03184091602185587,
    "YYIIIIXX": -0.030906522140707424,
    "YXIIIIXY": 0.030906522140707424,
    "XYIIIIYX": 0.030906522140707424,
    "XXIIIIYY": -0.030906522140707424,
    "IIIYIZZY": 0.028474715944929466,
    "IIIXIZZX": 0.028474715944929466,
    "IIYZZIYI": 0.028474715944929466,
    "IIXZZIXI": 0.028474715944929466,
    "XXIIYYII": -0.027178382328954153,
    "YYIIXXII": -0.027178382328954153,
    "XYIIYXII": 0.027178382328954153,
    "YXIIXYII": 0.027178382328954153,
    "XZXIIYZY": -0.02606874219437185,
    "YZYIIYZY": -0.02606874219437185,
    "YZYIIXZX": -0.02606874219437185,
    "IYZYXZXI": -0.02606874219437185,
    "XZXIIXZX": -0.02606874219437185,
    "IXZXYZYI": -0.02606874219437185,
    "IXZXXZXI": -0.02606874219437185,
    "IYZYYZYI": -0.02606874219437185,
    "IIIXZIZX": 0.024264431362363385,
    "IIYZIZYI": 0.024264431362363385,
    "IIIYZIZY": 0.024264431362363385,
    "IIXZIZXI": 0.024264431362363385,
    "YXXYIIII": 0.024239430015997453,
    "XYYXIIII": 0.024239430015997453,
    "XXYYIIII": -0.024239430015997453,
    "YYXXIIII": -0.024239430015997453,
    "XXIXZZXI": 0.02016656791670963,
    "XYIYZZXI": 0.02016656791670963,
    "YYXZZZZX": 0.02016656791670963,
    "YXIXZZYI": 0.02016656791670963,
    "XXYZZZZY": 0.02016656791670963,
    "XYYZZZZX": -0.02016656791670963,
    "YYIYZZYI": 0.02016656791670963,
    "YXXZZZZY": -0.02016656791670963,
    "IYYIIXXI": 0.019997372281668774,
    "IYXIIXYI": -0.019997372281668774,
    "IXXIIYYI": 0.019997372281668774,
    "IXYIIYXI": -0.019997372281668774,
    "XZZXYZZY": 0.019997372281668774,
    "XZZYYZZX": -0.019997372281668774,
    "YZZYXZZX": 0.019997372281668774,
    "YZZXXZZY": -0.019997372281668774,
    "IIXXIIYY": -0.01900442137928253,
    "IIYYIIXX": -0.01900442137928253,
    "IIYXIIXY": 0.01900442137928253,
    "IIXYIIYX": 0.01900442137928253,
    "IXZIZXII": -0.017354217502838214,
    "XZIZXIII": -0.017354217502838214,
    "YZIZYIII": -0.017354217502838214,
    "IYZIZYII": -0.017354217502838214,
    "YZYIYZYI": -0.01728939949075431,
    "IYZYIYZY": -0.01728939949075431,
    "XZXIXZXI": -0.01728939949075431,
    "IXZXIXZX": -0.01728939949075431,
    "YZZZYIZI": -0.0167475757812251,
    "IXZZZXIZ": -0.0167475757812251,
    "IYZZZYIZ": -0.0167475757812251,
    "XZZZXIZI": -0.0167475757812251,
    "IIZXZZZX": 0.01589705088071136,
    "IIZYZZZY": 0.01589705088071136,
    "IIXIZZXI": 0.01589705088071136,
    "IIYIZZYI": 0.01589705088071136,
    "IZIYZZZY": 0.015301879573113672,
    "IZIXZZZX": 0.015301879573113672,
    "ZIYZZZYI": 0.015301879573113672,
    "ZIXZZZXI": 0.015301879573113672,
    "YZZIYIII": -0.015194972535302094,
    "XZZIXIII": -0.015194972535302094,
    "IYIZZYII": -0.015194972535302094,
    "IXIZZXII": -0.015194972535302094,
    "IYZXIXZY": -0.011218029578051235,
    "IXZYIYZX": -0.011218029578051235,
    "YZXIXZYI": -0.011218029578051235,
    "XZYIYZXI": -0.011218029578051235,
    "IXXIXZZX": 0.00877934270361754,
    "XZZYIYXI": 0.00877934270361754,
    "IXYIYZZX": 0.00877934270361754,
    "IYXIXZZY": 0.00877934270361754,
    "IYYIYZZY": 0.00877934270361754,
    "XZZXIXXI": 0.00877934270361754,
    "YZZXIXYI": 0.00877934270361754,
    "YZZYIYYI": 0.00877934270361754,
    "IIXXYYII": -0.008694904416372235,
    "IIXYYXII": 0.008694904416372235,
    "IIYXXYII": 0.008694904416372235,
    "IIYYXXII": -0.008694904416372235,
    "IYZYIXZX": -0.0060713699127030755,
    "XZXIYZYI": -0.0060713699127030755,
    "YZYIXZXI": -0.0060713699127030755,
    "IXZXIYZY": -0.0060713699127030755,
    "IIIYYXXI": 0.004210284582566078,
    "IIIYXXYI": -0.004210284582566078,
    "IIIXYYXI": -0.004210284582566078,
    "IIXZXXZX": -0.004210284582566078,
    "IIYZYYZY": -0.004210284582566078,
    "IIYZYXZX": -0.004210284582566078,
    "IIXZXYZY": -0.004210284582566078,
    "IIIXXYYI": 0.004210284582566078,
    "YZYXZXII": -0.002159244967536122,
    "YZYYZYII": -0.002159244967536122,
    "XZXXZXII": -0.002159244967536122,
    "XZXYZYII": -0.002159244967536122,
    "IXYYXIII": -0.002159244967536122,
    "IYXXYIII": -0.002159244967536122,
    "IYYXXIII": 0.002159244967536122,
    "IXXYYIII": 0.002159244967536122
  },
  "data": {
    "molecule_id": "DH_singlet_Coov",
    "qubit_encoding": "JW",
    "unit": "Angstrom",
    "basis": "3-21g",
    "charge": 0,
    "multiplicity": 1,
    "spin": 0,
    "geometry": "H 0.0000000000 0.0000000000 -0.0370700000\nH 0.0000000000 0.0000000000 0.7784700000",
    "n_qubits": 8,
    "n_particles": {
      "total": 2,
      "alpha": 1,
      "beta": 1
    },
    "hf_array": [
      1,
      1,
      0,
      0,
      0,
      0,
      0,
      0
    ],
    "hf_method": "pyscf.scf.hf_symm.SymAdaptedRHF",
    "convergence_threshold": 1e-06,
    "point_group": {
      "groupname": "Dooh",
      "topgroup": "Dooh"
    },
    "alpha": 1.1,
    "calculated_properties": {
      "HF": {
        "energy": -1.1188733020463948,
        "converged": true
      },
      "MP2": {
        "energy": -1.1369189966173727,
        "converged": false
      },
      "CISD": {
        "energy": -1.1454251452364845,
        "converged": true
      },