{
  "hamiltonian": {
    "IIII": -0.5090165624812093,
    "IIZZ": 0.1421767756910819,
    "ZIIZ": 0.13681415535062094,
    "IZZI": 0.13681415535062094,
    "ZZII": 0.13468977952370365,
    "ZIII": 0.08519598462602004,
    "IZII": 0.08519598462602004,
    "ZIZI": 0.07735366726430026,
    "IZIZ": 0.07735366726430026,
    "XXYY": -0.059460488086320686,
    "XYYX": 0.059460488086320686,
    "YXXY": 0.059460488086320686,
    "YYXX": -0.059460488086320686,
    "IIZI": -0.02107198686054343,
    "IIIZ": -0.02107198686054343
  },
  "data": {
    "molecule_id": "DH_singlet_Coov",
    "qubit_encoding": "JW",
    "unit": "Angstrom",
    "basis": "sto-3g",
    "charge": 0,
    "multiplicity": 1,
    "spin": 0,
    "geometry": "H 0.0000000000 0.0000000000 -0.4448400000\nH 0.0000000000 0.0000000000 1.1862400000",
    "n_qubits": 4,
    "n_particles": {
      "total": 2,
      "alpha": 1,
      "beta": 1
    },
    "hf_array": [
      1,
      1,
      0,
      0
    ],
    "hf_method": "pyscf.scf.hf_symm.SymAdaptedRHF",
    "convergence_threshold": 1e-06,
    "point_group": {
      "groupname": "Dooh",
      "topgroup": "Dooh"
    },
    "alpha": 2.2,
    "calculated_properties": {
      "HF": {
        "energy": -0.8730215954693932,
        "converged": true
      },
      "MP2": {
        "energy": -0.9278922395725697,
        "converged": false
      },
      "CISD": {
        "energy": -0.9794532391738031,
        "converged": true
      },
      "CCSD": {
        "energy": -0.9794532397601224,
        "converged": true,
        "t1_diagnostic": 2.6651702165686377e-16
      },
      "FCI": {
        "energy": -0.9794532391738031,
        "converged": true,
        "spin_matches_target": true,
        "multiplicity": 1.0,
        "oscillatory_converged": false,
        "oscillation_energy_change": null
      }
    },
    "auxiliary_operators": {
      "number_operator": {
        "IIII": 2.0,
        "ZIII": -0.5,
        "IZII": -0.5,
        "IIZI": -0.5,
        "IIIZ": -0.5
      },
      "N_alpha": {
        "IIII": 1.0,
        "ZIII": -0.5,
        "IIZI": -0.5
      },
      "N_beta": {
        "IIII": 1.0,
        "IZII": -0.5,
        "IIIZ": -0.5
      },
      "S^2_operator": {
        "IIII": 0.75,
        "ZZII": -0.375,
        "IIZZ": -0.375,
        "YXYX": 0.125,
        "YXXY": -0.125,
        "XXYY": 0.125,
        "XXXX": 0.125,
        "YYYY": 0.125,
        "YYXX": 0.125,
        "XYYX": -0.125,
        "XYXY": 0.125,
        "ZIZI": 0.125,
        "ZIIZ": -0.125,
        "IZZI": -0.125,
        "IZIZ": 0.125
      },
      "UCCSD_operator": {
        "XXYX": 0.05593611810345124,
        "YYYX": -0.05593611810345124,
        "YXYY": 0.05593611810345124,
        "XYYY": 0.05593611810345124,
        "YXXX": -0.05593611810345124,
        "XYXX": -0.05593611810345124,
        "XXXY": 0.05593611810345124,
        "YYXY": -0.05593611810345124
      }
    },
    "hf_method_fallback": "standard",
    "generation_time_s": 0.022,
    "timestamp": "2026-04-03T21:43:51.848671+00:00",
    "formula_latex": "$\\mathrm{DH}$"
  }
}