{
  "hamiltonian": {
    "IIII": -0.4390789428518166,
    "IIZZ": 0.15354322969627632,
    "ZIIZ": 0.1465935929279894,
    "IZZI": 0.1465935929279894,
    "ZZII": 0.14599590416335056,
    "ZIII": 0.11167143981854238,
    "IZII": 0.11167143981854237,
    "ZIZI": 0.09314594457413052,
    "IZIZ": 0.09314594457413052,
    "IIIZ": -0.07171342762232687,
    "IIZI": -0.07171342762232685,
    "XXYY": -0.053447648353858894,
    "XYYX": 0.053447648353858894,
    "YXXY": 0.053447648353858894,
    "YYXX": -0.053447648353858894
  },
  "data": {
    "molecule_id": "DH_singlet_Coov",
    "qubit_encoding": "JW",
    "unit": "Angstrom",
    "basis": "sto-3g",
    "charge": 0,
    "multiplicity": 1,
    "spin": 0,
    "geometry": "H 0.0000000000 0.0000000000 -0.2594900000\nH 0.0000000000 0.0000000000 1.0008900000",
    "n_qubits": 4,
    "n_particles": {
      "total": 2,
      "alpha": 1,
      "beta": 1
    },
    "hf_array": [
      1,
      1,
      0,
      0
    ],
    "hf_method": "pyscf.scf.hf_symm.SymAdaptedRHF",
    "convergence_threshold": 1e-06,
    "point_group": {
      "groupname": "Dooh",
      "topgroup": "Dooh"
    },
    "alpha": 1.7,
    "calculated_properties": {
      "HF": {
        "energy": -0.9857886188781679,
        "converged": true
      },
      "MP2": {
        "energy": -1.0172387268482725,
        "converged": false
      },
      "CISD": {
        "energy": -1.0435497500805633,
        "converged": true
      },
      "CCSD": {
        "energy": -1.0435497501017554,
        "converged": true
      },
      "FCI": {
        "energy": -1.0435497500805633,
        "converged": true,
        "spin_matches_target": true,
        "multiplicity": 1.0,
        "oscillatory_converged": false,
        "oscillation_energy_change": null
      }
    },
    "auxiliary_operators": {
      "number_operator": {
        "IIII": 2.0,
        "ZIII": -0.5,
        "IZII": -0.5,
        "IIZI": -0.5,
        "IIIZ": -0.5
      },
      "N_alpha": {
        "IIII": 1.0,
        "ZIII": -0.5,
        "IIZI": -0.5
      },
      "N_beta": {
        "IIII": 1.0,
        "IZII": -0.5,
        "IIIZ": -0.5
      },
      "S^2_operator": {
        "IIII": 0.75,
        "ZZII": -0.375,
        "IIZZ": -0.375,
        "YXYX": 0.125,
        "YXXY": -0.125,
        "XXYY": 0.125,
        "XXXX": 0.125,
        "YYYY": 0.125,
        "YYXX": 0.125,
        "XYYX": -0.125,
        "XYXY": 0.125,
        "ZIZI": 0.125,
        "ZIIZ": -0.125,
        "IZZI": -0.125,
        "IZIZ": 0.125
      },
      "UCCSD_operator": {
        "XXYX": 0.03377202564248627,
        "YYYX": -0.03377202564248627,
        "YXYY": 0.03377202564248627,
        "XYYY": 0.03377202564248627,
        "YXXX": -0.03377202564248627,
        "XYXX": -0.03377202564248627,
        "XXXY": 0.03377202564248627,
        "YYXY": -0.03377202564248627
      }
    },
    "hf_method_fallback": "standard",
    "generation_time_s": 0.02,
    "timestamp": "2026-04-03T21:43:51.745200+00:00",
    "formula_latex": "$\\mathrm{DH}$"
  }
}