{
  "hamiltonian": {
    "IIIIIIII": 2.3539567202937803,
    "IIIIIIZI": -0.9305261094145773,
    "IIIIIIIZ": -0.9305261094145771,
    "IIIIZIII": -0.9024675471615982,
    "IIIIIZII": -0.902467547161598,
    "IIZIIIII": -0.36782825648467377,
    "IIIZIIII": -0.36782825648467377,
    "ZIIIIIII": -0.29178737633275703,
    "IZIIIIII": -0.291787376332757,
    "IIIIIIZZ": 0.13446646801428852,
    "IIIIIZZI": 0.13130061442876867,
    "IIIIZIIZ": 0.13130061442876867,
    "IIIIZZII": 0.1301135693837374,
    "ZIIIIIIZ": 0.12051575387590081,
    "IZIIIIZI": 0.12051575387590081,
    "ZZIIIIII": 0.11928943292835117,
    "IZIIZIII": 0.11757202260452221,
    "ZIIIIZII": 0.11757202260452221,
    "IIZIIIIZ": 0.1141711357513778,
    "IIIZIIZI": 0.1141711357513778,
    "IIZIIZII": 0.11289818134240631,
    "IIIZZIII": 0.11289818134240631,
    "IZZIIIII": 0.11049231969337182,
    "ZIIZIIII": 0.11049231969337182,
    "IIZZIIII": 0.10812795719515861,
    "ZIIIIIZI": 0.10181215093338311,
    "IZIIIIIZ": 0.10181215093338311,
    "ZIIIZIII": 0.09893111993372755,
    "IZIIIZII": 0.09893111993372755,
    "IIZIIIZI": 0.09570719581745277,
    "IIIZIIIZ": 0.09570719581745277,
    "IIZIZIII": 0.09145215321038108,
    "IIIZIZII": 0.09145215321038108,
    "IZIZIIII": 0.07281086252950986,
    "ZIZIIIII": 0.07281086252950986,
    "IIIIZIZI": 0.07191013243362651,
    "IIIIIZIZ": 0.07191013243362651,
    "IXZZZZZX": 0.068264288194029,
    "IYZZZZZY": 0.068264288194029,
    "YZZZZZYI": 0.068264288194029,
    "XZZZZZXI": 0.068264288194029,
    "IIYZYIII": -0.06324434377329811,
    "IIXZXIII": -0.06324434377329811,
    "IIIXZXII": -0.0632443437732981,
    "IIIYZYII": -0.0632443437732981,
    "IIIIXXYY": -0.05939048199514215,
    "IIIIXYYX": 0.05939048199514215,
    "IIIIYXXY": 0.05939048199514215,
    "IIIIYYXX": -0.05939048199514215,
    "XZXIIXZX": -0.04290198167412525,
    "IXZXYZYI": -0.04290198167412525,
    "IYZYXZXI": -0.04290198167412525,
    "IYZYYZYI": -0.04290198167412525,
    "YZYIIYZY": -0.04290198167412525,
    "IXZXXZXI": -0.04290198167412525,
    "YZYIIXZX": -0.04290198167412525,
    "XZXIIYZY": -0.04290198167412525,
    "YYXXIIII": -0.03768145716386197,
    "YXXYIIII": 0.03768145716386197,
    "XYYXIIII": 0.03768145716386197,
    "XXYYIIII": -0.03768145716386197,
    "IIIYZYZI": 0.035505925421210074,
    "IIIXZXZI": 0.035505925421210074,
    "IIXZXIIZ": 0.035505925421210074,
    "IIYZYIIZ": 0.035505925421210074,
    "IIXZXZII": 0.03406488500016396,
    "IIYZYZII": 0.03406488500016396,
    "IIIYIYII": 0.03406488500016396,
    "IIIXIXII": 0.03406488500016396,
    "XZZZZIXI": -0.03114927031007555,
    "YZZZZIYI": -0.03114927031007555,
    "IXZZIZZX": -0.03114927031007555,
    "IYZZIZZY": -0.03114927031007555,
    "IXZZZZIX": -0.030775199803539047,
    "IYZZZZIY": -0.030775199803539047,
    "XZZZZZXZ": -0.030775199803539047,
    "YZZZZZYZ": -0.030775199803539047,
    "IIIXYIYX": 0.028008944030588533,
    "IIIYYIYY": 0.028008944030588533,
    "IIIXXIXX": 0.028008944030588533,
    "IIXZZXYY": 0.028008944030588533,
    "IIYZZYXX": 0.028008944030588533,
    "IIXZZYYX": -0.028008944030588533,
    "IIYZZXXY": -0.028008944030588533,
    "IIIYXIXY": 0.028008944030588533,
    "YZZZYYZY": 0.027588727812534283,
    "IXZZYYXI": 0.027588727812534283,
    "IYZZXXYI": 0.027588727812534283,
    "IYZZYXXI": -0.027588727812534283,
    "XZZZXYZY": 0.027588727812534283,
    "XZZZXXZX": 0.027588727812534283,
    "IXZZXYYI": -0.027588727812534283,
    "YZZZYXZX": 0.027588727812534283,
    "IZXZXIII": 0.026888650295165295,
    "IZYZYIII": 0.026888650295165295,
    "ZIIYZYII": 0.026888650295165295,
    "ZIIXZXII": 0.026888650295165295,
    "IXZXIYZY": -0.02472261531237529,
    "XZXIYZYI": -0.02472261531237529,
    "IYZYIXZX": -0.02472261531237529,
    "YZYIXZXI": -0.02472261531237529,
    "IYZYIYZY": -0.02425152447134537,
    "IXZXIXZX": -0.02425152447134537,
    "XZXIXZXI": -0.02425152447134537,
    "YZYIYZYI": -0.02425152447134537,
    "IIXIXIII": 0.022694659234047176,
    "IIYIYIII": 0.022694659234047176,
    "IIZXZXII": 0.022694659234047173,
    "IIZYZYII": 0.022694659234047173,
    "IIYXXYII": 0.02144602813202523,
    "IIYYXXII": -0.02144602813202523,
    "IIXXYYII": -0.02144602813202523,
    "IIXYYXII": 0.02144602813202523,
    "XIZZZZXI": -0.02106849491082048,
    "YIZZZZYI": -0.02106849491082048,
    "ZYZZZZZY": -0.02106849491082048,
    "ZXZZZZZX": -0.02106849491082048,
    "IXIZZZZX": -0.02080716499966177,
    "IYIZZZZY": -0.02080716499966177,
    "XZZIZZXI": -0.02080716499966177,
    "YZZIZZYI": -0.02080716499966177,
    "YYIIIIXX": -0.018703602942517703,
    "YXIIIIXY": 0.018703602942517703,
    "XYIIIIYX": 0.018703602942517703,
    "XXIIIIYY": -0.018703602942517703,
    "XZZYIYXI": 0.018650457202779875,
    "YZZXIXYI": 0.018650457202779875,
    "YZZYIYYI": 0.018650457202779875,
    "XZZXIXXI": 0.018650457202779875,
    "IXXIXZZX": 0.018650457202779875,
    "IYYIYZZY": 0.018650457202779875,
    "IYXIXZZY": 0.018650457202779875,
    "IXYIYZZX": 0.018650457202779875,
    "XXIIYYII": -0.018640902670794653,
    "XYIIYXII": 0.018640902670794653,
    "YXIIXYII": 0.018640902670794653,
    "YYIIXXII": -0.018640902670794653,
    "IIYXIIXY": 0.018463939933925026,
    "IIYYIIXX": -0.018463939933925026,
    "IIXYIIYX": 0.018463939933925026,
    "IIXXIIYY": -0.018463939933925026,
    "YZZYXZZX": 0.018179366361749955,
    "YZZXXZZY": -0.018179366361749955,
    "XZZXYZZY": 0.018179366361749955,
    "XZZYYZZX": -0.018179366361749955,
    "IXXIIYYI": 0.018179366361749955,
    "IXYIIYXI": -0.018179366361749955,
    "IYXIIXYI": -0.018179366361749955,
    "IYYIIXXI": 0.018179366361749955,
    "YZYXZZZX": 0.017766562572651426,
    "YZYYZZZY": 0.017766562572651426,
    "XZXXZZZX": 0.017766562572651426,
    "XZXYZZZY": 0.017766562572651426,
    "IYYXZZXI": -0.017766562572651426,
    "IXXYZZYI": -0.017766562572651426,
    "IXYYZZXI": 0.017766562572651426,
    "IYXXZZYI": 0.017766562572651426,
    "YXXZZYII": -0.01725919396144339,
    "XYIYXIII": 0.01725919396144339,
    "XXIXXIII": 0.01725919396144339,
    "YYXZZXII": 0.01725919396144339,
    "YXIXYIII": 0.01725919396144339,
    "YYIYYIII": 0.01725919396144339,
    "XYYZZXII": -0.01725919396144339,
    "XXYZZYII": 0.01725919396144339,
    "ZIYZYIII": 0.009629456333721906,
    "ZIXZXIII": 0.009629456333721906,
    "IZIXZXII": 0.009629456333721906,
    "IZIYZYII": 0.009629456333721906,
    "IIIYZYIZ": 0.007496981390621542,
    "IIXZXIZI": 0.007496981390621542,
    "IIYZYIZI": 0.007496981390621542,
    "IIIXZXIZ": 0.007496981390621542,
    "IXZZZIZX": -0.0035605424975412615,
    "IYZZZIZY": -0.0035605424975412615,
    "YZZZIZYI": -0.0035605424975412615,
    "XZZZIZXI": -0.0035605424975412615,
    "IYZIZZZY": -0.0030406024270103436,
    "XZIZZZXI": -0.0030406024270103436,
    "YZIZZZYI": -0.0030406024270103436,
    "IXZIZZZX": -0.0030406024270103436,
    "IXZYIYZX": 0.0004710908410299197,
    "XZYIYZXI": 0.0004710908410299197,
    "YZXIXZYI": 0.0004710908410299197,
    "IYZXIXZY": 0.0004710908410299197
  },
  "data": {
    "molecule_id": "DH_singlet_Coov",
    "qubit_encoding": "JW",
    "unit": "Angstrom",
    "basis": "3-21g",
    "charge": 0,
    "multiplicity": 1,
    "spin": 0,
    "geometry": "H 0.0000000000 0.0000000000 -0.4077700000\nH 0.0000000000 0.0000000000 1.1491700000",
    "n_qubits": 8,
    "n_particles": {
      "total": 2,
      "alpha": 1,
      "beta": 1
    },
    "hf_array": [
      1,
      1,
      0,
      0,
      0,
      0,
      0,
      0
    ],
    "hf_method": "pyscf.scf.hf_symm.SymAdaptedRHF",
    "convergence_threshold": 1e-06,
    "point_group": {
      "groupname": "Dooh",
      "topgroup": "Dooh"
    },
    "alpha": 2.1,
    "calculated_properties": {
      "HF": {
        "energy": -0.9815045588136728,
        "converged": true
      },
      "MP2": {
        "energy": -1.013271705748604,
        "converged": false
      },
      "CISD": {
        "energy": -1.0440001687613407,
        "converged": true
      },