{
  "hamiltonian": {
    "IIIIIIII": 2.386964229237184,
    "IIIIIIZI": -0.929548615238225,
    "IIIIIIIZ": -0.929548615238225,
    "IIIIZIII": -0.9174501067724667,
    "IIIIIZII": -0.9174501067724667,
    "IIZIIIII": -0.39373034808489193,
    "IIIZIIII": -0.39373034808489193,
    "ZIIIIIII": -0.2964951904469285,
    "IZIIIIII": -0.2964951904469285,
    "IIIIIIZZ": 0.14351596895913135,
    "IIIIIZZI": 0.13579729036408072,
    "IIIIZIIZ": 0.13579729036408072,
    "IIIIZZII": 0.13106541355707013,
    "ZZIIIIII": 0.1301489840256392,
    "ZIIIIIIZ": 0.12955802034104086,
    "IZIIIIZI": 0.12955802034104086,
    "ZIIIIZII": 0.12574158833548066,
    "IZIIZIII": 0.12574158833548066,
    "IIIZIIZI": 0.1158932208020487,
    "IIZIIIIZ": 0.1158932208020487,
    "IZZIIIII": 0.11329075953321581,
    "ZIIZIIII": 0.11329075953321581,
    "IIIZZIII": 0.11159197454380851,
    "IIZIIZII": 0.11159197454380851,
    "IIZZIIII": 0.10765236100126771,
    "IZIIIIIZ": 0.10764948392877109,
    "ZIIIIIZI": 0.10764948392877109,
    "IZIIIZII": 0.1053182932616681,
    "ZIIIZIII": 0.1053182932616681,
    "IIIZIZII": 0.09764452014108049,
    "IIZIZIII": 0.09764452014108049,
    "IIZIIIZI": 0.09402755651214037,
    "IIIZIIIZ": 0.09402755651214037,
    "IIIIIZIZ": 0.08117359556699333,
    "IIIIZIZI": 0.08117359556699333,
    "ZIZIIIII": 0.07979212402427742,
    "IZIZIIII": 0.07979212402427742,
    "XZZZXIII": 0.07567071140150919,
    "YZZZYIII": 0.07567071140150919,
    "IYZZZYII": 0.07567071140150917,
    "IXZZZXII": 0.07567071140150917,
    "IIIYZZZY": -0.06408280225305354,
    "IIXZZZXI": -0.06408280225305354,
    "IIYZZZYI": -0.06408280225305354,
    "IIIXZZZX": -0.06408280225305354,
    "IIIIXXYY": -0.05462369479708741,
    "IIIIXYYX": 0.05462369479708741,
    "IIIIYXXY": 0.05462369479708741,
    "IIIIYYXX": -0.05462369479708741,
    "XZXIIYZY": -0.03840587051062988,
    "IYZYYZYI": -0.03840587051062988,
    "IYZYXZXI": -0.03840587051062988,
    "IXZXYZYI": -0.03840587051062988,
    "IXZXXZXI": -0.03840587051062988,
    "XZXIIXZX": -0.03840587051062988,
    "YZYIIXZX": -0.03840587051062988,
    "YZYIIYZY": -0.03840587051062988,
    "IIYZZZYZ": 0.03756893807974538,
    "IIXZZZXZ": 0.03756893807974538,
    "IIIYZZIY": 0.03756893807974538,
    "IIIXZZIX": 0.03756893807974538,
    "XZZZXIIZ": -0.03601899088712698,
    "YZZZYIIZ": -0.03601899088712698,
    "IYZZZYZI": -0.03601899088712698,
    "IXZZZXZI": -0.03601899088712698,
    "IIYZZIYI": 0.03423052263602335,
    "IIIXIZZX": 0.03423052263602335,
    "IIIYIZZY": 0.03423052263602335,
    "IIXZZIXI": 0.03423052263602335,
    "XXYYIIII": -0.03349863550893839,
    "XYYXIIII": 0.03349863550893839,
    "YXXYIIII": 0.03349863550893839,
    "YYXXIIII": -0.03349863550893839,
    "XZZZXZII": -0.0307995470595165,
    "YZZZYZII": -0.0307995470595165,
    "IYZZIYII": -0.0307995470595165,
    "IXZZIXII": -0.0307995470595165,
    "ZIIYZZZY": 0.030545315973978783,
    "ZIIXZZZX": 0.030545315973978783,
    "IZYZZZYI": 0.030545315973978783,
    "IZXZZZXI": 0.030545315973978783,
    "XZZZZXYY": -0.029880147117883317,
    "XZZZZYYX": 0.029880147117883317,
    "YZZZZXXY": 0.029880147117883317,
    "IYZZYIYY": -0.029880147117883317,
    "IYZZXIXY": -0.029880147117883317,
    "IXZZXIXX": -0.029880147117883317,
    "IXZZYIYX": -0.029880147117883317,
    "YZZZZYXX": -0.029880147117883317,
    "ZXZZZXII": -0.026055495913330867,
    "YIZZYIII": -0.026055495913330867,
    "XIZZXIII": -0.026055495913330867,
    "ZYZZZYII": -0.026055495913330867,
    "YYIIIIXX": -0.02190853641226976,
    "YXIIIIXY": 0.02190853641226976,
    "XYIIIIYX": 0.02190853641226976,
    "XXIIIIYY": -0.02190853641226976,
    "IIYXIIXY": 0.02186566428990834,
    "IIXYIIYX": 0.02186566428990834,
    "IIXXIIYY": -0.02186566428990834,
    "IIYYIIXX": -0.02186566428990834,
    "XZXIXZXI": -0.0216610686410035,
    "IYZYIYZY": -0.0216610686410035,
    "YZYIYZYI": -0.0216610686410035,
    "IXZXIXZX": -0.0216610686410035,
    "IIYIZZYI": 0.021264020394835537,
    "IIXIZZXI": 0.021264020394835537,
    "IIZXZZZX": 0.021264020394835534,
    "IIZYZZZY": 0.021264020394835534,
    "IIIYYXXI": 0.020725091363576035,
    "IIYZYYZY": -0.020725091363576035,
    "IIIXYYXI": -0.020725091363576035,
    "IIYZYXZX": -0.020725091363576035,
    "IIXZXYZY": -0.020725091363576035,
    "IIXZXXZX": -0.020725091363576035,
    "IIIYXXYI": -0.020725091363576035,
    "IIIXXYYI": 0.020725091363576035,
    "YYIIXXII": -0.020423295073812575,
    "YXIIXYII": 0.020423295073812575,
    "XYIIYXII": 0.020423295073812575,
    "XXIIYYII": -0.020423295073812575,
    "IXIZZXII": -0.020130820561543965,
    "XZZIXIII": -0.020130820561543965,
    "YZZIYIII": -0.020130820561543965,
    "IYIZZYII": -0.020130820561543965,
    "IXXIIYYI": 0.019866774263009358,
    "IXYIIYXI": -0.019866774263009358,
    "IYXIIXYI": -0.019866774263009358,
    "IYYIIXXI": 0.019866774263009358,
    "XZZXYZZY": 0.019866774263009358,
    "XZZYYZZX": -0.019866774263009358,
    "YZZYXZZX": 0.019866774263009358,
    "YZZXXZZY": -0.019866774263009358,
    "YYIYZZYI": 0.01860452301689324,
    "YXIXZZYI": 0.01860452301689324,
    "XXIXZZXI": 0.01860452301689324,
    "XYIYZZXI": 0.01860452301689324,
    "XYYZZZZX": -0.018604523016893238,
    "YYXZZZZX": 0.018604523016893238,
    "XXYZZZZY": 0.018604523016893238,
    "YXXZZZZY": -0.018604523016893238,
    "YZYIXZXI": -0.01853909624762052,
    "IYZYIXZX": -0.01853909624762052,
    "XZXIYZYI": -0.01853909624762052,
    "IXZXIYZY": -0.01853909624762052,
    "XZZYIYXI": 0.016744801869626378,
    "IYYIYZZY": 0.016744801869626378,
    "XZZXIXXI": 0.016744801869626378,
    "IXXIXZZX": 0.016744801869626378,
    "IXYIYZZX": 0.016744801869626378,
    "IYXIXZZY": 0.016744801869626378,
    "YZZYIYYI": 0.016744801869626378,
    "YZZXIXYI": 0.016744801869626378,
    "IIXXYYII": -0.013947454402728009,
    "IIXYYXII": 0.013947454402728009,
    "IIYXXYII": 0.013947454402728009,
    "IIYYXXII": -0.013947454402728009,
    "IIYZIZYI": 0.013505431272447316,
    "IIIYZIZY": 0.013505431272447316,
    "IIXZIZXI": 0.013505431272447316,
    "IIIXZIZX": 0.013505431272447316,
    "ZIYZZZYI": 0.011940792957085543,
    "IZIXZZZX": 0.011940792957085543,
    "IZIYZZZY": 0.011940792957085543,
    "ZIXZZZXI": 0.011940792957085543,
    "XZXXZXII": 0.011492818702944418,
    "XZXYZYII": 0.011492818702944418,
    "YZYXZXII": 0.011492818702944418,
    "YZYYZYII": 0.011492818702944418,
    "IXXYYIII": -0.011492818702944418,
    "IYYXXIII": -0.011492818702944418,
    "IXYYXIII": 0.011492818702944418,
    "IYXXYIII": 0.011492818702944418,
    "IXZIZXII": -0.008638001858599548,
    "IYZIZYII": -0.008638001858599548,
    "YZIZYIII": -0.008638001858599548,
    "XZIZXIII": -0.008638001858599548,
    "YZZZYIZI": -0.006138843769243656,
    "IYZZZYIZ": -0.006138843769243656,
    "IXZZZXIZ": -0.006138843769243656,
    "XZZZXIZI": -0.006138843769243656,
    "IYZXIXZY": -0.0031219723933829796,
    "YZXIXZYI": -0.0031219723933829796,
    "XZYIYZXI": -0.0031219723933829796,
    "IXZYIYZX": -0.0031219723933829796
  },
  "data": {
    "molecule_id": "DH_singlet_Coov",
    "qubit_encoding": "JW",
    "unit": "Angstrom",
    "basis": "3-21g",
    "charge": 0,
    "multiplicity": 1,
    "spin": 0,
    "geometry": "H 0.0000000000 0.0000000000 -0.2594900000\nH 0.0000000000 0.0000000000 1.0008900000",
    "n_qubits": 8,
    "n_particles": {
      "total": 2,
      "alpha": 1,
      "beta": 1
    },
    "hf_array": [
      1,
      1,
      0,
      0,
      0,
      0,
      0,
      0
    ],
    "hf_method": "pyscf.scf.hf_symm.SymAdaptedRHF",
    "convergence_threshold": 1e-06,
    "point_group": {
      "groupname": "Dooh",
      "topgroup": "Dooh"
    },
    "alpha": 1.7,
    "calculated_properties": {
      "HF": {
        "energy": -1.0395650255056206,
        "converged": true
      },
      "MP2": {
        "energy": -1.064045381675865,
        "converged": false
      },
      "CISD": {
        "energy": -1.0827814633451138,
        "converged": true
      },