{
  "hamiltonian": {
    "IIII": 0.8781909204906422,
    "IIZI": -0.4807919989539148,
    "IIIZ": -0.4807919989539148,
    "ZIII": 0.24197001238587684,
    "IZII": 0.24197001238587684,
    "IIZZ": 0.19283770414356535,
    "ZZII": 0.18539241628088293,
    "ZIIZ": 0.18260222472105547,
    "IZZI": 0.18260222472105547,
    "ZIZI": 0.1417632350770554,
    "IZIZ": 0.1417632350770554,
    "XXYY": -0.04083898964400006,
    "XYYX": 0.04083898964400006,
    "YXXY": 0.04083898964400006,
    "YYXX": -0.04083898964400006
  },
  "data": {
    "molecule_id": "DH_singlet_Coov",
    "qubit_encoding": "JW",
    "unit": "Angstrom",
    "basis": "sto-3g",
    "charge": 0,
    "multiplicity": 1,
    "spin": 0,
    "geometry": "H 0.0000000000 0.0000000000 0.1853500000\nH 0.0000000000 0.0000000000 0.5560500000",
    "n_qubits": 4,
    "n_particles": {
      "total": 2,
      "alpha": 1,
      "beta": 1
    },
    "hf_array": [
      1,
      1,
      0,
      0
    ],
    "hf_method": "pyscf.scf.hf_symm.SymAdaptedRHF",
    "convergence_threshold": 1e-06,
    "point_group": {
      "groupname": "Dooh",
      "topgroup": "Dooh"
    },
    "alpha": 0.5,
    "calculated_properties": {
      "HF": {
        "energy": -0.8378339013607143,
        "converged": true
      },
      "MP2": {
        "energy": -0.8445504442836644,
        "converged": false
      },
      "CISD": {
        "energy": -0.8470348937083864,
        "converged": true
      },
      "CCSD": {
        "energy": -0.8470349073452872,
        "converged": true,
        "t1_diagnostic": 3.418131994465212e-17
      },
      "FCI": {
        "energy": -0.8470348937083871,
        "converged": true,
        "spin_matches_target": true,
        "multiplicity": 1.0,
        "oscillatory_converged": false,
        "oscillation_energy_change": null
      }
    },
    "auxiliary_operators": {
      "number_operator": {
        "IIII": 2.0,
        "ZIII": -0.5,
        "IZII": -0.5,
        "IIZI": -0.5,
        "IIIZ": -0.5
      },
      "N_alpha": {
        "IIII": 1.0,
        "ZIII": -0.5,
        "IIZI": -0.5
      },
      "N_beta": {
        "IIII": 1.0,
        "IZII": -0.5,
        "IIIZ": -0.5
      },
      "S^2_operator": {
        "IIII": 0.75,
        "ZZII": -0.375,
        "IIZZ": -0.375,
        "YXYX": 0.125,
        "YXXY": -0.125,
        "XXYY": 0.125,
        "XXXX": 0.125,
        "YYYY": 0.125,
        "YYXX": 0.125,
        "XYYX": -0.125,
        "XYXY": 0.125,
        "ZIZI": 0.125,
        "ZIIZ": -0.125,
        "IZZI": -0.125,
        "IZIZ": 0.125
      },
      "UCCSD_operator": {
        "XXYX": 0.00704061093392267,
        "YYYX": -0.00704061093392267,
        "YXYY": 0.00704061093392267,
        "XYYY": 0.00704061093392267,
        "YXXX": -0.00704061093392267,
        "XYXX": -0.00704061093392267,
        "XXXY": 0.00704061093392267,
        "YYXY": -0.00704061093392267
      }
    },
    "hf_method_fallback": "standard",
    "generation_time_s": 0.014,
    "timestamp": "2026-04-03T21:43:52.087737+00:00",
    "formula_latex": "$\\mathrm{DH}$"
  }
}