{
  "hamiltonian": {
    "IIIIIIII": 2.810873433310154,
    "IIIIIIIZ": -1.2355483525910107,
    "IIIIIIZI": -1.2355483525910105,
    "IIIIZIII": -0.7503408715149991,
    "IIIIIZII": -0.750340871514999,
    "IIZIIIII": -0.4524491978624531,
    "IIIZIIII": -0.4524491978624531,
    "ZIIIIIII": -0.29492472027962,
    "IZIIIIII": -0.29492472027962,
    "IIIIIIZZ": 0.20282684126702377,
    "IZIIIIZI": 0.18183955587215178,
    "ZIIIIIIZ": 0.18183955587215178,
    "ZZIIIIII": 0.17762070736279825,
    "IIIIIZZI": 0.14940421915453944,
    "IIIIZIIZ": 0.14940421915453944,
    "ZIIIIIZI": 0.1453379837204731,
    "IZIIIIIZ": 0.1453379837204731,
    "ZIIIIZII": 0.14490405700899509,
    "IZIIZIII": 0.14490405700899509,
    "IIIIZZII": 0.1259665505871451,
    "IIIIIZIZ": 0.12120133536690429,
    "IIIIZIZI": 0.12120133536690429,
    "IIIZIIZI": 0.11576260789383827,
    "IIZIIIIZ": 0.11576260789383827,
    "ZIIIZIII": 0.11401956415003353,
    "IZIIIZII": 0.11401956415003353,
    "ZIIZIIII": 0.1128778738696997,
    "IZZIIIII": 0.1128778738696997,
    "IIZZIIII": 0.10093167443209555,
    "IIIZIIIZ": 0.10026655905767032,
    "IIZIIIZI": 0.10026655905767032,
    "IIIZZIII": 0.10004567850266444,
    "IIZIIZII": 0.10004567850266444,
    "IYZZZYII": 0.09653907177813037,
    "IXZZZXII": 0.09653907177813037,
    "XZZZXIII": 0.09653907177813037,
    "YZZZYIII": 0.09653907177813037,
    "IZIZIIII": 0.09461013571981185,
    "ZIZIIIII": 0.09461013571981185,
    "IIIZIZII": 0.08998021450645372,
    "IIZIZIII": 0.08998021450645372,
    "IXZZZXZI": -0.05495478319614913,
    "YZZZYIIZ": -0.05495478319614913,
    "IYZZZYZI": -0.05495478319614913,
    "XZZZXIIZ": -0.05495478319614913,
    "IIYZZZYI": -0.051236678320673086,
    "IIXZZZXI": -0.051236678320673086,
    "IIIYZZZY": -0.051236678320673086,
    "IIIXZZZX": -0.051236678320673086,
    "XIZZXIII": -0.046978777370748605,
    "YIZZYIII": -0.046978777370748605,
    "ZXZZZXII": -0.0469787773707486,
    "ZYZZZYII": -0.0469787773707486,
    "IIIYZZIY": 0.04201377517634572,
    "IIIXZZIX": 0.04201377517634572,
    "IIYZZZYZ": 0.04201377517634572,
    "IIXZZZXZ": 0.04201377517634572,
    "XXIIIIYY": -0.036501572151678686,
    "YYIIIIXX": -0.036501572151678686,
    "YXIIIIXY": 0.036501572151678686,
    "XYIIIIYX": 0.036501572151678686,
    "IZXZZZXI": 0.03604789413261568,
    "IZYZZZYI": 0.03604789413261568,
    "ZIIYZZZY": 0.03604789413261568,
    "ZIIXZZZX": 0.03604789413261568,
    "YZZZYZII": -0.033409904126524885,
    "XZZZXZII": -0.033409904126524885,
    "IXZZIXII": -0.033409904126524885,
    "IYZZIYII": -0.033409904126524885,
    "YXIIXYII": 0.03088449285896156,
    "YYIIXXII": -0.03088449285896156,
    "XXIIYYII": -0.03088449285896156,
    "XYIIYXII": 0.03088449285896156,
    "IYZZXIXY": -0.029728059260794634,
    "IXZZXIXX": -0.029728059260794634,
    "YZZZZYXX": -0.029728059260794634,
    "YZZZZXXY": 0.029728059260794634,
    "XZZZZYYX": 0.029728059260794634,
    "XZZZZXYY": -0.029728059260794634,
    "IXZZYIYX": -0.029728059260794634,
    "IYZZYIYY": -0.029728059260794634,
    "IIIIXYYX": 0.028202883787635174,
    "IIIIXXYY": -0.028202883787635174,
    "IIIIYXXY": 0.028202883787635174,
    "IIIIYYXX": -0.028202883787635174,
    "IIIXZIZX": 0.02570346069893703,
    "IIXZIZXI": 0.02570346069893703,
    "IIYZIZYI": 0.02570346069893703,
    "IIIYZIZY": 0.02570346069893703,
    "IYZZZYIZ": -0.025226723935354498,
    "IXZZZXIZ": -0.025226723935354498,
    "XZZZXIZI": -0.025226723935354498,
    "YZZZYIZI": -0.025226723935354498,
    "IIIYIZZY": 0.02395627409509451,
    "IIIXIZZX": 0.02395627409509451,
    "IIYZZIYI": 0.02395627409509451,
    "IIXZZIXI": 0.02395627409509451,
    "XXYZZZZY": 0.019219848127779535,
    "XXIXZZXI": 0.019219848127779535,
    "YXIXZZYI": 0.019219848127779535,
    "YYIYZZYI": 0.019219848127779535,
    "YYXZZZZX": 0.019219848127779535,
    "XYYZZZZX": -0.019219848127779535,
    "XYIYZZXI": 0.019219848127779535,
    "YXXZZZZY": -0.019219848127779535,
    "IYZIZYII": -0.018596741571093558,
    "IXZIZXII": -0.018596741571093558,
    "YZIZYIII": -0.018596741571093558,
    "XZIZXIII": -0.018596741571093558,
    "XXYYIIII": -0.018267738149887865,
    "YYXXIIII": -0.018267738149887865,
    "YXXYIIII": 0.018267738149887865,
    "XYYXIIII": 0.018267738149887865,
    "IYZYXZXI": -0.017868624079180273,
    "IYZYYZYI": -0.017868624079180273,
    "YZYIIYZY": -0.017868624079180273,
    "IXZXXZXI": -0.017868624079180273,
    "YZYIIXZX": -0.017868624079180273,
    "XZXIIYZY": -0.017868624079180273,
    "XZXIIXZX": -0.017868624079180273,
    "IXZXYZYI": -0.017868624079180273,
    "YZZXXZZY": -0.01762284531309256,
    "IYXIIXYI": -0.01762284531309256,
    "XZZYYZZX": -0.01762284531309256,
    "IXXIIYYI": 0.01762284531309256,
    "YZZYXZZX": 0.01762284531309256,
    "XZZXYZZY": 0.01762284531309256,
    "IXYIIYXI": -0.01762284531309256,
    "IYYIIXXI": 0.01762284531309256,
    "IZIXZZZX": 0.016828046004836145,
    "IZIYZZZY": 0.016828046004836145,
    "ZIYZZZYI": 0.016828046004836145,
    "ZIXZZZXI": 0.016828046004836145,
    "IIYYIIXX": -0.015496048836167954,
    "IIXXIIYY": -0.015496048836167954,
    "IIXYIIYX": 0.015496048836167954,
    "IIYXIIXY": 0.015496048836167954,
    "IXZXIXZX": -0.01529371809059783,
    "XZXIXZXI": -0.01529371809059783,
    "YZYIYZYI": -0.01529371809059783,
    "IYZYIYZY": -0.01529371809059783,
    "IYZXIXZY": -0.015047939324510116,
    "IXZYIYZX": -0.015047939324510116,
    "XZYIYZXI": -0.015047939324510116,
    "YZXIXZYI": -0.015047939324510116,
    "IIZXZZZX": 0.012439096309575499,
    "IIZYZZZY": 0.012439096309575499,
    "IIXIZZXI": 0.012439096309575497,
    "IIYIZZYI": 0.012439096309575497,
    "XZZIXIII": -0.011329709033918951,
    "YZZIYIII": -0.011329709033918951,
    "IXIZZXII": -0.011329709033918951,
    "IYIZZYII": -0.011329709033918951,
    "IIXXYYII": -0.010065463996210725,
    "IIXYYXII": 0.010065463996210725,
    "IIYXXYII": 0.010065463996210725,
    "IIYYXXII": -0.010065463996210725,
    "IXXYYIII": 0.007267032537174605,
    "XZXXZXII": -0.007267032537174605,
    "XZXYZYII": -0.007267032537174605,
    "IXYYXIII": -0.007267032537174605,
    "YZYYZYII": -0.007267032537174605,
    "IYYXXIII": 0.007267032537174605,
    "YZYXZXII": -0.007267032537174605,
    "IYXXYIII": -0.007267032537174605,
    "YZZYIYYI": 0.002574905988582447,
    "XZZXIXXI": 0.002574905988582447,
    "YZZXIXYI": 0.002574905988582447,
    "XZZYIYXI": 0.002574905988582447,
    "IXXIXZZX": 0.002574905988582447,
    "IXYIYZZX": 0.002574905988582447,
    "IYXIXZZY": 0.002574905988582447,
    "IYYIYZZY": 0.002574905988582447,
    "IIYZYXZX": 0.0017471866038425228,
    "IIXZXYZY": 0.0017471866038425228,
    "IIIXXYYI": -0.0017471866038425228,
    "IIIXYYXI": 0.0017471866038425228,
    "IIIYXXYI": 0.0017471866038425228,
    "IIIYYXXI": -0.0017471866038425228,
    "IIXZXXZX": 0.0017471866038425228,
    "IIYZYYZY": 0.0017471866038425228,
    "XZXIYZYI": -0.00024577876608771355,
    "YZYIXZXI": -0.00024577876608771355,
    "IXZXIYZY": -0.00024577876608771355,
    "IYZYIXZX": -0.00024577876608771355
  },
  "data": {
    "molecule_id": "DH_singlet_Coov",
    "qubit_encoding": "JW",
    "unit": "Angstrom",
    "basis": "3-21g",
    "charge": 0,
    "multiplicity": 1,
    "spin": 0,
    "geometry": "H 0.0000000000 0.0000000000 0.0741400000\nH 0.0000000000 0.0000000000 0.6672600000",
    "n_qubits": 8,
    "n_particles": {
      "total": 2,
      "alpha": 1,
      "beta": 1
    },
    "hf_array": [
      1,
      1,
      0,
      0,
      0,
      0,
      0,
      0
    ],
    "hf_method": "pyscf.scf.hf_symm.SymAdaptedRHF",
    "convergence_threshold": 1e-06,
    "point_group": {
      "groupname": "Dooh",
      "topgroup": "Dooh"
    },
    "alpha": 0.8,
    "calculated_properties": {
      "HF": {
        "energy": -1.1024653081366576,
        "converged": true
      },
      "MP2": {
        "energy": -1.1184168668634789,
        "converged": false
      },
      "CISD": {
        "energy": -1.1245511928693204,