{
  "hamiltonian": {
    "IIIIIIII": 2.343055738881443,
    "IIIIIIIZ": -0.9262234220382025,
    "IIIIIIZI": -0.9262234220382024,
    "IIIIIZII": -0.9009059361486106,
    "IIIIZIII": -0.9009059361486105,
    "IIZIIIII": -0.3616936236635123,
    "IIIZIIII": -0.3616936236635123,
    "ZIIIIIII": -0.29027144783672515,
    "IZIIIIII": -0.29027144783672515,
    "IIIIIIZZ": 0.13464649432819042,
    "IIIIIZZI": 0.13029297279897983,
    "IIIIZIIZ": 0.13029297279897983,
    "IIIIZZII": 0.12791254215088754,
    "ZIIIIIIZ": 0.11928542254348767,
    "IZIIIIZI": 0.11928542254348767,
    "ZZIIIIII": 0.11704264131262004,
    "IZIIZIII": 0.11533410133338784,
    "ZIIIIZII": 0.11533410133338784,
    "IIZIIIIZ": 0.11430858446098055,
    "IIIZIIZI": 0.11430858446098055,
    "IIZIIZII": 0.11213306379443745,
    "IIIZZIII": 0.11213306379443745,
    "IZZIIIII": 0.10966839753092289,
    "ZIIZIIII": 0.10966839753092289,
    "IIZZIIII": 0.1079652462742501,
    "ZIIIIIZI": 0.10076637386596868,
    "IZIIIIIZ": 0.10076637386596868,
    "ZIIIZIII": 0.09724798367083723,
    "IZIIIZII": 0.09724798367083723,
    "IIZIIIZI": 0.09502809581817204,
    "IIIZIIIZ": 0.09502809581817204,
    "IIZIZIII": 0.09089357090116311,
    "IIIZIZII": 0.09089357090116311,
    "IZIZIIII": 0.07106432200580165,
    "ZIZIIIII": 0.07106432200580165,
    "IIIIZIZI": 0.06997702623640177,
    "IIIIIZIZ": 0.06997702623640177,
    "IXZZZZZX": 0.0669952866285966,
    "IYZZZZZY": 0.0669952866285966,
    "YZZZZZYI": 0.0669952866285966,
    "XZZZZZXI": 0.0669952866285966,
    "IIIXZXII": -0.06301167799070842,
    "IIYZYIII": -0.06301167799070842,
    "IIXZXIII": -0.06301167799070842,
    "IIIYZYII": -0.06301167799070842,
    "IIIIXXYY": -0.060315946562578084,
    "IIIIXYYX": 0.060315946562578084,
    "IIIIYXXY": 0.060315946562578084,
    "IIIIYYXX": -0.060315946562578084,
    "IYZYYZYI": -0.04382097359029898,
    "YZYIIXZX": -0.04382097359029898,
    "XZXIIYZY": -0.04382097359029898,
    "XZXIIXZX": -0.04382097359029898,
    "YZYIIYZY": -0.04382097359029898,
    "IYZYXZXI": -0.04382097359029898,
    "IXZXYZYI": -0.04382097359029898,
    "IXZXXZXI": -0.04382097359029898,
    "XXYYIIII": -0.03860407552512124,
    "XYYXIIII": 0.03860407552512124,
    "YYXXIIII": -0.03860407552512124,
    "YXXYIIII": 0.03860407552512124,
    "IIYZYIIZ": 0.035540442131371405,
    "IIXZXIIZ": 0.035540442131371405,
    "IIIYZYZI": 0.035540442131371405,
    "IIIXZXZI": 0.035540442131371405,
    "IIIYIYII": 0.03342287543155418,
    "IIIXIXII": 0.03342287543155418,
    "IIXZXZII": 0.03342287543155418,
    "IIYZYZII": 0.03342287543155418,
    "IXZZZZIX": -0.03070256252063209,
    "YZZZZZYZ": -0.03070256252063209,
    "XZZZZZXZ": -0.03070256252063209,
    "IYZZZZIY": -0.03070256252063209,
    "IXZZIZZX": -0.03044951612321511,
    "XZZZZIXI": -0.03044951612321511,
    "YZZZZIYI": -0.03044951612321511,
    "IYZZIZZY": -0.03044951612321511,
    "IIIYYIYY": 0.029229155520869556,
    "IIIYXIXY": 0.029229155520869556,
    "IIXZZXYY": 0.029229155520869556,
    "IIXZZYYX": -0.029229155520869556,
    "IIYZZXXY": -0.029229155520869556,
    "IIYZZYXX": 0.029229155520869556,
    "IIIXXIXX": 0.029229155520869556,
    "IIIXYIYX": 0.029229155520869556,
    "IYZZXXYI": 0.027170012211538766,
    "IYZZYXXI": -0.027170012211538766,
    "XZZZXYZY": 0.027170012211538766,
    "IXZZYYXI": 0.027170012211538766,
    "YZZZYXZX": 0.027170012211538766,
    "XZZZXXZX": 0.027170012211538766,
    "IXZZXYYI": -0.027170012211538766,
    "YZZZYYZY": 0.027170012211538766,
    "IZXZXIII": 0.026053805385934974,
    "IZYZYIII": 0.026053805385934974,
    "ZIIYZYII": 0.026053805385934974,
    "ZIIXZXII": 0.026053805385934974,
    "IXZXIYZY": -0.025521548234167975,
    "YZYIXZXI": -0.025521548234167975,
    "IYZYIXZX": -0.025521548234167975,
    "XZXIYZYI": -0.025521548234167975,
    "IYZYIYZY": -0.02538029919831688,
    "IXZXIXZX": -0.02538029919831688,
    "XZXIXZXI": -0.02538029919831688,
    "YZYIYZYI": -0.02538029919831688,
    "IIZXZXII": 0.022844289277456752,
    "IIZYZYII": 0.022844289277456752,
    "IIXIXIII": 0.02284428927745675,
    "IIYIYIII": 0.02284428927745675,
    "IIYXXYII": 0.021239492893274335,
    "IIYYXXII": -0.021239492893274335,
    "IIXXYYII": -0.021239492893274335,
    "IIXYYXII": 0.021239492893274335,
    "IXIZZZZX": -0.0208335890441199,
    "IYIZZZZY": -0.0208335890441199,
    "XZZIZZXI": -0.0208335890441199,
    "YZZIZZYI": -0.0208335890441199,
    "XIZZZZXI": -0.02025431493768589,
    "YIZZZZYI": -0.02025431493768589,
    "ZYZZZZZY": -0.02025431493768589,
    "ZXZZZZZX": -0.02025431493768589,
    "IIXXIIYY": -0.01928048864280851,
    "IIXYIIYX": 0.01928048864280851,
    "IIYXIIXY": 0.01928048864280851,
    "IIYYIIXX": -0.01928048864280851,
    "IYYXZZXI": -0.018849161845057524,
    "XZXYZZZY": 0.018849161845057524,
    "XZXXZZZX": 0.018849161845057524,
    "YZYXZZZX": 0.018849161845057524,
    "YZYYZZZY": 0.018849161845057524,
    "IXXYZZYI": -0.018849161845057524,
    "IXYYZZXI": 0.018849161845057524,
    "IYXXZZYI": 0.018849161845057524,
    "XXIIIIYY": -0.018519048677518996,
    "XYIIIIYX": 0.018519048677518996,
    "YXIIIIXY": 0.018519048677518996,
    "YYIIIIXX": -0.018519048677518996,
    "XZZXIXXI": 0.018440674391982104,
    "YZZXIXYI": 0.018440674391982104,
    "YZZYIYYI": 0.018440674391982104,
    "XZZYIYXI": 0.018440674391982104,
    "IXYIYZZX": 0.018440674391982104,
    "IXXIXZZX": 0.018440674391982104,
    "IYXIXZZY": 0.018440674391982104,
    "IYYIYZZY": 0.018440674391982104,
    "IXYIIYXI": -0.018299425356131008,
    "IYXIIXYI": -0.018299425356131008,
    "XZZYYZZX": -0.018299425356131008,
    "YZZXXZZY": -0.018299425356131008,
    "XZZXYZZY": 0.018299425356131008,
    "IXXIIYYI": 0.018299425356131008,
    "YZZYXZZX": 0.018299425356131008,
    "IYYIIXXI": 0.018299425356131008,
    "XXIIYYII": -0.018086117662550617,
    "XYIIYXII": 0.018086117662550617,
    "YXIIXYII": 0.018086117662550617,
    "YYIIXXII": -0.018086117662550617,
    "YYXZZXII": 0.017000395817293096,
    "YXXZZYII": -0.017000395817293096,
    "XYYZZXII": -0.017000395817293096,
    "XXIXXIII": 0.017000395817293096,
    "XYIYXIII": 0.017000395817293096,
    "YXIXYIII": 0.017000395817293096,
    "YYIYYIII": 0.017000395817293096,
    "XXYZZYII": 0.017000395817293096,
    "ZIXZXIII": 0.009053409568641878,
    "IZIXZXII": 0.009053409568641878,
    "ZIYZYIII": 0.009053409568641878,
    "IZIYZYII": 0.009053409568641878,
    "IIXZXIZI": 0.00631128661050185,
    "IIIXZXIZ": 0.00631128661050185,
    "IIIYZYIZ": 0.00631128661050185,
    "IIYZYIZI": 0.00631128661050185,
    "IYZZZIZY": -0.0032795039116763416,
    "IXZZZIZX": -0.0032795039116763416,
    "XZZZIZXI": -0.0032795039116763416,
    "YZZZIZYI": -0.0032795039116763416,
    "XZIZZZXI": -0.0019844271990623764,
    "YZIZZZYI": -0.0019844271990623764,
    "IYZIZZZY": -0.0019844271990623764,
    "IXZIZZZX": -0.0019844271990623764,
    "XZYIYZXI": 0.00014124903585109594,
    "YZXIXZYI": 0.00014124903585109594,
    "IXZYIYZX": 0.00014124903585109594,
    "IYZXIXZY": 0.00014124903585109594
  },
  "data": {
    "molecule_id": "DH_singlet_Coov",
    "qubit_encoding": "JW",
    "unit": "Angstrom",
    "basis": "3-21g",
    "charge": 0,
    "multiplicity": 1,
    "spin": 0,
    "geometry": "H 0.0000000000 0.0000000000 -0.4448400000\nH 0.0000000000 0.0000000000 1.1862400000",
    "n_qubits": 8,
    "n_particles": {
      "total": 2,
      "alpha": 1,
      "beta": 1
    },
    "hf_array": [
      1,
      1,
      0,
      0,
      0,
      0,
      0,
      0
    ],
    "hf_method": "pyscf.scf.hf_symm.SymAdaptedRHF",
    "convergence_threshold": 1e-06,
    "point_group": {
      "groupname": "Dooh",
      "topgroup": "Dooh"
    },
    "alpha": 2.2,
    "calculated_properties": {
      "HF": {
        "energy": -0.967946978960351,
        "converged": true
      },
      "MP2": {
        "energy": -1.0019815496716904,
        "converged": false
      },
      "CISD": {
        "energy": -1.0363187012744675,
        "converged": true
      },