{
  "hamiltonian": {
    "IIII": -0.38509435175246903,
    "IIZZ": 0.1589120268024546,
    "ZZII": 0.15179014519805567,
    "ZIIZ": 0.1514161470149739,
    "IZZI": 0.1514161470149739,
    "ZIII": 0.12533069186503398,
    "IZII": 0.12533069186503398,
    "IIZI": -0.10204605378168824,
    "IIIZ": -0.10204605378168824,
    "ZIZI": 0.10041330267353249,
    "IZIZ": 0.10041330267353249,
    "XXYY": -0.051002844341441415,
    "XYYX": 0.051002844341441415,
    "YXXY": 0.051002844341441415,
    "YYXX": -0.051002844341441415
  },
  "data": {
    "molecule_id": "DH_singlet_Coov",
    "qubit_encoding": "JW",
    "unit": "Angstrom",
    "basis": "sto-3g",
    "charge": 0,
    "multiplicity": 1,
    "spin": 0,
    "geometry": "H 0.0000000000 0.0000000000 -0.1853500000\nH 0.0000000000 0.0000000000 0.9267500000",
    "n_qubits": 4,
    "n_particles": {
      "total": 2,
      "alpha": 1,
      "beta": 1
    },
    "hf_array": [
      1,
      1,
      0,
      0
    ],
    "hf_method": "pyscf.scf.hf_symm.SymAdaptedRHF",
    "convergence_threshold": 1e-06,
    "point_group": {
      "groupname": "Dooh",
      "topgroup": "Dooh"
    },
    "alpha": 1.5,
    "calculated_properties": {
      "HF": {
        "energy": -1.032804570422416,
        "converged": true
      },
      "MP2": {
        "energy": -1.0575591074542414,
        "converged": false
      },
      "CISD": {
        "energy": -1.076469959126764,
        "converged": true
      },
      "CCSD": {
        "energy": -1.076469959185272,
        "converged": true,
        "t1_diagnostic": 1.2594817986118347e-16
      },
      "FCI": {
        "energy": -1.0764699591267641,
        "converged": true,
        "spin_matches_target": true,
        "multiplicity": 1.0,
        "oscillatory_converged": false,
        "oscillation_energy_change": null
      }
    },
    "auxiliary_operators": {
      "number_operator": {
        "IIII": 2.0,
        "ZIII": -0.5,
        "IZII": -0.5,
        "IIZI": -0.5,
        "IIIZ": -0.5
      },
      "N_alpha": {
        "IIII": 1.0,
        "ZIII": -0.5,
        "IIZI": -0.5
      },
      "N_beta": {
        "IIII": 1.0,
        "IZII": -0.5,
        "IIIZ": -0.5
      },
      "S^2_operator": {
        "IIII": 0.75,
        "ZZII": -0.375,
        "IIZZ": -0.375,
        "YXYX": 0.125,
        "YXXY": -0.125,
        "XXYY": 0.125,
        "XXXX": 0.125,
        "YYYY": 0.125,
        "YYXX": 0.125,
        "XYYX": -0.125,
        "XYXY": 0.125,
        "ZIZI": 0.125,
        "ZIIZ": -0.125,
        "IZZI": -0.125,
        "IZIZ": 0.125
      },
      "UCCSD_operator": {
        "XXYX": 0.02675426079581434,
        "YYYX": -0.02675426079581434,
        "YXYY": 0.02675426079581434,
        "XYYY": 0.02675426079581434,
        "YXXX": -0.02675426079581434,
        "XYXX": -0.02675426079581434,
        "XXXY": 0.02675426079581434,
        "YYXY": -0.02675426079581434
      }
    },
    "hf_method_fallback": "standard",
    "generation_time_s": 0.019,
    "timestamp": "2026-04-03T21:43:51.705853+00:00",
    "formula_latex": "$\\mathrm{DH}$"
  }
}