{
  "hamiltonian": {
    "IIIIIIII": 2.579949012375982,
    "IIIIIIZI": -1.12175740060775,
    "IIIIIIIZ": -1.12175740060775,
    "IIIIIZII": -0.7888965319144875,
    "IIIIZIII": -0.7888965319144874,
    "IIZIIIII": -0.44061266999345505,
    "IIIZIIII": -0.44061266999345505,
    "ZIIIIIII": -0.2988649178150934,
    "IZIIIIII": -0.2988649178150934,
    "IIIIIIZZ": 0.18696192748264442,
    "IZIIIIZI": 0.16677148700654204,
    "ZIIIIIIZ": 0.16677148700654204,
    "ZZIIIIII": 0.16306743734109702,
    "IIIIIZZI": 0.14651732849733617,
    "IIIIZIIZ": 0.14651732849733617,
    "IZIIZIII": 0.14015331888949817,
    "ZIIIIZII": 0.14015331888949817,
    "IZIIIIIZ": 0.1339987962488275,
    "ZIIIIIZI": 0.1339987962488275,
    "IIIIZZII": 0.12674435663431483,
    "IIIZIIZI": 0.11694226044436709,
    "IIZIIIIZ": 0.11694226044436709,
    "IZZIIIII": 0.11389336900727542,
    "ZIIZIIII": 0.11389336900727542,
    "ZIIIZIII": 0.11160785837781918,
    "IZIIIZII": 0.11160785837781918,
    "IIIIIZIZ": 0.11113924075155249,
    "IIIIZIZI": 0.11113924075155249,
    "IIZZIIII": 0.10254566441371742,
    "IIIZZIII": 0.10229257413158352,
    "IIZIIZII": 0.10229257413158352,
    "IIIZIIIZ": 0.09899944638128469,
    "IIZIIIZI": 0.09899944638128469,
    "YZZZYIII": 0.09380376299959212,
    "XZZZXIII": 0.09380376299959212,
    "IYZZZYII": 0.09380376299959212,
    "IXZZZXII": 0.09380376299959212,
    "IIIZIZII": 0.09344796957580108,
    "IIZIZIII": 0.09344796957580108,
    "ZIZIIIII": 0.09161066873883003,
    "IZIZIIII": 0.09161066873883003,
    "IIYZZZYI": -0.05796738514791027,
    "IIXZZZXI": -0.05796738514791027,
    "IIIXZZZX": -0.057967385147910264,
    "IIIYZZZY": -0.057967385147910264,
    "XZZZXIIZ": -0.05082457487428459,
    "YZZZYIIZ": -0.05082457487428459,
    "IXZZZXZI": -0.05082457487428459,
    "IYZZZYZI": -0.05082457487428459,
    "IIIYZZIY": 0.0426288152818424,
    "IIXZZZXZ": 0.0426288152818424,
    "IIYZZZYZ": 0.0426288152818424,
    "IIIXZZIX": 0.0426288152818424,
    "YIZZYIII": -0.0416096989090023,
    "XIZZXIII": -0.0416096989090023,
    "ZYZZZYII": -0.04160969890900229,
    "ZXZZZXII": -0.04160969890900229,
    "ZIIYZZZY": 0.03586236660816108,
    "IZYZZZYI": 0.03586236660816108,
    "IZXZZZXI": 0.03586236660816108,
    "ZIIXZZZX": 0.03586236660816108,
    "IIIIXYYX": 0.035378087745783715,
    "IIIIYXXY": 0.035378087745783715,
    "IIIIXXYY": -0.035378087745783715,
    "IIIIYYXX": -0.035378087745783715,
    "IXZZIXII": -0.03317424234653904,
    "IYZZIYII": -0.03317424234653904,
    "XZZZXZII": -0.03317424234653904,
    "YZZZYZII": -0.03317424234653904,
    "XXIIIIYY": -0.03277269075771457,
    "XYIIIIYX": 0.03277269075771457,
    "YXIIIIXY": 0.03277269075771457,
    "YYIIIIXX": -0.03277269075771457,
    "IXZZYIYX": -0.03141738946123606,
    "IXZZXIXX": -0.03141738946123606,
    "XZZZZYYX": 0.03141738946123606,
    "IYZZXIXY": -0.03141738946123606,
    "YZZZZXXY": 0.03141738946123606,
    "YZZZZYXX": -0.03141738946123606,
    "XZZZZXYY": -0.03141738946123606,
    "IYZZYIYY": -0.03141738946123606,
    "YYIIXXII": -0.028545460511678965,
    "XXIIYYII": -0.028545460511678965,
    "YXIIXYII": 0.028545460511678965,
    "XYIIYXII": 0.028545460511678965,
    "IIXZZIXI": 0.027075563250543923,
    "IIIYIZZY": 0.027075563250543923,
    "IIIXIZZX": 0.027075563250543923,
    "IIYZZIYI": 0.027075563250543923,
    "IIYZIZYI": 0.025236950066553757,
    "IIIYZIZY": 0.025236950066553757,
    "IIIXZIZX": 0.025236950066553757,
    "IIXZIZXI": 0.025236950066553757,
    "IXZXYZYI": -0.02334935436564777,
    "IYZYXZXI": -0.02334935436564777,
    "XZXIIXZX": -0.02334935436564777,
    "XZXIIYZY": -0.02334935436564777,
    "YZYIIXZX": -0.02334935436564777,
    "YZYIIYZY": -0.02334935436564777,
    "IYZYYZYI": -0.02334935436564777,
    "IXZXXZXI": -0.02334935436564777,
    "YXXYIIII": 0.022282700268445393,
    "XYYXIIII": 0.022282700268445393,
    "XXYYIIII": -0.022282700268445393,
    "YYXXIIII": -0.022282700268445393,
    "YYXZZZZX": 0.020025172578589597,
    "YYIYZZYI": 0.020025172578589597,
    "YXIXZZYI": 0.020025172578589597,
    "XYIYZZXI": 0.020025172578589597,
    "XXIXZZXI": 0.020025172578589597,
    "YXXZZZZY": -0.020025172578589597,
    "XXYZZZZY": 0.020025172578589597,
    "XYYZZZZX": -0.020025172578589597,
    "IYZZZYIZ": -0.019407185413048526,
    "YZZZYIZI": -0.019407185413048526,
    "IXZZZXIZ": -0.019407185413048526,
    "XZZZXIZI": -0.019407185413048526,
    "IXYIIYXI": -0.019403339127070485,
    "IYXIIXYI": -0.019403339127070485,
    "IXXIIYYI": 0.019403339127070485,
    "IYYIIXXI": 0.019403339127070485,
    "XZZXYZZY": 0.019403339127070485,
    "YZZXXZZY": -0.019403339127070485,
    "YZZYXZZX": 0.019403339127070485,
    "XZZYYZZX": -0.019403339127070485,
    "XZIZXIII": -0.018084895307769428,
    "IXZIZXII": -0.018084895307769428,
    "IYZIZYII": -0.018084895307769428,
    "YZIZYIII": -0.018084895307769428,
    "IIXYIIYX": 0.01794281406308241,
    "IIYXIIXY": 0.01794281406308241,
    "IIYYIIXX": -0.01794281406308241,
    "IIXXIIYY": -0.01794281406308241,
    "YZYIYZYI": -0.016594860837795072,
    "XZXIXZXI": -0.016594860837795072,
    "IXZXIXZX": -0.016594860837795072,
    "IYZYIYZY": -0.016594860837795072,
    "IZIYZZZY": 0.015837194029571483,
    "IZIXZZZX": 0.015837194029571483,
    "ZIYZZZYI": 0.015837194029571483,
    "ZIXZZZXI": 0.015837194029571483,
    "IIXIZZXI": 0.01472557988671921,
    "IIYIZZYI": 0.01472557988671921,
    "IIZYZZZY": 0.014725579886719208,
    "IIZXZZZX": 0.014725579886719208,
    "XZZIXIII": -0.013922606768505558,
    "YZZIYIII": -0.013922606768505558,
    "IYIZZYII": -0.013922606768505558,
    "IXIZZXII": -0.013922606768505558,
    "YZXIXZYI": -0.01264884559921778,
    "XZYIYZXI": -0.01264884559921778,
    "IYZXIXZY": -0.01264884559921778,
    "IXZYIYZX": -0.01264884559921778,
    "IIYXXYII": 0.008844604555782438,
    "IIXXYYII": -0.008844604555782438,
    "IIXYYXII": 0.008844604555782438,
    "IIYYXXII": -0.008844604555782438,
    "IYXIXZZY": 0.0067544935278527046,
    "XZZXIXXI": 0.0067544935278527046,
    "IXYIYZZX": 0.0067544935278527046,
    "IXXIXZZX": 0.0067544935278527046,
    "IYYIYZZY": 0.0067544935278527046,
    "XZZYIYXI": 0.0067544935278527046,
    "YZZXIXYI": 0.0067544935278527046,
    "YZZYIYYI": 0.0067544935278527046,
    "IXYYXIII": -0.004162288539263872,
    "IYYXXIII": 0.004162288539263872,
    "XZXYZYII": -0.004162288539263872,
    "XZXXZXII": -0.004162288539263872,
    "IXXYYIII": 0.004162288539263872,
    "YZYYZYII": -0.004162288539263872,
    "IYXXYIII": -0.004162288539263872,
    "YZYXZXII": -0.004162288539263872,
    "YZYIXZXI": -0.003946015238577292,
    "IXZXIYZY": -0.003946015238577292,
    "IYZYIXZX": -0.003946015238577292,
    "XZXIYZYI": -0.003946015238577292,
    "IIXZXXZX": -0.0018386131839901697,
    "IIIYXXYI": -0.0018386131839901697,
    "IIIXYYXI": -0.0018386131839901697,
    "IIYZYYZY": -0.0018386131839901697,
    "IIYZYXZX": -0.0018386131839901697,
    "IIXZXYZY": -0.0018386131839901697,
    "IIIYYXXI": 0.0018386131839901697,
    "IIIXXYYI": 0.0018386131839901697
  },
  "data": {
    "molecule_id": "DH_singlet_Coov",
    "qubit_encoding": "JW",
    "unit": "Angstrom",
    "basis": "3-21g",
    "charge": 0,
    "multiplicity": 1,
    "spin": 0,
    "geometry": "H 0.0000000000 0.0000000000 0.0000000000\nH 0.0000000000 0.0000000000 0.7414000000",
    "n_qubits": 8,
    "n_particles": {
      "total": 2,
      "alpha": 1,
      "beta": 1
    },
    "hf_array": [
      1,
      1,
      0,
      0,
      0,
      0,
      0,
      0
    ],
    "hf_method": "pyscf.scf.hf_symm.SymAdaptedRHF",
    "convergence_threshold": 1e-06,
    "point_group": {
      "groupname": "Dooh",
      "topgroup": "Dooh"
    },
    "alpha": 1.0,
    "calculated_properties": {
      "HF": {
        "energy": -1.1229283281271778,
        "converged": true
      },
      "MP2": {
        "energy": -1.1402545258067038,
        "converged": false
      },
      "CISD": {
        "energy": -1.147830318923512,