{
  "hamiltonian": {
    "IIIIIIII": 2.2736344791942718,
    "IIIIIIIZ": -0.9055384833010137,
    "IIIIIIZI": -0.9055384833010136,
    "IIIIZIII": -0.8789381519315667,
    "IIIIIZII": -0.8789381519315667,
    "IIZIIIII": -0.3283845693230912,
    "IIIZIIII": -0.3283845693230912,
    "IZIIIIII": -0.2795845596327794,
    "ZIIIIIII": -0.27958455963277934,
    "IIIIZZII": 0.13137133319233393,
    "IIIIZIIZ": 0.1251889686048062,
    "IIIIIZZI": 0.1251889686048062,
    "IIIIIIZZ": 0.12091923919909633,
    "IIIZZIII": 0.1120811323511788,
    "IIZIIZII": 0.1120811323511788,
    "IZIIZIII": 0.1119724745981954,
    "ZIIIIZII": 0.1119724745981954,
    "IIZIIIIZ": 0.1080865503904756,
    "IIIZIIZI": 0.1080865503904756,
    "ZIIIIIIZ": 0.10643379837216627,
    "IZIIIIZI": 0.10643379837216627,
    "ZZIIIIII": 0.10617269523415675,
    "IIZZIIII": 0.10537103168598885,
    "ZIIZIIII": 0.10444116046170968,
    "IZZIIIII": 0.10444116046170968,
    "ZIIIZIII": 0.09371285009226178,
    "IZIIIZII": 0.09371285009226178,
    "IIIZIZII": 0.0904143992519271,
    "IIZIZIII": 0.0904143992519271,
    "ZIIIIIZI": 0.09012446909983712,
    "IZIIIIIZ": 0.09012446909983712,
    "IIIZIIIZ": 0.08809296696019814,
    "IIZIIIZI": 0.08809296696019814,
    "IIIIXXYY": -0.06544340077720785,
    "IIIIYXXY": 0.06544340077720785,
    "IIIIXYYX": 0.06544340077720785,
    "IIIIYYXX": -0.06544340077720785,
    "XZZZXIII": 0.06306721619168565,
    "YZZZYIII": 0.06306721619168565,
    "IXZZZXII": 0.06306721619168565,
    "IYZZZYII": 0.06306721619168565,
    "IIIXZZZX": 0.06154848479307988,
    "IIIYZZZY": 0.06154848479307988,
    "IIXZZZXI": 0.06154848479307988,
    "IIYZZZYI": 0.06154848479307988,
    "IZIZIIII": 0.06087310722653301,
    "ZIZIIIII": 0.06087310722653301,
    "IIIIIZIZ": 0.05974556782759834,
    "IIIIZIZI": 0.05974556782759834,
    "IXZXYZYI": 0.048768301433723155,
    "IXZXXZXI": 0.048768301433723155,
    "XZXIIXZX": 0.048768301433723155,
    "XZXIIYZY": 0.048768301433723155,
    "YZYIIXZX": 0.048768301433723155,
    "YZYIIYZY": 0.048768301433723155,
    "IYZYXZXI": 0.048768301433723155,
    "IYZYYZYI": 0.048768301433723155,
    "XXYYIIII": -0.04356805323517668,
    "XYYXIIII": 0.04356805323517668,
    "YXXYIIII": 0.04356805323517668,
    "YYXXIIII": -0.04356805323517668,
    "IIIYIZZY": -0.034332287654843724,
    "IIIXIZZX": -0.034332287654843724,
    "IIYZZIYI": -0.034332287654843724,
    "IIXZZIXI": -0.034332287654843724,
    "IIIYYXXI": -0.033230348096831876,
    "IIIXXYYI": -0.033230348096831876,
    "IIIXYYXI": 0.033230348096831876,
    "IIXZXYZY": 0.033230348096831876,
    "IIYZYXZX": 0.033230348096831876,
    "IIYZYYZY": 0.033230348096831876,
    "IIXZXXZX": 0.033230348096831876,
    "IIIYXXYI": 0.033230348096831876,
    "IIXZZZXZ": -0.03139865025859244,
    "IIYZZZYZ": -0.03139865025859244,
    "IIIXZZIX": -0.03139865025859244,
    "IIIYZZIY": -0.03139865025859244,
    "IXZXIYZY": 0.030713833921191855,
    "IYZYIXZX": 0.030713833921191855,
    "XZXIYZYI": 0.030713833921191855,
    "YZYIXZXI": 0.030713833921191855,
    "IXZXIXZX": 0.030352034725525813,
    "YZYIYZYI": 0.030352034725525813,
    "IYZYIYZY": 0.030352034725525813,
    "XZXIXZXI": 0.030352034725525813,
    "YZZZYZII": -0.030089206753777038,
    "IYZZIYII": -0.030089206753777038,
    "IXZZIXII": -0.030089206753777038,
    "XZZZXZII": -0.030089206753777038,
    "YZZZYIIZ": -0.02897306071736432,
    "XZZZXIIZ": -0.02897306071736432,
    "IXZZZXZI": -0.02897306071736432,
    "IYZZZYZI": -0.02897306071736432,
    "XZZZZXYY": -0.026097929809304848,
    "XZZZZYYX": 0.026097929809304848,
    "IXZZYIYX": -0.026097929809304848,
    "IXZZXIXX": -0.026097929809304848,
    "IYZZXIXY": -0.026097929809304848,
    "YZZZZYXX": -0.026097929809304848,
    "YZZZZXXY": 0.026097929809304848,
    "IYZZYIYY": -0.026097929809304848,
    "IIZXZZZX": -0.022672208121867553,
    "IIZYZZZY": -0.022672208121867553,
    "IIYIZZYI": -0.02267220812186755,
    "IIXIZZXI": -0.02267220812186755,
    "IXYYXIII": 0.022408116934837068,
    "YZYYZYII": 0.022408116934837068,
    "YZYXZXII": 0.022408116934837068,
    "IYYXXIII": -0.022408116934837068,
    "XZXYZYII": 0.022408116934837068,
    "XZXXZXII": 0.022408116934837068,
    "IYXXYIII": 0.022408116934837068,
    "IXXYYIII": -0.022408116934837068,
    "IZYZZZYI": -0.022072243051829407,
    "IZXZZZXI": -0.022072243051829407,
    "ZIIYZZZY": -0.022072243051829407,
    "ZIIXZZZX": -0.022072243051829407,
    "IIXYYXII": 0.021666733099251698,
    "IIYYXXII": -0.021666733099251698,
    "IIYXXYII": 0.021666733099251698,
    "IIXXYYII": -0.021666733099251698,
    "YZZIYIII": -0.020760756465519437,
    "XZZIXIII": -0.020760756465519437,
    "IYIZZYII": -0.020760756465519437,
    "IXIZZXII": -0.020760756465519437,
    "IIXXIIYY": -0.01999358343027747,
    "IIXYIIYX": 0.01999358343027747,
    "IIYXIIXY": 0.01999358343027747,
    "IIYYIIXX": -0.01999358343027747,
    "XZZXIXXI": -0.018416266708197335,
    "YZZXIXYI": -0.018416266708197335,
    "XZZYIYXI": -0.018416266708197335,
    "IXYIYZZX": -0.018416266708197335,
    "YZZYIYYI": -0.018416266708197335,
    "IYYIYZZY": -0.018416266708197335,
    "IYXIXZZY": -0.018416266708197335,
    "IXXIXZZX": -0.018416266708197335,
    "XXIIYYII": -0.018259624505933627,
    "XYIIYXII": 0.018259624505933627,
    "YXIIXYII": 0.018259624505933627,
    "YYIIXXII": -0.018259624505933627,
    "IXYIIYXI": 0.018054467512531296,
    "XZZXYZZY": -0.018054467512531296,
    "XZZYYZZX": 0.018054467512531296,
    "YZZXXZZY": 0.018054467512531296,
    "YZZYXZZX": -0.018054467512531296,
    "IYYIIXXI": -0.018054467512531296,
    "IXXIIYYI": -0.018054467512531296,
    "IYXIIXYI": 0.018054467512531296,
    "YIZZYIII": -0.017983579390613135,
    "ZYZZZYII": -0.017983579390613135,
    "ZXZZZXII": -0.017983579390613135,
    "XIZZXIII": -0.017983579390613135,
    "XXIIIIYY": -0.016309329272329136,
    "YYIIIIXX": -0.016309329272329136,
    "XYIIIIYX": 0.016309329272329136,
    "YXIIIIXY": 0.016309329272329136,
    "YYIYZZYI": -0.016187885409635585,
    "XYIYZZXI": -0.016187885409635585,
    "XXIXZZXI": -0.016187885409635585,
    "YYXZZZZX": -0.016187885409635585,
    "YXXZZZZY": 0.016187885409635585,
    "XYYZZZZX": 0.016187885409635585,
    "XXYZZZZY": -0.016187885409635585,
    "YXIXZZYI": -0.016187885409635585,
    "ZIYZZZYI": -0.0058843576421938205,
    "ZIXZZZXI": -0.0058843576421938205,
    "IZIXZZZX": -0.0058843576421938205,
    "IZIYZZZY": -0.0058843576421938205,
    "YZZZYIZI": -0.0028751309080594705,
    "XZZZXIZI": -0.0028751309080594705,
    "IYZZZYIZ": -0.0028751309080594705,
    "IXZZZXIZ": -0.0028751309080594705,
    "XZIZXIII": 0.0016473604693176252,
    "YZIZYIII": 0.0016473604693176252,
    "IYZIZYII": 0.0016473604693176252,
    "IXZIZXII": 0.0016473604693176252,
    "IIXZIZXI": -0.0011019395580118482,
    "IIYZIZYI": -0.0011019395580118482,
    "IIIXZIZX": -0.0011019395580118482,
    "IIIYZIZY": -0.0011019395580118482,
    "YZXIXZYI": -0.0003617991956660436,
    "IXZYIYZX": -0.0003617991956660436,
    "XZYIYZXI": -0.0003617991956660436,
    "IYZXIXZY": -0.0003617991956660436
  },
  "data": {
    "molecule_id": "DH_singlet_Coov",
    "qubit_encoding": "JW",
    "unit": "Angstrom",
    "basis": "3-21g",
    "charge": 0,
    "multiplicity": 1,
    "spin": 0,
    "geometry": "H 0.0000000000 0.0000000000 -0.6672600000\nH 0.0000000000 0.0000000000 1.4086600000",
    "n_qubits": 8,
    "n_particles": {
      "total": 2,
      "alpha": 1,
      "beta": 1
    },
    "hf_array": [
      1,
      1,
      0,
      0,
      0,
      0,
      0,
      0
    ],
    "hf_method": "pyscf.scf.hf_symm.SymAdaptedRHF",
    "convergence_threshold": 1e-06,
    "point_group": {
      "groupname": "Dooh",
      "topgroup": "Dooh"
    },
    "alpha": 2.8,
    "calculated_properties": {
      "HF": {
        "energy": -0.8969810602689747,
        "converged": true
      },
      "MP2": {
        "energy": -0.9488081707765743,
        "converged": false
      },