{
  "hamiltonian": {
    "IIIIIIIIIIII": 13.920043137920732,
    "IIIIIIIIIIIZ": -2.802480001576899,
    "IIIIIIIIIIZI": -2.8024800015768982,
    "IIIIIZIIIIII": -2.207679974337982,
    "IIIIZIIIIIII": -2.207679974337982,
    "IIIIIIZIIIII": -2.207679974337982,
    "IIIIIIIIIZII": -2.2076799743379816,
    "IIIIIIIIZIII": -2.2076799743379816,
    "IIIIIIIZIIII": -2.2076799743379816,
    "IIZIIIIIIIII": -1.248105844004094,
    "IIIZIIIIIIII": -1.248105844004094,
    "IZIIIIIIIIII": -1.109576245916937,
    "ZIIIIIIIIIII": -1.109576245916937,
    "XZXIIIIIIIII": 0.3607754885853923,
    "YZYIIIIIIIII": 0.3607754885853923,
    "IXZXIIIIIIII": 0.36077548858539227,
    "IYZYIIIIIIII": 0.36077548858539227,
    "IIYZZZZZZZYI": -0.2736447619778178,
    "IIXZZZZZZZXI": -0.2736447619778178,
    "IIIYZZZZZZZY": -0.2736447619778178,
    "IIIXZZZZZZZX": -0.2736447619778178,
    "IIIIIIIIIIZZ": 0.2565410126653681,
    "IIIIIIZZIIII": 0.19951269236035904,
    "IIIIIIIIZZII": 0.19951269236035904,
    "IIIIZZIIIIII": 0.19951269236035904,
    "IIIIIIZIIIIZ": 0.18464332235472256,
    "IIIIIIIZIIZI": 0.18464332235472256,
    "IIIIZIIIIIIZ": 0.18464332235472253,
    "IIIIIZIIIIZI": 0.18464332235472253,
    "IIIIIIIIIZZI": 0.18464332235472253,
    "IIIIIIIIZIIZ": 0.18464332235472253,
    "IIIIIIZIIIZI": 0.17688560428936131,
    "IIIIIIIZIIIZ": 0.17688560428936131,
    "IIIIIIIIIZIZ": 0.17688560428936126,
    "IIIIZIIIIIZI": 0.17688560428936126,
    "IIIIIIIIZIZI": 0.17688560428936126,
    "IIIIIZIIIIIZ": 0.17688560428936126,
    "IIIIIIZIIZII": 0.17508256676521303,
    "IIIIIIIZZIII": 0.17508256676521303,
    "IIIIZIIZIIII": 0.17508256676521303,
    "IIIIIZZIIIII": 0.17508256676521303,
    "IIIIIZIIZIII": 0.175082566765213,
    "IIIIZIIIIZII": 0.175082566765213,
    "IIIIIIIZIZII": 0.16286750396764002,
    "IIIIIZIZIIII": 0.16286750396764002,
    "IIIIIIZIZIII": 0.16286750396764002,
    "IIIIZIZIIIII": 0.16286750396764002,
    "IIIIZIIIZIII": 0.16286750396764,
    "IIIIIZIIIZII": 0.16286750396764,
    "IZIIIIIIIIZI": 0.14636297436045215,
    "ZIIIIIIIIIIZ": 0.14636297436045215,
    "ZIIIIIIZIIII": 0.13988921573086818,
    "IZIIIIZIIIII": 0.13988921573086818,
    "IZIIZIIIIIII": 0.13988921573086815,
    "ZIIIIIIIIZII": 0.13988921573086815,
    "ZIIIIZIIIIII": 0.13988921573086815,
    "IZIIIIIIZIII": 0.13988921573086815,
    "IIIZIIIIIIZI": 0.1386877601605493,
    "IIZIIIIIIIIZ": 0.1386877601605493,
    "XZZZZZZZZZXI": -0.12882833309322286,
    "YZZZZZZZZZYI": -0.12882833309322286,
    "IXZZZZZZZZZX": -0.1288283330932228,
    "IYZZZZZZZZZY": -0.1288283330932228,
    "IIIZIIIIZIII": 0.12737347153765105,
    "IIZIIIIZIIII": 0.12737347153765105,
    "IIZIIIIIIZII": 0.12737347153765105,
    "IIZIIZIIIIII": 0.12737347153765105,
    "IIIZIIZIIIII": 0.12737347153765105,
    "IIIZZIIIIIII": 0.12737347153765105,
    "IZIIIIIIIIIZ": 0.126871818073214,
    "ZIIIIIIIIIZI": 0.126871818073214,
    "IZIIIIIZIIII": 0.11627621556702962,
    "ZIIIIIZIIIII": 0.11627621556702962,
    "ZIIIIIIIZIII": 0.11627621556702959,
    "IZIIIZIIIIII": 0.11627621556702959,
    "ZIIIZIIIIIII": 0.11627621556702959,
    "IZIIIIIIIZII": 0.11627621556702959,
    "ZZIIIIIIIIII": 0.1148112652186475,
    "IIIZIIIIIIIZ": 0.1121156576249392,
    "IIZIIIIIIIZI": 0.1121156576249392,
    "IIZIIIZIIIII": 0.11035817699406388,
    "IIZIIIIIZIII": 0.11035817699406388,
    "IIZIZIIIIIII": 0.11035817699406388,
    "IIIZIIIZIIII": 0.11035817699406388,
    "IIIZIZIIIIII": 0.11035817699406388,
    "IIIZIIIIIZII": 0.11035817699406388,
    "ZIIZIIIIIIII": 0.10510609061986897,
    "IZZIIIIIIIII": 0.10510609061986897,
    "IIZZIIIIIIII": 0.09911139098544848,
    "ZIZIIIIIIIII": 0.07940704011757654,
    "IZIZIIIIIIII": 0.07940704011757654,
    "IIYZZZZZZZYZ": 0.06793384320364126,
    "IIIYZZZZZZIY": 0.06793384320364126,
    "IIIXZZZZZZIX": 0.06793384320364126,
    "IIXZZZZZZZXZ": 0.06793384320364126,
    "IXZXIIIIIIZI": -0.06326498305172351,
    "XZXIIIIIIIIZ": -0.06326498305172351,
    "IYZYIIIIIIZI": -0.06326498305172351,
    "YZYIIIIIIIIZ": -0.06326498305172351,
    "IXZXZIIIIIII": -0.05264846822399431,
    "XZXIIIIIIZII": -0.05264846822399431,
    "YZYIIIIIIZII": -0.05264846822399431,
    "IYZYZIIIIIII": -0.05264846822399431,
    "IXZXIIIIZIII": -0.05264846822399431,
    "IYZYIIIIZIII": -0.05264846822399431,
    "XZXIIZIIIIII": -0.05264846822399431,
    "YZYIIZIIIIII": -0.05264846822399431,
    "IXZXIIZIIIII": -0.05264846822399429,
    "IYZYIIZIIIII": -0.05264846822399429,
    "XZXIIIIZIIII": -0.05264846822399429,
    "YZYIIIIZIIII": -0.05264846822399429,
    "XZZZZZZZZZXZ": 0.04396661697729018,
    "YZZZZZZZZZYZ": 0.04396661697729018,
    "IXZZZZZZZZIX": 0.04396661697729018,
    "IYZZZZZZZZIY": 0.04396661697729018,
    "IYZYIIIIIIIZ": -0.042725800131892255,
    "IXZXIIIIIIIZ": -0.042725800131892255,
    "YZYIIIIIIIZI": -0.042725800131892255,
    "XZXIIIIIIIZI": -0.042725800131892255,
    "IIIYZZZZIZZY": 0.03627646453164181,
    "IIIXIZZZZZZX": 0.03627646453164181,
    "IIIXZZZZIZZX": 0.03627646453164181,
    "IIXZZIZZZZXI": 0.03627646453164181,
    "IIIYIZZZZZZY": 0.03627646453164181,
    "IIXZZZZZZIXI": 0.03627646453164181,
    "IIYZZIZZZZYI": 0.03627646453164181,
    "IIYZZZZZZIYI": 0.03627646453164181,
    "IIIXZZIZZZZX": 0.036276464531641746,
    "IIYZZZZIZZYI": 0.036276464531641746,
    "IIXZZZZIZZXI": 0.036276464531641746,
    "IIIYZZIZZZZY": 0.036276464531641746,
    "IIIXZZZZZIZX": 0.03620969948176386,
    "IIIYZZZZZIZY": 0.03620969948176386,
    "IIYZZZZZIZYI": 0.03620969948176386,
    "IIYZIZZZZZYI": 0.03620969948176386,
    "IIIXZIZZZZZX": 0.03620969948176386,
    "IIXZIZZZZZXI": 0.03620969948176386,
    "IIIYZIZZZZZY": 0.03620969948176386,
    "IIXZZZZZIZXI": 0.03620969948176386,
    "IIXZZZIZZZXI": 0.0362096994817638,
    "IIIYZZZIZZZY": 0.0362096994817638,
    "IIIXZZZIZZZX": 0.0362096994817638,
    "IIYZZZIZZZYI": 0.0362096994817638,
    "IXZXIIIIIZII": -0.03323611687803119,
    "XZXIZIIIIIII": -0.03323611687803119,
    "IXZXIZIIIIII": -0.03323611687803119,
    "IYZYIZIIIIII": -0.03323611687803119,
    "YZYIIIIIZIII": -0.03323611687803119,
    "YZYIZIIIIIII": -0.03323611687803119,
    "XZXIIIIIZIII": -0.03323611687803119,
    "IYZYIIIIIZII": -0.03323611687803119,
    "XZXIIIZIIIII": -0.03323611687803118,
    "YZYIIIZIIIII": -0.03323611687803118,
    "IXZXIIIZIIII": -0.03323611687803118,
    "IYZYIIIZIIII": -0.03323611687803118,
    "ZYZYIIIIIIII": -0.032879485079506714,
    "ZXZXIIIIIIII": -0.032879485079506714,
    "XIXIIIIIIIII": -0.032879485079506714,
    "YIYIIIIIIIII": -0.032879485079506714,
    "YZYZIIIIIIII": -0.030010434923334436,
    "IYIYIIIIIIII": -0.030010434923334436,
    "IXIXIIIIIIII": -0.030010434923334436,
    "XZXZIIIIIIII": -0.030010434923334436,
    "IIYXIIIIIIXY": 0.02657210253561007,
    "IIYYIIIIIIXX": -0.02657210253561007,
    "IIXXIIIIIIYY": -0.02657210253561007,
    "IIXYIIIIIIYX": 0.02657210253561007,
    "XXYYIIIIIIII": -0.025699050502292427,
    "YXXYIIIIIIII": 0.025699050502292427,
    "XYYXIIIIIIII": 0.025699050502292427,
    "YYXXIIIIIIII": -0.025699050502292427,
    "IIYIZZZZZZYI": 0.025327139205968546,
    "IIXIZZZZZZXI": 0.025327139205968546,
    "IIZXZZZZZZZX": 0.025327139205968546,
    "IIZYZZZZZZZY": 0.025327139205968546,
    "IZYZZZZZZZYI": 0.024804472388124124,
    "IZXZZZZZZZXI": 0.024804472388124124,
    "ZIIYZZZZZZZY": 0.024804472388124124,
    "ZIIXZZZZZZZX": 0.024804472388124124,
    "XYIIYXIIIIII": 0.023613000163838573,
    "XYIIIIIIYXII": 0.023613000163838573,
    "YYIIXXIIIIII": -0.023613000163838573,
    "XXIIIIIIYYII": -0.023613000163838573,
    "YXIIXYIIIIII": 0.023613000163838573,
    "YXIIIIXYIIII": 0.023613000163838573,
    "YXIIIIIIXYII": 0.023613000163838573,
    "YYIIIIXXIIII": -0.023613000163838573,
    "XXIIYYIIIIII": -0.023613000163838573,
    "XXIIIIYYIIII": -0.023613000163838573,
    "XYIIIIYXIIII": 0.023613000163838573,
    "YYIIIIIIXXII": -0.023613000163838573,
    "XZXYZZZZZZZY": -0.021220876606722314,
    "YZYYZZZZZZZY": -0.021220876606722314,