{
  "hamiltonian": {
    "IIIIIIIIII": 9.059679137312289,
    "IIIIIIIIIZ": -1.8727472342190112,
    "IIIIIIIIZI": -1.8727472342190112,
    "IIIIIIIZII": -1.8727472342190112,
    "IIIIIIZIII": -1.8727472342190112,
    "IIIIZIIIII": -1.8727472342190112,
    "IIIIIZIIII": -1.872747234219011,
    "IIZIIIIIII": -1.3277006597595145,
    "IIIZIIIIII": -1.3277006597595142,
    "IZIIIIIIII": -0.9067809810181185,
    "ZIIIIIIIII": -0.9067809810181185,
    "IXZXIIIIII": 0.2667890842610094,
    "IYZYIIIIII": 0.2667890842610094,
    "XZXIIIIIII": 0.26678908426100933,
    "YZYIIIIIII": 0.26678908426100933,
    "IIIIIIZZII": 0.19642967724918134,
    "IIIIZZIIII": 0.19642967724918134,
    "IIIIIIIIZZ": 0.19642967724918134,
    "IIIIZIIZII": 0.17237706370846534,
    "IIIIIIIZZI": 0.17237706370846534,
    "IIIIIIZIIZ": 0.17237706370846534,
    "IIIIZIIIIZ": 0.17237706370846534,
    "IIIIIZIIZI": 0.17237706370846534,
    "IIIIIZZIII": 0.17237706370846534,
    "IIIIZIZIII": 0.1603507569381073,
    "IIIIZIIIZI": 0.1603507569381073,
    "IIIIIIIZIZ": 0.1603507569381073,
    "IIIIIZIIIZ": 0.1603507569381073,
    "IIIIIIZIZI": 0.1603507569381073,
    "IIIIIZIZII": 0.1603507569381073,
    "IIZIIIIIIZ": 0.15276083797496712,
    "IIIZIIIIZI": 0.15276083797496712,
    "IIIZIIZIII": 0.15276083797496712,
    "IIZIIZIIII": 0.15276083797496712,
    "IIZIIIIZII": 0.15276083797496712,
    "IIIZZIIIII": 0.15276083797496712,
    "IIZZIIIIII": 0.1506318889096961,
    "ZIIIIIIIIZ": 0.1453686574984767,
    "IZIIIIZIII": 0.1453686574984767,
    "ZIIIIIIZII": 0.1453686574984767,
    "ZIIIIZIIII": 0.1453686574984767,
    "IZIIIIIIZI": 0.1453686574984767,
    "IZIIZIIIII": 0.1453686574984767,
    "IIZIIIIIZI": 0.1386135199824244,
    "IIIZIIIIIZ": 0.1386135199824244,
    "IIIZIZIIII": 0.1386135199824244,
    "IIIZIIIZII": 0.1386135199824244,
    "IIZIZIIIII": 0.1386135199824244,
    "IIZIIIZIII": 0.1386135199824244,
    "ZIIZIIIIII": 0.12852487164749632,
    "IZZIIIIIII": 0.12852487164749632,
    "ZZIIIIIIII": 0.1232597322747635,
    "IZIIIIIIIZ": 0.11890933061814304,
    "ZIIIZIIIII": 0.11890933061814304,
    "IZIIIIIZII": 0.11890933061814304,
    "ZIIIIIZIII": 0.11890933061814304,
    "IZIIIZIIII": 0.11890933061814304,
    "ZIIIIIIIZI": 0.11890933061814304,
    "ZIZIIIIIII": 0.09762807650327508,
    "IZIZIIIIII": 0.09762807650327508,
    "IYZYZIIIII": -0.050395002688385024,
    "IXZXZIIIII": -0.050395002688385024,
    "XZXIIIIIIZ": -0.050395002688385024,
    "YZYIIIIIIZ": -0.050395002688385024,
    "YZYIIIIZII": -0.050395002688385024,
    "IXZXIIZIII": -0.050395002688385024,
    "XZXIIZIIII": -0.050395002688385024,
    "YZYIIZIIII": -0.050395002688385024,
    "IYZYIIIIZI": -0.050395002688385024,
    "IXZXIIIIZI": -0.050395002688385024,
    "XZXIIIIZII": -0.050395002688385024,
    "IYZYIIZIII": -0.050395002688385024,
    "XZXZIIIIII": -0.048793305007642895,
    "YZYZIIIIII": -0.048793305007642895,
    "IYIYIIIIII": -0.048793305007642895,
    "IXIXIIIIII": -0.048793305007642895,
    "YIYIIIIIII": -0.034011282177767985,
    "XIXIIIIIII": -0.034011282177767985,
    "ZYZYIIIIII": -0.034011282177767985,
    "ZXZXIIIIII": -0.034011282177767985,
    "XZXIZIIIII": -0.0336064356679233,
    "IXZXIIIIIZ": -0.0336064356679233,
    "IYZYIIIIIZ": -0.0336064356679233,
    "YZYIZIIIII": -0.0336064356679233,
    "YZYIIIIIZI": -0.0336064356679233,
    "IXZXIZIIII": -0.0336064356679233,
    "XZXIIIIIZI": -0.0336064356679233,
    "IYZYIZIIII": -0.0336064356679233,
    "IXZXIIIZII": -0.03360643566792328,
    "IYZYIIIZII": -0.03360643566792328,
    "YZYIIIZIII": -0.03360643566792328,
    "XZXIIIZIII": -0.03360643566792328,
    "YXXYIIIIII": 0.030896795144221247,
    "XYYXIIIIII": 0.030896795144221247,
    "XXYYIIIIII": -0.030896795144221247,
    "YYXXIIIIII": -0.030896795144221247,
    "XXIIYYIIII": -0.026459326880333645,
    "YYIIIIIIXX": -0.026459326880333645,
    "YXIIIIIIXY": 0.026459326880333645,
    "XYIIIIYXII": 0.026459326880333645,
    "XXIIIIYYII": -0.026459326880333645,
    "YYIIIIXXII": -0.026459326880333645,
    "YXIIIIXYII": 0.026459326880333645,
    "YXIIXYIIII": 0.026459326880333645,
    "YYIIXXIIII": -0.026459326880333645,
    "XXIIIIIIYY": -0.026459326880333645,
    "XYIIYXIIII": 0.026459326880333645,
    "XYIIIIIIYX": 0.026459326880333645,
    "YZZYIIXXII": -0.016788567020461744,
    "IXXIIIXXII": -0.016788567020461744,
    "XZZXIIYYII": -0.016788567020461744,
    "YZZXIIXYII": 0.016788567020461744,
    "IYYIIIYYII": -0.016788567020461744,
    "XZZYIIYXII": 0.016788567020461744,
    "IYXIIIXYII": -0.016788567020461744,
    "IXYIIIYXII": -0.016788567020461744,
    "XZZYIIIIYX": 0.016788567020461734,
    "IYXIXYIIII": -0.016788567020461734,
    "IYYIYYIIII": -0.016788567020461734,
    "IXXIXXIIII": -0.016788567020461734,
    "YZZXIIIIXY": 0.016788567020461734,
    "IXYIYXIIII": -0.016788567020461734,
    "IXYIIIIIYX": -0.016788567020461734,
    "IXXIIIIIXX": -0.016788567020461734,
    "IYYIIIIIYY": -0.016788567020461734,
    "YZZXXYIIII": 0.016788567020461734,
    "YZZYXXIIII": -0.016788567020461734,
    "XZZXYYIIII": -0.016788567020461734,
    "XZZYYXIIII": 0.016788567020461734,
    "IYXIIIIIXY": -0.016788567020461734,
    "XZZXIIIIYY": -0.016788567020461734,
    "YZZYIIIIXX": -0.016788567020461734,
    "IIYXIIXYII": 0.01414731799254271,
    "IIYYIIXXII": -0.01414731799254271,
    "IIXXIIYYII": -0.01414731799254271,
    "IIXYIIYXII": 0.01414731799254271,
    "IIYYIIIIXX": -0.014147317992542704,
    "IIXXYYIIII": -0.014147317992542704,
    "IIXXIIIIYY": -0.014147317992542704,
    "IIYXIIIIXY": 0.014147317992542704,
    "IIXYIIIIYX": 0.014147317992542704,
    "IIXYYXIIII": 0.014147317992542704,
    "IIYXXYIIII": 0.014147317992542704,
    "IIYYXXIIII": -0.014147317992542704,
    "IIIIIIXYYX": 0.01202630677035804,
    "IIIIIIXXYY": -0.01202630677035804,
    "IIIIIIYYXX": -0.01202630677035804,
    "IIIIXYIIYX": 0.01202630677035804,
    "IIIIXXIIYY": -0.01202630677035804,
    "IIIIYXXYII": 0.01202630677035804,
    "IIIIYYXXII": -0.01202630677035804,
    "IIIIXXYYII": -0.01202630677035804,
    "IIIIXYYXII": 0.01202630677035804,
    "IIIIYYIIXX": -0.01202630677035804,
    "IIIIIIYXXY": 0.01202630677035804,
    "IIIIYXIIXY": 0.01202630677035804
  },
  "data": {
    "molecule_id": "H-_singlet_Kh",
    "qubit_encoding": "JW",
    "basis": "cc-pvdz",
    "charge": -1,
    "multiplicity": 1,
    "geometry": "H 0.0000000000 0.0000000000 0.0000000000",
    "n_qubits": 10,
    "alpha": 1.0,
    "energies": {
      "HF": -0.4488237259300478,
      "MP2": -0.4648313443303486,
      "CISD": -0.46985677669236336,
      "CCSD": -0.4698567836629456,
      "FCI": -0.4698567766923635
    },
    "converged": {
      "HF": true,
      "MP2": false,
      "CISD": true,
      "CCSD": true,
      "FCI": true
    },
    "fci_spin_matches_target": true,
    "fci_multiplicity": 1.0000000000000002,
    "hf_method_fallback": "standard",
    "generation_time_s": 0.092,
    "timestamp": "2026-02-25T23:45:36.753645+00:00"
  }
}