{
  "hamiltonian": {
    "IIIIIIIIII": 12.898280812137935,
    "IIIIIIIIIZ": -2.5441460995113547,
    "IIIIIIIIZI": -2.5441460995113547,
    "IIIIIIZIII": -2.5441460995113547,
    "IIIIZIIIII": -2.5441460995113547,
    "IIIIIIIZII": -2.5441460995113543,
    "IIIIIZIIII": -2.5441460995113543,
    "IIZIIIIIII": -1.7738505895306387,
    "IIIZIIIIII": -1.7738505895306385,
    "IZIIIIIIII": -1.0592977883376546,
    "ZIIIIIIIII": -1.0592977883376546,
    "XZXIIIIIII": 0.3326432733806691,
    "YZYIIIIIII": 0.3326432733806691,
    "IXZXIIIIII": 0.33264327338066907,
    "IYZYIIIIII": 0.33264327338066907,
    "IIIIIIZZII": 0.24162186946871383,
    "IIIIZZIIII": 0.24162186946871383,
    "IIIIIIIIZZ": 0.24162186946871383,
    "IIIIIZIIZI": 0.21203551810519786,
    "IIIIZIIIIZ": 0.21203551810519786,
    "IIIIIIIZZI": 0.21203551810519783,
    "IIIIIIZIIZ": 0.21203551810519783,
    "IIIIIZZIII": 0.21203551810519783,
    "IIIIZIIZII": 0.21203551810519783,
    "IIIIZIIIZI": 0.19724234242343985,
    "IIIIIIZIZI": 0.19724234242343985,
    "IIIIZIZIII": 0.19724234242343985,
    "IIIIIZIIIZ": 0.19724234242343985,
    "IIIIIZIZII": 0.19724234242343985,
    "IIIIIIIZIZ": 0.19724234242343985,
    "IIZZIIIIII": 0.1947343696815916,
    "IIZIIIIZII": 0.1939715233866025,
    "IIZIIIIIIZ": 0.1939715233866025,
    "IIIZIIIIZI": 0.1939715233866025,
    "IIZIIZIIII": 0.1939715233866025,
    "IIIZIIZIII": 0.1939715233866025,
    "IIIZZIIIII": 0.1939715233866025,
    "IIIZIZIIII": 0.1717937629864495,
    "IIZIIIIIZI": 0.1717937629864495,
    "IIZIIIZIII": 0.1717937629864495,
    "IIIZIIIZII": 0.1717937629864495,
    "IIIZIIIIIZ": 0.1717937629864495,
    "IIZIZIIIII": 0.1717937629864495,
    "ZIIIIZIIII": 0.16425330320540935,
    "ZIIIIIIZII": 0.16425330320540935,
    "IZIIIIIIZI": 0.16425330320540935,
    "IZIIZIIIII": 0.16425330320540935,
    "IZIIIIZIII": 0.16425330320540935,
    "ZIIIIIIIIZ": 0.16425330320540935,
    "ZIIZIIIIII": 0.14782732101857,
    "IZZIIIIIII": 0.14782732101857,
    "IZIIIZIIII": 0.13683551086583753,
    "IZIIIIIIIZ": 0.13683551086583753,
    "ZIIIZIIIII": 0.13683551086583753,
    "IZIIIIIZII": 0.13683551086583753,
    "ZIIIIIIIZI": 0.13683551086583753,
    "ZIIIIIZIII": 0.13683551086583753,
    "ZZIIIIIIII": 0.13321713929146214,
    "ZIZIIIIIII": 0.11381450770640109,
    "IZIZIIIIII": 0.11381450770640109,
    "YZYIIIIIIZ": -0.06217297132919233,
    "XZXIIIIIIZ": -0.06217297132919233,
    "IYZYIIZIII": -0.06217297132919233,
    "IXZXIIZIII": -0.06217297132919233,
    "IXZXIIIIZI": -0.06217297132919233,
    "IYZYIIIIZI": -0.06217297132919233,
    "IXZXZIIIII": -0.06217297132919233,
    "XZXIIIIZII": -0.06217297132919233,
    "YZYIIIIZII": -0.06217297132919233,
    "XZXIIZIIII": -0.06217297132919233,
    "YZYIIZIIII": -0.06217297132919233,
    "IYZYZIIIII": -0.06217297132919233,
    "YZYZIIIIII": -0.060962899675232704,
    "IYIYIIIIII": -0.060962899675232704,
    "IXIXIIIIII": -0.060962899675232704,
    "XZXZIIIIII": -0.060962899675232704,
    "YZYIIIIIZI": -0.03996800886974277,
    "IYZYIZIIII": -0.03996800886974277,
    "IXZXIZIIII": -0.03996800886974277,
    "IXZXIIIIIZ": -0.03996800886974277,
    "XZXIZIIIII": -0.03996800886974277,
    "IYZYIIIZII": -0.03996800886974277,
    "XZXIIIIIZI": -0.03996800886974277,
    "IXZXIIIZII": -0.03996800886974277,
    "YZYIIIZIII": -0.03996800886974277,
    "XZXIIIZIII": -0.03996800886974277,
    "IYZYIIIIIZ": -0.03996800886974277,
    "YZYIZIIIII": -0.03996800886974277,
    "YIYIIIIIII": -0.034744827463982185,
    "ZYZYIIIIII": -0.034744827463982185,
    "XIXIIIIIII": -0.034744827463982185,
    "ZXZXIIIIII": -0.034744827463982185,
    "YXXYIIIIII": 0.034012813312168884,
    "YYXXIIIIII": -0.034012813312168884,
    "XXYYIIIIII": -0.034012813312168884,
    "XYYXIIIIII": 0.034012813312168884,
    "XYIIIIIIYX": 0.027417792339571815,
    "XXIIIIIIYY": -0.027417792339571815,
    "YYIIIIIIXX": -0.027417792339571815,
    "YXIIIIIIXY": 0.027417792339571815,
    "XYIIIIYXII": 0.027417792339571815,
    "XXIIIIYYII": -0.027417792339571815,
    "XYIIYXIIII": 0.027417792339571815,
    "XXIIYYIIII": -0.027417792339571815,
    "YYIIXXIIII": -0.027417792339571815,
    "YXIIXYIIII": 0.027417792339571815,
    "YYIIIIXXII": -0.027417792339571815,
    "YXIIIIXYII": 0.027417792339571815,
    "YZZYIIXXII": -0.022204962459449556,
    "XZZYYXIIII": 0.022204962459449556,
    "YZZXIIXYII": 0.022204962459449556,
    "IXYIIIIIYX": -0.022204962459449556,
    "YZZXXYIIII": 0.022204962459449556,
    "XZZXIIYYII": -0.022204962459449556,
    "YZZYXXIIII": -0.022204962459449556,
    "XZZYIIYXII": 0.022204962459449556,
    "XZZXYYIIII": -0.022204962459449556,
    "IYXIIIXYII": -0.022204962459449556,
    "IXXIIIIIXX": -0.022204962459449556,
    "IYYIIIIIYY": -0.022204962459449556,
    "IYXIIIIIXY": -0.022204962459449556,
    "IXYIIIYXII": -0.022204962459449556,
    "IXXIIIXXII": -0.022204962459449556,
    "IYYIIIYYII": -0.022204962459449556,
    "IXYIYXIIII": -0.022204962459449556,
    "IXXIXXIIII": -0.022204962459449556,
    "IYYIYYIIII": -0.022204962459449556,
    "IYXIXYIIII": -0.022204962459449556,
    "YZZXIIIIXY": 0.022204962459449556,
    "YZZYIIIIXX": -0.022204962459449556,
    "XZZYIIIIYX": 0.022204962459449556,
    "XZZXIIIIYY": -0.022204962459449556,
    "IIXYIIIIYX": 0.022177760400153037,
    "IIXXIIIIYY": -0.022177760400153037,
    "IIYXIIXYII": 0.022177760400153037,
    "IIYYIIIIXX": -0.022177760400153037,
    "IIYXIIIIXY": 0.022177760400153037,
    "IIXYIIYXII": 0.022177760400153037,
    "IIYXXYIIII": 0.022177760400153037,
    "IIYYXXIIII": -0.022177760400153037,
    "IIXXYYIIII": -0.022177760400153037,
    "IIXYYXIIII": 0.022177760400153037,
    "IIYYIIXXII": -0.022177760400153037,
    "IIXXIIYYII": -0.022177760400153037,
    "IIIIIIXYYX": 0.014793175681757989,
    "IIIIIIXXYY": -0.014793175681757989,
    "IIIIIIYYXX": -0.014793175681757989,
    "IIIIYXIIXY": 0.014793175681757989,
    "IIIIXYYXII": 0.014793175681757989,
    "IIIIYXXYII": 0.014793175681757989,
    "IIIIYYXXII": -0.014793175681757989,
    "IIIIXYIIYX": 0.014793175681757989,
    "IIIIXXYYII": -0.014793175681757989,
    "IIIIYYIIXX": -0.014793175681757989,
    "IIIIIIYXXY": 0.014793175681757989,
    "IIIIXXIIYY": -0.014793175681757989
  },
  "data": {
    "molecule_id": "H-_singlet_Kh",
    "qubit_encoding": "JW",
    "basis": "6-31g**",
    "charge": -1,
    "multiplicity": 1,
    "geometry": "H 0.0000000000 0.0000000000 0.0000000000",
    "n_qubits": 10,
    "alpha": 1.0,
    "energies": {
      "HF": -0.4224419304042283,
      "MP2": -0.435388091523796,
      "CISD": -0.4383147100081154,
      "CCSD": -0.43831471057778915,
      "FCI": -0.4383147100081155
    },
    "converged": {
      "HF": true,
      "MP2": false,
      "CISD": true,
      "CCSD": true,
      "FCI": true
    },
    "fci_spin_matches_target": true,
    "fci_multiplicity": 1.0,
    "hf_method_fallback": "standard",
    "generation_time_s": 0.068,
    "timestamp": "2026-02-25T23:45:36.661078+00:00"
  }
}