{
  "hamiltonian": {
    "IIII": 0.9862756534740819,
    "IIIZ": -0.7655404205355826,
    "IIZI": -0.7655404205355825,
    "IIZZ": 0.2058049361756971,
    "IZII": -0.17559234473477991,
    "ZIII": -0.17559234473477991,
    "IZZI": 0.15506814508989797,
    "ZIIZ": 0.15506814508989797,
    "ZZII": 0.1387901524040435,
    "IZIZ": 0.12062924915355333,
    "ZIZI": 0.12062924915355333,
    "IXIX": -0.0627173078334293,
    "IYIY": -0.0627173078334293,
    "XZXZ": -0.0627173078334293,
    "YZYZ": -0.0627173078334293,
    "ZXZX": -0.034993323023657125,
    "ZYZY": -0.034993323023657125,
    "XIXI": -0.034993323023657125,
    "YIYI": -0.034993323023657125,
    "XXYY": -0.03443889593634463,
    "XYYX": 0.03443889593634463,
    "YXXY": 0.03443889593634463,
    "YYXX": -0.03443889593634463,
    "YZYI": 0.02772600916282154,
    "XZXI": 0.02772600916282154,
    "IXZX": 0.027726009162821537,
    "IYZY": 0.027726009162821537
  },
  "data": {
    "molecule_id": "H-_singlet_Kh",
    "qubit_encoding": "JW",
    "basis": "3-21g",
    "charge": -1,
    "multiplicity": 1,
    "geometry": "H 0.0000000000 0.0000000000 0.0000000000",
    "n_qubits": 4,
    "alpha": 1.0,
    "energies": {
      "HF": -0.4004201980346854,
      "MP2": -0.40637457587415604,
      "CISD": -0.40850110309344007,
      "CCSD": -0.4085011010780503,
      "FCI": -0.40850110309343984
    },
    "converged": {
      "HF": true,
      "MP2": false,
      "CISD": true,
      "CCSD": true,
      "FCI": true
    },
    "fci_spin_matches_target": true,
    "fci_multiplicity": 1.0,
    "hf_method_fallback": "standard",
    "generation_time_s": 0.032,
    "timestamp": "2026-02-25T23:45:36.453348+00:00"
  }
}