{
  "hamiltonian": {
    "IIIIIIII": -1.0781734683415025,
    "IIIIIIZZ": 0.086980270888984,
    "ZIIIIIIZ": 0.08423083275895255,
    "IZIIIIZI": 0.08423083275895255,
    "ZZIIIIII": 0.08202897628590132,
    "IIIIZZII": 0.08042498500488036,
    "IIZIIZII": 0.07933023046380158,
    "IIIZZIII": 0.07933023046380158,
    "IIIIIZZI": 0.07897156078540155,
    "IIIIZIIZ": 0.07897156078540155,
    "IIZZIIII": 0.07867077563507642,
    "IIIZIIZI": 0.07822573611037417,
    "IIZIIIIZ": 0.07822573611037417,
    "ZIIIIZII": 0.07670205463079263,
    "IZIIZIII": 0.07670205463079263,
    "ZIIZIIII": 0.07611177242523309,
    "IZZIIIII": 0.07611177242523309,
    "IZIIIIII": 0.06694435444348654,
    "ZIIIIIII": 0.06694435444348654,
    "ZIIIIIZI": 0.05173924327978747,
    "IZIIIIIZ": 0.05173924327978747,
    "IIIZIIII": 0.05025329489625558,
    "IIZIIIII": 0.050253294896255574,
    "IIIIXXYY": -0.04455515232324885,
    "IIIIXYYX": 0.04455515232324885,
    "IIIIYXXY": 0.04455515232324885,
    "IIIIYYXX": -0.04455515232324885,
    "YZYIIXZX": -0.04331538228333941,
    "XZXIIYZY": -0.04331538228333941,
    "XZXIIXZX": -0.04331538228333941,
    "IXZXXZXI": -0.04331538228333941,
    "IXZXYZYI": -0.04331538228333941,
    "IYZYXZXI": -0.04331538228333941,
    "IYZYYZYI": -0.04331538228333941,
    "YZYIIYZY": -0.04331538228333941,
    "IIZIIIZI": 0.0432419390248217,
    "IIIZIIIZ": 0.0432419390248217,
    "IZIIIZII": 0.04267543113608513,
    "ZIIIZIII": 0.04267543113608513,
    "IIZIZIII": 0.04245172513625418,
    "IIIZIZII": 0.04245172513625418,
    "YYXXIIII": -0.04240481530811319,
    "YXXYIIII": 0.04240481530811319,
    "XXYYIIII": -0.04240481530811319,
    "XYYXIIII": 0.04240481530811319,
    "IIXXYYII": -0.03687850532754741,
    "IIYXXYII": 0.03687850532754741,
    "IIYYXXII": -0.03687850532754741,
    "IIXYYXII": 0.03687850532754741,
    "IIYYIIXX": -0.03498379708555248,
    "IIYXIIXY": 0.03498379708555248,
    "IIXYIIYX": 0.03498379708555248,
    "IIXXIIYY": -0.03498379708555248,
    "IIIIIZIZ": 0.03441640846215269,
    "IIIIZIZI": 0.03441640846215269,
    "YZZXXZZY": -0.03441270909459143,
    "YZZYXZZX": 0.03441270909459143,
    "IYXIIXYI": -0.03441270909459143,
    "XZZXYZZY": 0.03441270909459143,
    "IYYIIXXI": 0.03441270909459143,
    "XZZYYZZX": -0.03441270909459143,
    "IXYIIYXI": -0.03441270909459143,
    "IXXIIYYI": 0.03441270909459143,
    "XXIIYYII": -0.0340266234947075,
    "XYIIYXII": 0.0340266234947075,
    "YXIIXYII": 0.0340266234947075,
    "YYIIXXII": -0.0340266234947075,
    "IZIZIIII": 0.03370695711711991,
    "ZIZIIIII": 0.03370695711711991,
    "YYIIIIXX": -0.03249158947916507,
    "YXIIIIXY": 0.03249158947916507,
    "XYIIIIYX": 0.03249158947916507,
    "XXIIIIYY": -0.03249158947916507,
    "YZZYIYYI": 0.029097057158473258,
    "YZZXIXYI": 0.029097057158473258,
    "XZZXIXXI": 0.029097057158473258,
    "IYYIYZZY": 0.029097057158473258,
    "IXXIXZZX": 0.029097057158473258,
    "IYXIXZZY": 0.029097057158473258,
    "IXYIYZZX": 0.029097057158473258,
    "XZZYIYXI": 0.029097057158473258,
    "IIIIIZII": 0.02798499406906929,
    "IIIIZIII": 0.027984994069069236,
    "IIXZXYZY": -0.015867606934273595,
    "IIYZYYZY": -0.015867606934273595,
    "IIIXXYYI": 0.015867606934273595,
    "IIIXYYXI": -0.015867606934273595,
    "IIIYXXYI": -0.015867606934273595,
    "IIIYYXXI": 0.015867606934273595,
    "IIXZXXZX": -0.015867606934273595,
    "IIYZYXZX": -0.015867606934273595,
    "IXXYYIII": -0.01532205909243404,
    "IXYYXIII": 0.01532205909243404,
    "IYXXYIII": 0.01532205909243404,
    "IYYXXIII": -0.01532205909243404,
    "XZXXZXII": 0.01532205909243404,
    "XZXYZYII": 0.01532205909243404,
    "YZYXZXII": 0.01532205909243404,
    "YZYYZYII": 0.01532205909243404,
    "XZXIXZXI": -0.014218325124866142,
    "IXZXIXZX": -0.014218325124866142,
    "IYZYIYZY": -0.014218325124866142,
    "YZYIYZYI": -0.014218325124866142,
    "IIXZZZXZ": -0.013948121083991065,
    "IIYZZZYZ": -0.013948121083991065,
    "IIIYZZIY": -0.013948121083991065,
    "IIIXZZIX": -0.013948121083991065,
    "ZIIXZZZX": -0.013376783491711411,
    "ZIIYZZZY": -0.013376783491711411,
    "IZXZZZXI": -0.013376783491711411,
    "IZYZZZYI": -0.013376783491711411,
    "IXZZZXZI": 0.01336070455740856,
    "IYZZZYZI": 0.01336070455740856,
    "YZZZYIIZ": 0.01336070455740856,
    "XZZZXIIZ": 0.01336070455740856,
    "ZXZZZXII": 0.012901210791277387,
    "ZYZZZYII": 0.012901210791277387,
    "YIZZYIII": 0.012901210791277385,
    "XIZZXIII": 0.012901210791277385,
    "IIYZIZYI": -0.011726995711008395,
    "IIXZIZXI": -0.011726995711008395,
    "IIIYZIZY": -0.011726995711008395,
    "IIIXZIZX": -0.011726995711008395,
    "XZIZXIII": 0.011318231918565439,
    "YZIZYIII": 0.011318231918565439,
    "IXZIZXII": 0.011318231918565439,
    "IYZIZYII": 0.011318231918565439,
    "YZYIXZXI": -0.008902673188747968,
    "IYZYIXZX": -0.008902673188747968,
    "XZXIYZYI": -0.008902673188747968,
    "IXZXIYZY": -0.008902673188747968,
    "ZIYZZZYI": -0.006943935509017986,
    "IZIYZZZY": -0.006943935509017986,
    "ZIXZZZXI": -0.006943935509017986,
    "IZIXZZZX": -0.006943935509017986,
    "IXZZZXIZ": 0.006939095972338847,
    "IYZZZYIZ": 0.006939095972338847,
    "XZZZXIZI": 0.006939095972338847,
    "YZZZYIZI": 0.006939095972338847,
    "IIIIIIZI": 0.0065479666802644165,
    "IIIIIIIZ": 0.006547966680264389,
    "YYIYZZYI": -0.006432847982693426,
    "YXIXZZYI": -0.006432847982693426,
    "XYIYZZXI": -0.006432847982693426,
    "XXIXZZXI": -0.006432847982693426,
    "XXYZZZZY": -0.006432847982693425,
    "XYYZZZZX": 0.006432847982693425,
    "YXXZZZZY": 0.006432847982693425,
    "YYXZZZZX": -0.006432847982693425,
    "XZZZZXYY": 0.006421608585069712,
    "XZZZZYYX": -0.006421608585069712,
    "YZZZZXXY": -0.006421608585069712,
    "YZZZZYXX": 0.006421608585069712,
    "IXZZXIXX": 0.006421608585069712,
    "IYZZYIYY": 0.006421608585069712,
    "IXZZYIYX": 0.006421608585069712,
    "IYZZXIXY": 0.006421608585069712,
    "YZXIXZYI": -0.005315651936118174,
    "XZYIYZXI": -0.005315651936118174,
    "IXZYIYZX": -0.005315651936118174,
    "IYZXIXZY": -0.005315651936118174,
    "IIXZZZXI": 0.004825937541642528,
    "IIYZZZYI": 0.004825937541642528,
    "IIIXZZZX": 0.004825937541642528,
    "IIIYZZZY": 0.004825937541642528,
    "IXZZIXII": -0.004312922930323044,
    "XZZZXZII": -0.004312922930323044,
    "YZZZYZII": -0.004312922930323044,
    "IYZZIYII": -0.004312922930323044,
    "IXZZZXII": 0.004229804404042996,
    "IYZZZYII": 0.004229804404042996,
    "YZZZYIII": 0.0042298044040429954,
    "XZZZXIII": 0.0042298044040429954,
    "IIIYIZZY": 0.0041406112232652,
    "IIYZZIYI": 0.0041406112232652,
    "IIXZZIXI": 0.0041406112232652,
    "IIIXIZZX": 0.0041406112232652,
    "IXIZZXII": -0.004003827173868601,
    "YZZIYIII": -0.004003827173868601,
    "XZZIXIII": -0.004003827173868601,
    "IYIZZYII": -0.004003827173868601,
    "IIZYZZZY": 0.0036114480387438425,
    "IIZXZZZX": 0.0036114480387438425,
    "IIYIZZYI": 0.003611448038743842,
    "IIXIZZXI": 0.003611448038743842
  },
  "data": {
    "molecule_id": "H4_singlet_Dooh",
    "qubit_encoding": "JW",
    "unit": "Angstrom",
    "basis": "sto-3g",
    "charge": 0,
    "multiplicity": 1,
    "spin": 0,
    "geometry": "H -3.4500000000 0.0000000000 0.0000000000\nH -1.1500000000 0.0000000000 0.0000000000\nH 1.1500000000 0.0000000000 0.0000000000\nH 3.4500000000 0.0000000000 0.0000000000",
    "n_qubits": 8,
    "n_particles": {
      "total": 4,
      "alpha": 2,
      "beta": 2
    },
    "hf_array": [
      1,
      1,
      1,
      1,
      0,
      0,
      0,
      0
    ],
    "hf_method": "pyscf.scf.hf_symm.SymAdaptedRHF",
    "convergence_threshold": 1e-06,
    "point_group": {
      "groupname": "Dooh",
      "topgroup": "Dooh"
    },
    "alpha": 2.3,
    "calculated_properties": {
      "HF": {
        "energy": -1.4661788252094023,
        "converged": true
      },
      "MP2": {
        "energy": -1.7035420932952345,
        "converged": false
      },