{
  "hamiltonian": {
    "IIIIIIII": -0.6735309137788232,
    "IIIIIIIZ": -0.2093896602361457,
    "IIIIIIZI": -0.2093896602361457,
    "ZIIIIIII": 0.15246600236210173,
    "IZIIIIII": 0.15246600236210167,
    "IIIIIIZZ": 0.12979626606061906,
    "IZIIIIZI": 0.11876361413730134,
    "ZIIIIIIZ": 0.11876361413730134,
    "ZZIIIIII": 0.11360866592484312,
    "IIIIIZZI": 0.10854389295645119,
    "IIIIZIIZ": 0.10854389295645119,
    "IIIIZZII": 0.10733510196134191,
    "IIZIIIIZ": 0.10557408720320124,
    "IIIZIIZI": 0.10557408720320124,
    "IIZZIIII": 0.10428938007667352,
    "IIZIIZII": 0.10345383633416516,
    "IIIZZIII": 0.10345383633416516,
    "ZIIIIZII": 0.1016827175283643,
    "IZIIZIII": 0.1016827175283643,
    "IZZIIIII": 0.09995162935418231,
    "ZIIZIIII": 0.09995162935418231,
    "ZIIIIIZI": 0.09334364219867138,
    "IZIIIIIZ": 0.09334364219867138,
    "IIIZIIII": 0.08202508871289992,
    "IIZIIIII": 0.0820250887128999,
    "IIZIIIZI": 0.07822593027856077,
    "IIIZIIIZ": 0.07822593027856077,
    "IZIIIZII": 0.07423248159295888,
    "ZIIIZIII": 0.07423248159295888,
    "IIZIZIII": 0.06892889695838521,
    "IIIZIZII": 0.06892889695838521,
    "IIIIZIZI": 0.06710794526239701,
    "IIIIIZIZ": 0.06710794526239701,
    "IZIZIIII": 0.06050469995826459,
    "ZIZIIIII": 0.06050469995826459,
    "IIIIXXYY": -0.041435947694054176,
    "IIIIXYYX": 0.041435947694054176,
    "IIIIYXXY": 0.041435947694054176,
    "IIIIYYXX": -0.041435947694054176,
    "IIIIZIII": -0.04070520167408642,
    "IIIIIZII": -0.040705201674086366,
    "XYYXIIII": 0.039446929395917735,
    "XXYYIIII": -0.039446929395917735,
    "YXXYIIII": 0.039446929395917735,
    "YYXXIIII": -0.039446929395917735,
    "IXZXXZXI": -0.03868318381685,
    "IXZXYZYI": -0.03868318381685,
    "IYZYXZXI": -0.03868318381685,
    "IYZYYZYI": -0.03868318381685,
    "YZYIIYZY": -0.03868318381685,
    "YZYIIXZX": -0.03868318381685,
    "XZXIIYZY": -0.03868318381685,
    "XZXIIXZX": -0.03868318381685,
    "IIXXYYII": -0.03452493937577997,
    "IIXYYXII": 0.03452493937577997,
    "IIYYXXII": -0.03452493937577997,
    "IIYXXYII": 0.03452493937577997,
    "XXIIYYII": -0.027450235935405444,
    "YXIIXYII": 0.027450235935405444,
    "YYIIXXII": -0.027450235935405444,
    "XYIIYXII": 0.027450235935405444,
    "IIXYIIYX": 0.02734815692464047,
    "IIXXIIYY": -0.02734815692464047,
    "IIYXIIXY": 0.02734815692464047,
    "IIYYIIXX": -0.02734815692464047,
    "XZZYYZZX": -0.026050850061172755,
    "YZZXXZZY": -0.026050850061172755,
    "YZZYXZZX": 0.026050850061172755,
    "IXXIIYYI": 0.026050850061172755,
    "IXYIIYXI": -0.026050850061172755,
    "IYXIIXYI": -0.026050850061172755,
    "IYYIIXXI": 0.026050850061172755,
    "XZZXYZZY": 0.026050850061172755,
    "XXIIIIYY": -0.025419971938629955,
    "YYIIIIXX": -0.025419971938629955,
    "YXIIIIXY": 0.025419971938629955,
    "XYIIIIYX": 0.025419971938629955,
    "IIYZYXZX": -0.02369457555685534,
    "IIXZXYZY": -0.02369457555685534,
    "IIXZXXZX": -0.02369457555685534,
    "IIIXXYYI": 0.02369457555685534,
    "IIYZYYZY": -0.02369457555685534,
    "IIIXYYXI": -0.02369457555685534,
    "IIIYXXYI": -0.02369457555685534,
    "IIIYYXXI": 0.02369457555685534,
    "IYYXXIII": -0.022978063417692547,
    "IYXXYIII": 0.022978063417692547,
    "IXYYXIII": 0.022978063417692547,
    "YZYXZXII": 0.022978063417692547,
    "XZXYZYII": 0.022978063417692547,
    "XZXXZXII": 0.022978063417692547,
    "IXXYYIII": -0.022978063417692547,
    "YZYYZYII": 0.022978063417692547,
    "IYZYIYZY": -0.022653583135961174,
    "IXZXIXZX": -0.022653583135961174,
    "YZYIYZYI": -0.022653583135961174,
    "XZXIXZXI": -0.022653583135961174,
    "IIXZIZXI": -0.022281125194271632,
    "IIYZIZYI": -0.022281125194271632,
    "IIIYZIZY": -0.022281125194271632,
    "IIIXZIZX": -0.022281125194271632,
    "IIYZZZYZ": -0.021059725274566156,
    "IIIYZZIY": -0.021059725274566156,
    "IIIXZZIX": -0.021059725274566156,
    "IIXZZZXZ": -0.021059725274566156,
    "IYZIZYII": 0.019681223120700468,
    "YZIZYIII": 0.019681223120700468,
    "XZIZXIII": 0.019681223120700468,
    "IXZIZXII": 0.019681223120700468,
    "XZZZXIIZ": 0.01952965132987074,
    "YZZZYIIZ": 0.01952965132987074,
    "IXZZZXZI": 0.01952965132987074,
    "IYZZZYZI": 0.01952965132987074,
    "IZYZZZYI": -0.019338323120719387,
    "ZIIXZZZX": -0.019338323120719387,
    "ZIIYZZZY": -0.019338323120719387,
    "IZXZZZXI": -0.019338323120719387,
    "ZYZZZYII": 0.018718344337593697,
    "YIZZYIII": 0.018718344337593697,
    "ZXZZZXII": 0.018718344337593697,
    "XIZZXIII": 0.018718344337593697,
    "YZZYIYYI": 0.016029600680888826,
    "IYXIXZZY": 0.016029600680888826,
    "IXYIYZZX": 0.016029600680888826,
    "IXXIXZZX": 0.016029600680888826,
    "YZZXIXYI": 0.016029600680888826,
    "XZZXIXXI": 0.016029600680888826,
    "IYYIYZZY": 0.016029600680888826,
    "XZZYIYXI": 0.016029600680888826,
    "IIXZZZXI": 0.014067612513292306,
    "IIYZZZYI": 0.014067612513292306,
    "IIIXZZZX": 0.014067612513292301,
    "IIIYZZZY": 0.014067612513292301,
    "IYZYIXZX": -0.012632333755677246,
    "IXZXIYZY": -0.012632333755677246,
    "XZXIYZYI": -0.012632333755677246,
    "YZYIXZXI": -0.012632333755677246,
    "IYZXIXZY": -0.010021249380283929,
    "XZYIYZXI": -0.010021249380283929,
    "YZXIXZYI": -0.010021249380283929,
    "IXZYIYZX": -0.010021249380283929,
    "YYXZZZZX": -0.009983379865867757,
    "YXXZZZZY": 0.009983379865867757,
    "XXYZZZZY": -0.009983379865867757,
    "XYYZZZZX": 0.009983379865867757,
    "YXIXZZYI": -0.009983379865867755,
    "YYIYZZYI": -0.009983379865867755,
    "XYIYZZXI": -0.009983379865867755,
    "XXIXZZXI": -0.009983379865867755,
    "YZZZYIZI": 0.009899458186760569,
    "XZZZXIZI": 0.009899458186760569,
    "IXZZZXIZ": 0.009899458186760569,
    "IYZZZYIZ": 0.009899458186760569,
    "IYZZYIYY": 0.009630193143110172,
    "XZZZZYYX": -0.009630193143110172,
    "XZZZZXYY": 0.009630193143110172,
    "YZZZZYXX": 0.009630193143110172,
    "IXZZXIXX": 0.009630193143110172,
    "IXZZYIYX": 0.009630193143110172,
    "IYZZXIXY": 0.009630193143110172,
    "YZZZZXXY": -0.009630193143110172,
    "IZIXZZZX": -0.009354943254851632,
    "IZIYZZZY": -0.009354943254851632,
    "ZIYZZZYI": -0.009354943254851632,
    "ZIXZZZXI": -0.009354943254851632,
    "YZZZYIII": 0.0063707978403624785,
    "XZZZXIII": 0.0063707978403624785,
    "IXZZZXII": 0.0063707978403624785,
    "IYZZZYII": 0.0063707978403624785,
    "IXIZZXII": -0.0032968402969920803,
    "XZZIXIII": -0.0032968402969920803,
    "YZZIYIII": -0.0032968402969920803,
    "IYIZZYII": -0.0032968402969920803,
    "IIXZZIXI": 0.0014134503625837047,
    "IIIXIZZX": 0.0014134503625837047,
    "IIIYIZZY": 0.0014134503625837047,
    "IIYZZIYI": 0.0014134503625837047,
    "IIYIZZYI": 0.0008333785588401582,
    "IIXIZZXI": 0.0008333785588401582,
    "IIZYZZZY": 0.0008333785588401582,
    "IIZXZZZX": 0.0008333785588401582,
    "YZZZYZII": -0.0006970907575242536,
    "IYZZIYII": -0.0006970907575242536,
    "IXZZIXII": -0.0006970907575242536,
    "XZZZXZII": -0.0006970907575242536
  },
  "data": {
    "molecule_id": "H4_singlet_Dooh",
    "qubit_encoding": "JW",
    "unit": "Angstrom",
    "basis": "sto-3g",
    "charge": 0,
    "multiplicity": 1,
    "spin": 0,
    "geometry": "H -1.8000000000 0.0000000000 0.0000000000\nH -0.6000000000 0.0000000000 0.0000000000\nH 0.6000000000 0.0000000000 0.0000000000\nH 1.8000000000 0.0000000000 0.0000000000",
    "n_qubits": 8,
    "n_particles": {
      "total": 4,
      "alpha": 2,
      "beta": 2
    },
    "hf_array": [
      1,
      1,
      1,
      1,
      0,
      0,
      0,
      0
    ],
    "hf_method": "pyscf.scf.hf_symm.SymAdaptedRHF",
    "convergence_threshold": 1e-06,
    "point_group": {
      "groupname": "Dooh",
      "topgroup": "Dooh"
    },
    "alpha": 1.2,
    "calculated_properties": {
      "HF": {
        "energy": -2.003867483126438,
        "converged": true
      },
      "MP2": {
        "energy": -2.0595048934123574,