{
  "hamiltonian": {
    "IIIIIIII": -1.0418522637972696,
    "IIIIIIZZ": 0.09747638305419569,
    "IZIIIIZI": 0.0929336036821442,
    "ZIIIIIIZ": 0.0929336036821442,
    "ZZIIIIII": 0.0898392123782887,
    "ZIIIIIII": 0.08771050543661918,
    "IZIIIIII": 0.0877105054366191,
    "IIIIZZII": 0.0872666431000376,
    "IIIIIZZI": 0.08563305128970178,
    "IIIIZIIZ": 0.08563305128970178,
    "IIIZZIII": 0.08546569353422012,
    "IIZIIZII": 0.08546569353422012,
    "IIZZIIII": 0.08484964710091188,
    "IIIZIIZI": 0.08442540373876832,
    "IIZIIIIZ": 0.08442540373876832,
    "IZIIZIII": 0.0821591697646134,
    "ZIIIIZII": 0.0821591697646134,
    "IZZIIIII": 0.08133624824142541,
    "ZIIZIIII": 0.08133624824142541,
    "IZIIIIIZ": 0.06271371314152124,
    "ZIIIIIZI": 0.06271371314152124,
    "IIZIIIII": 0.05885823436184569,
    "IIIZIIII": 0.058858234361845674,
    "IIIZIIIZ": 0.05212418402673309,
    "IIZIIIZI": 0.05212418402673309,
    "ZIIIZIII": 0.05089756299305634,
    "IZIIIZII": 0.05089756299305634,
    "IIIZIZII": 0.04928189347631716,
    "IIZIZIII": 0.04928189347631716,
    "IIIIYXXY": 0.04343093036615135,
    "IIIIXXYY": -0.04343093036615135,
    "IIIIXYYX": 0.04343093036615135,
    "IIIIYYXX": -0.04343093036615135,
    "IIIIZIZI": 0.04220212092355042,
    "IIIIIZIZ": 0.04220212092355042,
    "YZYIIYZY": -0.041666534888336895,
    "IYZYYZYI": -0.041666534888336895,
    "IYZYXZXI": -0.041666534888336895,
    "YZYIIXZX": -0.041666534888336895,
    "IXZXXZXI": -0.041666534888336895,
    "IXZXYZYI": -0.041666534888336895,
    "XZXIIYZY": -0.041666534888336895,
    "XZXIIXZX": -0.041666534888336895,
    "YYXXIIII": -0.040795703677942434,
    "XXYYIIII": -0.040795703677942434,
    "YXXYIIII": 0.040795703677942434,
    "XYYXIIII": 0.040795703677942434,
    "IZIZIIII": 0.040540544563482966,
    "ZIZIIIII": 0.040540544563482966,
    "IIYYXXII": -0.036183800057902955,
    "IIXYYXII": 0.036183800057902955,
    "IIYXXYII": 0.036183800057902955,
    "IIXXYYII": -0.036183800057902955,
    "IIYYIIXX": -0.03230121971203523,
    "IIYXIIXY": 0.03230121971203523,
    "IIXYIIYX": 0.03230121971203523,
    "IIXXIIYY": -0.03230121971203523,
    "XZZXYZZY": 0.03150391418056536,
    "YZZYXZZX": 0.03150391418056536,
    "YZZXXZZY": -0.03150391418056536,
    "IYYIIXXI": 0.03150391418056536,
    "IXXIIYYI": 0.03150391418056536,
    "IXYIIYXI": -0.03150391418056536,
    "IYXIIXYI": -0.03150391418056536,
    "XZZYYZZX": -0.03150391418056536,
    "YXIIXYII": 0.03126160677155706,
    "YYIIXXII": -0.03126160677155706,
    "XXIIYYII": -0.03126160677155706,
    "XYIIYXII": 0.03126160677155706,
    "XXIIIIYY": -0.030219890540622973,
    "XYIIIIYX": 0.030219890540622973,
    "YXIIIIXY": 0.030219890540622973,
    "YYIIIIXX": -0.030219890540622973,
    "IIIIIIZI": -0.028044915623641517,
    "IIIIIIIZ": -0.028044915623641517,
    "YZZYIYYI": 0.02486948202765441,
    "IXXIXZZX": 0.02486948202765441,
    "IXYIYZZX": 0.02486948202765441,
    "YZZXIXYI": 0.02486948202765441,
    "XZZXIXXI": 0.02486948202765441,
    "XZZYIYXI": 0.02486948202765441,
    "IYXIXZZY": 0.02486948202765441,
    "IYYIYZZY": 0.02486948202765441,
    "IIIXYYXI": -0.018935709658341217,
    "IIYZYYZY": -0.018935709658341217,
    "IIIYXXYI": -0.018935709658341217,
    "IIIYYXXI": 0.018935709658341217,
    "IIYZYXZX": -0.018935709658341217,
    "IIXZXYZY": -0.018935709658341217,
    "IIIXXYYI": 0.018935709658341217,
    "IIXZXXZX": -0.018935709658341217,
    "IYYXXIII": -0.01810160701339834,
    "IYXXYIII": 0.01810160701339834,
    "IXYYXIII": 0.01810160701339834,
    "YZYXZXII": 0.01810160701339834,
    "YZYYZYII": 0.01810160701339834,
    "IXXYYIII": -0.01810160701339834,
    "XZXYZYII": 0.01810160701339834,
    "XZXXZXII": 0.01810160701339834,
    "XZXIXZXI": -0.016797052860682487,
    "IYZYIYZY": -0.016797052860682487,
    "IXZXIXZX": -0.016797052860682487,
    "YZYIYZYI": -0.016797052860682487,
    "IIIIIZII": 0.016420872194717683,
    "IIIIZIII": 0.016420872194717634,
    "IIIYZZIY": -0.016267977816851284,
    "IIIXZZIX": -0.016267977816851284,
    "IIXZZZXZ": -0.016267977816851284,
    "IIYZZZYZ": -0.016267977816851284,
    "IZXZZZXI": -0.015455290565070242,
    "IZYZZZYI": -0.015455290565070242,
    "ZIIXZZZX": -0.015455290565070242,
    "ZIIYZZZY": -0.015455290565070242,
    "IYZZZYZI": 0.015432828532066551,
    "IXZZZXZI": 0.015432828532066551,
    "YZZZYIIZ": 0.015432828532066551,
    "XZZZXIIZ": 0.015432828532066551,
    "YIZZYIII": 0.014878994257153336,
    "ZXZZZXII": 0.014878994257153336,
    "ZYZZZYII": 0.014878994257153336,
    "XIZZXIII": 0.014878994257153336,
    "IIYZIZYI": -0.01458153756508493,
    "IIXZIZXI": -0.01458153756508493,
    "IIIXZIZX": -0.01458153756508493,
    "IIIYZIZY": -0.01458153756508493,
    "XZIZXIII": 0.013725693852720898,
    "IXZIZXII": 0.013725693852720898,
    "IYZIZYII": 0.013725693852720898,
    "YZIZYIII": 0.013725693852720898,
    "YZYIXZXI": -0.01016262070777153,
    "XZXIYZYI": -0.01016262070777153,
    "IXZXIYZY": -0.01016262070777153,
    "IYZYIXZX": -0.01016262070777153,
    "XXYZZZZY": -0.007926725144749222,
    "YYXZZZZX": -0.007926725144749222,
    "YXXZZZZY": 0.007926725144749222,
    "YXIXZZYI": -0.007926725144749222,
    "XYIYZZXI": -0.007926725144749222,
    "XXIXZZXI": -0.007926725144749222,
    "XYYZZZZX": 0.007926725144749222,
    "YYIYZZYI": -0.007926725144749222,
    "IYZZXIXY": 0.00786534973011086,
    "IYZZYIYY": 0.00786534973011086,
    "IXZZYIYX": 0.00786534973011086,
    "YZZZZYXX": 0.00786534973011086,
    "YZZZZXXY": -0.00786534973011086,
    "XZZZZYYX": -0.00786534973011086,
    "XZZZZXYY": 0.00786534973011086,
    "IXZZXIXX": 0.00786534973011086,
    "YZZZYIZI": 0.007567478801955692,
    "IXZZZXIZ": 0.007567478801955692,
    "IYZZZYIZ": 0.007567478801955692,
    "XZZZXIZI": 0.007567478801955692,
    "ZIXZZZXI": -0.00752856542032102,
    "IZIXZZZX": -0.00752856542032102,
    "ZIYZZZYI": -0.00752856542032102,
    "IZIYZZZY": -0.00752856542032102,
    "IIYZZZYI": 0.007202224497675509,
    "IIXZZZXI": 0.007202224497675509,
    "IIIXZZZX": 0.007202224497675507,
    "IIIYZZZY": 0.007202224497675507,
    "IXZYIYZX": -0.006634432152910957,
    "IYZXIXZY": -0.006634432152910957,
    "XZYIYZXI": -0.006634432152910957,
    "YZXIXZYI": -0.006634432152910957,
    "IXZZZXII": 0.005595839571135243,
    "XZZZXIII": 0.005595839571135243,
    "YZZZYIII": 0.005595839571135243,
    "IYZZZYII": 0.005595839571135243,
    "IXIZZXII": -0.0043759131606774405,
    "IYIZZYII": -0.0043759131606774405,
    "XZZIXIII": -0.0043759131606774405,
    "YZZIYIII": -0.0043759131606774405,
    "IYZZIYII": -0.004366707369803561,
    "IXZZIXII": -0.004366707369803561,
    "XZZZXZII": -0.004366707369803561,
    "YZZZYZII": -0.004366707369803561,
    "IIXZZIXI": 0.004354172093256287,
    "IIIXIZZX": 0.004354172093256287,
    "IIIYIZZY": 0.004354172093256287,
    "IIYZZIYI": 0.004354172093256287,
    "IIZXZZZX": 0.0036900232035915323,
    "IIZYZZZY": 0.0036900232035915323,
    "IIYIZZYI": 0.003690023203591532,
    "IIXIZZXI": 0.003690023203591532
  },
  "data": {
    "molecule_id": "H4_singlet_Dooh",
    "qubit_encoding": "JW",
    "unit": "Angstrom",
    "basis": "sto-3g",
    "charge": 0,
    "multiplicity": 1,
    "spin": 0,
    "geometry": "H -2.8500000000 0.0000000000 0.0000000000\nH -0.9500000000 0.0000000000 0.0000000000\nH 0.9500000000 0.0000000000 0.0000000000\nH 2.8500000000 0.0000000000 0.0000000000",
    "n_qubits": 8,
    "n_particles": {
      "total": 4,
      "alpha": 2,
      "beta": 2
    },
    "hf_array": [
      1,
      1,
      1,
      1,
      0,
      0,
      0,
      0
    ],
    "hf_method": "pyscf.scf.hf_symm.SymAdaptedRHF",
    "convergence_threshold": 1e-06,
    "point_group": {
      "groupname": "Dooh",
      "topgroup": "Dooh"
    },
    "alpha": 1.9,
    "calculated_properties": {
      "HF": {
        "energy": -1.6193844632970382,
        "converged": true
      },
      "MP2": {
        "energy": -1.7679555783631737,