{
  "hamiltonian": {
    "IIIIIIZI": -0.5468475585306249,
    "IIIIIIIZ": -0.5468475585306249,
    "IIIIIIII": 0.32824321642539406,
    "ZIIIIIII": 0.2198206426135854,
    "IZIIIIII": 0.21982064261358528,
    "IIIIIIZZ": 0.16657106052083331,
    "IZIIIIZI": 0.14635826762914914,
    "ZIIIIIIZ": 0.14635826762914914,
    "IIIIIZII": -0.14467879268497313,
    "IIIIZIII": -0.1446787926849731,
    "ZZIIIIII": 0.1376262448196701,
    "IIIIZIIZ": 0.13590303846852891,
    "IIIIIZZI": 0.13590303846852891,
    "IIIZIIZI": 0.129754491144571,
    "IIZIIIIZ": 0.129754491144571,
    "IIIIZZII": 0.12973473519603357,
    "IIZZIIII": 0.1249679772235335,
    "ZIIIIZII": 0.12456323361848894,
    "IZIIZIII": 0.12456323361848894,
    "IIIZZIII": 0.12332111045211294,
    "IIZIIZII": 0.12332111045211294,
    "IZIIIIIZ": 0.12292747050013483,
    "ZIIIIIZI": 0.12292747050013483,
    "IZZIIIII": 0.12047387876934003,
    "ZIIZIIII": 0.12047387876934003,
    "IIIZIIIZ": 0.104389021303325,
    "IIZIIIZI": 0.104389021303325,
    "IZIIIZII": 0.09779621180725878,
    "ZIIIZIII": 0.09779621180725878,
    "IIIIZIZI": 0.09632031099043642,
    "IIIIIZIZ": 0.09632031099043642,
    "IIIZIIII": 0.0892585547656291,
    "IIZIIIII": 0.08925855476562905,
    "IIIZIZII": 0.08875182489405203,
    "IIZIZIII": 0.08875182489405203,
    "ZIZIIIII": 0.08150495674125303,
    "IZIZIIII": 0.08150495674125303,
    "IIIIXYYX": 0.03958272747809248,
    "IIIIXXYY": -0.03958272747809248,
    "IIIIYXXY": 0.03958272747809248,
    "IIIIYYXX": -0.03958272747809248,
    "XXYYIIII": -0.038968922028086994,
    "XYYXIIII": 0.038968922028086994,
    "YXXYIIII": 0.038968922028086994,
    "YYXXIIII": -0.038968922028086994,
    "YZYIIYZY": -0.036383546035063746,
    "IYZYYZYI": -0.036383546035063746,
    "IYZYXZXI": -0.036383546035063746,
    "IXZXYZYI": -0.036383546035063746,
    "IXZXXZXI": -0.036383546035063746,
    "YZYIIXZX": -0.036383546035063746,
    "XZXIIYZY": -0.036383546035063746,
    "XZXIIXZX": -0.036383546035063746,
    "IIXYYXII": 0.03456928555806091,
    "IIXXYYII": -0.03456928555806091,
    "IIYXXYII": 0.03456928555806091,
    "IIYYXXII": -0.03456928555806091,
    "IIIXZIZX": -0.02970108681800837,
    "IIXZIZXI": -0.02970108681800837,
    "IIYZIZYI": -0.02970108681800837,
    "IIIYZIZY": -0.02970108681800837,
    "IIYZZZYZ": -0.027108039037967047,
    "IIIYZZIY": -0.027108039037967047,
    "IIXZZZXZ": -0.027108039037967047,
    "IIIXZZIX": -0.027108039037967047,
    "YXIIXYII": 0.026767021811230148,
    "XXIIYYII": -0.026767021811230148,
    "XYIIYXII": 0.026767021811230148,
    "YYIIXXII": -0.026767021811230148,
    "XZXIXZXI": -0.026051410004440022,
    "YZYIYZYI": -0.026051410004440022,
    "IYZYIYZY": -0.026051410004440022,
    "IXZXIXZX": -0.026051410004440022,
    "YZYXZXII": 0.02602134858603189,
    "XZXYZYII": 0.02602134858603189,
    "IXYYXIII": 0.02602134858603189,
    "YZYYZYII": 0.02602134858603189,
    "XZXXZXII": 0.02602134858603189,
    "IYXXYIII": 0.02602134858603189,
    "IYYXXIII": -0.02602134858603189,
    "IXXYYIII": -0.02602134858603189,
    "IIIXYYXI": -0.025703848776428784,
    "IIIXXYYI": 0.025703848776428784,
    "IIIYYXXI": 0.025703848776428784,
    "IIYZYYZY": -0.025703848776428784,
    "IIYZYXZX": -0.025703848776428784,
    "IIXZXYZY": -0.025703848776428784,
    "IIXZXXZX": -0.025703848776428784,
    "IIIYXXYI": -0.025703848776428784,
    "IIYXIIXY": 0.025365469841245988,
    "IIXYIIYX": 0.025365469841245988,
    "IIXXIIYY": -0.025365469841245988,
    "IIYYIIXX": -0.025365469841245988,
    "IXZIZXII": 0.024943567459679128,
    "XZIZXIII": 0.024943567459679128,
    "YZIZYIII": 0.024943567459679128,
    "IYZIZYII": 0.024943567459679128,
    "IXZZZXZI": 0.024563041549020947,
    "IYZZZYZI": 0.024563041549020947,
    "XZZZXIIZ": 0.024563041549020947,
    "YZZZYIIZ": 0.024563041549020947,
    "IZYZZZYI": -0.02352527135098327,
    "ZIIYZZZY": -0.02352527135098327,
    "ZIIXZZZX": -0.02352527135098327,
    "IZXZZZXI": -0.02352527135098327,
    "IYYIIXXI": 0.02347866995710332,
    "IYXIIXYI": -0.02347866995710332,
    "IXYIIYXI": -0.02347866995710332,
    "IXXIIYYI": 0.02347866995710332,
    "YZZYXZZX": 0.02347866995710332,
    "YZZXXZZY": -0.02347866995710332,
    "XZZYYZZX": -0.02347866995710332,
    "XZZXYZZY": 0.02347866995710332,
    "XXIIIIYY": -0.023430797129014313,
    "YYIIIIXX": -0.023430797129014313,
    "YXIIIIXY": 0.023430797129014313,
    "XYIIIIYX": 0.023430797129014313,
    "YIZZYIII": 0.022662752204375074,
    "XIZZXIII": 0.022662752204375074,
    "ZXZZZXII": 0.022662752204375074,
    "ZYZZZYII": 0.022662752204375074,
    "IIXZZZXI": 0.022001978515628066,
    "IIYZZZYI": 0.022001978515628066,
    "IIIYZZZY": 0.022001978515628066,
    "IIIXZZZX": 0.022001978515628066,
    "IYZZZYIZ": 0.013328817996174965,
    "IXZZZXIZ": 0.013328817996174965,
    "YZZZYIZI": 0.013328817996174965,
    "XZZZXIZI": 0.013328817996174965,
    "IXZYIYZX": -0.013146533926479598,
    "IYZXIXZY": -0.013146533926479598,
    "YZXIXZYI": -0.013146533926479598,
    "XZYIYZXI": -0.013146533926479598,
    "YZYIXZXI": -0.012904876077960424,
    "IXZXIYZY": -0.012904876077960424,
    "IYZYIXZX": -0.012904876077960424,
    "XZXIYZYI": -0.012904876077960424,
    "YYXZZZZX": -0.011788842782284542,
    "YXXZZZZY": 0.011788842782284542,
    "XXYZZZZY": -0.011788842782284542,
    "XYYZZZZX": 0.011788842782284542,
    "XXIXZZXI": -0.01178884278228454,
    "YXIXZZYI": -0.01178884278228454,
    "XYIYZZXI": -0.01178884278228454,
    "YYIYZZYI": -0.01178884278228454,
    "ZIXZZZXI": -0.01173642856869873,
    "ZIYZZZYI": -0.01173642856869873,
    "IZIXZZZX": -0.01173642856869873,
    "IZIYZZZY": -0.01173642856869873,
    "IYZZXIXY": 0.011234223552845982,
    "IXZZXIXX": 0.011234223552845982,
    "XZZZZXYY": 0.011234223552845982,
    "XZZZZYYX": -0.011234223552845982,
    "YZZZZXXY": -0.011234223552845982,
    "YZZZZYXX": 0.011234223552845982,
    "IYZZYIYY": 0.011234223552845982,
    "IXZZYIYX": 0.011234223552845982,
    "XZZYIYXI": 0.010332136030623721,
    "IXXIXZZX": 0.010332136030623721,
    "YZZXIXYI": 0.010332136030623721,
    "XZZXIXXI": 0.010332136030623721,
    "IXYIYZZX": 0.010332136030623721,
    "IYXIXZZY": 0.010332136030623721,
    "YZZYIYYI": 0.010332136030623721,
    "IYYIYZZY": 0.010332136030623721,
    "IXZZIXII": 0.005185301551067384,
    "IYZZIYII": 0.005185301551067384,
    "XZZZXZII": 0.005185301551067384,
    "YZZZYZII": 0.005185301551067384,
    "IIXZZIXI": -0.003997238041579587,
    "IIYZZIYI": -0.003997238041579587,
    "IIIYIZZY": -0.003997238041579587,
    "IIIXIZZX": -0.003997238041579587,
    "IIZXZZZX": -0.0035399315634647337,
    "IIZYZZZY": -0.0035399315634647337,
    "IIXIZZXI": -0.0035399315634647333,
    "IIYIZZYI": -0.0035399315634647333,
    "IXZZZXII": 0.003448868411077482,
    "IYZZZYII": 0.003448868411077482,
    "YZZZYIII": 0.003448868411077482,
    "XZZZXIII": 0.003448868411077482,
    "IXIZZXII": -0.0010777811263527604,
    "YZZIYIII": -0.0010777811263527604,
    "XZZIXIII": -0.0010777811263527604,
    "IYIZZYII": -0.0010777811263527604
  },
  "data": {
    "molecule_id": "H4_singlet_Dooh",
    "qubit_encoding": "JW",
    "unit": "Angstrom",
    "basis": "sto-3g",
    "charge": 0,
    "multiplicity": 1,
    "spin": 0,
    "geometry": "H -1.2000000000 0.0000000000 0.0000000000\nH -0.4000000000 0.0000000000 0.0000000000\nH 0.4000000000 0.0000000000 0.0000000000\nH 1.2000000000 0.0000000000 0.0000000000",
    "n_qubits": 8,
    "n_particles": {
      "total": 4,
      "alpha": 2,
      "beta": 2
    },
    "hf_array": [
      1,
      1,
      1,
      1,
      0,
      0,
      0,
      0
    ],
    "hf_method": "pyscf.scf.hf_symm.SymAdaptedRHF",
    "convergence_threshold": 1e-06,
    "point_group": {
      "groupname": "Dooh",
      "topgroup": "Dooh"
    },
    "alpha": 0.8,
    "calculated_properties": {
      "HF": {
        "energy": -2.1213867557632273,
        "converged": true
      },
      "MP2": {
        "energy": -2.151794258865353,