{
  "hamiltonian": {
    "IIIIIIII": -0.8611702206892671,
    "IIIIIIIZ": -0.12958359258560898,
    "IIIIIIZI": -0.12958359258560898,
    "ZIIIIIII": 0.1293353587887522,
    "IZIIIIII": 0.1293353587887522,
    "IIIIIIZZ": 0.11781455446842218,
    "IZIIIIZI": 0.10931766975820592,
    "ZIIIIIIZ": 0.10931766975820592,
    "ZZIIIIII": 0.10494186172341827,
    "IIIIZZII": 0.09999058323084581,
    "IIIIIZZI": 0.09983944948544687,
    "IIIIZIIZ": 0.09983944948544687,
    "IIZIIIIZ": 0.09758119805888485,
    "IIIZIIZI": 0.09758119805888485,
    "IIZZIIII": 0.09708542110052765,
    "IIZIIZII": 0.09687532751619443,
    "IIIZZIII": 0.09687532751619443,
    "ZIIIIZII": 0.09420771243345669,
    "IZIIZIII": 0.09420771243345669,
    "IZZIIIII": 0.09289218288196521,
    "ZIIZIIII": 0.09289218288196521,
    "ZIIIIIZI": 0.08253854600273058,
    "IZIIIIIZ": 0.08253854600273058,
    "IIZIIIII": 0.0748431865027469,
    "IIIZIIII": 0.0748431865027469,
    "IIZIIIZI": 0.06884950976223,
    "IIIZIIIZ": 0.06884950976223,
    "IZIIIZII": 0.0659398164089797,
    "ZIIIZIII": 0.0659398164089797,
    "IIZIZIII": 0.06194161648940194,
    "IIIZIZII": 0.06194161648940194,
    "IIIIZIZI": 0.05777199493623007,
    "IIIIIZIZ": 0.05777199493623007,
    "IZIZIIII": 0.053288383613521256,
    "ZIZIIIII": 0.053288383613521256,
    "IIIIXXYY": -0.04206745454921681,
    "IIIIXYYX": 0.04206745454921681,
    "IIIIYXXY": 0.04206745454921681,
    "IIIIYYXX": -0.04206745454921681,
    "XYYXIIII": 0.03960379926844396,
    "YYXXIIII": -0.03960379926844396,
    "YXXYIIII": 0.03960379926844396,
    "XXYYIIII": -0.03960379926844396,
    "XZXIIXZX": -0.03958007501669608,
    "IYZYXZXI": -0.03958007501669608,
    "XZXIIYZY": -0.03958007501669608,
    "YZYIIXZX": -0.03958007501669608,
    "IYZYYZYI": -0.03958007501669608,
    "IXZXYZYI": -0.03958007501669608,
    "IXZXXZXI": -0.03958007501669608,
    "YZYIIYZY": -0.03958007501669608,
    "IIYXXYII": 0.03493371102679249,
    "IIXYYXII": 0.03493371102679249,
    "IIXXYYII": -0.03493371102679249,
    "IIYYXXII": -0.03493371102679249,
    "IIYXIIXY": 0.028731688296654852,
    "IIXXIIYY": -0.028731688296654852,
    "IIXYIIYX": 0.028731688296654852,
    "IIYYIIXX": -0.028731688296654852,
    "XXIIYYII": -0.028267896024476977,
    "YYIIXXII": -0.028267896024476977,
    "YXIIXYII": 0.028267896024476977,
    "XYIIYXII": 0.028267896024476977,
    "YZZYXZZX": 0.02760239812210201,
    "XZZYYZZX": -0.02760239812210201,
    "YZZXXZZY": -0.02760239812210201,
    "IXYIIYXI": -0.02760239812210201,
    "IYXIIXYI": -0.02760239812210201,
    "IYYIIXXI": 0.02760239812210201,
    "XZZXYZZY": 0.02760239812210201,
    "IXXIIYYI": 0.02760239812210201,
    "XYIIIIYX": 0.02677912375547533,
    "YYIIIIXX": -0.02677912375547533,
    "YXIIIIXY": 0.02677912375547533,
    "XXIIIIYY": -0.02677912375547533,
    "IIYZYXZX": -0.022415837427084917,
    "IIXZXXZX": -0.022415837427084917,
    "IIIYYXXI": 0.022415837427084917,
    "IIIYXXYI": -0.022415837427084917,
    "IIIXYYXI": -0.022415837427084917,
    "IIIXXYYI": 0.022415837427084917,
    "IIYZYYZY": -0.022415837427084917,
    "IIXZXYZY": -0.022415837427084917,
    "IYXXYIII": 0.021515011233303565,
    "YZYXZXII": 0.021515011233303565,
    "XZXYZYII": 0.021515011233303565,
    "XZXXZXII": 0.021515011233303565,
    "IYYXXIII": -0.021515011233303565,
    "IXYYXIII": 0.021515011233303565,
    "YZYYZYII": 0.021515011233303565,
    "IXXYYIII": -0.021515011233303565,
    "IYZYIYZY": -0.020861889960805804,
    "YZYIYZYI": -0.020861889960805804,
    "XZXIXZXI": -0.020861889960805804,
    "IXZXIXZX": -0.020861889960805804,
    "IIXZIZXI": -0.01961700312516184,
    "IIYZIZYI": -0.01961700312516184,
    "IIIXZIZX": -0.01961700312516184,
    "IIIYZIZY": -0.01961700312516184,
    "IIXZZZXZ": -0.019363647321242076,
    "IIYZZZYZ": -0.019363647321242076,
    "IIIXZZIX": -0.019363647321242076,
    "IIIYZZIY": -0.019363647321242076,
    "IXYIYZZX": 0.01871818505589028,
    "IYXIXZZY": 0.01871818505589028,
    "IXXIXZZX": 0.01871818505589028,
    "IYYIYZZY": 0.01871818505589028,
    "XZZYIYXI": 0.01871818505589028,
    "YZZYIYYI": 0.01871818505589028,
    "YZZXIXYI": 0.01871818505589028,
    "XZZXIXXI": 0.01871818505589028,
    "YZZZYIIZ": 0.018089404406554578,
    "IXZZZXZI": 0.018089404406554578,
    "IYZZZYZI": 0.018089404406554578,
    "XZZZXIIZ": 0.018089404406554578,
    "IZXZZZXI": -0.01802768327313173,
    "IZYZZZYI": -0.01802768327313173,
    "ZIIYZZZY": -0.01802768327313173,
    "ZIIXZZZX": -0.01802768327313173,
    "IYZIZYII": 0.017684323598392587,
    "IXZIZXII": 0.017684323598392587,
    "YZIZYIII": 0.017684323598392587,
    "XZIZXIII": 0.017684323598392587,
    "YIZZYIII": 0.017407819374576777,
    "XIZZXIII": 0.017407819374576777,
    "ZYZZZYII": 0.017407819374576777,
    "ZXZZZXII": 0.017407819374576777,
    "IIIIIZII": -0.016004728784396946,
    "IIIIZIII": -0.016004728784396946,
    "XZXIYZYI": -0.011977676894594079,
    "YZYIXZXI": -0.011977676894594079,
    "IXZXIYZY": -0.011977676894594079,
    "IYZYIXZX": -0.011977676894594079,
    "IIIXZZZX": 0.011608807288061025,
    "IIIYZZZY": 0.011608807288061025,
    "IIYZZZYI": 0.011608807288061023,
    "IIXZZZXI": 0.011608807288061023,
    "YXIXZZYI": -0.009350448584185655,
    "XYYZZZZX": 0.009350448584185655,
    "XXYZZZZY": -0.009350448584185655,
    "YYIYZZYI": -0.009350448584185655,
    "XXIXZZXI": -0.009350448584185655,
    "YXXZZZZY": 0.009350448584185655,
    "YYXZZZZX": -0.009350448584185655,
    "XYIYZZXI": -0.009350448584185655,
    "IYZZYIYY": 0.00912425174950877,
    "IXZZYIYX": 0.00912425174950877,
    "IXZZXIXX": 0.00912425174950877,
    "YZZZZYXX": 0.00912425174950877,
    "YZZZZXXY": -0.00912425174950877,
    "XZZZZYYX": -0.00912425174950877,
    "XZZZZXYY": 0.00912425174950877,
    "IYZZXIXY": 0.00912425174950877,
    "YZZZYIZI": 0.008965152657045807,
    "IXZZZXIZ": 0.008965152657045807,
    "IYZZZYIZ": 0.008965152657045807,
    "XZZZXIZI": 0.008965152657045807,
    "YZXIXZYI": -0.008884213066211726,
    "XZYIYZXI": -0.008884213066211726,
    "IXZYIYZX": -0.008884213066211726,
    "IYZXIXZY": -0.008884213066211726,
    "IZIXZZZX": -0.008677234688946076,
    "IZIYZZZY": -0.008677234688946076,
    "ZIYZZZYI": -0.008677234688946076,
    "ZIXZZZXI": -0.008677234688946076,
    "IXZZZXII": 0.006562584906291424,
    "IYZZZYII": 0.006562584906291424,
    "YZZZYIII": 0.006562584906291424,
    "XZZZXIII": 0.006562584906291424,
    "XZZIXIII": -0.003830687634910975,
    "YZZIYIII": -0.003830687634910975,
    "IYIZZYII": -0.003830687634910975,
    "IXIZZXII": -0.003830687634910975,
    "IIXZZIXI": 0.002798834301923072,
    "IIIXIZZX": 0.002798834301923072,
    "IIIYIZZY": 0.002798834301923072,
    "IIYZZIYI": 0.002798834301923072,
    "XZZZXZII": -0.002355510527818701,
    "YZZZYZII": -0.002355510527818701,
    "IYZZIYII": -0.002355510527818701,
    "IXZZIXII": -0.002355510527818701,
    "IIZYZZZY": 0.0021317027719500387,
    "IIZXZZZX": 0.0021317027719500387,
    "IIYIZZYI": 0.0021317027719500383,
    "IIXIZZXI": 0.0021317027719500383
  },
  "data": {
    "molecule_id": "H4_singlet_Dooh",
    "qubit_encoding": "JW",
    "unit": "Angstrom",
    "basis": "sto-3g",
    "charge": 0,
    "multiplicity": 1,
    "spin": 0,
    "geometry": "H -2.1000000000 0.0000000000 0.0000000000\nH -0.7000000000 0.0000000000 0.0000000000\nH 0.7000000000 0.0000000000 0.0000000000\nH 2.1000000000 0.0000000000 0.0000000000",
    "n_qubits": 8,
    "n_particles": {
      "total": 4,
      "alpha": 2,
      "beta": 2
    },
    "hf_array": [
      1,
      1,
      1,
      1,
      0,
      0,
      0,
      0
    ],
    "hf_method": "pyscf.scf.hf_symm.SymAdaptedRHF",
    "convergence_threshold": 1e-06,
    "point_group": {
      "groupname": "Dooh",
      "topgroup": "Dooh"
    },
    "alpha": 1.4,
    "calculated_properties": {
      "HF": {
        "energy": -1.8877903045149054,
        "converged": true
      },
      "MP2": {
        "energy": -1.9626062622057976,
        "converged": false
      },