{
  "hamiltonian": {
    "IIIIIIII": 1.7659303166535945,
    "IIIIIIIZ": -0.9723289897516703,
    "IIIIIIZI": -0.97232898975167,
    "ZIIIIIII": 0.27330319522931473,
    "IZIIIIII": 0.2733031952293146,
    "IIIIZIII": -0.2721242045943444,
    "IIIIIZII": -0.2721242045943443,
    "IIIIIIZZ": 0.20177044966183244,
    "IZIIIIZI": 0.16866055650768458,
    "ZIIIIIIZ": 0.16866055650768458,
    "IIIIZIIZ": 0.15936931013439987,
    "IIIIIZZI": 0.15936931013439987,
    "ZZIIIIII": 0.15460081533614056,
    "IIIZIIZI": 0.14860852607630579,
    "IIZIIIIZ": 0.14860852607630579,
    "IIIIZZII": 0.14788871046087207,
    "ZIIIIIZI": 0.1455949200509975,
    "IZIIIIIZ": 0.1455949200509975,
    "IZIIZIII": 0.14208896298863974,
    "ZIIIIZII": 0.14208896298863974,
    "IIZZIIII": 0.13975703470716078,
    "IIIZZIII": 0.13895208820685528,
    "IIZIIZII": 0.13895208820685528,
    "IZZIIIII": 0.13513929120408913,
    "ZIIZIIII": 0.13513929120408913,
    "IIIZIIIZ": 0.12368369533310344,
    "IIZIIIZI": 0.12368369533310344,
    "IIIIZIZI": 0.12068169123155331,
    "IIIIIZIZ": 0.12068169123155331,
    "ZIIIZIII": 0.11522602155185808,
    "IZIIIZII": 0.11522602155185808,
    "IIIZIZII": 0.10348659985773268,
    "IIZIZIII": 0.10348659985773268,
    "ZIZIIIII": 0.09735702931773253,
    "IZIZIIII": 0.09735702931773253,
    "IIIZIIII": 0.07824534934594823,
    "IIZIIIII": 0.07824534934594823,
    "IIIIXYYX": 0.038687618902846554,
    "IIIIXXYY": -0.038687618902846554,
    "IIIIYXXY": 0.038687618902846554,
    "IIIIYYXX": -0.038687618902846554,
    "XXYYIIII": -0.03778226188635658,
    "XYYXIIII": 0.03778226188635658,
    "YXXYIIII": 0.03778226188635658,
    "YYXXIIII": -0.03778226188635658,
    "IIYYXXII": -0.03546548834912262,
    "IIXXYYII": -0.03546548834912262,
    "IIXYYXII": 0.03546548834912262,
    "IIYXXYII": 0.03546548834912262,
    "IIIYZIZY": -0.03494022410188084,
    "IIIXZIZX": -0.03494022410188084,
    "IIYZIZYI": -0.03494022410188084,
    "IIXZIZXI": -0.03494022410188084,
    "IYZYYZYI": -0.03473394705338735,
    "IXZXXZXI": -0.03473394705338735,
    "IXZXYZYI": -0.03473394705338735,
    "XZXIIXZX": -0.03473394705338735,
    "XZXIIYZY": -0.03473394705338735,
    "YZYIIXZX": -0.03473394705338735,
    "YZYIIYZY": -0.03473394705338735,
    "IYZYXZXI": -0.03473394705338735,
    "IIYZZZYZ": -0.03437153844075929,
    "IIXZZZXZ": -0.03437153844075929,
    "IIIYZZIY": -0.03437153844075929,
    "IIIXZZIX": -0.03437153844075929,
    "YZZZYIIZ": 0.03106524553676553,
    "IYZZZYZI": 0.03106524553676553,
    "IXZZZXZI": 0.03106524553676553,
    "XZZZXIIZ": 0.03106524553676553,
    "IIIYZZZY": 0.030273610819144682,
    "IIIXZZZX": 0.030273610819144682,
    "IIYZZZYI": 0.030273610819144682,
    "IIXZZZXI": 0.030273610819144682,
    "XZIZXIII": 0.028587202641110594,
    "IXZIZXII": 0.028587202641110594,
    "IYZIZYII": 0.028587202641110594,
    "YZIZYIII": 0.028587202641110594,
    "IYZYIYZY": -0.027444215891328446,
    "YZYIYZYI": -0.027444215891328446,
    "XZXIXZXI": -0.027444215891328446,
    "IXZXIXZX": -0.027444215891328446,
    "IXXYYIII": -0.02731538144603135,
    "IXYYXIII": 0.02731538144603135,
    "IYYXXIII": -0.02731538144603135,
    "IYXXYIII": 0.02731538144603135,
    "YZYXZXII": 0.02731538144603135,
    "XZXYZYII": 0.02731538144603135,
    "XZXXZXII": 0.02731538144603135,
    "YZYYZYII": 0.02731538144603135,
    "IZXZZZXI": -0.027035149706519684,
    "IZYZZZYI": -0.027035149706519684,
    "ZIIYZZZY": -0.027035149706519684,
    "ZIIXZZZX": -0.027035149706519684,
    "XYIIYXII": 0.026862941436781668,
    "XXIIYYII": -0.026862941436781668,
    "YYIIXXII": -0.026862941436781668,
    "YXIIXYII": 0.026862941436781668,
    "XIZZXIII": 0.026066827917605655,
    "ZYZZZYII": 0.026066827917605655,
    "YIZZYIII": 0.026066827917605655,
    "ZXZZZXII": 0.026066827917605655,
    "IIIXXYYI": 0.02594257618260723,
    "IIYZYXZX": -0.02594257618260723,
    "IIYZYYZY": -0.02594257618260723,
    "IIXZXYZY": -0.02594257618260723,
    "IIIYYXXI": 0.02594257618260723,
    "IIXZXXZX": -0.02594257618260723,
    "IIIXYYXI": -0.02594257618260723,
    "IIIYXXYI": -0.02594257618260723,
    "IIYYIIXX": -0.024924830743202328,
    "IIYXIIXY": 0.024924830743202328,
    "IIXYIIYX": 0.024924830743202328,
    "IIXXIIYY": -0.024924830743202328,
    "YXIIIIXY": 0.023065636456687064,
    "XXIIIIYY": -0.023065636456687064,
    "YYIIIIXX": -0.023065636456687064,
    "XYIIIIYX": 0.023065636456687064,
    "IXXIIYYI": 0.02273671622590454,
    "XZZXYZZY": 0.02273671622590454,
    "IXYIIYXI": -0.02273671622590454,
    "YZZXXZZY": -0.02273671622590454,
    "YZZYXZZX": 0.02273671622590454,
    "IYXIIXYI": -0.02273671622590454,
    "XZZYYZZX": -0.02273671622590454,
    "IYYIIXXI": 0.02273671622590454,
    "XZZZXIZI": 0.01770446793362785,
    "IXZZZXIZ": 0.01770446793362785,
    "IYZZZYIZ": 0.01770446793362785,
    "YZZZYIZI": 0.01770446793362785,
    "YZXIXZYI": -0.01544698506384563,
    "XZYIYZXI": -0.01544698506384563,
    "IXZYIYZX": -0.01544698506384563,
    "IYZXIXZY": -0.01544698506384563,
    "IZIYZZZY": -0.01407505270013591,
    "ZIYZZZYI": -0.01407505270013591,
    "ZIXZZZXI": -0.01407505270013591,
    "IZIXZZZX": -0.01407505270013591,
    "IXZZYIYX": 0.013360777603137678,
    "IYZZYIYY": 0.013360777603137678,
    "IYZZXIXY": 0.013360777603137678,
    "IXZZXIXX": 0.013360777603137678,
    "XZZZZYYX": -0.013360777603137678,
    "YZZZZYXX": 0.013360777603137678,
    "YZZZZXXY": -0.013360777603137678,
    "XZZZZXYY": 0.013360777603137678,
    "XYIYZZXI": -0.012960097006383772,
    "XXYZZZZY": -0.012960097006383772,
    "XYYZZZZX": 0.012960097006383772,
    "YXXZZZZY": 0.012960097006383772,
    "YYXZZZZX": -0.012960097006383772,
    "XXIXZZXI": -0.012960097006383772,
    "YYIYZZYI": -0.012960097006383772,
    "YXIXZZYI": -0.012960097006383772,
    "XZXIYZYI": -0.011997230827482816,
    "YZYIXZXI": -0.011997230827482816,
    "IXZXIYZY": -0.011997230827482816,
    "IYZYIXZX": -0.011997230827482816,
    "XZZZXZII": 0.010115837204685143,
    "YZZZYZII": 0.010115837204685143,
    "IYZZIYII": 0.010115837204685143,
    "IXZZIXII": 0.010115837204685143,
    "IIXZZIXI": -0.00899764791927362,
    "IIYZZIYI": -0.00899764791927362,
    "IIIYIZZY": -0.00899764791927362,
    "IIIXIZZX": -0.00899764791927362,
    "XZZYIYXI": 0.00728973116205891,
    "YZZXIXYI": 0.00728973116205891,
    "IYYIYZZY": 0.00728973116205891,
    "IYXIXZZY": 0.00728973116205891,
    "IXYIYZZX": 0.00728973116205891,
    "IXXIXZZX": 0.00728973116205891,
    "XZZXIXXI": 0.00728973116205891,
    "YZZYIYYI": 0.00728973116205891,
    "IIZYZZZY": -0.0069232105620300145,
    "IIZXZZZX": -0.0069232105620300145,
    "IIXIZZXI": -0.006923210562030014,
    "IIYIZZYI": -0.006923210562030014,
    "YZZZYIII": -0.002962034081369882,
    "XZZZXIII": -0.002962034081369882,
    "IXZZZXII": -0.002962034081369868,
    "IYZZZYII": -0.002962034081369868,
    "IXIZZXII": 0.001271821195079242,
    "YZZIYIII": 0.001271821195079242,
    "XZZIXIII": 0.001271821195079242,
    "IYIZZYII": 0.001271821195079242
  },
  "data": {
    "molecule_id": "H4_singlet_Dooh",
    "qubit_encoding": "JW",
    "unit": "Angstrom",
    "basis": "sto-3g",
    "charge": 0,
    "multiplicity": 1,
    "spin": 0,
    "geometry": "H -0.9000000000 0.0000000000 0.0000000000\nH -0.3000000000 0.0000000000 0.0000000000\nH 0.3000000000 0.0000000000 0.0000000000\nH 0.9000000000 0.0000000000 0.0000000000",
    "n_qubits": 8,
    "n_particles": {
      "total": 4,
      "alpha": 2,
      "beta": 2
    },
    "hf_array": [
      1,
      1,
      1,
      1,
      0,
      0,
      0,
      0
    ],
    "hf_method": "pyscf.scf.hf_symm.SymAdaptedRHF",
    "convergence_threshold": 1e-06,
    "point_group": {
      "groupname": "Dooh",
      "topgroup": "Dooh"
    },
    "alpha": 0.6,
    "calculated_properties": {
      "HF": {
        "energy": -1.9295642483937594,
        "converged": true
      },
      "MP2": {
        "energy": -1.951539194939481,
        "converged": false
      },