{
  "hamiltonian": {
    "IIIIIIII": -1.0869518947535157,
    "IIIIIIZZ": 0.08104959449301052,
    "ZIIIIIIZ": 0.0792322692403575,
    "IZIIIIZI": 0.0792322692403575,
    "ZZIIIIII": 0.07765154500411184,
    "IIIIZZII": 0.0764681985739896,
    "IIZIIZII": 0.07575947756158122,
    "IIIZZIII": 0.07575947756158122,
    "IIIIIZZI": 0.07553475865359632,
    "IIIIZIIZ": 0.07553475865359632,
    "IIZZIIII": 0.07523197517314786,
    "IIZIIIIZ": 0.07502926470259422,
    "IIIZIIZI": 0.07502926470259422,
    "IZIIZIII": 0.07396518832160563,
    "ZIIIIZII": 0.07396518832160563,
    "IZZIIIII": 0.07352861215708834,
    "ZIIZIIII": 0.07352861215708834,
    "ZIIIIIII": 0.05671553637968413,
    "IZIIIIII": 0.05671553637968413,
    "IIZIIIII": 0.04608938482813972,
    "IIIZIIII": 0.04608938482813972,
    "IIIIYXXY": 0.045356450356783186,
    "IIIIXXYY": -0.045356450356783186,
    "IIIIXYYX": 0.045356450356783186,
    "IIIIYYXX": -0.045356450356783186,
    "IZIIIIIZ": 0.04535118867723262,
    "ZIIIIIZI": 0.04535118867723262,
    "XZXIIXZX": -0.044464197515512574,
    "XZXIIYZY": -0.044464197515512574,
    "YZYIIXZX": -0.044464197515512574,
    "YZYIIYZY": -0.044464197515512574,
    "IXZXXZXI": -0.044464197515512574,
    "IXZXYZYI": -0.044464197515512574,
    "IYZYXZXI": -0.044464197515512574,
    "IYZYYZYI": -0.044464197515512574,
    "YYXXIIII": -0.04371025388453352,
    "XYYXIIII": 0.04371025388453352,
    "XXYYIIII": -0.04371025388453352,
    "YXXYIIII": 0.04371025388453352,
    "IIZIZIII": 0.03859989700950419,
    "IIIZIZII": 0.03859989700950419,
    "IIIZIIIZ": 0.03825269495904053,
    "IIZIIIZI": 0.03825269495904053,
    "IZIIIZII": 0.03795163157286115,
    "ZIIIZIII": 0.03795163157286115,
    "IIYXXYII": 0.037159580552077034,
    "IIYYXXII": -0.037159580552077034,
    "IIXYYXII": 0.037159580552077034,
    "IIXXYYII": -0.037159580552077034,
    "IIXYIIYX": 0.036776569743553686,
    "IIYXIIXY": 0.036776569743553686,
    "IIXXIIYY": -0.036776569743553686,
    "IIYYIIXX": -0.036776569743553686,
    "IYYIIXXI": 0.036358586213632166,
    "YZZXXZZY": -0.036358586213632166,
    "YZZYXZZX": 0.036358586213632166,
    "XZZXYZZY": 0.036358586213632166,
    "IYXIIXYI": -0.036358586213632166,
    "IXYIIYXI": -0.036358586213632166,
    "XZZYYZZX": -0.036358586213632166,
    "IXXIIYYI": 0.036358586213632166,
    "XXIIYYII": -0.036013556748744485,
    "XYIIYXII": 0.036013556748744485,
    "YXIIXYII": 0.036013556748744485,
    "YYIIXXII": -0.036013556748744485,
    "YYIIIIXX": -0.03388108056312489,
    "YXIIIIXY": 0.03388108056312489,
    "XXIIIIYY": -0.03388108056312489,
    "XYIIIIYX": 0.03388108056312489,
    "IIIIIZII": 0.032815859387186994,
    "IIIIZIII": 0.032815859387186994,
    "IXYIYZZX": 0.03179802953347291,
    "YZZYIYYI": 0.03179802953347291,
    "YZZXIXYI": 0.03179802953347291,
    "XZZXIXXI": 0.03179802953347291,
    "IYYIYZZY": 0.03179802953347291,
    "IYXIXZZY": 0.03179802953347291,
    "IXXIXZZX": 0.03179802953347291,
    "XZZYIYXI": 0.03179802953347291,
    "IIIIZIZI": 0.030178308296813127,
    "IIIIIZIZ": 0.030178308296813127,
    "IZIZIIII": 0.029818358272554815,
    "ZIZIIIII": 0.029818358272554815,
    "IIIIIIIZ": 0.02043386983478744,
    "IIIIIIZI": 0.020433869834787427,
    "IIIXXYYI": 0.013402162514595462,
    "IIIXYYXI": -0.013402162514595462,
    "IIIYYXXI": 0.013402162514595462,
    "IIXZXXZX": -0.013402162514595462,
    "IIXZXYZY": -0.013402162514595462,
    "IIIYXXYI": -0.013402162514595462,
    "IIYZYYZY": -0.013402162514595462,
    "IIYZYXZX": -0.013402162514595462,
    "IYYXXIII": -0.013062277253508519,
    "IXYYXIII": 0.013062277253508519,
    "IYXXYIII": 0.013062277253508519,
    "IXXYYIII": -0.013062277253508519,
    "YZYYZYII": 0.013062277253508519,
    "YZYXZXII": 0.013062277253508519,
    "XZXYZYII": 0.013062277253508519,
    "XZXXZXII": 0.013062277253508519,
    "YZYIYZYI": -0.012666167982039664,
    "IXZXIXZX": -0.012666167982039664,
    "XZXIXZXI": -0.012666167982039664,
    "IYZYIYZY": -0.012666167982039664,
    "IIXZZZXZ": -0.012009554840545464,
    "IIIXZZIX": -0.012009554840545464,
    "IIIYZZIY": -0.012009554840545464,
    "IIYZZZYZ": -0.012009554840545464,
    "IZYZZZYI": -0.011595701931396522,
    "ZIIXZZZX": -0.011595701931396522,
    "ZIIYZZZY": -0.011595701931396522,
    "IZXZZZXI": -0.011595701931396522,
    "YZZZYIIZ": 0.011578463785913456,
    "XZZZXIIZ": 0.011578463785913456,
    "IYZZZYZI": 0.011578463785913456,
    "IXZZZXZI": 0.011578463785913456,
    "YIZZYIII": 0.011218763140559996,
    "XIZZXIII": 0.011218763140559996,
    "ZXZZZXII": 0.011218763140559994,
    "ZYZZZYII": 0.011218763140559994,
    "IIIYZIZY": -0.010068076733186299,
    "IIIXZIZX": -0.010068076733186299,
    "IIXZIZXI": -0.010068076733186299,
    "IIYZIZYI": -0.010068076733186299,
    "YZIZYIII": 0.009843952344467851,
    "IYZIZYII": 0.009843952344467851,
    "IXZIZXII": 0.009843952344467851,
    "XZIZXIII": 0.009843952344467851,
    "YZYIXZXI": -0.008105611301880405,
    "IXZXIYZY": -0.008105611301880405,
    "XZXIYZYI": -0.008105611301880405,
    "IYZYIXZX": -0.008105611301880405,
    "IZIXZZZX": -0.006624157132541042,
    "ZIXZZZXI": -0.006624157132541042,
    "ZIYZZZYI": -0.006624157132541042,
    "IZIYZZZY": -0.006624157132541042,
    "IYZZZYIZ": 0.006612803658782824,
    "XZZZXIZI": 0.006612803658782824,
    "YZZZYIZI": 0.006612803658782824,
    "IXZZZXIZ": 0.006612803658782824,
    "XXYZZZZY": -0.004971544798855481,
    "XYYZZZZX": 0.004971544798855481,
    "YXXZZZZY": 0.004971544798855481,
    "YYXZZZZX": -0.004971544798855481,
    "XXIXZZXI": -0.004971544798855481,
    "XYIYZZXI": -0.004971544798855481,
    "YYIYZZYI": -0.004971544798855481,
    "YXIXZZYI": -0.004971544798855481,
    "YZZZZYXX": 0.004965660127130634,
    "YZZZZXXY": -0.004965660127130634,
    "XZZZZYYX": -0.004965660127130634,
    "XZZZZXYY": 0.004965660127130634,
    "IYZZYIYY": 0.004965660127130634,
    "IXZZXIXX": 0.004965660127130634,
    "IXZZYIYX": 0.004965660127130634,
    "IYZZXIXY": 0.004965660127130634,
    "IYZXIXZY": -0.004560556680159259,
    "IXZYIYZX": -0.004560556680159259,
    "XZYIYZXI": -0.004560556680159259,
    "YZXIXZYI": -0.004560556680159259,
    "YZZZYZII": -0.003538834222266367,
    "IYZZIYII": -0.003538834222266367,
    "IXZZIXII": -0.003538834222266367,
    "XZZZXZII": -0.003538834222266367,
    "IIYZZZYI": 0.0034542728925547207,
    "IIIYZZZY": 0.0034542728925547207,
    "IIIXZZZX": 0.0034542728925547207,
    "IIXZZZXI": 0.0034542728925547207,
    "IIIXIZZX": 0.003334085781409161,
    "IIIYIZZY": 0.003334085781409161,
    "IIXZZIXI": 0.003334085781409161,
    "IIYZZIYI": 0.003334085781409161,
    "IYIZZYII": -0.0032183249090406677,
    "YZZIYIII": -0.0032183249090406677,
    "XZZIXIII": -0.0032183249090406677,
    "IXIZZXII": -0.0032183249090406677,
    "YZZZYIII": 0.0031921235059369363,
    "XZZZXIII": 0.0031921235059369363,
    "IXZZZXII": 0.0031921235059369363,
    "IYZZZYII": 0.0031921235059369363,
    "IIZXZZZX": 0.002930563180558496,
    "IIYIZZYI": 0.002930563180558496,
    "IIXIZZXI": 0.002930563180558496,
    "IIZYZZZY": 0.002930563180558496
  },
  "data": {
    "molecule_id": "H4_singlet_Dooh",
    "qubit_encoding": "JW",
    "unit": "Angstrom",
    "basis": "sto-3g",
    "charge": 0,
    "multiplicity": 1,
    "spin": 0,
    "geometry": "H -3.9000000000 0.0000000000 0.0000000000\nH -1.3000000000 0.0000000000 0.0000000000\nH 1.3000000000 0.0000000000 0.0000000000\nH 3.9000000000 0.0000000000 0.0000000000",
    "n_qubits": 8,
    "n_particles": {
      "total": 4,
      "alpha": 2,
      "beta": 2
    },
    "hf_array": [
      1,
      1,
      1,
      1,
      0,
      0,
      0,
      0
    ],
    "hf_method": "pyscf.scf.hf_symm.SymAdaptedRHF",
    "convergence_threshold": 1e-06,
    "point_group": {
      "groupname": "Dooh",
      "topgroup": "Dooh"
    },
    "alpha": 2.6,
    "calculated_properties": {
      "HF": {
        "energy": -1.3858241148104034,
        "converged": true
      },