{
  "hamiltonian": {
    "IIIIIIZI": -0.3346121300328105,
    "IIIIIIIZ": -0.3346121300328105,
    "IIIIIIII": -0.331477813416811,
    "IZIIIIII": 0.1813648512899083,
    "ZIIIIIII": 0.18136485128990815,
    "IIIIIIZZ": 0.1452614793080777,
    "IZIIIIZI": 0.1307380587852841,
    "ZIIIIIIZ": 0.1307380587852841,
    "ZZIIIIII": 0.12432120849362696,
    "IIIIZIIZ": 0.12005460580671173,
    "IIIIIZZI": 0.12005460580671173,
    "IIIIZZII": 0.11685143854472041,
    "IIZIIIIZ": 0.11598632411711242,
    "IIIZIIZI": 0.11598632411711242,
    "IIZZIIII": 0.11340654161438063,
    "IIIZZIII": 0.11194105078035882,
    "IIZIIZII": 0.11194105078035882,
    "ZIIIIZII": 0.11149852242605164,
    "IZIIZIII": 0.11149852242605164,
    "IZZIIIII": 0.10898302201672633,
    "ZIIZIIII": 0.10898302201672633,
    "IZIIIIIZ": 0.10647068453545322,
    "ZIIIIIZI": 0.10647068453545322,
    "IIZIIIZI": 0.08982499235931943,
    "IIIZIIIZ": 0.08982499235931943,
    "IIIZIIII": 0.0879264465310853,
    "IIZIIIII": 0.08792644653108518,
    "IZIIIZII": 0.08454049215503275,
    "ZIIIZIII": 0.08454049215503275,
    "IIIIIZIZ": 0.07943848632286907,
    "IIIIZIZI": 0.07943848632286907,
    "IIIIZIII": -0.07904409226124129,
    "IIIIIZII": -0.07904409226124123,
    "IIZIZIII": 0.07762037309982334,
    "IIIZIZII": 0.07762037309982334,
    "IZIZIIII": 0.06963750845631884,
    "ZIZIIIII": 0.06963750845631884,
    "IIIIXXYY": -0.04061611948384265,
    "IIIIYXXY": 0.04061611948384265,
    "IIIIXYYX": 0.04061611948384265,
    "IIIIYYXX": -0.04061611948384265,
    "XYYXIIII": 0.03934551356040747,
    "YYXXIIII": -0.03934551356040747,
    "YXXYIIII": 0.03934551356040747,
    "XXYYIIII": -0.03934551356040747,
    "IYZYYZYI": -0.03765836794307971,
    "IXZXYZYI": -0.03765836794307971,
    "IXZXXZXI": -0.03765836794307971,
    "IYZYXZXI": -0.03765836794307971,
    "YZYIIYZY": -0.03765836794307971,
    "YZYIIXZX": -0.03765836794307971,
    "XZXIIYZY": -0.03765836794307971,
    "XZXIIXZX": -0.03765836794307971,
    "IIYXXYII": 0.0343206776805355,
    "IIXXYYII": -0.0343206776805355,
    "IIXYYXII": 0.0343206776805355,
    "IIYYXXII": -0.0343206776805355,
    "XXIIYYII": -0.026958030271018892,
    "YXIIXYII": 0.026958030271018892,
    "XYIIYXII": 0.026958030271018892,
    "YYIIXXII": -0.026958030271018892,
    "IIXXIIYY": -0.026161331757792998,
    "IIXYIIYX": 0.026161331757792998,
    "IIYXIIXY": 0.026161331757792998,
    "IIYYIIXX": -0.026161331757792998,
    "IIYZIZYI": -0.02554524151443461,
    "IIIXZIZX": -0.02554524151443461,
    "IIIYZIZY": -0.02554524151443461,
    "IIXZIZXI": -0.02554524151443461,
    "IIXZXXZX": -0.024841613754402185,
    "IIXZXYZY": -0.024841613754402185,
    "IIYZYXZX": -0.024841613754402185,
    "IIIXYYXI": -0.024841613754402185,
    "IIIXXYYI": 0.024841613754402185,
    "IIIYYXXI": 0.024841613754402185,
    "IIIYXXYI": -0.024841613754402185,
    "IIYZYYZY": -0.024841613754402185,
    "YZZYXZZX": 0.02462824572968399,
    "IYXIIXYI": -0.02462824572968399,
    "YZZXXZZY": -0.02462824572968399,
    "IYYIIXXI": 0.02462824572968399,
    "IXXIIYYI": 0.02462824572968399,
    "IXYIIYXI": -0.02462824572968399,
    "XZZXYZZY": 0.02462824572968399,
    "XZZYYZZX": -0.02462824572968399,
    "IXXYYIII": -0.0245002385328726,
    "IXYYXIII": 0.0245002385328726,
    "IYXXYIII": 0.0245002385328726,
    "IYYXXIII": -0.0245002385328726,
    "XZXYZYII": 0.0245002385328726,
    "YZYXZXII": 0.0245002385328726,
    "XZXXZXII": 0.0245002385328726,
    "YZYYZYII": 0.0245002385328726,
    "IYZYIYZY": -0.024418228025864692,
    "YZYIYZYI": -0.024418228025864692,
    "XZXIXZXI": -0.024418228025864692,
    "IXZXIXZX": -0.024418228025864692,
    "XXIIIIYY": -0.0242673742498309,
    "XYIIIIYX": 0.0242673742498309,
    "YXIIIIXY": 0.0242673742498309,
    "YYIIIIXX": -0.0242673742498309,
    "IIYZZZYZ": -0.02338450413954819,
    "IIIXZZIX": -0.02338450413954819,
    "IIXZZZXZ": -0.02338450413954819,
    "IIIYZZIY": -0.02338450413954819,
    "XZIZXIII": 0.022048950231499095,
    "YZIZYIII": 0.022048950231499095,
    "IYZIZYII": 0.022048950231499095,
    "IXZIZXII": 0.022048950231499095,
    "XZZZXIIZ": 0.021476825762834346,
    "YZZZYIIZ": 0.021476825762834346,
    "IXZZZXZI": 0.021476825762834346,
    "IYZZZYZI": 0.021476825762834346,
    "IZYZZZYI": -0.021061897360589422,
    "ZIIXZZZX": -0.021061897360589422,
    "ZIIYZZZY": -0.021061897360589422,
    "IZXZZZXI": -0.021061897360589422,
    "YIZZYIII": 0.020391298291898445,
    "XIZZXIII": 0.020391298291898445,
    "ZYZZZYII": 0.020391298291898445,
    "ZXZZZXII": 0.020391298291898445,
    "IIIYZZZY": 0.017266560724924652,
    "IIXZZZXI": 0.017266560724924652,
    "IIYZZZYI": 0.017266560724924652,
    "IIIXZZZX": 0.017266560724924652,
    "XZZYIYXI": 0.01324013991721502,
    "IYYIYZZY": 0.01324013991721502,
    "IYXIXZZY": 0.01324013991721502,
    "IXYIYZZX": 0.01324013991721502,
    "IXXIXZZX": 0.01324013991721502,
    "YZZYIYYI": 0.01324013991721502,
    "YZZXIXYI": 0.01324013991721502,
    "XZZXIXXI": 0.01324013991721502,
    "IXZXIYZY": -0.013030122213395723,
    "IYZYIXZX": -0.013030122213395723,
    "XZXIYZYI": -0.013030122213395723,
    "YZYIXZXI": -0.013030122213395723,
    "YZXIXZYI": -0.01138810581246897,
    "IXZYIYZX": -0.01138810581246897,
    "IYZXIXZY": -0.01138810581246897,
    "XZYIYZXI": -0.01138810581246897,
    "IYZZZYIZ": 0.011234473400252853,
    "IXZZZXIZ": 0.011234473400252853,
    "XZZZXIZI": 0.011234473400252853,
    "YZZZYIZI": 0.011234473400252853,
    "XYIYZZXI": -0.01077099438968181,
    "YYIYZZYI": -0.01077099438968181,
    "YXIXZZYI": -0.01077099438968181,
    "XXIXZZXI": -0.01077099438968181,
    "XXYZZZZY": -0.010770994389681808,
    "XYYZZZZX": 0.010770994389681808,
    "YXXZZZZY": 0.010770994389681808,
    "YYXZZZZX": -0.010770994389681808,
    "IZIXZZZX": -0.010290902970907609,
    "ZIYZZZYI": -0.010290902970907609,
    "IZIYZZZY": -0.010290902970907609,
    "ZIXZZZXI": -0.010290902970907609,
    "XZZZZYYX": -0.010242352362581492,
    "YZZZZXXY": -0.010242352362581492,
    "IYZZYIYY": 0.010242352362581492,
    "IYZZXIXY": 0.010242352362581492,
    "IXZZYIYX": 0.010242352362581492,
    "IXZZXIXX": 0.010242352362581492,
    "YZZZZYXX": 0.010242352362581492,
    "XZZZZXYY": 0.010242352362581492,
    "IXZZZXII": 0.005562131997510936,
    "IYZZZYII": 0.005562131997510936,
    "YZZZYIII": 0.005562131997510936,
    "XZZZXIII": 0.005562131997510936,
    "IYIZZYII": -0.0024512883013735084,
    "XZZIXIII": -0.0024512883013735084,
    "YZZIYIII": -0.0024512883013735084,
    "IXIZZXII": -0.0024512883013735084,
    "YZZZYZII": 0.0017156570386365894,
    "IYZZIYII": 0.0017156570386365894,
    "IXZZIXII": 0.0017156570386365894,
    "XZZZXZII": 0.0017156570386365894,
    "IIZYZZZY": -0.0010141239253515751,
    "IIZXZZZX": -0.0010141239253515751,
    "IIYIZZYI": -0.001014123925351575,
    "IIXIZZXI": -0.001014123925351575,
    "IIXZZIXI": -0.0007036277600324235,
    "IIIXIZZX": -0.0007036277600324235,
    "IIIYIZZY": -0.0007036277600324235,
    "IIYZZIYI": -0.0007036277600324235
  },
  "data": {
    "molecule_id": "H4_singlet_Dooh",
    "qubit_encoding": "JW",
    "unit": "Angstrom",
    "basis": "sto-3g",
    "charge": 0,
    "multiplicity": 1,
    "spin": 0,
    "geometry": "H -1.5000000000 0.0000000000 0.0000000000\nH -0.5000000000 0.0000000000 0.0000000000\nH 0.5000000000 0.0000000000 0.0000000000\nH 1.5000000000 0.0000000000 0.0000000000",
    "n_qubits": 8,
    "n_particles": {
      "total": 4,
      "alpha": 2,
      "beta": 2
    },
    "hf_array": [
      1,
      1,
      1,
      1,
      0,
      0,
      0,
      0
    ],
    "hf_method": "pyscf.scf.hf_symm.SymAdaptedRHF",
    "convergence_threshold": 1e-06,
    "point_group": {
      "groupname": "Dooh",
      "topgroup": "Dooh"
    },
    "alpha": 1.0,
    "calculated_properties": {
      "HF": {
        "energy": -2.0985459369977173,
        "converged": true
      },
      "MP2": {
        "energy": -2.1397440121679767,
        "converged": false
      },