{
  "hamiltonian": {
    "IIIIIIII": 0.8969616829243872,
    "IIIIIIZI": -0.7178018366835419,
    "IIIIIIIZ": -0.7178018366835419,
    "ZIIIIIII": 0.2443249618501242,
    "IZIIIIII": 0.2443249618501242,
    "IIIIZIII": -0.19723837743825245,
    "IIIIIZII": -0.19723837743825243,
    "IIIIIIZZ": 0.18146640076978476,
    "IZIIIIZI": 0.15633082468354925,
    "ZIIIIIIZ": 0.15633082468354925,
    "IIIIZIIZ": 0.14633957579700235,
    "IIIIIZZI": 0.14633957579700235,
    "ZZIIIIII": 0.1455585294691444,
    "IIIZIIZI": 0.13836161392570168,
    "IIZIIIIZ": 0.13836161392570168,
    "IIIIZZII": 0.13800017583515783,
    "ZIIIIIZI": 0.13316396151662707,
    "IZIIIIIZ": 0.13316396151662707,
    "IZIIZIII": 0.1326747759428372,
    "ZIIIIZII": 0.1326747759428372,
    "IIZZIIII": 0.1318887051809599,
    "IIIZZIII": 0.1305191147688196,
    "IIZIIZII": 0.1305191147688196,
    "IZZIIIII": 0.1273412882757058,
    "ZIIZIIII": 0.1273412882757058,
    "IIIZIIIZ": 0.11323957666391714,
    "IIZIIIZI": 0.11323957666391714,
    "IIIIZIZI": 0.10725583477994949,
    "IIIIIZIZ": 0.10725583477994949,
    "ZIIIZIII": 0.10590971532796686,
    "IZIIIZII": 0.10590971532796686,
    "IIIZIZII": 0.09556925410671133,
    "IIZIZIII": 0.09556925410671133,
    "ZIZIIIII": 0.0888311436806056,
    "IZIZIIII": 0.0888311436806056,
    "IIIZIIII": 0.08617028808398831,
    "IIZIIIII": 0.0861702880839883,
    "IIIIXYYX": 0.039083741017052864,
    "IIIIXXYY": -0.039083741017052864,
    "IIIIYXXY": 0.039083741017052864,
    "IIIIYYXX": -0.039083741017052864,
    "XXYYIIII": -0.03851014459510019,
    "XYYXIIII": 0.03851014459510019,
    "YXXYIIII": 0.03851014459510019,
    "YYXXIIII": -0.03851014459510019,
    "YZYIIYZY": -0.035615566522592186,
    "IYZYYZYI": -0.035615566522592186,
    "IYZYXZXI": -0.035615566522592186,
    "IXZXYZYI": -0.035615566522592186,
    "IXZXXZXI": -0.035615566522592186,
    "YZYIIXZX": -0.035615566522592186,
    "XZXIIYZY": -0.035615566522592186,
    "XZXIIXZX": -0.035615566522592186,
    "IIXYYXII": 0.03494986066210828,
    "IIXXYYII": -0.03494986066210828,
    "IIYXXYII": 0.03494986066210828,
    "IIYYXXII": -0.03494986066210828,
    "IIIXZIZX": -0.03218386615489296,
    "IIIYZIZY": -0.03218386615489296,
    "IIXZIZXI": -0.03218386615489296,
    "IIYZIZYI": -0.03218386615489296,
    "IIYZZZYZ": -0.03008046831739487,
    "IIXZZZXZ": -0.03008046831739487,
    "IIIYZZIY": -0.03008046831739487,
    "IIIXZZIX": -0.03008046831739487,
    "IYZZZYZI": 0.027124509064627773,
    "YZZZYIIZ": 0.027124509064627773,
    "XZZZXIIZ": 0.027124509064627773,
    "IXZZZXZI": 0.027124509064627773,
    "YZYIYZYI": -0.02679142553843419,
    "IXZXIXZX": -0.02679142553843419,
    "IYZYIYZY": -0.02679142553843419,
    "XZXIXZXI": -0.02679142553843419,
    "YXIIXYII": 0.026765060614870315,
    "YYIIXXII": -0.026765060614870315,
    "XYIIYXII": 0.026765060614870315,
    "XXIIYYII": -0.026765060614870315,
    "IYXXYIII": 0.026721636264560183,
    "YZYYZYII": 0.026721636264560183,
    "IXXYYIII": -0.026721636264560183,
    "IYYXXIII": -0.026721636264560183,
    "XZXXZXII": 0.026721636264560183,
    "XZXYZYII": 0.026721636264560183,
    "YZYXZXII": 0.026721636264560183,
    "IXYYXIII": 0.026721636264560183,
    "IYZIZYII": 0.026649117695299714,
    "IXZIZXII": 0.026649117695299714,
    "XZIZXIII": 0.026649117695299714,
    "YZIZYIII": 0.026649117695299714,
    "IIXZXXZX": -0.025933163765018707,
    "IIXZXYZY": -0.025933163765018707,
    "IIYZYXZX": -0.025933163765018707,
    "IIIYYXXI": 0.025933163765018707,
    "IIIYXXYI": -0.025933163765018707,
    "IIIXYYXI": -0.025933163765018707,
    "IIYZYYZY": -0.025933163765018707,
    "IIIXXYYI": 0.025933163765018707,
    "IIIXZZZX": 0.02548509108029311,
    "IIIYZZZY": 0.02548509108029311,
    "IIYZZZYI": 0.025485091080293107,
    "IIXZZZXI": 0.025485091080293107,
    "IZXZZZXI": -0.025145974331262762,
    "ZIIXZZZX": -0.025145974331262762,
    "IZYZZZYI": -0.025145974331262762,
    "ZIIYZZZY": -0.025145974331262762,
    "IIXXIIYY": -0.025122037261784556,
    "IIXYIIYX": 0.025122037261784556,
    "IIYYIIXX": -0.025122037261784556,
    "IIYXIIXY": 0.025122037261784556,
    "XIZZXIII": 0.02416915128409827,
    "ZYZZZYII": 0.02416915128409827,
    "ZXZZZXII": 0.02416915128409827,
    "YIZZYIII": 0.02416915128409827,
    "YYIIIIXX": -0.023166863166922153,
    "YXIIIIXY": 0.023166863166922153,
    "XYIIIIYX": 0.023166863166922153,
    "XXIIIIYY": -0.023166863166922153,
    "IYYIIXXI": 0.023048145163145822,
    "IYXIIXYI": -0.023048145163145822,
    "IXYIIYXI": -0.023048145163145822,
    "IXXIIYYI": 0.023048145163145822,
    "XZZXYZZY": 0.023048145163145822,
    "YZZXXZZY": -0.023048145163145822,
    "YZZYXZZX": 0.023048145163145822,
    "XZZYYZZX": -0.023048145163145822,
    "IXZZZXIZ": 0.015032158344879027,
    "IYZZZYIZ": 0.015032158344879027,
    "YZZZYIZI": 0.015032158344879027,
    "XZZZXIZI": 0.015032158344879027,
    "IXZYIYZX": -0.014224004178987826,
    "IYZXIXZY": -0.014224004178987826,
    "YZXIXZYI": -0.014224004178987826,
    "XZYIYZXI": -0.014224004178987826,
    "IZIXZZZX": -0.01277195108973174,
    "IZIYZZZY": -0.01277195108973174,
    "ZIXZZZXI": -0.01277195108973174,
    "ZIYZZZYI": -0.01277195108973174,
    "IXZXIYZY": -0.012567421359446364,
    "IYZYIXZX": -0.012567421359446364,
    "YZYIXZXI": -0.012567421359446364,
    "XZXIYZYI": -0.012567421359446364,
    "YYIYZZYI": -0.012374023241531022,
    "XYIYZZXI": -0.012374023241531022,
    "YXIXZZYI": -0.012374023241531022,
    "YXXZZZZY": 0.012374023241531022,
    "XXIXZZXI": -0.012374023241531022,
    "XYYZZZZX": 0.012374023241531022,
    "XXYZZZZY": -0.012374023241531022,
    "YYXZZZZX": -0.012374023241531022,
    "IYZZXIXY": 0.01209235071974875,
    "IXZZXIXX": 0.01209235071974875,
    "XZZZZXYY": 0.01209235071974875,
    "XZZZZYYX": -0.01209235071974875,
    "YZZZZXXY": -0.01209235071974875,
    "YZZZZYXX": 0.01209235071974875,
    "IYZZYIYY": 0.01209235071974875,
    "IXZZYIYX": 0.01209235071974875,
    "XZZYIYXI": 0.008824140984158,
    "XZZXIXXI": 0.008824140984158,
    "YZZXIXYI": 0.008824140984158,
    "IYYIYZZY": 0.008824140984158,
    "IYXIXZZY": 0.008824140984158,
    "IXYIYZZX": 0.008824140984158,
    "IXXIXZZX": 0.008824140984158,
    "YZZYIYYI": 0.008824140984158,
    "IYZZIYII": 0.007410962976572455,
    "IXZZIXII": 0.007410962976572455,
    "YZZZYZII": 0.007410962976572455,
    "XZZZXZII": 0.007410962976572455,
    "IIIXIZZX": -0.006250702389874244,
    "IIXZZIXI": -0.006250702389874244,
    "IIYZZIYI": -0.006250702389874244,
    "IIIYIZZY": -0.006250702389874244,
    "IIXIZZXI": -0.005109684674675113,
    "IIZXZZZX": -0.005109684674675113,
    "IIZYZZZY": -0.005109684674675113,
    "IIYIZZYI": -0.005109684674675113,
    "YZZZYIII": 0.0011759295113043314,
    "XZZZXIII": 0.0011759295113043314,
    "IXZZZXII": 0.0011759295113043296,
    "IYZZZYII": 0.0011759295113043296,
    "IXIZZXII": -7.251856926046785e-05,
    "YZZIYIII": -7.251856926046785e-05,
    "XZZIXIII": -7.251856926046785e-05,
    "IYIZZYII": -7.251856926046785e-05
  },
  "data": {
    "molecule_id": "H4_singlet_Dooh",
    "qubit_encoding": "JW",
    "unit": "Angstrom",
    "basis": "sto-3g",
    "charge": 0,
    "multiplicity": 1,
    "spin": 0,
    "geometry": "H -1.0500000000 0.0000000000 0.0000000000\nH -0.3500000000 0.0000000000 0.0000000000\nH 0.3500000000 0.0000000000 0.0000000000\nH 1.0500000000 0.0000000000 0.0000000000",
    "n_qubits": 8,
    "n_particles": {
      "total": 4,
      "alpha": 2,
      "beta": 2
    },
    "hf_array": [
      1,
      1,
      1,
      1,
      0,
      0,
      0,
      0
    ],
    "hf_method": "pyscf.scf.hf_symm.SymAdaptedRHF",
    "convergence_threshold": 1e-06,
    "point_group": {
      "groupname": "Dooh",
      "topgroup": "Dooh"
    },
    "alpha": 0.7,
    "calculated_properties": {
      "HF": {
        "energy": -2.0691974227381116,
        "converged": true
      },
      "MP2": {
        "energy": -2.0951688038576273,
        "converged": false
      },