{
  "hamiltonian": {
    "IIIIIIII": -1.082085820606503,
    "IIIIIIZZ": 0.08484910081129657,
    "ZIIIIIIZ": 0.08244232754262741,
    "IZIIIIZI": 0.08244232754262741,
    "ZZIIIIII": 0.0804545273053904,
    "IIIIZZII": 0.07901028369238569,
    "IIZIIZII": 0.0780570037810632,
    "IIIZZIII": 0.0780570037810632,
    "IIIIIZZI": 0.07771151492363823,
    "IIIIZIIZ": 0.07771151492363823,
    "IIZZIIII": 0.07743288262701355,
    "IIIZIIZI": 0.07705371008970194,
    "IIZIIIIZ": 0.07705371008970194,
    "ZIIIIZII": 0.07569307533339398,
    "IZIIZIII": 0.07569307533339398,
    "ZIIZIIII": 0.07515553065659367,
    "IZZIIIII": 0.07515553065659367,
    "IZIIIIII": 0.06309824068165068,
    "ZIIIIIII": 0.06309824068165067,
    "ZIIIIIZI": 0.04946115893760629,
    "IZIIIIIZ": 0.04946115893760629,
    "IIIZIIII": 0.0486739343704171,
    "IIZIIIII": 0.04867393437041709,
    "IIIIXXYY": -0.04483136917831941,
    "IIIIXYYX": 0.04483136917831941,
    "IIIIYXXY": 0.04483136917831941,
    "IIIIYYXX": -0.04483136917831941,
    "YZYIIXZX": -0.04371260289459421,
    "IXZXXZXI": -0.04371260289459421,
    "IXZXYZYI": -0.04371260289459421,
    "IYZYXZXI": -0.04371260289459421,
    "IYZYYZYI": -0.04371260289459421,
    "YZYIIYZY": -0.04371260289459421,
    "XZXIIYZY": -0.04371260289459421,
    "XZXIIXZX": -0.04371260289459421,
    "YYXXIIII": -0.04284339755878492,
    "YXXYIIII": 0.04284339755878492,
    "XYYXIIII": 0.04284339755878492,
    "XXYYIIII": -0.04284339755878492,
    "IIZIIIZI": 0.041446563081068186,
    "IIIZIIIZ": 0.041446563081068186,
    "IIZIZIII": 0.0410678870561191,
    "IIIZIZII": 0.0410678870561191,
    "IZIIIZII": 0.040985447364077256,
    "ZIIIZIII": 0.040985447364077256,
    "IIXYYXII": 0.03698911672494409,
    "IIYXXYII": 0.03698911672494409,
    "IIYYXXII": -0.03698911672494409,
    "IIXXYYII": -0.03698911672494409,
    "IIXXIIYY": -0.035607147008633745,
    "IIXYIIYX": 0.035607147008633745,
    "IIYXIIXY": 0.035607147008633745,
    "IIYYIIXX": -0.035607147008633745,
    "YZZXXZZY": -0.035088843633936904,
    "YZZYXZZX": 0.035088843633936904,
    "IYXIIXYI": -0.035088843633936904,
    "XZZXYZZY": 0.035088843633936904,
    "IYYIIXXI": 0.035088843633936904,
    "XZZYYZZX": -0.035088843633936904,
    "IXYIIYXI": -0.035088843633936904,
    "IXXIIYYI": 0.035088843633936904,
    "XXIIYYII": -0.034707627969316715,
    "XYIIYXII": 0.034707627969316715,
    "YXIIXYII": 0.034707627969316715,
    "YYIIXXII": -0.034707627969316715,
    "YYIIIIXX": -0.03298116860502113,
    "YXIIIIXY": 0.03298116860502113,
    "XXIIIIYY": -0.03298116860502113,
    "XYIIIIYX": 0.03298116860502113,
    "IIIIIZIZ": 0.03288014574531882,
    "IIIIZIZI": 0.03288014574531882,
    "ZIZIIIII": 0.032312133097808754,
    "IZIZIIII": 0.032312133097808754,
    "IXXIXZZX": 0.03004535477436097,
    "IXYIYZZX": 0.03004535477436097,
    "IYXIXZZY": 0.03004535477436097,
    "YZZYIYYI": 0.03004535477436097,
    "YZZXIXYI": 0.03004535477436097,
    "XZZXIXXI": 0.03004535477436097,
    "IYYIYZZY": 0.03004535477436097,
    "XZZYIYXI": 0.03004535477436097,
    "IIIIZIII": 0.0298636199602426,
    "IIIIIZII": 0.0298636199602426,
    "IIIYXXYI": -0.015058653460328374,
    "IIXZXYZY": -0.015058653460328374,
    "IIYZYYZY": -0.015058653460328374,
    "IIIXXYYI": 0.015058653460328374,
    "IIIXYYXI": -0.015058653460328374,
    "IIXZXXZX": -0.015058653460328374,
    "IIIYYXXI": 0.015058653460328374,
    "IIYZYXZX": -0.015058653460328374,
    "IYYXXIII": -0.014586125036288292,
    "XZXXZXII": 0.014586125036288292,
    "IYXXYIII": 0.014586125036288292,
    "YZYYZYII": 0.014586125036288292,
    "YZYXZXII": 0.014586125036288292,
    "XZXYZYII": 0.014586125036288292,
    "IXXYYIII": -0.014586125036288292,
    "IXYYXIII": 0.014586125036288292,
    "XZXIXZXI": -0.013667248120233236,
    "YZYIYZYI": -0.013667248120233236,
    "IYZYIYZY": -0.013667248120233236,
    "IXZXIXZX": -0.013667248120233236,
    "IIIXZZIX": -0.01332264778669579,
    "IIIYZZIY": -0.01332264778669579,
    "IIYZZZYZ": -0.01332264778669579,
    "IIXZZZXZ": -0.01332264778669579,
    "ZIIYZZZY": -0.012805635729534736,
    "IZYZZZYI": -0.012805635729534736,
    "IZXZZZXI": -0.012805635729534736,
    "ZIIXZZZX": -0.012805635729534736,
    "YZZZYIIZ": 0.012789726272432096,
    "XZZZXIIZ": 0.012789726272432096,
    "IXZZZXZI": 0.012789726272432096,
    "IYZZZYZI": 0.012789726272432096,
    "ZYZZZYII": 0.012361530314244033,
    "XIZZXIII": 0.012361530314244033,
    "ZXZZZXII": 0.012361530314244033,
    "YIZZYIII": 0.012361530314244033,
    "IIIIIIIZ": 0.011996646988881768,
    "IIIIIIZI": 0.011996646988881754,
    "IIIXZIZX": -0.01113477322148673,
    "IIIYZIZY": -0.01113477322148673,
    "IIYZIZYI": -0.01113477322148673,
    "IIXZIZXI": -0.01113477322148673,
    "XZIZXIII": 0.010798762715848736,
    "IXZIZXII": 0.010798762715848736,
    "YZIZYIII": 0.010798762715848736,
    "IYZIZYII": 0.010798762715848736,
    "XZXIYZYI": -0.008623759260657303,
    "IXZXIYZY": -0.008623759260657303,
    "YZYIXZXI": -0.008623759260657303,
    "IYZYIXZX": -0.008623759260657303,
    "IZIXZZZX": -0.006828713585314556,
    "IZIYZZZY": -0.006828713585314556,
    "ZIYZZZYI": -0.006828713585314556,
    "ZIXZZZXI": -0.006828713585314556,
    "IXZZZXIZ": 0.006820245227615473,
    "IYZZZYIZ": 0.006820245227615473,
    "XZZZXIZI": 0.006820245227615473,
    "YZZZYIZI": 0.006820245227615473,
    "XXIXZZXI": -0.00597692214422018,
    "YXIXZZYI": -0.00597692214422018,
    "YYIYZZYI": -0.00597692214422018,
    "XYIYZZXI": -0.00597692214422018,
    "YXXZZZZY": 0.00597692214422018,
    "XYYZZZZX": 0.00597692214422018,
    "YYXZZZZX": -0.00597692214422018,
    "XXYZZZZY": -0.00597692214422018,
    "IYZZYIYY": 0.005969481044816624,
    "XZZZZXYY": 0.005969481044816624,
    "XZZZZYYX": -0.005969481044816624,
    "YZZZZXXY": -0.005969481044816624,
    "YZZZZYXX": 0.005969481044816624,
    "IYZZXIXY": 0.005969481044816624,
    "IXZZYIYX": 0.005969481044816624,
    "IXZZXIXX": 0.005969481044816624,
    "YZXIXZYI": -0.005043488859575933,
    "XZYIYZXI": -0.005043488859575933,
    "IYZXIXZY": -0.005043488859575933,
    "IXZYIYZX": -0.005043488859575933,
    "IIYZZZYI": 0.004335827818727054,
    "IIXZZZXI": 0.004335827818727054,
    "IIIXZZZX": 0.004335827818727052,
    "IIIYZZZY": 0.004335827818727052,
    "IYZZIYII": -0.004114000942445614,
    "IXZZIXII": -0.004114000942445614,
    "XZZZXZII": -0.004114000942445614,
    "YZZZYZII": -0.004114000942445614,
    "IIIXIZZX": 0.003923880238841645,
    "IIIYIZZY": 0.003923880238841645,
    "IIYZZIYI": 0.003923880238841645,
    "IIXZZIXI": 0.003923880238841645,
    "IXZZZXII": 0.0038780959958644176,
    "IYZZZYII": 0.0038780959958644176,
    "XZZZXIII": 0.0038780959958644168,
    "YZZZYIII": 0.0038780959958644168,
    "IXIZZXII": -0.003787362320439555,
    "IYIZZYII": -0.003787362320439555,
    "YZZIYIII": -0.003787362320439555,
    "XZZIXIII": -0.003787362320439555,
    "IIYIZZYI": 0.003436069981095897,
    "IIXIZZXI": 0.003436069981095897,
    "IIZYZZZY": 0.003436069981095897,
    "IIZXZZZX": 0.003436069981095897
  },
  "data": {
    "molecule_id": "H4_singlet_Dooh",
    "qubit_encoding": "JW",
    "unit": "Angstrom",
    "basis": "sto-3g",
    "charge": 0,
    "multiplicity": 1,
    "spin": 0,
    "geometry": "H -3.6000000000 0.0000000000 0.0000000000\nH -1.2000000000 0.0000000000 0.0000000000\nH 1.2000000000 0.0000000000 0.0000000000\nH 3.6000000000 0.0000000000 0.0000000000",
    "n_qubits": 8,
    "n_particles": {
      "total": 4,
      "alpha": 2,
      "beta": 2
    },
    "hf_array": [
      1,
      1,
      1,
      1,
      0,
      0,
      0,
      0
    ],
    "hf_method": "pyscf.scf.hf_symm.SymAdaptedRHF",
    "convergence_threshold": 1e-06,
    "point_group": {
      "groupname": "Dooh",
      "topgroup": "Dooh"
    },
    "alpha": 2.4,
    "calculated_properties": {
      "HF": {
        "energy": -1.4364585399009004,
        "converged": true
      },
      "MP2": {
        "energy": -1.7000206846471633,