{
  "hamiltonian": {
    "IIIIIIII": 3.147925551189111,
    "IIIIIIZI": -1.3725056561431745,
    "IIIIIIIZ": -1.3725056561431743,
    "IIIIIZII": -0.3800597900767096,
    "IIIIZIII": -0.38005979007670954,
    "IZIIIIII": 0.3077993254490124,
    "ZIIIIIII": 0.3077993254490123,
    "IIIIIIZZ": 0.23068993709361665,
    "ZIIIIIIZ": 0.184423487674457,
    "IZIIIIZI": 0.184423487674457,
    "IIIIZIIZ": 0.17630046000358357,
    "IIIIIZZI": 0.17630046000358357,
    "ZZIIIIII": 0.16502591739239167,
    "ZIIIIIZI": 0.16121620736621656,
    "IZIIIIIZ": 0.16121620736621656,
    "IIZIIIIZ": 0.1612162039138637,
    "IIIZIIZI": 0.1612162039138637,
    "IIIIZZII": 0.15996147854658294,
    "ZIIIIZII": 0.1531867672625526,
    "IZIIZIII": 0.1531867672625526,
    "IIIZZIII": 0.14879208981105363,
    "IIZIIZII": 0.14879208981105363,
    "IIZZIIII": 0.14878395147505222,
    "ZIIZIIII": 0.1440979254670923,
    "IZZIIIII": 0.1440979254670923,
    "IIIIZIZI": 0.13800521395839452,
    "IIIIIZIZ": 0.13800521395839452,
    "IIZIIIZI": 0.13646332692925853,
    "IIIZIIIZ": 0.13646332692925853,
    "ZIIIZIII": 0.12598113334107422,
    "IZIIIZII": 0.12598113334107422,
    "IIZIZIII": 0.11280279113011274,
    "IIIZIZII": 0.11280279113011274,
    "ZIZIIIII": 0.10736662686576405,
    "IZIZIIII": 0.10736662686576405,
    "IIZIIIII": 0.06182171651907156,
    "IIIZIIII": 0.06182171651907156,
    "IIIYZZIY": -0.04048360091952675,
    "IIXZZZXZ": -0.04048360091952675,
    "IIYZZZYZ": -0.04048360091952675,
    "IIIXZZIX": -0.04048360091952675,
    "IIIIYXXY": 0.038295246045189045,
    "IIIIXYYX": 0.038295246045189045,
    "IIIIXXYY": -0.038295246045189045,
    "IIIIYYXX": -0.038295246045189045,
    "IIXZIZXI": -0.03802618048760401,
    "IIYZIZYI": -0.03802618048760401,
    "IIIYZIZY": -0.03802618048760401,
    "IIIXZIZX": -0.03802618048760401,
    "XZZZXIIZ": 0.037113403506482325,
    "IXZZZXZI": 0.037113403506482325,
    "IYZZZYZI": 0.037113403506482325,
    "YZZZYIIZ": 0.037113403506482325,
    "IIIXZZZX": 0.037049994654610924,
    "IIXZZZXI": 0.037049994654610924,
    "IIYZZZYI": 0.037049994654610924,
    "IIIYZZZY": 0.037049994654610924,
    "YXXYIIII": 0.03673129860132826,
    "XYYXIIII": 0.03673129860132826,
    "XXYYIIII": -0.03673129860132826,
    "YYXXIIII": -0.03673129860132826,
    "IIYYXXII": -0.03598929868094086,
    "IIYXXYII": 0.03598929868094086,
    "IIXYYXII": 0.03598929868094086,
    "IIXXYYII": -0.03598929868094086,
    "YZYIIYZY": -0.03363022637396909,
    "YZYIIXZX": -0.03363022637396909,
    "XZXIIYZY": -0.03363022637396909,
    "IXZXXZXI": -0.03363022637396909,
    "IYZYYZYI": -0.03363022637396909,
    "IYZYXZXI": -0.03363022637396909,
    "XZXIIXZX": -0.03363022637396909,
    "IXZXYZYI": -0.03363022637396909,
    "XZIZXIII": 0.030861087395494258,
    "YZIZYIII": 0.030861087395494258,
    "IYZIZYII": 0.030861087395494258,
    "IXZIZXII": 0.030861087395494258,
    "ZIIYZZZY": -0.029158208665876643,
    "IZXZZZXI": -0.029158208665876643,
    "IZYZZZYI": -0.029158208665876643,
    "ZIIXZZZX": -0.029158208665876643,
    "ZYZZZYII": 0.028543814201293635,
    "ZXZZZXII": 0.028543814201293635,
    "YIZZYIII": 0.028543814201293632,
    "XIZZXIII": 0.028543814201293632,
    "YZYIYZYI": -0.02789667128982262,
    "XZXIXZXI": -0.02789667128982262,
    "IXZXIXZX": -0.02789667128982262,
    "IYZYIYZY": -0.02789667128982262,
    "IYXXYIII": 0.02774168337101838,
    "IYYXXIII": -0.02774168337101838,
    "IXXYYIII": -0.02774168337101838,
    "IXYYXIII": 0.02774168337101838,
    "XZXXZXII": 0.02774168337101838,
    "YZYXZXII": 0.02774168337101838,
    "YZYYZYII": 0.02774168337101838,
    "XZXYZYII": 0.02774168337101838,
    "YXIIXYII": 0.027205633921478376,
    "YYIIXXII": -0.027205633921478376,
    "XXIIYYII": -0.027205633921478376,
    "XYIIYXII": 0.027205633921478376,
    "IIXZXXZX": -0.025645687770398648,
    "IIYZYXZX": -0.025645687770398648,
    "IIIYXXYI": -0.025645687770398648,
    "IIIYYXXI": 0.025645687770398648,
    "IIIXYYXI": -0.025645687770398648,
    "IIIXXYYI": 0.025645687770398648,
    "IIYZYYZY": -0.025645687770398648,
    "IIXZXYZY": -0.025645687770398648,
    "IIYYIIXX": -0.024752876984605186,
    "IIXYIIYX": 0.024752876984605186,
    "IIXXIIYY": -0.024752876984605186,
    "IIYXIIXY": 0.024752876984605186,
    "XYIIIIYX": 0.023207280308240437,
    "YXIIIIXY": 0.023207280308240437,
    "XXIIIIYY": -0.023207280308240437,
    "YYIIIIXX": -0.023207280308240437,
    "XZZXYZZY": 0.02259272437548089,
    "IXXIIYYI": 0.02259272437548089,
    "IXYIIYXI": -0.02259272437548089,
    "IYXIIXYI": -0.02259272437548089,
    "IYYIIXXI": 0.02259272437548089,
    "XZZYYZZX": -0.02259272437548089,
    "YZZXXZZY": -0.02259272437548089,
    "YZZYXZZX": 0.02259272437548089,
    "IYZZZYIZ": 0.022058136150528745,
    "YZZZYIZI": 0.022058136150528745,
    "XZZZXIZI": 0.022058136150528745,
    "IXZZZXIZ": 0.022058136150528745,
    "IXZYIYZX": -0.01685916929133441,
    "IYZXIXZY": -0.01685916929133441,
    "YZXIXZYI": -0.01685916929133441,
    "XZYIYZXI": -0.01685916929133441,
    "ZIYZZZYI": -0.015676538668238912,
    "ZIXZZZXI": -0.015676538668238912,
    "IZIYZZZY": -0.015676538668238912,
    "IZIXZZZX": -0.015676538668238912,
    "XZZZZYYX": -0.01505526735595358,
    "XZZZZXYY": 0.01505526735595358,
    "YZZZZXXY": -0.01505526735595358,
    "IYZZXIXY": 0.01505526735595358,
    "IXZZYIYX": 0.01505526735595358,
    "IYZZYIYY": 0.01505526735595358,
    "IXZZXIXX": 0.01505526735595358,
    "YZZZZYXX": 0.01505526735595358,
    "IYZZIYII": 0.013741901125808339,
    "IXZZIXII": 0.013741901125808339,
    "XZZZXZII": 0.013741901125808339,
    "YZZZYZII": 0.013741901125808339,
    "XYYZZZZX": 0.013481669997637735,
    "XXYZZZZY": -0.013481669997637735,
    "YYXZZZZX": -0.013481669997637735,
    "YXXZZZZY": 0.013481669997637735,
    "XXIXZZXI": -0.013481669997637733,
    "XYIYZZXI": -0.013481669997637733,
    "YYIYZZYI": -0.013481669997637733,
    "YXIXZZYI": -0.013481669997637733,
    "IIYZZIYI": -0.012380492717205361,
    "IIXZZIXI": -0.012380492717205361,
    "IIIYIZZY": -0.012380492717205361,
    "IIIXIZZX": -0.012380492717205361,
    "IXZXIYZY": -0.011037501998488207,
    "YZYIXZXI": -0.011037501998488207,
    "XZXIYZYI": -0.011037501998488207,
    "IYZYIXZX": -0.011037501998488207,
    "IXZZZXII": -0.010392372404516962,
    "IYZZZYII": -0.010392372404516962,
    "XZZZXIII": -0.010392372404516962,
    "YZZZYIII": -0.010392372404516962,
    "IIYIZZYI": -0.009002461869645392,
    "IIXIZZXI": -0.009002461869645392,
    "IIZYZZZY": -0.00900246186964539,
    "IIZXZZZX": -0.00900246186964539,
    "YZZXIXYI": 0.005733555084146474,
    "IYYIYZZY": 0.005733555084146474,
    "IYXIXZZY": 0.005733555084146474,
    "IXYIYZZX": 0.005733555084146474,
    "IXXIXZZX": 0.005733555084146474,
    "YZZYIYYI": 0.005733555084146474,
    "XZZXIXXI": 0.005733555084146474,
    "XZZYIYXI": 0.005733555084146474,
    "IYIZZYII": 0.0031194040244758806,
    "IXIZZXII": 0.0031194040244758806,
    "XZZIXIII": 0.0031194040244758806,
    "YZZIYIII": 0.0031194040244758806
  },
  "data": {
    "molecule_id": "H4_singlet_Dooh",
    "qubit_encoding": "JW",
    "unit": "Angstrom",
    "basis": "sto-3g",
    "charge": 0,
    "multiplicity": 1,
    "spin": 0,
    "geometry": "H -0.7500000000 0.0000000000 0.0000000000\nH -0.2500000000 0.0000000000 0.0000000000\nH 0.2500000000 0.0000000000 0.0000000000\nH 0.7500000000 0.0000000000 0.0000000000",
    "n_qubits": 8,
    "n_particles": {
      "total": 4,
      "alpha": 2,
      "beta": 2
    },
    "hf_array": [
      1,
      1,
      1,
      1,
      0,
      0,
      0,
      0
    ],
    "hf_method": "pyscf.scf.hf_symm.SymAdaptedRHF",
    "convergence_threshold": 1e-06,
    "point_group": {
      "groupname": "Dooh",
      "topgroup": "Dooh"
    },
    "alpha": 0.5,
    "calculated_properties": {
      "HF": {
        "energy": -1.628609702946692,
        "converged": true
      },
      "MP2": {
        "energy": -1.6469691687293286,
        "converged": false
      },