{
  "hamiltonian": {
    "IIIIIIII": -1.0235013247099718,
    "IIIIIIZZ": 0.10074029589538509,
    "IZIIIIZI": 0.09560376548757701,
    "ZIIIIIIZ": 0.09560376548757701,
    "IZIIIIII": 0.094479146431277,
    "ZIIIIIII": 0.09447914643127694,
    "ZZIIIIII": 0.0922784905896919,
    "IIIIZZII": 0.08935073406490668,
    "IIIIZIIZ": 0.08783272898846972,
    "IIIIIZZI": 0.08783272898846972,
    "IIZIIZII": 0.08733329143152241,
    "IIIZZIII": 0.08733329143152241,
    "IIZZIIII": 0.08679852101616176,
    "IIIZIIZI": 0.08647048587864987,
    "IIZIIIIZ": 0.08647048587864987,
    "ZIIIIZII": 0.08399779125710033,
    "IZIIZIII": 0.08399779125710033,
    "IZZIIIII": 0.08310528434923556,
    "ZIIZIIII": 0.08310528434923556,
    "ZIIIIIZI": 0.06603138827192817,
    "IZIIIIIZ": 0.06603138827192817,
    "IIIZIIII": 0.06162548486453345,
    "IIZIIIII": 0.06162548486453344,
    "IIZIIIZI": 0.05487303188773411,
    "IIIZIIIZ": 0.05487303188773411,
    "ZIIIZIII": 0.05340334130626154,
    "IZIIIZII": 0.05340334130626154,
    "IIZIZIII": 0.05138534788906079,
    "IIIZIZII": 0.05138534788906079,
    "IIIIZIZI": 0.044676354793097235,
    "IIIIIZIZ": 0.044676354793097235,
    "IIIIXYYX": 0.04315637419537248,
    "IIIIXXYY": -0.04315637419537248,
    "IIIIYXXY": 0.04315637419537248,
    "IIIIYYXX": -0.04315637419537248,
    "ZIZIIIII": 0.04263918198945468,
    "IZIZIIII": 0.04263918198945468,
    "IIIIIIZI": -0.04138574766905302,
    "IIIIIIIZ": -0.04138574766905297,
    "IYZYYZYI": -0.0412515902190061,
    "XZXIIXZX": -0.0412515902190061,
    "YZYIIXZX": -0.0412515902190061,
    "XZXIIYZY": -0.0412515902190061,
    "IYZYXZXI": -0.0412515902190061,
    "IXZXYZYI": -0.0412515902190061,
    "IXZXXZXI": -0.0412515902190061,
    "YZYIIYZY": -0.0412515902190061,
    "XXYYIIII": -0.04046610235978088,
    "XYYXIIII": 0.04046610235978088,
    "YXXYIIII": 0.04046610235978088,
    "YYXXIIII": -0.04046610235978088,
    "IIXXYYII": -0.03594794354246163,
    "IIYYXXII": -0.03594794354246163,
    "IIXYYXII": 0.03594794354246163,
    "IIYXXYII": 0.03594794354246163,
    "IIXYIIYX": 0.031597453990915764,
    "IIXXIIYY": -0.031597453990915764,
    "IIYYIIXX": -0.031597453990915764,
    "IIYXIIXY": 0.031597453990915764,
    "IYYIIXXI": 0.030739121724616566,
    "IXXIIYYI": 0.030739121724616566,
    "XZZXYZZY": 0.030739121724616566,
    "XZZYYZZX": -0.030739121724616566,
    "YZZXXZZY": -0.030739121724616566,
    "YZZYXZZX": 0.030739121724616566,
    "IXYIIYXI": -0.030739121724616566,
    "IYXIIXYI": -0.030739121724616566,
    "YYIIXXII": -0.030594449950838796,
    "YXIIXYII": 0.030594449950838796,
    "XYIIYXII": 0.030594449950838796,
    "XXIIYYII": -0.030594449950838796,
    "XYIIIIYX": 0.02957237721564885,
    "YXIIIIXY": 0.02957237721564885,
    "YYIIIIXX": -0.02957237721564885,
    "XXIIIIYY": -0.02957237721564885,
    "IYYIYZZY": 0.023711979285780525,
    "IYXIXZZY": 0.023711979285780525,
    "IXYIYZZX": 0.023711979285780525,
    "IXXIXZZX": 0.023711979285780525,
    "YZZXIXYI": 0.023711979285780525,
    "XZZXIXXI": 0.023711979285780525,
    "YZZYIYYI": 0.023711979285780525,
    "XZZYIYXI": 0.023711979285780525,
    "IIXZXYZY": -0.019661099192966817,
    "IIIYYXXI": 0.019661099192966817,
    "IIIYXXYI": -0.019661099192966817,
    "IIIXYYXI": -0.019661099192966817,
    "IIIXXYYI": 0.019661099192966817,
    "IIYZYYZY": -0.019661099192966817,
    "IIXZXXZX": -0.019661099192966817,
    "IIYZYXZX": -0.019661099192966817,
    "IXYYXIII": 0.01877211412524489,
    "XZXYZYII": 0.01877211412524489,
    "YZYXZXII": 0.01877211412524489,
    "IXXYYIII": -0.01877211412524489,
    "XZXXZXII": 0.01877211412524489,
    "YZYYZYII": 0.01877211412524489,
    "IYXXYIII": 0.01877211412524489,
    "IYYXXIII": -0.01877211412524489,
    "XZXIXZXI": -0.017539610933225577,
    "IYZYIYZY": -0.017539610933225577,
    "IXZXIXZX": -0.017539610933225577,
    "YZYIYZYI": -0.017539610933225577,
    "IIXZZZXZ": -0.01683057029563849,
    "IIIXZZIX": -0.01683057029563849,
    "IIYZZZYZ": -0.01683057029563849,
    "IIIYZZIY": -0.01683057029563849,
    "IZYZZZYI": -0.015944347076598753,
    "IZXZZZXI": -0.015944347076598753,
    "ZIIXZZZX": -0.015944347076598753,
    "ZIIYZZZY": -0.015944347076598753,
    "IYZZZYZI": 0.015922663088744293,
    "XZZZXIIZ": 0.015922663088744293,
    "YZZZYIIZ": 0.015922663088744293,
    "IXZZZXZI": 0.015922663088744293,
    "IIIXZIZX": -0.015439894641356061,
    "IIYZIZYI": -0.015439894641356061,
    "IIXZIZXI": -0.015439894641356061,
    "IIIYZIZY": -0.015439894641356061,
    "ZXZZZXII": 0.015351023163357987,
    "ZYZZZYII": 0.015351023163357987,
    "XIZZXIII": 0.015351023163357985,
    "YIZZYIII": 0.015351023163357985,
    "YZIZYIII": 0.01442254469432723,
    "XZIZXIII": 0.01442254469432723,
    "IXZIZXII": 0.01442254469432723,
    "IYZIZYII": 0.01442254469432723,
    "IIIIIZII": 0.012068333115063938,
    "IIIIZIII": 0.01206833311506389,
    "XZXIYZYI": -0.010512468494389538,
    "IYZYIXZX": -0.010512468494389538,
    "YZYIXZXI": -0.010512468494389538,
    "IXZXIYZY": -0.010512468494389538,
    "XYYZZZZX": 0.008230351078191716,
    "XYIYZZXI": -0.008230351078191716,
    "XXIXZZXI": -0.008230351078191716,
    "XXYZZZZY": -0.008230351078191716,
    "YYXZZZZX": -0.008230351078191716,
    "YXXZZZZY": 0.008230351078191716,
    "YYIYZZYI": -0.008230351078191716,
    "YXIXZZYI": -0.008230351078191716,
    "YZZZZXXY": -0.00814591858221796,
    "XZZZZYYX": -0.00814591858221796,
    "IXZZYIYX": 0.00814591858221796,
    "IYZZXIXY": 0.00814591858221796,
    "IYZZYIYY": 0.00814591858221796,
    "XZZZZXYY": 0.00814591858221796,
    "YZZZZYXX": 0.00814591858221796,
    "IXZZXIXX": 0.00814591858221796,
    "IIIYZZZY": 0.007929248583235647,
    "IIIXZZZX": 0.007929248583235647,
    "IIYZZZYI": 0.007929248583235647,
    "IIXZZZXI": 0.007929248583235647,
    "IYZZZYIZ": 0.007776744506526333,
    "IXZZZXIZ": 0.007776744506526333,
    "YZZZYIZI": 0.007776744506526333,
    "XZZZXIZI": 0.007776744506526333,
    "ZIYZZZYI": -0.007713995998407035,
    "ZIXZZZXI": -0.007713995998407035,
    "IZIXZZZX": -0.007713995998407035,
    "IZIYZZZY": -0.007713995998407035,
    "IXZYIYZX": -0.007027142438836039,
    "IYZXIXZY": -0.007027142438836039,
    "YZXIXZYI": -0.007027142438836039,
    "XZYIYZXI": -0.007027142438836039,
    "IYZZZYII": 0.005892891618737784,
    "IXZZZXII": 0.005892891618737784,
    "YZZZYIII": 0.005892891618737777,
    "XZZZXIII": 0.005892891618737777,
    "IYIZZYII": -0.004349569430917657,
    "IXIZZXII": -0.004349569430917657,
    "XZZIXIII": -0.004349569430917657,
    "YZZIYIII": -0.004349569430917657,
    "IIYZZIYI": 0.004221204551610756,
    "IIIXIZZX": 0.004221204551610756,
    "IIXZZIXI": 0.004221204551610756,
    "IIIYIZZY": 0.004221204551610756,
    "XZZZXZII": -0.004167749758497192,
    "YZZZYZII": -0.004167749758497192,
    "IXZZIXII": -0.004167749758497192,
    "IYZZIYII": -0.004167749758497192,
    "IIXIZZXI": 0.003537711098773306,
    "IIYIZZYI": 0.003537711098773306,
    "IIZXZZZX": 0.0035377110987733057,
    "IIZYZZZY": 0.0035377110987733057
  },
  "data": {
    "molecule_id": "H4_singlet_Dooh",
    "qubit_encoding": "JW",
    "unit": "Angstrom",
    "basis": "sto-3g",
    "charge": 0,
    "multiplicity": 1,
    "spin": 0,
    "geometry": "H -2.7000000000 0.0000000000 0.0000000000\nH -0.9000000000 0.0000000000 0.0000000000\nH 0.9000000000 0.0000000000 0.0000000000\nH 2.7000000000 0.0000000000 0.0000000000",
    "n_qubits": 8,
    "n_particles": {
      "total": 4,
      "alpha": 2,
      "beta": 2
    },
    "hf_array": [
      1,
      1,
      1,
      1,
      0,
      0,
      0,
      0
    ],
    "hf_method": "pyscf.scf.hf_symm.SymAdaptedRHF",
    "convergence_threshold": 1e-06,
    "point_group": {
      "groupname": "Dooh",
      "topgroup": "Dooh"
    },
    "alpha": 1.8,
    "calculated_properties": {
      "HF": {
        "energy": -1.6668671614225794,
        "converged": true
      },
      "MP2": {
        "energy": -1.7974460024323275,
        "converged": false
      },