{
  "hamiltonian": {
    "IIIIIIII": -0.9209431016975859,
    "ZIIIIIII": 0.11933994477544102,
    "IZIIIIII": 0.11933994477544098,
    "IIIIIIZZ": 0.11281071564586301,
    "IZIIIIZI": 0.10533617555341696,
    "ZIIIIIIZ": 0.10533617555341696,
    "ZZIIIIII": 0.10125896556023424,
    "IIIIIIIZ": -0.10062389116271814,
    "IIIIIIZI": -0.10062389116271811,
    "IIIIZZII": 0.09690733523265421,
    "IIIIIZZI": 0.09626238698748005,
    "IIIIZIIZ": 0.09626238698748005,
    "IIZIIIIZ": 0.09428067184347508,
    "IIIZIIZI": 0.09428067184347508,
    "IIZIIZII": 0.09410994953214369,
    "IIIZZIII": 0.09410994953214369,
    "IIZZIIII": 0.09406530612038247,
    "ZIIIIZII": 0.09114487516487907,
    "IZIIZIII": 0.09114487516487907,
    "IZZIIIII": 0.08996867496114189,
    "ZIIZIIII": 0.08996867496114189,
    "ZIIIIIZI": 0.07784592950496576,
    "IZIIIIIZ": 0.07784592950496576,
    "IIZIIIII": 0.0712807734164711,
    "IIIZIIII": 0.0712807734164711,
    "IIZIIIZI": 0.06483219160654044,
    "IIIZIIIZ": 0.06483219160654044,
    "IZIIIZII": 0.06236586955336512,
    "ZIIIZIII": 0.06236586955336512,
    "IIZIZIII": 0.058931513379256055,
    "IIIZIZII": 0.058931513379256055,
    "IIIIZIZI": 0.05391518479367662,
    "IIIIIZIZ": 0.05391518479367662,
    "IZIZIIII": 0.05022291929234446,
    "ZIZIIIII": 0.05022291929234446,
    "IIIIXXYY": -0.04234720219380343,
    "IIIIXYYX": 0.04234720219380343,
    "IIIIYXXY": 0.04234720219380343,
    "IIIIYYXX": -0.04234720219380343,
    "XZXIIXZX": -0.04000505791989624,
    "IYZYXZXI": -0.04000505791989624,
    "IYZYYZYI": -0.04000505791989624,
    "XZXIIYZY": -0.04000505791989624,
    "YZYIIYZY": -0.04000505791989624,
    "IXZXYZYI": -0.04000505791989624,
    "IXZXXZXI": -0.04000505791989624,
    "YZYIIXZX": -0.04000505791989624,
    "XXYYIIII": -0.03974575566879743,
    "XYYXIIII": 0.03974575566879743,
    "YXXYIIII": 0.03974575566879743,
    "YYXXIIII": -0.03974575566879743,
    "IIYXXYII": 0.03517843615288764,
    "IIXXYYII": -0.03517843615288764,
    "IIXYYXII": 0.03517843615288764,
    "IIYYXXII": -0.03517843615288764,
    "IIYYIIXX": -0.029448480236934645,
    "IIXYIIYX": 0.029448480236934645,
    "IIYXIIXY": 0.029448480236934645,
    "IIXXIIYY": -0.029448480236934645,
    "XXIIYYII": -0.028779005611513954,
    "XYIIYXII": 0.028779005611513954,
    "YXIIXYII": 0.028779005611513954,
    "YYIIXXII": -0.028779005611513954,
    "XZZXYZZY": 0.028392094245996147,
    "XZZYYZZX": -0.028392094245996147,
    "YZZXXZZY": -0.028392094245996147,
    "IXYIIYXI": -0.028392094245996147,
    "IYXIIXYI": -0.028392094245996147,
    "IYYIIXXI": 0.028392094245996147,
    "IXXIIYYI": 0.028392094245996147,
    "YZZYXZZX": 0.028392094245996147,
    "XYIIIIYX": 0.027490246048451208,
    "YYIIIIXX": -0.027490246048451208,
    "YXIIIIXY": 0.027490246048451208,
    "XXIIIIYY": -0.027490246048451208,
    "IIXZXXZX": -0.02174867716218551,
    "IIXZXYZY": -0.02174867716218551,
    "IIYZYXZX": -0.02174867716218551,
    "IIYZYYZY": -0.02174867716218551,
    "IIIYYXXI": 0.02174867716218551,
    "IIIYXXYI": -0.02174867716218551,
    "IIIXYYXI": -0.02174867716218551,
    "IIIXXYYI": 0.02174867716218551,
    "IXYYXIII": 0.02080995623815713,
    "YZYXZXII": 0.02080995623815713,
    "IXXYYIII": -0.02080995623815713,
    "XZXYZYII": 0.02080995623815713,
    "XZXXZXII": 0.02080995623815713,
    "IYXXYIII": 0.02080995623815713,
    "IYYXXIII": -0.02080995623815713,
    "YZYYZYII": 0.02080995623815713,
    "IXXIXZZX": 0.020018273899208978,
    "IXYIYZZX": 0.020018273899208978,
    "IYXIXZZY": 0.020018273899208978,
    "IYYIYZZY": 0.020018273899208978,
    "XZZYIYXI": 0.020018273899208978,
    "YZZXIXYI": 0.020018273899208978,
    "XZZXIXXI": 0.020018273899208978,
    "YZZYIYYI": 0.020018273899208978,
    "IXZXIXZX": -0.019986784020687258,
    "YZYIYZYI": -0.019986784020687258,
    "IYZYIYZY": -0.019986784020687258,
    "XZXIXZXI": -0.019986784020687258,
    "IIYZZZYZ": -0.018655056287193,
    "IIXZZZXZ": -0.018655056287193,
    "IIIXZZIX": -0.018655056287193,
    "IIIYZZIY": -0.018655056287193,
    "IIIYZIZY": -0.018447124713429543,
    "IIXZIZXI": -0.018447124713429543,
    "IIIXZIZX": -0.018447124713429543,
    "IIYZIZYI": -0.018447124713429543,
    "XZZZXIIZ": 0.017486348736376715,
    "YZZZYIIZ": 0.017486348736376715,
    "IXZZZXZI": 0.017486348736376715,
    "IYZZZYZI": 0.017486348736376715,
    "ZIIYZZZY": -0.017463873874409584,
    "ZIIXZZZX": -0.017463873874409584,
    "IZXZZZXI": -0.017463873874409584,
    "IZYZZZYI": -0.017463873874409584,
    "YIZZYIII": 0.01684447837673018,
    "XIZZXIII": 0.01684447837673018,
    "ZYZZZYII": 0.01684447837673018,
    "ZXZZZXII": 0.01684447837673018,
    "IYZIZYII": 0.016788986941838297,
    "IXZIZXII": 0.016788986941838297,
    "XZIZXIII": 0.016788986941838297,
    "YZIZYIII": 0.016788986941838297,
    "IYZYIXZX": -0.01161296367390009,
    "XZXIYZYI": -0.01161296367390009,
    "YZYIXZXI": -0.01161296367390009,
    "IXZXIYZY": -0.01161296367390009,
    "IIIXZZZX": 0.010555226629206604,
    "IIIYZZZY": 0.010555226629206604,
    "IIXZZZXI": 0.010555226629206604,
    "IIYZZZYI": 0.010555226629206604,
    "XXIXZZXI": -0.0090670024649821,
    "XYYZZZZX": 0.0090670024649821,
    "XXYZZZZY": -0.0090670024649821,
    "YYIYZZYI": -0.0090670024649821,
    "YYXZZZZX": -0.0090670024649821,
    "YXXZZZZY": 0.0090670024649821,
    "XYIYZZXI": -0.0090670024649821,
    "YXIXZZYI": -0.0090670024649821,
    "IXZZXIXX": 0.008885975093835404,
    "XZZZZXYY": 0.008885975093835404,
    "XZZZZYYX": -0.008885975093835404,
    "YZZZZYXX": 0.008885975093835404,
    "IYZZYIYY": 0.008885975093835404,
    "IYZZXIXY": 0.008885975093835404,
    "IXZZYIYX": 0.008885975093835404,
    "YZZZZXXY": -0.008885975093835404,
    "IXZZZXIZ": 0.008600373642541313,
    "IYZZZYIZ": 0.008600373642541313,
    "XZZZXIZI": 0.008600373642541313,
    "YZZZYIZI": 0.008600373642541313,
    "ZIXZZZXI": -0.008396871409427485,
    "IZIXZZZX": -0.008396871409427485,
    "IZIYZZZY": -0.008396871409427485,
    "ZIYZZZYI": -0.008396871409427485,
    "XZYIYZXI": -0.008373820346787167,
    "IYZXIXZY": -0.008373820346787167,
    "IXZYIYZX": -0.008373820346787167,
    "YZXIXZYI": -0.008373820346787167,
    "IIIIIZII": -0.00689569719265367,
    "IIIIZIII": -0.0068956971926536215,
    "XZZZXIII": 0.006501637788086045,
    "YZZZYIII": 0.006501637788086045,
    "IXZZZXII": 0.006501637788086045,
    "IYZZZYII": 0.006501637788086045,
    "YZZIYIII": -0.004020969296318832,
    "XZZIXIII": -0.004020969296318832,
    "IYIZZYII": -0.004020969296318832,
    "IXIZZXII": -0.004020969296318832,
    "IIXZZIXI": 0.0033015524487559626,
    "IIIXIZZX": 0.0033015524487559626,
    "IIIYIZZY": 0.0033015524487559626,
    "IIYZZIYI": 0.0033015524487559626,
    "XZZZXZII": -0.002975613118018667,
    "YZZZYZII": -0.002975613118018667,
    "IYZZIYII": -0.002975613118018667,
    "IXZZIXII": -0.002975613118018667,
    "IIZYZZZY": 0.0026150466161730932,
    "IIZXZZZX": 0.0026150466161730932,
    "IIYIZZYI": 0.002615046616173093,
    "IIXIZZXI": 0.002615046616173093
  },
  "data": {
    "molecule_id": "H4_singlet_Dooh",
    "qubit_encoding": "JW",
    "unit": "Angstrom",
    "basis": "sto-3g",
    "charge": 0,
    "multiplicity": 1,
    "spin": 0,
    "geometry": "H -2.2500000000 0.0000000000 0.0000000000\nH -0.7500000000 0.0000000000 0.0000000000\nH 0.7500000000 0.0000000000 0.0000000000\nH 2.2500000000 0.0000000000 0.0000000000",
    "n_qubits": 8,
    "n_particles": {
      "total": 4,
      "alpha": 2,
      "beta": 2
    },
    "hf_array": [
      1,
      1,
      1,
      1,
      0,
      0,
      0,
      0
    ],
    "hf_method": "pyscf.scf.hf_symm.SymAdaptedRHF",
    "convergence_threshold": 1e-06,
    "point_group": {
      "groupname": "Dooh",
      "topgroup": "Dooh"
    },
    "alpha": 1.5,
    "calculated_properties": {
      "HF": {
        "energy": -1.8291374124398172,
        "converged": true
      },
      "MP2": {
        "energy": -1.9155888320681573,
        "converged": false
      },