{
  "hamiltonian": {
    "IIIIIIII": -1.0554306820800727,
    "IIIIIIZZ": 0.09450452885720242,
    "IZIIIIZI": 0.09048719131002365,
    "ZIIIIIIZ": 0.09048719131002365,
    "ZZIIIIII": 0.08762000458742908,
    "IIIIZZII": 0.08535132547382349,
    "IIIZZIII": 0.08374956155430324,
    "IIZIIZII": 0.08374956155430324,
    "IIIIIZZI": 0.08367605564247135,
    "IIIIZIIZ": 0.08367605564247135,
    "IIZZIIII": 0.08308548357423959,
    "IIIZIIZI": 0.08260436030299553,
    "IIZIIIIZ": 0.08260436030299553,
    "ZIIIIIII": 0.08161961807565869,
    "IZIIIIII": 0.08161961807565868,
    "IZIIZIII": 0.08053668095560759,
    "ZIIIIZII": 0.08053668095560759,
    "IZZIIIII": 0.07977695844638061,
    "ZIIZIIII": 0.07977695844638061,
    "IZIIIIIZ": 0.05965070646979279,
    "ZIIIIIZI": 0.05965070646979279,
    "IIZIIIII": 0.05634038601198965,
    "IIIZIIII": 0.056340386011989534,
    "IIIZIIIZ": 0.04960991328767914,
    "IIZIIIZI": 0.04960991328767914,
    "ZIIIZIII": 0.04859101665498219,
    "IZIIIZII": 0.04859101665498219,
    "IIIZIZII": 0.04735234045556896,
    "IIZIZIII": 0.04735234045556896,
    "IIIIYXXY": 0.043709710622612336,
    "IIIIXXYY": -0.043709710622612336,
    "IIIIXYYX": 0.043709710622612336,
    "IIIIYYXX": -0.043709710622612336,
    "XZXIIXZX": -0.04208209048658918,
    "IYZYYZYI": -0.04208209048658918,
    "YZYIIYZY": -0.04208209048658918,
    "IXZXXZXI": -0.04208209048658918,
    "YZYIIXZX": -0.04208209048658918,
    "IXZXYZYI": -0.04208209048658918,
    "XZXIIYZY": -0.04208209048658918,
    "IYZYXZXI": -0.04208209048658918,
    "YXXYIIII": 0.041161282452781195,
    "XYYXIIII": 0.041161282452781195,
    "XXYYIIII": -0.041161282452781195,
    "YYXXIIII": -0.041161282452781195,
    "IIIIIZIZ": 0.03996634501985902,
    "IIIIZIZI": 0.03996634501985902,
    "ZIZIIIII": 0.03861567599359941,
    "IZIZIIII": 0.03861567599359941,
    "IIYYXXII": -0.03639722109873429,
    "IIYXXYII": 0.03639722109873429,
    "IIXYYXII": 0.03639722109873429,
    "IIXXYYII": -0.03639722109873429,
    "IIXYIIYX": 0.03299444701531638,
    "IIYXIIXY": 0.03299444701531638,
    "IIXXIIYY": -0.03299444701531638,
    "IIYYIIXX": -0.03299444701531638,
    "IXYIIYXI": -0.03225615013689401,
    "IYYIIXXI": 0.03225615013689401,
    "IXXIIYYI": 0.03225615013689401,
    "XZZXYZZY": 0.03225615013689401,
    "XZZYYZZX": -0.03225615013689401,
    "YZZXXZZY": -0.03225615013689401,
    "YZZYXZZX": 0.03225615013689401,
    "IYXIIXYI": -0.03225615013689401,
    "XXIIYYII": -0.03194566430062541,
    "YXIIXYII": 0.03194566430062541,
    "YYIIXXII": -0.03194566430062541,
    "XYIIYXII": 0.03194566430062541,
    "XXIIIIYY": -0.03083648484023087,
    "XYIIIIYX": 0.03083648484023087,
    "YXIIIIXY": 0.03083648484023087,
    "YYIIIIXX": -0.03083648484023087,
    "YZZYIYYI": 0.02598815228451177,
    "XZZYIYXI": 0.02598815228451177,
    "XZZXIXXI": 0.02598815228451177,
    "IXXIXZZX": 0.02598815228451177,
    "IYYIYZZY": 0.02598815228451177,
    "IXYIYZZX": 0.02598815228451177,
    "IYXIXZZY": 0.02598815228451177,
    "YZZXIXYI": 0.02598815228451177,
    "IIIIZIII": 0.020078475930393747,
    "IIIIIZII": 0.02007847593039369,
    "IIYZYXZX": -0.018194226820368153,
    "IIIXXYYI": 0.018194226820368153,
    "IIXZXYZY": -0.018194226820368153,
    "IIXZXXZX": -0.018194226820368153,
    "IIIYXXYI": -0.018194226820368153,
    "IIIYYXXI": 0.018194226820368153,
    "IIYZYYZY": -0.018194226820368153,
    "IIIXYYXI": -0.018194226820368153,
    "IYYXXIII": -0.017425875389015667,
    "IYXXYIII": 0.017425875389015667,
    "IXYYXIII": 0.017425875389015667,
    "YZYYZYII": 0.017425875389015667,
    "YZYXZXII": 0.017425875389015667,
    "XZXYZYII": 0.017425875389015667,
    "XZXXZXII": 0.017425875389015667,
    "IXXYYIII": -0.017425875389015667,
    "IIIIIIIZ": -0.01694530448761636,
    "IIIIIIZI": -0.01694530448761636,
    "YZYIYZYI": -0.016093938202077412,
    "XZXIXZXI": -0.016093938202077412,
    "IXZXIXZX": -0.016093938202077412,
    "IYZYIYZY": -0.016093938202077412,
    "IIXZZZXZ": -0.015706466604274414,
    "IIYZZZYZ": -0.015706466604274414,
    "IIIXZZIX": -0.015706466604274414,
    "IIIYZZIY": -0.015706466604274414,
    "ZIIYZZZY": -0.014959778136749216,
    "IZXZZZXI": -0.014959778136749216,
    "IZYZZZYI": -0.014959778136749216,
    "ZIIXZZZX": -0.014959778136749216,
    "IXZZZXZI": 0.014938857691836175,
    "IYZZZYZI": 0.014938857691836175,
    "YZZZYIIZ": 0.014938857691836175,
    "XZZZXIIZ": 0.014938857691836175,
    "ZXZZZXII": 0.014404121728989052,
    "YIZZYIII": 0.014404121728989052,
    "ZYZZZYII": 0.014404121728989052,
    "XIZZXIII": 0.014404121728989052,
    "IIIXZIZX": -0.013785979218037099,
    "IIIYZIZY": -0.013785979218037099,
    "IIYZIZYI": -0.013785979218037099,
    "IIXZIZXI": -0.013785979218037099,
    "XZIZXIII": 0.013069507899732248,
    "YZIZYIII": 0.013069507899732248,
    "IXZIZXII": 0.013069507899732248,
    "IYZIZYII": 0.013069507899732248,
    "XZXIYZYI": -0.009825940349695176,
    "IYZYIXZX": -0.009825940349695176,
    "YZYIXZXI": -0.009825940349695176,
    "IXZXIYZY": -0.009825940349695176,
    "YYXZZZZX": -0.007599181379030024,
    "XYIYZZXI": -0.007599181379030024,
    "YXIXZZYI": -0.007599181379030024,
    "YYIYZZYI": -0.007599181379030024,
    "XXIXZZXI": -0.007599181379030024,
    "YXXZZZZY": 0.007599181379030024,
    "XYYZZZZX": 0.007599181379030024,
    "XXYZZZZY": -0.007599181379030024,
    "IXZZXIXX": 0.007556520691361958,
    "IXZZYIYX": 0.007556520691361958,
    "IYZZXIXY": 0.007556520691361958,
    "IYZZYIYY": 0.007556520691361958,
    "YZZZZYXX": 0.007556520691361958,
    "YZZZZXXY": -0.007556520691361958,
    "XZZZZXYY": 0.007556520691361958,
    "XZZZZYYX": -0.007556520691361958,
    "YZZZYIZI": 0.007382337000474219,
    "XZZZXIZI": 0.007382337000474219,
    "IXZZZXIZ": 0.007382337000474219,
    "IYZZZYIZ": 0.007382337000474219,
    "ZIYZZZYI": -0.007360596757719193,
    "IZIXZZZX": -0.007360596757719193,
    "IZIYZZZY": -0.007360596757719193,
    "ZIXZZZXI": -0.007360596757719193,
    "IIXZZZXI": 0.006535293569374668,
    "IIYZZZYI": 0.006535293569374668,
    "IIIXZZZX": 0.0065352935693746665,
    "IIIYZZZY": 0.0065352935693746665,
    "XZYIYZXI": -0.006267997852382237,
    "IXZYIYZX": -0.006267997852382237,
    "IYZXIXZY": -0.006267997852382237,
    "YZXIXZYI": -0.006267997852382237,
    "IXZZZXII": 0.005272414208189085,
    "IYZZZYII": 0.005272414208189085,
    "YZZZYIII": 0.005272414208189084,
    "XZZZXIII": 0.005272414208189084,
    "IXZZIXII": -0.004475569449802792,
    "IYZZIYII": -0.004475569449802792,
    "YZZZYZII": -0.004475569449802792,
    "XZZZXZII": -0.004475569449802792,
    "IIYZZIYI": 0.004408247602331052,
    "IIIXIZZX": 0.004408247602331052,
    "IIIYIZZY": 0.004408247602331052,
    "IIXZZIXI": 0.004408247602331052,
    "IXIZZXII": -0.0043563674892834175,
    "IYIZZYII": -0.0043563674892834175,
    "XZZIXIII": -0.0043563674892834175,
    "YZZIYIII": -0.0043563674892834175,
    "IIXIZZXI": 0.003770689554829316,
    "IIZXZZZX": 0.003770689554829316,
    "IIYIZZYI": 0.003770689554829316,
    "IIZYZZZY": 0.003770689554829316
  },
  "data": {
    "molecule_id": "H4_singlet_Dooh",
    "qubit_encoding": "JW",
    "unit": "Angstrom",
    "basis": "sto-3g",
    "charge": 0,
    "multiplicity": 1,
    "spin": 0,
    "geometry": "H -3.0000000000 0.0000000000 0.0000000000\nH -1.0000000000 0.0000000000 0.0000000000\nH 1.0000000000 0.0000000000 0.0000000000\nH 3.0000000000 0.0000000000 0.0000000000",
    "n_qubits": 8,
    "n_particles": {
      "total": 4,
      "alpha": 2,
      "beta": 2
    },
    "hf_array": [
      1,
      1,
      1,
      1,
      0,
      0,
      0,
      0
    ],
    "hf_method": "pyscf.scf.hf_symm.SymAdaptedRHF",
    "convergence_threshold": 1e-06,
    "point_group": {
      "groupname": "Dooh",
      "topgroup": "Dooh"
    },
    "alpha": 2.0,
    "calculated_properties": {
      "HF": {
        "energy": -1.5756164766544063,
        "converged": true
      },
      "MP2": {
        "energy": -1.7438771188783135,