{
  "hamiltonian": {
    "IIIIIIII": -0.99877457491375,
    "IIIIIIZZ": 0.10434440854668889,
    "ZIIIIIII": 0.10197309422412512,
    "IZIIIIII": 0.10197309422412512,
    "IZIIIIZI": 0.09853210868687098,
    "ZIIIIIIZ": 0.09853210868687098,
    "ZZIIIIII": 0.09496974585094638,
    "IIIIZZII": 0.09162985555580258,
    "IIIIZIIZ": 0.09030987884628652,
    "IIIIIZZI": 0.09030987884628652,
    "IIZIIZII": 0.08937641706494003,
    "IIIZZIII": 0.08937641706494003,
    "IIZZIIII": 0.08896121080748971,
    "IIIZIIZI": 0.08877033886687302,
    "IIZIIIIZ": 0.08877033886687302,
    "ZIIIIZII": 0.08608381170879267,
    "IZIIZIII": 0.08608381170879267,
    "IZZIIIII": 0.08511227070361993,
    "ZIIZIIII": 0.08511227070361993,
    "ZIIIIIZI": 0.06963480243553116,
    "IZIIIIIZ": 0.06963480243553116,
    "IIZIIIII": 0.06463287992904435,
    "IIIZIIII": 0.06463287992904435,
    "IIIZIIIZ": 0.05788473810587166,
    "IIZIIIZI": 0.05788473810587166,
    "IIIIIIZI": -0.057471723113333595,
    "IIIIIIIZ": -0.05747172311333358,
    "ZIIIZIII": 0.05613152679196354,
    "IZIIIZII": 0.05613152679196354,
    "IIIZIZII": 0.05368055761650288,
    "IIZIZIII": 0.05368055761650288,
    "IIIIZIZI": 0.04742394960734593,
    "IIIIIZIZ": 0.04742394960734593,
    "IZIZIIII": 0.04493387458808505,
    "ZIZIIIII": 0.04493387458808505,
    "IIIIXXYY": -0.04288592923894061,
    "IIIIXYYX": 0.04288592923894061,
    "IIIIYXXY": 0.04288592923894061,
    "IIIIYYXX": -0.04288592923894061,
    "XZXIIYZY": -0.04083739622279368,
    "IXZXYZYI": -0.04083739622279368,
    "IXZXXZXI": -0.04083739622279368,
    "YZYIIYZY": -0.04083739622279368,
    "YZYIIXZX": -0.04083739622279368,
    "IYZYXZXI": -0.04083739622279368,
    "XZXIIXZX": -0.04083739622279368,
    "IYZYYZYI": -0.04083739622279368,
    "XXYYIIII": -0.04017839611553487,
    "XYYXIIII": 0.04017839611553487,
    "YXXYIIII": 0.04017839611553487,
    "YYXXIIII": -0.04017839611553487,
    "IIYXXYII": 0.035695859448437145,
    "IIXXYYII": -0.035695859448437145,
    "IIXYYXII": 0.035695859448437145,
    "IIYYXXII": -0.035695859448437145,
    "IIYYIIXX": -0.030885600761001376,
    "IIXYIIYX": 0.030885600761001376,
    "IIYXIIXY": 0.030885600761001376,
    "IIXXIIYY": -0.030885600761001376,
    "IYXIIXYI": -0.029963964173109973,
    "YZZYXZZX": 0.029963964173109973,
    "YZZXXZZY": -0.029963964173109973,
    "IXXIIYYI": 0.029963964173109973,
    "XZZXYZZY": 0.029963964173109973,
    "XZZYYZZX": -0.029963964173109973,
    "IXYIIYXI": -0.029963964173109973,
    "IYYIIXXI": 0.029963964173109973,
    "XXIIYYII": -0.02995228491682914,
    "YYIIXXII": -0.02995228491682914,
    "YXIIXYII": 0.02995228491682914,
    "XYIIYXII": 0.02995228491682914,
    "YYIIIIXX": -0.028897306251339815,
    "XXIIIIYY": -0.028897306251339815,
    "YXIIIIXY": 0.028897306251339815,
    "XYIIIIYX": 0.028897306251339815,
    "XZZXIXXI": 0.02251680857116866,
    "XZZYIYXI": 0.02251680857116866,
    "YZZYIYYI": 0.02251680857116866,
    "YZZXIXYI": 0.02251680857116866,
    "IYYIYZZY": 0.02251680857116866,
    "IYXIXZZY": 0.02251680857116866,
    "IXYIYZZX": 0.02251680857116866,
    "IXXIXZZX": 0.02251680857116866,
    "IIIYYXXI": 0.02037126492776739,
    "IIIYXXYI": -0.02037126492776739,
    "IIIXYYXI": -0.02037126492776739,
    "IIIXXYYI": 0.02037126492776739,
    "IIYZYYZY": -0.02037126492776739,
    "IIYZYXZX": -0.02037126492776739,
    "IIXZXYZY": -0.02037126492776739,
    "IIXZXXZX": -0.02037126492776739,
    "IYYXXIII": -0.01944315696874713,
    "IYXXYIII": 0.01944315696874713,
    "IXXYYIII": -0.01944315696874713,
    "IXYYXIII": 0.01944315696874713,
    "YZYYZYII": 0.01944315696874713,
    "YZYXZXII": 0.01944315696874713,
    "XZXYZYII": 0.01944315696874713,
    "XZXXZXII": 0.01944315696874713,
    "YZYIYZYI": -0.018320587651625014,
    "IXZXIXZX": -0.018320587651625014,
    "IYZYIYZY": -0.018320587651625014,
    "XZXIXZXI": -0.018320587651625014,
    "IIYZZZYZ": -0.017406071705388153,
    "IIXZZZXZ": -0.017406071705388153,
    "IIIXZZIX": -0.017406071705388153,
    "IIIYZZIY": -0.017406071705388153,
    "ZIIXZZZX": -0.01643516216866285,
    "ZIIYZZZY": -0.01643516216866285,
    "IZYZZZYI": -0.01643516216866285,
    "IZXZZZXI": -0.01643516216866285,
    "IXZZZXZI": 0.01641909665966209,
    "IYZZZYZI": 0.01641909665966209,
    "YZZZYIIZ": 0.01641909665966209,
    "XZZZXIIZ": 0.01641909665966209,
    "IIXZIZXI": -0.01636630821645247,
    "IIYZIZYI": -0.01636630821645247,
    "IIIXZIZX": -0.01636630821645247,
    "IIIYZIZY": -0.01636630821645247,
    "YIZZYIII": 0.015828795164062562,
    "XIZZXIII": 0.015828795164062562,
    "ZYZZZYII": 0.015828795164062562,
    "ZXZZZXII": 0.015828795164062562,
    "IYZIZYII": 0.01516300877318273,
    "IXZIZXII": 0.01516300877318273,
    "XZIZXIII": 0.01516300877318273,
    "YZIZYIII": 0.01516300877318273,
    "IYZYIXZX": -0.0108734320496837,
    "XZXIYZYI": -0.0108734320496837,
    "YZYIXZXI": -0.0108734320496837,
    "IXZXIYZY": -0.0108734320496837,
    "IIIXZZZX": 0.008724644841901122,
    "IIIYZZZY": 0.008724644841901122,
    "IIXZZZXI": 0.008724644841901122,
    "IIYZZZYI": 0.008724644841901122,
    "XXIXZZXI": -0.008516292225189272,
    "XYYZZZZX": 0.008516292225189272,
    "XXYZZZZY": -0.008516292225189272,
    "YYIYZZYI": -0.008516292225189272,
    "YYXZZZZX": -0.008516292225189272,
    "YXXZZZZY": 0.008516292225189272,
    "XYIYZZXI": -0.008516292225189272,
    "YXIXZZYI": -0.008516292225189272,
    "IXZZXIXX": 0.008404517550532339,
    "XZZZZXYY": 0.008404517550532339,
    "XZZZZYYX": -0.008404517550532339,
    "YZZZZYXX": 0.008404517550532339,
    "IYZZYIYY": 0.008404517550532339,
    "IYZZXIXY": 0.008404517550532339,
    "IXZZYIYX": 0.008404517550532339,
    "YZZZZXXY": -0.008404517550532339,
    "IXZZZXIZ": 0.008014579109129751,
    "IYZZZYIZ": 0.008014579109129751,
    "XZZZXIZI": 0.008014579109129751,
    "YZZZYIZI": 0.008014579109129751,
    "ZIXZZZXI": -0.007918869943473577,
    "IZIXZZZX": -0.007918869943473577,
    "IZIYZZZY": -0.007918869943473577,
    "ZIYZZZYI": -0.007918869943473577,
    "XZYIYZXI": -0.007447155601941316,
    "IYZXIXZY": -0.007447155601941316,
    "IXZYIYZX": -0.007447155601941316,
    "YZXIXZYI": -0.007447155601941316,
    "IIIIIZII": 0.006867694343303574,
    "IIIIZIII": 0.006867694343303574,
    "XZZZXIII": 0.006151958189340254,
    "YZZZYIII": 0.006151958189340254,
    "IXZZZXII": 0.006151958189340254,
    "IYZZZYII": 0.006151958189340254,
    "YZZIYIII": -0.004280148195564399,
    "XZZIXIII": -0.004280148195564399,
    "IYIZZYII": -0.004280148195564399,
    "IXIZZXII": -0.004280148195564399,
    "IIXZZIXI": 0.00400495671131492,
    "IIIXIZZX": 0.00400495671131492,
    "IIIYIZZY": 0.00400495671131492,
    "IIYZZIYI": 0.00400495671131492,
    "XZZZXZII": -0.003873536747738127,
    "YZZZYZII": -0.003873536747738127,
    "IYZZIYII": -0.003873536747738127,
    "IXZZIXII": -0.003873536747738127,
    "IIYIZZYI": 0.0033107417323057766,
    "IIXIZZXI": 0.0033107417323057766,
    "IIZYZZZY": 0.0033107417323057766,
    "IIZXZZZX": 0.0033107417323057766
  },
  "data": {
    "molecule_id": "H4_singlet_Dooh",
    "qubit_encoding": "JW",
    "unit": "Angstrom",
    "basis": "sto-3g",
    "charge": 0,
    "multiplicity": 1,
    "spin": 0,
    "geometry": "H -2.5500000000 0.0000000000 0.0000000000\nH -0.8500000000 0.0000000000 0.0000000000\nH 0.8500000000 0.0000000000 0.0000000000\nH 2.5500000000 0.0000000000 0.0000000000",
    "n_qubits": 8,
    "n_particles": {
      "total": 4,
      "alpha": 2,
      "beta": 2
    },
    "hf_array": [
      1,
      1,
      1,
      1,
      0,
      0,
      0,
      0
    ],
    "hf_method": "pyscf.scf.hf_symm.SymAdaptedRHF",
    "convergence_threshold": 1e-06,
    "point_group": {
      "groupname": "Dooh",
      "topgroup": "Dooh"
    },
    "alpha": 1.7,
    "calculated_properties": {
      "HF": {
        "energy": -1.7179180150632383,
        "converged": true
      },
      "MP2": {
        "energy": -1.832179344335852,
        "converged": false
      },