{
  "hamiltonian": {
    "IIIIIIII": -0.5286017756867953,
    "IIIIIIZI": -0.2646201749485404,
    "IIIIIIIZ": -0.26462017494854034,
    "IZIIIIII": 0.1660134843537197,
    "ZIIIIIII": 0.16601348435371963,
    "IIIIIIZZ": 0.1370042725634361,
    "IZIIIIZI": 0.12438479412335271,
    "ZIIIIIIZ": 0.12438479412335271,
    "ZZIIIIII": 0.11868326437650298,
    "IIIIZIIZ": 0.1138752938228798,
    "IIIIIZZI": 0.1138752938228798,
    "IIIIZZII": 0.11176248330112092,
    "IIZIIIIZ": 0.11042751079786327,
    "IIIZIIZI": 0.11042751079786327,
    "IIZZIIII": 0.10857869740197797,
    "IIZIIZII": 0.10740893449020547,
    "IIIZZIII": 0.10740893449020547,
    "ZIIIIZII": 0.10624839796206381,
    "IZIIZIII": 0.10624839796206381,
    "ZIIZIIII": 0.1041920304023066,
    "IZZIIIII": 0.1041920304023066,
    "IZIIIIIZ": 0.09957530357782692,
    "ZIIIIIZI": 0.09957530357782692,
    "IIIZIIII": 0.0852879716190773,
    "IIZIIIII": 0.08528797161907721,
    "IIZIIIZI": 0.08371014465619676,
    "IIIZIIIZ": 0.08371014465619676,
    "IZIIIZII": 0.07908646149422024,
    "ZIIIZIII": 0.07908646149422024,
    "IIZIZIII": 0.07302259777527778,
    "IIIZIZII": 0.07302259777527778,
    "IIIIZIZI": 0.07281925631172227,
    "IIIIIZIZ": 0.07281925631172227,
    "IZIZIIII": 0.06478849640547266,
    "ZIZIIIII": 0.06478849640547266,
    "IIIIIZII": -0.057615225039947815,
    "IIIIZIII": -0.05761522503994776,
    "IIIIYXXY": 0.04105603751115752,
    "IIIIXXYY": -0.04105603751115752,
    "IIIIXYYX": 0.04105603751115752,
    "IIIIYYXX": -0.04105603751115752,
    "YXXYIIII": 0.039403533996833925,
    "YYXXIIII": -0.039403533996833925,
    "XXYYIIII": -0.039403533996833925,
    "XYYXIIII": 0.039403533996833925,
    "YZYIIYZY": -0.038193275472430475,
    "YZYIIXZX": -0.038193275472430475,
    "XZXIIYZY": -0.038193275472430475,
    "XZXIIXZX": -0.038193275472430475,
    "IXZXYZYI": -0.038193275472430475,
    "IYZYXZXI": -0.038193275472430475,
    "IYZYYZYI": -0.038193275472430475,
    "IXZXXZXI": -0.038193275472430475,
    "IIYYXXII": -0.03438633671492769,
    "IIXXYYII": -0.03438633671492769,
    "IIYXXYII": 0.03438633671492769,
    "IIXYYXII": 0.03438633671492769,
    "XYIIYXII": 0.02716193646784356,
    "YXIIXYII": 0.02716193646784356,
    "YYIIXXII": -0.02716193646784356,
    "XXIIYYII": -0.02716193646784356,
    "IIYXIIXY": 0.0267173661416665,
    "IIXYIIYX": 0.0267173661416665,
    "IIYYIIXX": -0.0267173661416665,
    "IIXXIIYY": -0.0267173661416665,
    "XZZXYZZY": 0.025314668860177074,
    "XZZYYZZX": -0.025314668860177074,
    "YZZXXZZY": -0.025314668860177074,
    "YZZYXZZX": 0.025314668860177074,
    "IYXIIXYI": -0.025314668860177074,
    "IYYIIXXI": 0.025314668860177074,
    "IXYIIYXI": -0.025314668860177074,
    "IXXIIYYI": 0.025314668860177074,
    "YYIIIIXX": -0.024809490545525788,
    "XYIIIIYX": 0.024809490545525788,
    "YXIIIIXY": 0.024809490545525788,
    "XXIIIIYY": -0.024809490545525788,
    "IIXZXYZY": -0.024291377290824954,
    "IIYZYXZX": -0.024291377290824954,
    "IIYZYYZY": -0.024291377290824954,
    "IIIYYXXI": 0.024291377290824954,
    "IIIXYYXI": -0.024291377290824954,
    "IIIXXYYI": 0.024291377290824954,
    "IIXZXXZX": -0.024291377290824954,
    "IIIYXXYI": -0.024291377290824954,
    "IIIXZIZX": -0.023821324761556833,
    "IIXZIZXI": -0.023821324761556833,
    "IIYZIZYI": -0.023821324761556833,
    "IIIYZIZY": -0.023821324761556833,
    "IXXYYIII": -0.02373369878967868,
    "IXYYXIII": 0.02373369878967868,
    "IYXXYIII": 0.02373369878967868,
    "IYYXXIII": -0.02373369878967868,
    "XZXYZYII": 0.02373369878967868,
    "YZYXZXII": 0.02373369878967868,
    "XZXXZXII": 0.02373369878967868,
    "YZYYZYII": 0.02373369878967868,
    "IXZXIXZX": -0.023546162764145902,
    "YZYIYZYI": -0.023546162764145902,
    "XZXIXZXI": -0.023546162764145902,
    "IYZYIYZY": -0.023546162764145902,
    "IIIXZZIX": -0.022114193959529578,
    "IIYZZZYZ": -0.022114193959529578,
    "IIXZZZXZ": -0.022114193959529578,
    "IIIYZZIY": -0.022114193959529578,
    "XZIZXIII": 0.020809752861204685,
    "YZIZYIII": 0.020809752861204685,
    "IYZIZYII": 0.020809752861204685,
    "IXZIZXII": 0.020809752861204685,
    "XZZZXIIZ": 0.020418167680710177,
    "YZZZYIIZ": 0.020418167680710177,
    "IYZZZYZI": 0.020418167680710177,
    "IXZZZXZI": 0.020418167680710177,
    "IZXZZZXI": -0.020131754865789202,
    "IZYZZZYI": -0.020131754865789202,
    "ZIIXZZZX": -0.020131754865789202,
    "ZIIYZZZY": -0.020131754865789202,
    "ZYZZZYII": 0.01949882099400578,
    "ZXZZZXII": 0.01949882099400578,
    "YIZZYIII": 0.01949882099400578,
    "XIZZXIII": 0.01949882099400578,
    "IIIYZZZY": 0.015541088544839765,
    "IIIXZZZX": 0.015541088544839765,
    "IIXZZZXI": 0.01554108854483976,
    "IIYZZZYI": 0.01554108854483976,
    "XZZYIYXI": 0.014647112708284575,
    "IYYIYZZY": 0.014647112708284575,
    "IYXIXZZY": 0.014647112708284575,
    "IXYIYZZX": 0.014647112708284575,
    "IXXIXZZX": 0.014647112708284575,
    "XZZXIXXI": 0.014647112708284575,
    "YZZYIYYI": 0.014647112708284575,
    "YZZXIXYI": 0.014647112708284575,
    "IXZXIYZY": -0.012878606612253398,
    "IYZYIXZX": -0.012878606612253398,
    "YZYIXZXI": -0.012878606612253398,
    "XZXIYZYI": -0.012878606612253398,
    "IXZYIYZX": -0.0106675561518925,
    "IYZXIXZY": -0.0106675561518925,
    "YZXIXZYI": -0.0106675561518925,
    "XZYIYZXI": -0.0106675561518925,
    "IXZZZXIZ": 0.010503908691879872,
    "XZZZXIZI": 0.010503908691879872,
    "YZZZYIZI": 0.010503908691879872,
    "IYZZZYIZ": 0.010503908691879872,
    "XXIXZZXI": -0.010352668831408226,
    "YYXZZZZX": -0.010352668831408226,
    "YXXZZZZY": 0.010352668831408226,
    "XYYZZZZX": 0.010352668831408226,
    "YXIXZZYI": -0.010352668831408226,
    "YYIYZZYI": -0.010352668831408226,
    "XYIYZZXI": -0.010352668831408226,
    "XXYZZZZY": -0.010352668831408226,
    "XZZZZYYX": -0.009914258988830305,
    "YZZZZXXY": -0.009914258988830305,
    "XZZZZXYY": 0.009914258988830305,
    "IYZZYIYY": 0.009914258988830305,
    "IXZZYIYX": 0.009914258988830305,
    "IXZZXIXX": 0.009914258988830305,
    "YZZZZYXX": 0.009914258988830305,
    "IYZZXIXY": 0.009914258988830305,
    "ZIYZZZYI": -0.009779086034380977,
    "IZIYZZZY": -0.009779086034380977,
    "IZIXZZZX": -0.009779086034380977,
    "ZIXZZZXI": -0.009779086034380977,
    "IYZZZYII": 0.0060665421115264,
    "YZZZYIII": 0.0060665421115264,
    "XZZZXIII": 0.0060665421115264,
    "IXZZZXII": 0.0060665421115264,
    "IYIZZYII": -0.0029239459284739985,
    "XZZIXIII": -0.0029239459284739985,
    "YZZIYIII": -0.0029239459284739985,
    "IXIZZXII": -0.0029239459284739985,
    "IIXZZIXI": 0.00047005252926812227,
    "IIIXIZZX": 0.00047005252926812227,
    "IIIYIZZY": 0.00047005252926812227,
    "IIYZZIYI": 0.00047005252926812227,
    "YZZZYZII": 0.0003960408025479236,
    "IYZZIYII": 0.0003960408025479236,
    "IXZZIXII": 0.0003960408025479236,
    "XZZZXZII": 0.0003960408025479236,
    "IIYIZZYI": -1.3571031262723475e-05,
    "IIXIZZXI": -1.3571031262723475e-05,
    "IIZYZZZY": -1.3571031262723473e-05,
    "IIZXZZZX": -1.3571031262723473e-05
  },
  "data": {
    "molecule_id": "H4_singlet_Dooh",
    "qubit_encoding": "JW",
    "unit": "Angstrom",
    "basis": "sto-3g",
    "charge": 0,
    "multiplicity": 1,
    "spin": 0,
    "geometry": "H -1.6500000000 0.0000000000 0.0000000000\nH -0.5500000000 0.0000000000 0.0000000000\nH 0.5500000000 0.0000000000 0.0000000000\nH 1.6500000000 0.0000000000 0.0000000000",
    "n_qubits": 8,
    "n_particles": {
      "total": 4,
      "alpha": 2,
      "beta": 2
    },
    "hf_array": [
      1,
      1,
      1,
      1,
      0,
      0,
      0,
      0
    ],
    "hf_method": "pyscf.scf.hf_symm.SymAdaptedRHF",
    "convergence_threshold": 1e-06,
    "point_group": {
      "groupname": "Dooh",
      "topgroup": "Dooh"
    },
    "alpha": 1.1,
    "calculated_properties": {
      "HF": {
        "energy": -2.0560249058355806,
        "converged": true
      },
      "MP2": {
        "energy": -2.1039110984806957,