{
  "hamiltonian": {
    "IIIIIIII": -1.0849165699370982,
    "IIIIIIZZ": 0.08287614573178194,
    "ZIIIIIIZ": 0.0807791977755431,
    "IZIIIIZI": 0.0807791977755431,
    "ZZIIIIII": 0.07899906926716332,
    "IIIIZZII": 0.07769346119880702,
    "IIZIIZII": 0.0768687364521026,
    "IIIZZIII": 0.0768687364521026,
    "IIIIIZZI": 0.07657170869995511,
    "IIIIZIIZ": 0.07657170869995511,
    "IIZZIIII": 0.07628980843523235,
    "IIIZIIZI": 0.07599373686662497,
    "IIZIIIIZ": 0.07599373686662497,
    "ZIIIIZII": 0.07478645634662143,
    "IZIIZIII": 0.07478645634662143,
    "ZIIZIIII": 0.07430018234922922,
    "IZZIIIII": 0.07430018234922922,
    "ZIIIIIII": 0.05970197853489925,
    "IZIIIIII": 0.05970197853489917,
    "ZIIIIIZI": 0.04733595907627347,
    "IZIIIIIZ": 0.04733595907627347,
    "IIZIIIII": 0.047291919089004056,
    "IIIZIIII": 0.047291919089004,
    "IIIIXXYY": -0.04509967540392582,
    "IIIIXYYX": 0.04509967540392582,
    "IIIIYXXY": 0.04509967540392582,
    "IIIIYYXX": -0.04509967540392582,
    "IYZYYZYI": -0.04409697174024994,
    "IXZXXZXI": -0.04409697174024994,
    "XZXIIXZX": -0.04409697174024994,
    "YZYIIXZX": -0.04409697174024994,
    "YZYIIYZY": -0.04409697174024994,
    "IXZXYZYI": -0.04409697174024994,
    "IYZYXZXI": -0.04409697174024994,
    "XZXIIYZY": -0.04409697174024994,
    "YYXXIIII": -0.04328120014694065,
    "YXXYIIII": 0.04328120014694065,
    "XYYXIIII": 0.04328120014694065,
    "XXYYIIII": -0.04328120014694065,
    "IIZIIIZI": 0.039787979494145184,
    "IIIZIIIZ": 0.039787979494145184,
    "IIZIZIII": 0.03978791457698053,
    "IIIZIZII": 0.03978791457698053,
    "IZIIIZII": 0.03941449567397517,
    "ZIIIZIII": 0.03941449567397517,
    "IIYXXYII": 0.03708082187512207,
    "IIXYYXII": 0.03708082187512207,
    "IIYYXXII": -0.03708082187512207,
    "IIXXYYII": -0.03708082187512207,
    "IIXXIIYY": -0.03620575737247979,
    "IIXYIIYX": 0.03620575737247979,
    "IIYXIIXY": 0.03620575737247979,
    "IIYYIIXX": -0.03620575737247979,
    "YZZYXZZX": 0.03573859526506047,
    "YZZXXZZY": -0.03573859526506047,
    "IXXIIYYI": 0.03573859526506047,
    "IYYIIXXI": 0.03573859526506047,
    "IYXIIXYI": -0.03573859526506047,
    "XZZYYZZX": -0.03573859526506047,
    "IXYIIYXI": -0.03573859526506047,
    "XZZXYZZY": 0.03573859526506047,
    "XXIIYYII": -0.035371960672646266,
    "XYIIYXII": 0.035371960672646266,
    "YXIIXYII": 0.035371960672646266,
    "YYIIXXII": -0.035371960672646266,
    "XXIIIIYY": -0.03344323869926963,
    "XYIIIIYX": 0.03344323869926963,
    "YXIIIIXY": 0.03344323869926963,
    "YYIIIIXX": -0.03344323869926963,
    "IIIIZIZI": 0.03147203329602928,
    "IIIIIZIZ": 0.03147203329602928,
    "IIIIIZII": 0.03145990872158892,
    "IIIIZIII": 0.03145990872158887,
    "ZIZIIIII": 0.031018982202288558,
    "IZIZIIII": 0.031018982202288558,
    "IXYIYZZX": 0.030946471577583047,
    "IYXIXZZY": 0.030946471577583047,
    "YZZYIYYI": 0.030946471577583047,
    "YZZXIXYI": 0.030946471577583047,
    "XZZXIXXI": 0.030946471577583047,
    "IYYIYZZY": 0.030946471577583047,
    "IXXIXZZX": 0.030946471577583047,
    "XZZYIYXI": 0.030946471577583047,
    "IIIIIIZI": 0.01657810296079519,
    "IIIIIIIZ": 0.016578102960795177,
    "IIXZXXZX": -0.014235418384228593,
    "IIXZXYZY": -0.014235418384228593,
    "IIYZYXZX": -0.014235418384228593,
    "IIYZYYZY": -0.014235418384228593,
    "IIIYYXXI": 0.014235418384228593,
    "IIIYXXYI": -0.014235418384228593,
    "IIIXXYYI": 0.014235418384228593,
    "IIIXYYXI": -0.014235418384228593,
    "XZXYZYII": 0.013831934485858165,
    "IYYXXIII": -0.013831934485858165,
    "IYXXYIII": 0.013831934485858165,
    "IXYYXIII": 0.013831934485858165,
    "IXXYYIII": -0.013831934485858165,
    "YZYXZXII": 0.013831934485858165,
    "YZYYZYII": 0.013831934485858165,
    "XZXXZXII": 0.013831934485858165,
    "IXZXIXZX": -0.013150500162666895,
    "XZXIXZXI": -0.013150500162666895,
    "IYZYIYZY": -0.013150500162666895,
    "YZYIYZYI": -0.013150500162666895,
    "IIYZZZYZ": -0.012675610008436523,
    "IIXZZZXZ": -0.012675610008436523,
    "IIIYZZIY": -0.012675610008436523,
    "IIIXZZIX": -0.012675610008436523,
    "ZIIXZZZX": -0.012211127873347234,
    "ZIIYZZZY": -0.012211127873347234,
    "IZXZZZXI": -0.012211127873347234,
    "IZYZZZYI": -0.012211127873347234,
    "IXZZZXZI": 0.012194802345411135,
    "YZZZYIIZ": 0.012194802345411135,
    "XZZZXIIZ": 0.012194802345411135,
    "IYZZZYZI": 0.012194802345411135,
    "YIZZYIII": 0.011800088867104484,
    "XIZZXIII": 0.011800088867104484,
    "ZXZZZXII": 0.011800088867104482,
    "ZYZZZYII": 0.011800088867104482,
    "IIIXZIZX": -0.01058288721656549,
    "IIIYZIZY": -0.01058288721656549,
    "IIYZIZYI": -0.01058288721656549,
    "IIXZIZXI": -0.01058288721656549,
    "XZIZXIII": 0.01030786913619718,
    "IXZIZXII": 0.01030786913619718,
    "IYZIZYII": 0.01030786913619718,
    "YZIZYIII": 0.01030786913619718,
    "IXZXIYZY": -0.008358376475189475,
    "IYZYIXZX": -0.008358376475189475,
    "YZYIXZXI": -0.008358376475189475,
    "XZXIYZYI": -0.008358376475189475,
    "IZIXZZZX": -0.00672271179479152,
    "ZIYZZZYI": -0.00672271179479152,
    "ZIXZZZXI": -0.00672271179479152,
    "IZIYZZZY": -0.00672271179479152,
    "XZZZXIZI": 0.006712223125093137,
    "IYZZZYIZ": 0.006712223125093137,
    "IXZZZXIZ": 0.006712223125093137,
    "YZZZYIZI": 0.006712223125093137,
    "YXXZZZZY": 0.005488416078555712,
    "XYYZZZZX": 0.005488416078555712,
    "XXYZZZZY": -0.005488416078555712,
    "XYIYZZXI": -0.005488416078555712,
    "YXIXZZYI": -0.005488416078555712,
    "XXIXZZXI": -0.005488416078555712,
    "YYXZZZZX": -0.005488416078555712,
    "YYIYZZYI": -0.005488416078555712,
    "YZZZZYXX": 0.005482579220317995,
    "YZZZZXXY": -0.005482579220317995,
    "IXZZXIXX": 0.005482579220317995,
    "XZZZZXYY": 0.005482579220317995,
    "IYZZXIXY": 0.005482579220317995,
    "IXZZYIYX": 0.005482579220317995,
    "XZZZZYYX": -0.005482579220317995,
    "IYZZYIYY": 0.005482579220317995,
    "XZYIYZXI": -0.004792123687477419,
    "YZXIXZYI": -0.004792123687477419,
    "IXZYIYZX": -0.004792123687477419,
    "IYZXIXZY": -0.004792123687477419,
    "IIIYZZZY": 0.0038794560070252206,
    "IIIXZZZX": 0.0038794560070252206,
    "IIXZZZXI": 0.003879456007025217,
    "IIYZZZYI": 0.003879456007025217,
    "XZZZXZII": -0.003853196457490027,
    "IXZZIXII": -0.003853196457490027,
    "IYZZIYII": -0.003853196457490027,
    "YZZZYZII": -0.003853196457490027,
    "IIIXIZZX": 0.0036525311676631035,
    "IIIYIZZY": 0.0036525311676631035,
    "IIYZZIYI": 0.0036525311676631035,
    "IIXZZIXI": 0.0036525311676631035,
    "IXZZZXII": 0.003531251274224101,
    "IYZZZYII": 0.003531251274224101,
    "YZZZYIII": 0.0035312512742240974,
    "XZZZXIII": 0.0035312512742240974,
    "IXIZZXII": -0.0035240653496609836,
    "YZZIYIII": -0.0035240653496609836,
    "XZZIXIII": -0.0035240653496609836,
    "IYIZZYII": -0.0035240653496609836,
    "IIXIZZXI": 0.003206945887081316,
    "IIYIZZYI": 0.003206945887081316,
    "IIZXZZZX": 0.0032069458870813156,
    "IIZYZZZY": 0.0032069458870813156
  },
  "data": {
    "molecule_id": "H4_singlet_Dooh",
    "qubit_encoding": "JW",
    "unit": "Angstrom",
    "basis": "sto-3g",
    "charge": 0,
    "multiplicity": 1,
    "spin": 0,
    "geometry": "H -3.7500000000 0.0000000000 0.0000000000\nH -1.2500000000 0.0000000000 0.0000000000\nH 1.2500000000 0.0000000000 0.0000000000\nH 3.7500000000 0.0000000000 0.0000000000",
    "n_qubits": 8,
    "n_particles": {
      "total": 4,
      "alpha": 2,
      "beta": 2
    },
    "hf_array": [
      1,
      1,
      1,
      1,
      0,
      0,
      0,
      0
    ],
    "hf_method": "pyscf.scf.hf_symm.SymAdaptedRHF",
    "convergence_threshold": 1e-06,
    "point_group": {
      "groupname": "Dooh",
      "topgroup": "Dooh"
    },
    "alpha": 2.5,
    "calculated_properties": {
      "HF": {
        "energy": -1.4097529966166786,
        "converged": true
      },
      "MP2": {
        "energy": -1.7009391029384036,