{
  "hamiltonian": {
    "IIIIIIII": -1.0901580957424073,
    "IIIIIIZZ": 0.07635696371529935,
    "ZIIIIIIZ": 0.07521520495934275,
    "IZIIIIZI": 0.07521520495934275,
    "ZZIIIIII": 0.07416452824110312,
    "IIIIZZII": 0.07329091274055755,
    "IIIIIZZI": 0.07290133603741346,
    "IIIIZIIZ": 0.07290133603741346,
    "IIZIIZII": 0.0728596969902883,
    "IIIZZIII": 0.0728596969902883,
    "IIZIIIIZ": 0.07257370595126206,
    "IIIZIIZI": 0.07257370595126206,
    "IIZZIIII": 0.0724957067943737,
    "IZIIZIII": 0.07187586791317294,
    "ZIIIIZII": 0.07187586791317294,
    "IZZIIIII": 0.07157501106159314,
    "ZIIZIIII": 0.07157501106159314,
    "IZIIIIII": 0.04985432878114261,
    "ZIIIIIII": 0.0498543287811426,
    "IIIIXYYX": 0.046030886587026656,
    "IIIIYXXY": 0.046030886587026656,
    "IIIIXXYY": -0.046030886587026656,
    "IIIIYYXX": -0.046030886587026656,
    "IXZXXZXI": -0.04543023385757298,
    "IXZXYZYI": -0.04543023385757298,
    "IYZYXZXI": -0.04543023385757298,
    "IYZYYZYI": -0.04543023385757298,
    "XZXIIXZX": -0.04543023385757298,
    "XZXIIYZY": -0.04543023385757298,
    "YZYIIXZX": -0.04543023385757298,
    "YZYIIYZY": -0.04543023385757298,
    "XYYXIIII": 0.0448815433432703,
    "YXXYIIII": 0.0448815433432703,
    "XXYYIIII": -0.0448815433432703,
    "YYXXIIII": -0.0448815433432703,
    "IIZIIIII": 0.043387193857827897,
    "IIIZIIII": 0.043387193857827897,
    "IZIIIIIZ": 0.04013412690451011,
    "ZIIIIIZI": 0.04013412690451011,
    "IIXXIIYY": -0.03830116242333996,
    "IIXYIIYX": 0.03830116242333996,
    "IIYXIIXY": 0.03830116242333996,
    "IIYYIIXX": -0.03830116242333996,
    "YZZYXZZX": 0.03801587258645549,
    "XZZYYZZX": -0.03801587258645549,
    "YZZXXZZY": -0.03801587258645549,
    "IXXIIYYI": 0.03801587258645549,
    "IXYIIYXI": -0.03801587258645549,
    "XZZXYZZY": 0.03801587258645549,
    "IYYIIXXI": 0.03801587258645549,
    "IYXIIXYI": -0.03801587258645549,
    "YYIIXXII": -0.037756801835384046,
    "XYIIYXII": 0.037756801835384046,
    "XXIIYYII": -0.037756801835384046,
    "YXIIXYII": 0.037756801835384046,
    "IIYXXYII": 0.03737232450922284,
    "IIYYXXII": -0.03737232450922284,
    "IIXYYXII": 0.03737232450922284,
    "IIXXYYII": -0.03737232450922284,
    "IIIIZIII": 0.035762167207873355,
    "IIIIIZII": 0.03576216720787333,
    "IIZIZIII": 0.03548737248106545,
    "IIIZIZII": 0.03548737248106545,
    "XYIIIIYX": 0.03508107805483264,
    "XXIIIIYY": -0.03508107805483264,
    "YXIIIIXY": 0.03508107805483264,
    "YYIIIIXX": -0.03508107805483264,
    "IIZIIIZI": 0.0342725435279221,
    "IIIZIIIZ": 0.0342725435279221,
    "IZIIIZII": 0.03411906607778889,
    "ZIIIZIII": 0.03411906607778889,
    "YZZYIYYI": 0.034042471457010684,
    "YZZXIXYI": 0.034042471457010684,
    "IYYIYZZY": 0.034042471457010684,
    "XZZXIXXI": 0.034042471457010684,
    "IXXIXZZX": 0.034042471457010684,
    "IXYIYZZX": 0.034042471457010684,
    "IYXIXZZY": 0.034042471457010684,
    "XZZYIYXI": 0.034042471457010684,
    "IIIIIIIZ": 0.02870573722631445,
    "IIIIIIZI": 0.028705737226314434,
    "IIIIZIZI": 0.026870449450386802,
    "IIIIIZIZ": 0.026870449450386802,
    "IZIZIIII": 0.026693467718322844,
    "ZIZIIIII": 0.026693467718322844,
    "IYZYIYZY": -0.011387762400562301,
    "XZXIXZXI": -0.011387762400562301,
    "YZYIYZYI": -0.011387762400562301,
    "IXZXIXZX": -0.011387762400562301,
    "IIYZYXZX": -0.010887261120572877,
    "IIYZYYZY": -0.010887261120572877,
    "IIIXXYYI": 0.010887261120572877,
    "IIIXYYXI": -0.010887261120572877,
    "IIIYXXYI": -0.010887261120572877,
    "IIIYYXXI": 0.010887261120572877,
    "IIXZXYZY": -0.010887261120572877,
    "IIXZXXZX": -0.010887261120572877,
    "IYYXXIII": -0.010700747873947945,
    "YZYYZYII": 0.010700747873947945,
    "YZYXZXII": 0.010700747873947945,
    "XZXYZYII": 0.010700747873947945,
    "XZXXZXII": 0.010700747873947945,
    "IYXXYIII": 0.010700747873947945,
    "IXYYXIII": 0.010700747873947945,
    "IXXYYIII": -0.010700747873947945,
    "IIIXZZIX": -0.009937751308363675,
    "IIIYZZIY": -0.009937751308363675,
    "IIYZZZYZ": -0.009937751308363675,
    "IIXZZZXZ": -0.009937751308363675,
    "ZIIXZZZX": -0.009658669905827161,
    "IZXZZZXI": -0.009658669905827161,
    "ZIIYZZZY": -0.009658669905827161,
    "IZYZZZYI": -0.009658669905827161,
    "IYZZZYZI": 0.009639938516512353,
    "IXZZZXZI": 0.009639938516512353,
    "YZZZYIIZ": 0.009639938516512353,
    "XZZZXIIZ": 0.009639938516512353,
    "XIZZXIII": 0.009384237632420536,
    "YIZZYIII": 0.009384237632420536,
    "ZYZZZYII": 0.009384237632420536,
    "ZXZZZXII": 0.009384237632420536,
    "IIIXZIZX": -0.008718369279989886,
    "IIYZIZYI": -0.008718369279989886,
    "IIXZIZXI": -0.008718369279989886,
    "IIIYZIZY": -0.008718369279989886,
    "XZIZXIII": 0.008600073254794319,
    "IYZIZYII": 0.008600073254794319,
    "IXZIZXII": 0.008600073254794319,
    "YZIZYIII": 0.008600073254794319,
    "YZYIXZXI": -0.007414361271117498,
    "IXZXIYZY": -0.007414361271117498,
    "XZXIYZYI": -0.007414361271117498,
    "IYZYIXZX": -0.007414361271117498,
    "IZIXZZZX": -0.006358661484775827,
    "IZIYZZZY": -0.006358661484775827,
    "ZIYZZZYI": -0.006358661484775827,
    "ZIXZZZXI": -0.006358661484775827,
    "YZZZYIZI": 0.0063487959373520805,
    "IYZZZYIZ": 0.0063487959373520805,
    "IXZZZXIZ": 0.0063487959373520805,
    "XZZZXIZI": 0.0063487959373520805,
    "IXZYIYZX": -0.0039734011294448035,
    "YZXIXZYI": -0.0039734011294448035,
    "XZYIYZXI": -0.0039734011294448035,
    "IYZXIXZY": -0.0039734011294448035,
    "YYIYZZYI": -0.0033000084210513345,
    "YXIXZZYI": -0.0033000084210513345,
    "XXYZZZZY": -0.0033000084210513345,
    "XYIYZZXI": -0.0033000084210513345,
    "XYYZZZZX": 0.0033000084210513345,
    "YXXZZZZY": 0.0033000084210513345,
    "XXIXZZXI": -0.0033000084210513345,
    "YYXZZZZX": -0.0033000084210513345,
    "IXZZYIYX": 0.003291142579160271,
    "XZZZZXYY": 0.003291142579160271,
    "XZZZZYYX": -0.003291142579160271,
    "YZZZZYXX": 0.003291142579160271,
    "IXZZXIXX": 0.003291142579160271,
    "YZZZZXXY": -0.003291142579160271,
    "IYZZXIXY": 0.003291142579160271,
    "IYZZYIYY": 0.003291142579160271,
    "IYZZIYII": -0.0023563379843227613,
    "IXZZIXII": -0.0023563379843227613,
    "XZZZXZII": -0.0023563379843227613,
    "YZZZYZII": -0.0023563379843227613,
    "IIIXZZZX": 0.00235531006953261,
    "IIIYZZZY": 0.00235531006953261,
    "IIYZZZYI": 0.0023553100695326065,
    "IIXZZZXI": 0.0023553100695326065,
    "XZZZXIII": 0.002251378036951822,
    "YZZZYIII": 0.002251378036951822,
    "IXZZZXII": 0.0022513780369518184,
    "IYZZZYII": 0.0022513780369518184,
    "IIIXIZZX": 0.0021688918405829895,
    "IIYZZIYI": 0.0021688918405829895,
    "IIXZZIXI": 0.0021688918405829895,
    "IIIYIZZY": 0.0021688918405829895,
    "YZZIYIII": -0.002100674619153626,
    "XZZIXIII": -0.002100674619153626,
    "IXIZZXII": -0.002100674619153626,
    "IYIZZYII": -0.002100674619153626,
    "IIXIZZXI": 0.0018854598610441886,
    "IIYIZZYI": 0.0018854598610441886,
    "IIZYZZZY": 0.0018854598610441883,
    "IIZXZZZX": 0.0018854598610441883
  },
  "data": {
    "molecule_id": "H4_singlet_Dooh",
    "qubit_encoding": "JW",
    "unit": "Angstrom",
    "basis": "sto-3g",
    "charge": 0,
    "multiplicity": 1,
    "spin": 0,
    "geometry": "H -4.3500000000 0.0000000000 0.0000000000\nH -1.4500000000 0.0000000000 0.0000000000\nH 1.4500000000 0.0000000000 0.0000000000\nH 4.3500000000 0.0000000000 0.0000000000",
    "n_qubits": 8,
    "n_particles": {
      "total": 4,
      "alpha": 2,
      "beta": 2
    },
    "hf_array": [
      1,
      1,
      1,
      1,
      0,
      0,
      0,
      0
    ],
    "hf_method": "pyscf.scf.hf_symm.SymAdaptedRHF",
    "convergence_threshold": 1e-06,
    "point_group": {
      "groupname": "Dooh",
      "topgroup": "Dooh"
    },
    "alpha": 2.9,
    "calculated_properties": {
      "HF": {
        "energy": -1.328391861735913,
        "converged": true
      },