{
  "hamiltonian": {
    "IIIIIIII": -1.0894346680067646,
    "IIIIIIZZ": 0.07779686780336383,
    "ZIIIIIIZ": 0.0764555305816556,
    "IZIIIIZI": 0.0764555305816556,
    "ZZIIIIII": 0.07524107891285944,
    "IIIIZZII": 0.07427117413352767,
    "IIZIIZII": 0.07375870082319066,
    "IIIZZIII": 0.07375870082319066,
    "IIIIIZZI": 0.07371230773904913,
    "IIIIZIIZ": 0.07371230773904913,
    "IIZZIIII": 0.07334099840248093,
    "IIZIIIIZ": 0.07333154578837606,
    "IIIZIIZI": 0.07333154578837606,
    "IZIIZIII": 0.0725224468620026,
    "ZIIIIZII": 0.0725224468620026,
    "ZIIZIIII": 0.07217892640843726,
    "IZZIIIII": 0.07217892640843726,
    "IZIIIIII": 0.05182519577007491,
    "ZIIIIIII": 0.05182519577007491,
    "IIIIYXXY": 0.04582494978373023,
    "IIIIXYYX": 0.04582494978373023,
    "IIIIXXYY": -0.04582494978373023,
    "IIIIYYXX": -0.04582494978373023,
    "IXZXXZXI": -0.04513427276019416,
    "IXZXYZYI": -0.04513427276019416,
    "IYZYXZXI": -0.04513427276019416,
    "IYZYYZYI": -0.04513427276019416,
    "XZXIIXZX": -0.04513427276019416,
    "XZXIIYZY": -0.04513427276019416,
    "YZYIIXZX": -0.04513427276019416,
    "YZYIIYZY": -0.04513427276019416,
    "XYYXIIII": 0.04451651818824917,
    "YXXYIIII": 0.04451651818824917,
    "XXYYIIII": -0.04451651818824917,
    "YYXXIIII": -0.04451651818824917,
    "IIZIIIII": 0.04415317403078442,
    "IIIZIIII": 0.04415317403078442,
    "IZIIIIIZ": 0.04175897673387022,
    "ZIIIIIZI": 0.04175897673387022,
    "IIXXIIYY": -0.037826393907548134,
    "IIXYIIYX": 0.037826393907548134,
    "IIYXIIXY": 0.037826393907548134,
    "IIYYIIXX": -0.037826393907548134,
    "YZZYXZZX": 0.037499701312058084,
    "XZZYYZZX": -0.037499701312058084,
    "YZZXXZZY": -0.037499701312058084,
    "IXXIIYYI": 0.037499701312058084,
    "IXYIIYXI": -0.037499701312058084,
    "XZZXYZZY": 0.037499701312058084,
    "IYYIIXXI": 0.037499701312058084,
    "IYXIIXYI": -0.037499701312058084,
    "IIXXYYII": -0.03729915718264803,
    "IIXYYXII": 0.03729915718264803,
    "IIYYXXII": -0.03729915718264803,
    "IIYXXYII": 0.03729915718264803,
    "YYIIXXII": -0.03721026090923568,
    "XYIIYXII": 0.03721026090923568,
    "XXIIYYII": -0.03721026090923568,
    "YXIIXYII": 0.03721026090923568,
    "IIIZIZII": 0.03645954364054263,
    "IIZIZIII": 0.03645954364054263,
    "IIZIIIZI": 0.03550515188082792,
    "IIIZIIIZ": 0.03550515188082792,
    "IZIIIZII": 0.03531218595276692,
    "ZIIIZIII": 0.03531218595276692,
    "IIIIIZII": 0.034940299065892994,
    "IIIIZIII": 0.034940299065892994,
    "YYIIIIXX": -0.034696553847785395,
    "XYIIIIYX": 0.034696553847785395,
    "XXIIIIYY": -0.034696553847785395,
    "YXIIIIXY": 0.034696553847785395,
    "IXXIXZZX": 0.03334748326955807,
    "YZZYIYYI": 0.03334748326955807,
    "YZZXIXYI": 0.03334748326955807,
    "XZZXIXXI": 0.03334748326955807,
    "IYYIYZZY": 0.03334748326955807,
    "IYXIXZZY": 0.03334748326955807,
    "IXYIYZZX": 0.03334748326955807,
    "XZZYIYXI": 0.03334748326955807,
    "IIIIZIZI": 0.027887357955318905,
    "IIIIIZIZ": 0.027887357955318905,
    "IZIZIIII": 0.027662408220188082,
    "ZIZIIIII": 0.027662408220188082,
    "IIIIIIIZ": 0.026410888517145056,
    "IIIIIIZI": 0.026410888517145,
    "IYZYIYZY": -0.011786789490636097,
    "XZXIXZXI": -0.011786789490636097,
    "YZYIYZYI": -0.011786789490636097,
    "IXZXIXZX": -0.011786789490636097,
    "IIYZYXZX": -0.011720735580298534,
    "IIYZYYZY": -0.011720735580298534,
    "IIIXXYYI": 0.011720735580298534,
    "IIIXYYXI": -0.011720735580298534,
    "IIIYXXYI": -0.011720735580298534,
    "IIIYYXXI": 0.011720735580298534,
    "IIXZXYZY": -0.011720735580298534,
    "IIXZXXZX": -0.011720735580298534,
    "IYYXXIII": -0.011489726640885871,
    "YZYYZYII": 0.011489726640885871,
    "YZYXZXII": 0.011489726640885871,
    "XZXYZYII": 0.011489726640885871,
    "XZXXZXII": 0.011489726640885871,
    "IYXXYIII": 0.011489726640885871,
    "IXYYXIII": 0.011489726640885871,
    "IXXYYIII": -0.011489726640885871,
    "IIIXZZIX": -0.010634022157777465,
    "IIIYZZIY": -0.010634022157777465,
    "IIYZZZYZ": -0.010634022157777465,
    "IIXZZZXZ": -0.010634022157777465,
    "ZIIXZZZX": -0.01031316634583451,
    "IZXZZZXI": -0.01031316634583451,
    "ZIIYZZZY": -0.01031316634583451,
    "IZYZZZYI": -0.01031316634583451,
    "IYZZZYZI": 0.010294605892872205,
    "IXZZZXZI": 0.010294605892872205,
    "YZZZYIIZ": 0.010294605892872205,
    "XZZZXIIZ": 0.010294605892872205,
    "XIZZXIII": 0.01000511954383777,
    "YIZZYIII": 0.01000511954383777,
    "ZYZZZYII": 0.01000511954383777,
    "ZXZZZXII": 0.01000511954383777,
    "IIIXZIZX": -0.009137942579776443,
    "IIYZIZYI": -0.009137942579776443,
    "IIXZIZXI": -0.009137942579776443,
    "IIIYZIZY": -0.009137942579776443,
    "XZIZXIII": 0.008990945945586915,
    "IYZIZYII": 0.008990945945586915,
    "IXZIZXII": 0.008990945945586915,
    "YZIZYIII": 0.008990945945586915,
    "YZYIXZXI": -0.007634571448136077,
    "IXZXIYZY": -0.007634571448136077,
    "XZXIYZYI": -0.007634571448136077,
    "IYZYIXZX": -0.007634571448136077,
    "IZIXZZZX": -0.006443874287155569,
    "IZIYZZZY": -0.006443874287155569,
    "ZIYZZZYI": -0.006443874287155569,
    "ZIXZZZXI": -0.006443874287155569,
    "YZZZYIZI": 0.0064330909088529155,
    "IYZZZYIZ": 0.0064330909088529155,
    "IXZZZXIZ": 0.0064330909088529155,
    "XZZZXIZI": 0.0064330909088529155,
    "IXZYIYZX": -0.00415221804250002,
    "YZXIXZYI": -0.00415221804250002,
    "XZYIYZXI": -0.00415221804250002,
    "IYZXIXZY": -0.00415221804250002,
    "XXYZZZZY": -0.0038692920586789405,
    "XYYZZZZX": 0.0038692920586789405,
    "YXXZZZZY": 0.0038692920586789405,
    "YYXZZZZX": -0.0038692920586789405,
    "YYIYZZYI": -0.00386929205867894,
    "YXIXZZYI": -0.00386929205867894,
    "XYIYZZXI": -0.00386929205867894,
    "XXIXZZXI": -0.00386929205867894,
    "IXZZYIYX": 0.0038615149840192887,
    "XZZZZXYY": 0.0038615149840192887,
    "XZZZZYYX": -0.0038615149840192887,
    "YZZZZYXX": 0.0038615149840192887,
    "IXZZXIXX": 0.0038615149840192887,
    "YZZZZXXY": -0.0038615149840192887,
    "IYZZXIXY": 0.0038615149840192887,
    "IYZZYIYY": 0.0038615149840192887,
    "IYZZIYII": -0.00278004531272617,
    "IXZZIXII": -0.00278004531272617,
    "XZZZXZII": -0.00278004531272617,
    "YZZZYZII": -0.00278004531272617,
    "IIYZZZYI": 0.002693106699494196,
    "IIXZZZXI": 0.002693106699494196,
    "IIIXZZZX": 0.002693106699494194,
    "IIIYZZZY": 0.002693106699494194,
    "IIIYIZZY": 0.002582793000522091,
    "IIIXIZZX": 0.002582793000522091,
    "IIYZZIYI": 0.002582793000522091,
    "IIXZZIXI": 0.002582793000522091,
    "YZZZYIII": 0.002549784461107551,
    "IYZZZYII": 0.002549784461107551,
    "XZZZXIII": 0.002549784461107551,
    "IXZZZXII": 0.002549784461107551,
    "IXIZZXII": -0.0024987806952989564,
    "YZZIYIII": -0.0024987806952989564,
    "XZZIXIII": -0.0024987806952989564,
    "IYIZZYII": -0.0024987806952989564,
    "IIZXZZZX": 0.0022610059635486527,
    "IIZYZZZY": 0.0022610059635486527,
    "IIXIZZXI": 0.0022610059635486523,
    "IIYIZZYI": 0.0022610059635486523
  },
  "data": {
    "molecule_id": "H4_singlet_Dooh",
    "qubit_encoding": "JW",
    "unit": "Angstrom",
    "basis": "sto-3g",
    "charge": 0,
    "multiplicity": 1,
    "spin": 0,
    "geometry": "H -4.2000000000 0.0000000000 0.0000000000\nH -1.4000000000 0.0000000000 0.0000000000\nH 1.4000000000 0.0000000000 0.0000000000\nH 4.2000000000 0.0000000000 0.0000000000",
    "n_qubits": 8,
    "n_particles": {
      "total": 4,
      "alpha": 2,
      "beta": 2
    },
    "hf_array": [
      1,
      1,
      1,
      1,
      0,
      0,
      0,
      0
    ],
    "hf_method": "pyscf.scf.hf_symm.SymAdaptedRHF",
    "convergence_threshold": 1e-06,
    "point_group": {
      "groupname": "Dooh",
      "topgroup": "Dooh"
    },
    "alpha": 2.8,
    "calculated_properties": {
      "HF": {
        "energy": -1.3453650770706531,
        "converged": true
      },
      "MP2": {
        "energy": -1.7264864737991514,