{
  "hamiltonian": {
    "IIIIIIII": -1.065442855717053,
    "IIIIIIZZ": 0.09178497209291461,
    "IZIIIIZI": 0.0882360894318671,
    "ZIIIIIIZ": 0.0882360894318671,
    "ZZIIIIII": 0.0855934999497931,
    "IIIIZZII": 0.08358342904412688,
    "IIIZZIII": 0.08216509097742125,
    "IIZIIZII": 0.08216509097742125,
    "IIIIIZZI": 0.08193106999377048,
    "IIIIZIIZ": 0.08193106999377048,
    "IIZZIIII": 0.08148106978757652,
    "IIIZIIZI": 0.08098002075836358,
    "IIZIIIIZ": 0.08098002075836358,
    "IZIIZIII": 0.07910251480225772,
    "ZIIIIZII": 0.07910251480225772,
    "ZIIZIIII": 0.0784017707240018,
    "IZZIIIII": 0.0784017707240018,
    "ZIIIIIII": 0.07615943760915818,
    "IZIIIIII": 0.07615943760915816,
    "ZIIIIIZI": 0.0568155050171868,
    "IZIIIIIZ": 0.0568155050171868,
    "IIIZIIII": 0.05407243917980171,
    "IIZIIIII": 0.0540724391798017,
    "IIZIIIZI": 0.04730550837535052,
    "IIIZIIIZ": 0.04730550837535052,
    "ZIIIZIII": 0.04646337837383457,
    "IZIIIZII": 0.04646337837383457,
    "IIIZIZII": 0.04558054186217231,
    "IIZIZIII": 0.04558054186217231,
    "IIIIXYYX": 0.04399150100553742,
    "IIIIXXYY": -0.04399150100553742,
    "IIIIYXXY": 0.04399150100553742,
    "IIIIYYXX": -0.04399150100553742,
    "XZXIIYZY": -0.042496987696235534,
    "YZYIIYZY": -0.042496987696235534,
    "YZYIIXZX": -0.042496987696235534,
    "IXZXYZYI": -0.042496987696235534,
    "XZXIIXZX": -0.042496987696235534,
    "IXZXXZXI": -0.042496987696235534,
    "IYZYYZYI": -0.042496987696235534,
    "IYZYXZXI": -0.042496987696235534,
    "YYXXIIII": -0.04155616357763189,
    "XXYYIIII": -0.04155616357763189,
    "XYYXIIII": 0.04155616357763189,
    "YXXYIIII": 0.04155616357763189,
    "IIIIZIZI": 0.03793956898823306,
    "IIIIIZIZ": 0.03793956898823306,
    "IZIZIIII": 0.036845607146369905,
    "ZIZIIIII": 0.036845607146369905,
    "IIYXXYII": 0.036584549115248936,
    "IIXYYXII": 0.036584549115248936,
    "IIXXYYII": -0.036584549115248936,
    "IIYYXXII": -0.036584549115248936,
    "IIXYIIYX": 0.03367451238301307,
    "IIYXIIXY": 0.03367451238301307,
    "IIYYIIXX": -0.03367451238301307,
    "IIXXIIYY": -0.03367451238301307,
    "IYXIIXYI": -0.03299346482020008,
    "IXXIIYYI": 0.03299346482020008,
    "IYYIIXXI": 0.03299346482020008,
    "XZZXYZZY": 0.03299346482020008,
    "XZZYYZZX": -0.03299346482020008,
    "YZZXXZZY": -0.03299346482020008,
    "YZZYXZZX": 0.03299346482020008,
    "IXYIIYXI": -0.03299346482020008,
    "XXIIYYII": -0.03263913642842316,
    "YXIIXYII": 0.03263913642842316,
    "YYIIXXII": -0.03263913642842316,
    "XYIIYXII": 0.03263913642842316,
    "XXIIIIYY": -0.031420584414680305,
    "XYIIIIYX": 0.031420584414680305,
    "YXIIIIXY": 0.031420584414680305,
    "YYIIIIXX": -0.031420584414680305,
    "YZZYIYYI": 0.02706667623728811,
    "XZZYIYXI": 0.02706667623728811,
    "IYXIXZZY": 0.02706667623728811,
    "IYYIYZZY": 0.02706667623728811,
    "IXXIXZZX": 0.02706667623728811,
    "IXYIYZZX": 0.02706667623728811,
    "YZZXIXYI": 0.02706667623728811,
    "XZZXIXXI": 0.02706667623728811,
    "IIIIIZII": 0.023163211024490538,
    "IIIIZIII": 0.023163211024490538,
    "IIYZYYZY": -0.017435905933405153,
    "IIXZXYZY": -0.017435905933405153,
    "IIXZXXZX": -0.017435905933405153,
    "IIIXYYXI": -0.017435905933405153,
    "IIIYXXYI": -0.017435905933405153,
    "IIIYYXXI": 0.017435905933405153,
    "IIYZYXZX": -0.017435905933405153,
    "IIIXXYYI": 0.017435905933405153,
    "IYYXXIII": -0.01673985478978923,
    "IYXXYIII": 0.01673985478978923,
    "IXXYYIII": -0.01673985478978923,
    "YZYYZYII": 0.01673985478978923,
    "YZYXZXII": 0.01673985478978923,
    "XZXYZYII": 0.01673985478978923,
    "XZXXZXII": 0.01673985478978923,
    "IXYYXIII": 0.01673985478978923,
    "IYZYIYZY": -0.015430311458947427,
    "IXZXIXZX": -0.015430311458947427,
    "XZXIXZXI": -0.015430311458947427,
    "YZYIYZYI": -0.015430311458947427,
    "IIXZZZXZ": -0.01513676178504952,
    "IIYZZZYZ": -0.01513676178504952,
    "IIIXZZIX": -0.01513676178504952,
    "IIIYZZIY": -0.01513676178504952,
    "ZIIXZZZX": -0.014451245700516816,
    "ZIIYZZZY": -0.014451245700516816,
    "IZXZZZXI": -0.014451245700516816,
    "IZYZZZYI": -0.014451245700516816,
    "IXZZZXZI": 0.014432459037226994,
    "IYZZZYZI": 0.014432459037226994,
    "YZZZYIIZ": 0.014432459037226994,
    "XZZZXIIZ": 0.014432459037226994,
    "ZXZZZXII": 0.01391949126679855,
    "ZYZZZYII": 0.01391949126679855,
    "YIZZYIII": 0.013919491266798548,
    "XIZZXIII": 0.013919491266798548,
    "IIYZIZYI": -0.013048201556695511,
    "IIIXZIZX": -0.013048201556695511,
    "IIIYZIZY": -0.013048201556695511,
    "IIXZIZXI": -0.013048201556695511,
    "XZIZXIII": 0.012451244753812745,
    "YZIZYIII": 0.012451244753812745,
    "IXZIZXII": 0.012451244753812745,
    "IYZIZYII": 0.012451244753812745,
    "YZYIXZXI": -0.009503522876035451,
    "IYZYIXZX": -0.009503522876035451,
    "IXZXIYZY": -0.009503522876035451,
    "XZXIYZYI": -0.009503522876035451,
    "IIIIIIIZ": -0.0076853243858154285,
    "IIIIIIZI": -0.0076853243858154285,
    "XYYZZZZX": 0.0072429606515639535,
    "YXXZZZZY": 0.0072429606515639535,
    "YYIYZZYI": -0.0072429606515639535,
    "YXIXZZYI": -0.0072429606515639535,
    "XYIYZZXI": -0.0072429606515639535,
    "XXYZZZZY": -0.0072429606515639535,
    "YYXZZZZX": -0.0072429606515639535,
    "XXIXZZXI": -0.0072429606515639535,
    "YZZZYIZI": 0.0072177713811831315,
    "XZZZXIZI": 0.0072177713811831315,
    "IXZZZXIZ": 0.0072177713811831315,
    "IYZZZYIZ": 0.0072177713811831315,
    "IXZZXIXX": 0.007214687656043861,
    "IXZZYIYX": 0.007214687656043861,
    "IYZZXIXY": 0.007214687656043861,
    "IYZZYIYY": 0.007214687656043861,
    "YZZZZYXX": 0.007214687656043861,
    "XZZZZXYY": 0.007214687656043861,
    "XZZZZYYX": -0.007214687656043861,
    "YZZZZXXY": -0.007214687656043861,
    "ZIXZZZXI": -0.007208285048952863,
    "IZIXZZZX": -0.007208285048952863,
    "IZIYZZZY": -0.007208285048952863,
    "ZIYZZZYI": -0.007208285048952863,
    "XZYIYZXI": -0.005926788582911975,
    "IXZYIYZX": -0.005926788582911975,
    "IYZXIXZY": -0.005926788582911975,
    "YZXIXZYI": -0.005926788582911975,
    "IIXZZZXI": 0.005920992277955039,
    "IIYZZZYI": 0.005920992277955039,
    "IIIXZZZX": 0.005920992277955037,
    "IIIYZZZY": 0.005920992277955037,
    "XZZZXIII": 0.004932177389170164,
    "IXZZZXII": 0.004932177389170164,
    "IYZZZYII": 0.004932177389170164,
    "YZZZYIII": 0.004932177389170164,
    "IYZZIYII": -0.004499397373514182,
    "IXZZIXII": -0.004499397373514182,
    "XZZZXZII": -0.004499397373514182,
    "YZZZYZII": -0.004499397373514182,
    "IIXZZIXI": 0.004387704376709644,
    "IIYZZIYI": 0.004387704376709644,
    "IIIXIZZX": 0.004387704376709644,
    "IIIYIZZY": 0.004387704376709644,
    "IXIZZXII": -0.004288610035976486,
    "IYIZZYII": -0.004288610035976486,
    "XZZIXIII": -0.004288610035976486,
    "YZZIYIII": -0.004288610035976486,
    "IIZYZZZY": 0.0037824565709521354,
    "IIZXZZZX": 0.0037824565709521354,
    "IIXIZZXI": 0.003782456570952135,
    "IIYIZZYI": 0.003782456570952135
  },
  "data": {
    "molecule_id": "H4_singlet_Dooh",
    "qubit_encoding": "JW",
    "unit": "Angstrom",
    "basis": "sto-3g",
    "charge": 0,
    "multiplicity": 1,
    "spin": 0,
    "geometry": "H -3.1500000000 0.0000000000 0.0000000000\nH -1.0500000000 0.0000000000 0.0000000000\nH 1.0500000000 0.0000000000 0.0000000000\nH 3.1500000000 0.0000000000 0.0000000000",
    "n_qubits": 8,
    "n_particles": {
      "total": 4,
      "alpha": 2,
      "beta": 2
    },
    "hf_array": [
      1,
      1,
      1,
      1,
      0,
      0,
      0,
      0
    ],
    "hf_method": "pyscf.scf.hf_symm.SymAdaptedRHF",
    "convergence_threshold": 1e-06,
    "point_group": {
      "groupname": "Dooh",
      "topgroup": "Dooh"
    },
    "alpha": 2.1,
    "calculated_properties": {
      "HF": {
        "energy": -1.5355691306353698,
        "converged": true
      },
      "MP2": {
        "energy": -1.7252144560074683,