{
  "hamiltonian": {
    "IIIIIIII": -0.7810583498987044,
    "IIIIIIIZ": -0.1652214733158488,
    "IIIIIIZI": -0.1652214733158488,
    "IZIIIIII": 0.14032534127903673,
    "ZIIIIIII": 0.1403253412790367,
    "IIIIIIZZ": 0.12344292221755337,
    "IZIIIIZI": 0.11376918983845755,
    "ZIIIIIIZ": 0.11376918983845755,
    "ZZIIIIII": 0.109043478047274,
    "IIIIIZZI": 0.10390399127393468,
    "IIIIZIIZ": 0.10390399127393468,
    "IIIIZZII": 0.1034425503958088,
    "IIZIIIIZ": 0.10132135241026896,
    "IIIZIIZI": 0.10132135241026896,
    "IIZZIIII": 0.10047677346615061,
    "IIZIIZII": 0.09996937199969753,
    "IIIZZIII": 0.09996937199969753,
    "ZIIIIZII": 0.09769743894312782,
    "IZIIZIII": 0.09769743894312782,
    "IZZIIIII": 0.09620325680921316,
    "ZIIZIIII": 0.09620325680921316,
    "ZIIIIIZI": 0.08768634805948775,
    "IZIIIIIZ": 0.08768634805948775,
    "IIZIIIII": 0.07846968262461529,
    "IIIZIIII": 0.07846968262461528,
    "IIZIIIZI": 0.07329462562620982,
    "IIIZIIIZ": 0.07329462562620982,
    "IZIIIZII": 0.06987595414549641,
    "ZIIIZIII": 0.06987595414549641,
    "IIZIZIII": 0.06525711078754953,
    "IIIZIZII": 0.06525711078754953,
    "IIIIZIZI": 0.06213586996948639,
    "IIIIIZIZ": 0.06213586996948639,
    "IZIZIIII": 0.05669578289713296,
    "ZIZIIIII": 0.05669578289713296,
    "IIIIXXYY": -0.04176812130444829,
    "IIIIXYYX": 0.04176812130444829,
    "IIIIYXXY": 0.04176812130444829,
    "IIIIYYXX": -0.04176812130444829,
    "XXYYIIII": -0.03950747391208019,
    "YYXXIIII": -0.03950747391208019,
    "YXXYIIII": 0.03950747391208019,
    "XYYXIIII": 0.03950747391208019,
    "YZYIIYZY": -0.03914201274244025,
    "XZXIIYZY": -0.03914201274244025,
    "IXZXYZYI": -0.03914201274244025,
    "YZYIIXZX": -0.03914201274244025,
    "XZXIIXZX": -0.03914201274244025,
    "IXZXXZXI": -0.03914201274244025,
    "IYZYYZYI": -0.03914201274244025,
    "IYZYXZXI": -0.03914201274244025,
    "IIYXXYII": 0.034712261212148,
    "IIXYYXII": 0.034712261212148,
    "IIXXYYII": -0.034712261212148,
    "IIYYXXII": -0.034712261212148,
    "IIXXIIYY": -0.028026726784059146,
    "IIXYIIYX": 0.028026726784059146,
    "IIYXIIXY": 0.028026726784059146,
    "IIYYIIXX": -0.028026726784059146,
    "YYIIXXII": -0.027821484797631402,
    "XYIIYXII": 0.027821484797631402,
    "YXIIXYII": 0.027821484797631402,
    "XXIIYYII": -0.027821484797631402,
    "IIIIZIII": -0.02709551226190743,
    "IIIIIZII": -0.02709551226190743,
    "XZZXYZZY": 0.026818428492779788,
    "XZZYYZZX": -0.026818428492779788,
    "YZZXXZZY": -0.026818428492779788,
    "YZZYXZZX": 0.026818428492779788,
    "IXYIIYXI": -0.026818428492779788,
    "IXXIIYYI": 0.026818428492779788,
    "IYYIIXXI": 0.026818428492779788,
    "IYXIIXYI": -0.026818428492779788,
    "XXIIIIYY": -0.02608284177896981,
    "XYIIIIYX": 0.02608284177896981,
    "YXIIIIXY": 0.02608284177896981,
    "YYIIIIXX": -0.02608284177896981,
    "IIYZYYZY": -0.02306621932400988,
    "IIIYXXYI": -0.02306621932400988,
    "IIXZXYZY": -0.02306621932400988,
    "IIYZYXZX": -0.02306621932400988,
    "IIIXYYXI": -0.02306621932400988,
    "IIIXXYYI": 0.02306621932400988,
    "IIIYYXXI": 0.02306621932400988,
    "IIXZXXZX": -0.02306621932400988,
    "IXXYYIII": -0.02223778041482197,
    "IXYYXIII": 0.02223778041482197,
    "IYXXYIII": 0.02223778041482197,
    "YZYXZXII": 0.02223778041482197,
    "IYYXXIII": -0.02223778041482197,
    "XZXYZYII": 0.02223778041482197,
    "XZXXZXII": 0.02223778041482197,
    "YZYYZYII": 0.02223778041482197,
    "IXZXIXZX": -0.021754478078011782,
    "XZXIXZXI": -0.021754478078011782,
    "IYZYIYZY": -0.021754478078011782,
    "YZYIYZYI": -0.021754478078011782,
    "IIXZIZXI": -0.02088873818422845,
    "IIIYZIZY": -0.02088873818422845,
    "IIYZIZYI": -0.02088873818422845,
    "IIIXZIZX": -0.02088873818422845,
    "IIYZZZYZ": -0.020156098592552987,
    "IIXZZZXZ": -0.020156098592552987,
    "IIIXZZIX": -0.020156098592552987,
    "IIIYZZIY": -0.020156098592552987,
    "IYZZZYZI": 0.01876320678709131,
    "XZZZXIIZ": 0.01876320678709131,
    "YZZZYIIZ": 0.01876320678709131,
    "IXZZZXZI": 0.01876320678709131,
    "ZIIXZZZX": -0.018645742446771935,
    "ZIIYZZZY": -0.018645742446771935,
    "IZXZZZXI": -0.018645742446771935,
    "IZYZZZYI": -0.018645742446771935,
    "IYZIZYII": 0.01864455914328482,
    "IXZIZXII": 0.01864455914328482,
    "YZIZYIII": 0.01864455914328482,
    "XZIZXIII": 0.01864455914328482,
    "YIZZYIII": 0.018027229170486485,
    "XIZZXIII": 0.018027229170486485,
    "ZYZZZYII": 0.018027229170486485,
    "ZXZZZXII": 0.018027229170486485,
    "YZZXIXYI": 0.017387534664428474,
    "XZZXIXXI": 0.017387534664428474,
    "IXXIXZZX": 0.017387534664428474,
    "IXYIYZZX": 0.017387534664428474,
    "IYXIXZZY": 0.017387534664428474,
    "IYYIYZZY": 0.017387534664428474,
    "YZZYIYYI": 0.017387534664428474,
    "XZZYIYXI": 0.017387534664428474,
    "IIIXZZZX": 0.012771517783607807,
    "IIIYZZZY": 0.012771517783607807,
    "IIYZZZYI": 0.012771517783607802,
    "IIXZZZXI": 0.012771517783607802,
    "IXZXIYZY": -0.012323584249660468,
    "XZXIYZYI": -0.012323584249660468,
    "YZYIXZXI": -0.012323584249660468,
    "IYZYIXZX": -0.012323584249660468,
    "XYIYZZXI": -0.00965260915630431,
    "XXIXZZXI": -0.00965260915630431,
    "YYXZZZZX": -0.00965260915630431,
    "YXXZZZZY": 0.00965260915630431,
    "XYYZZZZX": 0.00965260915630431,
    "XXYZZZZY": -0.00965260915630431,
    "YYIYZZYI": -0.00965260915630431,
    "YXIXZZYI": -0.00965260915630431,
    "IXZYIYZX": -0.009430893828351317,
    "XZYIYZXI": -0.009430893828351317,
    "YZXIXZYI": -0.009430893828351317,
    "IYZXIXZY": -0.009430893828351317,
    "XZZZXIZI": 0.009393089161864617,
    "YZZZYIZI": 0.009393089161864617,
    "IYZZZYIZ": 0.009393089161864617,
    "IXZZZXIZ": 0.009393089161864617,
    "IXZZXIXX": 0.009370117625226692,
    "XZZZZYYX": -0.009370117625226692,
    "XZZZZXYY": 0.009370117625226692,
    "IYZZYIYY": 0.009370117625226692,
    "IYZZXIXY": 0.009370117625226692,
    "YZZZZXXY": -0.009370117625226692,
    "IXZZYIYX": 0.009370117625226692,
    "YZZZZYXX": 0.009370117625226692,
    "IZIYZZZY": -0.008993133290467628,
    "IZIXZZZX": -0.008993133290467628,
    "ZIYZZZYI": -0.008993133290467628,
    "ZIXZZZXI": -0.008993133290467628,
    "IYZZZYII": 0.006525912933599767,
    "IXZZZXII": 0.006525912933599767,
    "YZZZYIII": 0.006525912933599765,
    "XZZZXIII": 0.006525912933599765,
    "XZZIXIII": -0.003593221271537152,
    "YZZIYIII": -0.003593221271537152,
    "IYIZZYII": -0.003593221271537152,
    "IXIZZXII": -0.003593221271537152,
    "IIXZZIXI": 0.0021774811397814327,
    "IIIXIZZX": 0.0021774811397814327,
    "IIIYIZZY": 0.0021774811397814327,
    "IIYZZIYI": 0.0021774811397814327,
    "XZZZXZII": -0.0016035247425096127,
    "YZZZYZII": -0.0016035247425096127,
    "IYZZIYII": -0.0016035247425096127,
    "IXZZIXII": -0.0016035247425096127,
    "IIYIZZYI": 0.001542903288116587,
    "IIXIZZXI": 0.001542903288116587,
    "IIZYZZZY": 0.001542903288116587,
    "IIZXZZZX": 0.001542903288116587
  },
  "data": {
    "molecule_id": "H4_singlet_Dooh",
    "qubit_encoding": "JW",
    "unit": "Angstrom",
    "basis": "sto-3g",
    "charge": 0,
    "multiplicity": 1,
    "spin": 0,
    "geometry": "H -1.9500000000 0.0000000000 0.0000000000\nH -0.6500000000 0.0000000000 0.0000000000\nH 0.6500000000 0.0000000000 0.0000000000\nH 1.9500000000 0.0000000000 0.0000000000",
    "n_qubits": 8,
    "n_particles": {
      "total": 4,
      "alpha": 2,
      "beta": 2
    },
    "hf_array": [
      1,
      1,
      1,
      1,
      0,
      0,
      0,
      0
    ],
    "hf_method": "pyscf.scf.hf_symm.SymAdaptedRHF",
    "convergence_threshold": 1e-06,
    "point_group": {
      "groupname": "Dooh",
      "topgroup": "Dooh"
    },
    "alpha": 1.3,
    "calculated_properties": {
      "HF": {
        "energy": -1.9467416264557886,
        "converged": true
      },
      "MP2": {
        "energy": -2.0113191193884483,
        "converged": false
      },