{
  "hamiltonian": {
    "IIIIIIII": -1.0906619532504267,
    "IIIIIIZZ": 0.07503311898109873,
    "ZIIIIIIZ": 0.07406736985107679,
    "IZIIIIZI": 0.07406736985107679,
    "ZZIIIIII": 0.07316613717583711,
    "IIIIZZII": 0.07238385678176215,
    "IIIIIZZI": 0.07214338876055265,
    "IIIIZIIZ": 0.07214338876055265,
    "IIZIIZII": 0.07202350334736343,
    "IIIZZIII": 0.07202350334736343,
    "IIZIIIIZ": 0.07186320513661879,
    "IIIZIIZI": 0.07186320513661879,
    "IIZZIIII": 0.0717102332554651,
    "IZIIZIII": 0.07126575907693924,
    "ZIIIIZII": 0.07126575907693924,
    "IZZIIIII": 0.07100454282217303,
    "ZIIZIIII": 0.07100454282217303,
    "ZIIIIIII": 0.04815830104156876,
    "IZIIIIII": 0.04815830104156868,
    "IIIIXYYX": 0.046215409772509985,
    "IIIIYXXY": 0.046215409772509985,
    "IIIIXXYY": -0.046215409772509985,
    "IIIIYYXX": -0.046215409772509985,
    "XZXIIXZX": -0.04569711754664843,
    "IXZXXZXI": -0.04569711754664843,
    "IXZXYZYI": -0.04569711754664843,
    "IYZYXZXI": -0.04569711754664843,
    "IYZYYZYI": -0.04569711754664843,
    "YZYIIYZY": -0.04569711754664843,
    "YZYIIXZX": -0.04569711754664843,
    "XZXIIYZY": -0.04569711754664843,
    "XYYXIIII": 0.04521539366611252,
    "YXXYIIII": 0.04521539366611252,
    "YYXXIIII": -0.04521539366611252,
    "XXYYIIII": -0.04521539366611252,
    "IIIZIIII": 0.0427360325249285,
    "IIZIIIII": 0.04273603252492847,
    "IIXXIIYY": -0.038740932033300285,
    "IIXYIIYX": 0.038740932033300285,
    "IIYXIIXY": 0.038740932033300285,
    "IIYYIIXX": -0.038740932033300285,
    "ZIIIIIZI": 0.03861351624813464,
    "IZIIIIIZ": 0.03861351624813464,
    "YZZYXZZX": 0.03849385219475883,
    "YZZXXZZY": -0.03849385219475883,
    "XZZYYZZX": -0.03849385219475883,
    "IXXIIYYI": 0.03849385219475883,
    "XZZXYZZY": 0.03849385219475883,
    "IYXIIXYI": -0.03849385219475883,
    "IYYIIXXI": 0.03849385219475883,
    "IXYIIYXI": -0.03849385219475883,
    "YYIIXXII": -0.038265043128537575,
    "YXIIXYII": 0.038265043128537575,
    "XXIIYYII": -0.038265043128537575,
    "XYIIYXII": 0.038265043128537575,
    "IIXYYXII": 0.03745446246044033,
    "IIYXXYII": 0.03745446246044033,
    "IIYYXXII": -0.03745446246044033,
    "IIXXYYII": -0.03745446246044033,
    "IIIIIZII": 0.036452990080700604,
    "IIIIZIII": 0.036452990080700576,
    "XXIIIIYY": -0.03545385360294215,
    "YYIIIIXX": -0.03545385360294215,
    "XYIIIIYX": 0.03545385360294215,
    "YXIIIIXY": 0.03545385360294215,
    "XZZXIXXI": 0.0346838511777409,
    "YZZXIXYI": 0.0346838511777409,
    "YZZYIYYI": 0.0346838511777409,
    "IXYIYZZX": 0.0346838511777409,
    "IYYIYZZY": 0.0346838511777409,
    "IXXIXZZX": 0.0346838511777409,
    "IYXIXZZY": 0.0346838511777409,
    "XZZYIYXI": 0.0346838511777409,
    "IIIZIZII": 0.0345690408869231,
    "IIZIZIII": 0.0345690408869231,
    "IIIZIIIZ": 0.0331222731033185,
    "IIZIIIZI": 0.0331222731033185,
    "IZIIIZII": 0.03300071594840166,
    "ZIIIZIII": 0.03300071594840166,
    "IIIIIIIZ": 0.03063007777532918,
    "IIIIIIZI": 0.030630077775329126,
    "IIIIZIZI": 0.025927978988042666,
    "IIIIIZIZ": 0.025927978988042666,
    "ZIZIIIII": 0.025789149156060502,
    "IZIZIIII": 0.025789149156060502,
    "IXZXIXZX": -0.01101326636890753,
    "IYZYIYZY": -0.01101326636890753,
    "XZXIXZXI": -0.01101326636890753,
    "YZYIYZYI": -0.01101326636890753,
    "IIIXXYYI": 0.010069544900555023,
    "IIXZXXZX": -0.010069544900555023,
    "IIIYYXXI": 0.010069544900555023,
    "IIIYXXYI": -0.010069544900555023,
    "IIIXYYXI": -0.010069544900555023,
    "IIYZYYZY": -0.010069544900555023,
    "IIYZYXZX": -0.010069544900555023,
    "IIXZXYZY": -0.010069544900555023,
    "YZYYZYII": 0.009920988180332012,
    "YZYXZXII": 0.009920988180332012,
    "XZXYZYII": 0.009920988180332012,
    "XZXXZXII": 0.009920988180332012,
    "IYYXXIII": -0.009920988180332012,
    "IXXYYIII": -0.009920988180332012,
    "IXYYXIII": 0.009920988180332012,
    "IYXXYIII": 0.009920988180332012,
    "IIIYZZIY": -0.009246206690296906,
    "IIYZZZYZ": -0.009246206690296906,
    "IIIXZZIX": -0.009246206690296906,
    "IIXZZZXZ": -0.009246206690296906,
    "IZYZZZYI": -0.009005398576197,
    "IZXZZZXI": -0.009005398576197,
    "ZIIXZZZX": -0.009005398576197,
    "ZIIYZZZY": -0.009005398576197,
    "YZZZYIIZ": 0.008986944489260226,
    "IYZZZYZI": 0.008986944489260226,
    "IXZZZXZI": 0.008986944489260226,
    "XZZZXIIZ": 0.008986944489260226,
    "YIZZYIII": 0.008763310678722163,
    "XIZZXIII": 0.008763310678722163,
    "ZYZZZYII": 0.008763310678722163,
    "ZXZZZXII": 0.008763310678722163,
    "IIIXZIZX": -0.008326872050545494,
    "IIXZIZXI": -0.008326872050545494,
    "IIYZIZYI": -0.008326872050545494,
    "IIIYZIZY": -0.008326872050545494,
    "YZIZYIII": 0.008232077880973982,
    "XZIZXIII": 0.008232077880973982,
    "IYZIZYII": 0.008232077880973982,
    "IXZIZXII": 0.008232077880973982,
    "IXZXIYZY": -0.007203265351889597,
    "YZYIXZXI": -0.007203265351889597,
    "IYZYIXZX": -0.007203265351889597,
    "XZXIYZYI": -0.007203265351889597,
    "IZIYZZZY": -0.006274659795239987,
    "ZIYZZZYI": -0.006274659795239987,
    "ZIXZZZXI": -0.006274659795239987,
    "IZIXZZZX": -0.006274659795239987,
    "XZZZXIZI": 0.0062658953740056065,
    "IXZZZXIZ": 0.0062658953740056065,
    "YZZZYIZI": 0.0062658953740056065,
    "IYZZZYIZ": 0.0062658953740056065,
    "IXZYIYZX": -0.0038100010170179317,
    "YZXIXZYI": -0.0038100010170179317,
    "XZYIYZXI": -0.0038100010170179317,
    "IYZXIXZY": -0.0038100010170179317,
    "YYIYZZYI": -0.0027307387809570125,
    "YXIXZZYI": -0.0027307387809570125,
    "XXYZZZZY": -0.0027307387809570125,
    "XYIYZZXI": -0.0027307387809570125,
    "XXIXZZXI": -0.0027307387809570125,
    "XYYZZZZX": 0.0027307387809570125,
    "YYXZZZZX": -0.0027307387809570125,
    "YXXZZZZY": 0.0027307387809570125,
    "IXZZYIYX": 0.0027210491152546198,
    "XZZZZXYY": 0.0027210491152546198,
    "XZZZZYYX": -0.0027210491152546198,
    "YZZZZYXX": 0.0027210491152546198,
    "IXZZXIXX": 0.0027210491152546198,
    "YZZZZXXY": -0.0027210491152546198,
    "IYZZXIXY": 0.0027210491152546198,
    "IYZZYIYY": 0.0027210491152546198,
    "IIYZZZYI": 0.0020455943905914632,
    "IIXZZZXI": 0.0020455943905914632,
    "IIIXZZZX": 0.0020455943905914615,
    "IIIYZZZY": 0.0020455943905914615,
    "IXZZZXII": 0.0019712446146239408,
    "IYZZZYII": 0.0019712446146239408,
    "XZZZXIII": 0.0019712446146239373,
    "YZZZYIII": 0.0019712446146239373,
    "IYZZIYII": -0.0019174840207241692,
    "IXZZIXII": -0.0019174840207241692,
    "YZZZYZII": -0.0019174840207241692,
    "XZZZXZII": -0.0019174840207241692,
    "IIIXIZZX": 0.00174267285000953,
    "IIYZZIYI": 0.00174267285000953,
    "IIXZZIXI": 0.00174267285000953,
    "IIIYIZZY": 0.00174267285000953,
    "YZZIYIII": -0.0016889102993580321,
    "XZZIXIII": -0.0016889102993580321,
    "IYIZZYII": -0.0016889102993580321,
    "IXIZZXII": -0.0016889102993580321,
    "IIZYZZZY": 0.0014953028309712853,
    "IIZXZZZX": 0.0014953028309712853,
    "IIXIZZXI": 0.001495302830971285,
    "IIYIZZYI": 0.001495302830971285
  },
  "data": {
    "molecule_id": "H4_singlet_Dooh",
    "qubit_encoding": "JW",
    "unit": "Angstrom",
    "basis": "sto-3g",
    "charge": 0,
    "multiplicity": 1,
    "spin": 0,
    "geometry": "H -4.5000000000 0.0000000000 0.0000000000\nH -1.5000000000 0.0000000000 0.0000000000\nH 1.5000000000 0.0000000000 0.0000000000\nH 4.5000000000 0.0000000000 0.0000000000",
    "n_qubits": 8,
    "n_particles": {
      "total": 4,
      "alpha": 2,
      "beta": 2
    },
    "hf_array": [
      1,
      1,
      1,
      1,
      0,
      0,
      0,
      0
    ],
    "hf_method": "pyscf.scf.hf_symm.SymAdaptedRHF",
    "convergence_threshold": 1e-06,
    "point_group": {
      "groupname": "Dooh",
      "topgroup": "Dooh"
    },
    "alpha": 3.0,
    "calculated_properties": {
      "HF": {
        "energy": -1.3133117862210935,
        "converged": true
      },
      "MP2": {
        "energy": -1.7584153207124138,