{
  "hamiltonian": {
    "IIZI": -0.3035637967413182,
    "IIIZ": -0.3035637967413182,
    "ZIII": 0.1960575927713443,
    "IZII": 0.19605759277134427,
    "IIZZ": 0.18146979282752115,
    "ZZII": 0.1756565140044718,
    "ZIIZ": 0.1725140090247958,
    "IZZI": 0.1725140090247958,
    "IIII": 0.14671371918169865,
    "ZIZI": 0.12916842799309358,
    "IZIZ": 0.12916842799309358,
    "YXXY": 0.043345581031702225,
    "YYXX": -0.043345581031702225,
    "XXYY": -0.043345581031702225,
    "XYYX": 0.043345581031702225
  },
  "data": {
    "molecule_id": "H2_singlet_Dooh",
    "qubit_encoding": "JW",
    "basis": "sto-3g",
    "charge": 0,
    "multiplicity": 1,
    "geometry": "H 0.0000000000 0.0000000000 0.0741400000\nH 0.0000000000 0.0000000000 0.6672600000",
    "n_qubits": 4,
    "alpha": 0.8,
    "energies": {
      "HF": -1.0987676270474118,
      "MP2": -1.1088437244598388,
      "CISD": -1.113698187128311,
      "CCSD": -1.113698253731059,
      "FCI": -1.113698187128311
    },
    "converged": {
      "HF": true,
      "MP2": false,
      "CISD": true,
      "CCSD": true,
      "FCI": true
    },
    "fci_spin_matches_target": true,
    "fci_multiplicity": 1.0,
    "hf_method_fallback": "standard",
    "generation_time_s": 0.016,
    "timestamp": "2026-02-25T23:56:22.881439+00:00"
  }
}