{
  "hamiltonian": {
    "IIIIIIII": 3.6205989996462735,
    "IIIIIIIZ": -1.516433579078621,
    "IIIIIIZI": -1.5164335790786208,
    "IIIIZIII": -0.6927519491038711,
    "IIIIIZII": -0.692751949103871,
    "IIIZIIII": -0.4671061982431041,
    "IIZIIIII": -0.46710619824310406,
    "IZIIIIII": -0.27880839639929467,
    "ZIIIIIII": -0.2788083963992946,
    "IIIIIIZZ": 0.22691350027013096,
    "IZIIIIZI": 0.20743551496029766,
    "ZIIIIIIZ": 0.20743551496029766,
    "ZZIIIIII": 0.20475836041826756,
    "IZIIIIIZ": 0.16603931631648386,
    "ZIIIIIZI": 0.16603931631648386,
    "IIIIIZZI": 0.15096733849035077,
    "IIIIZIIZ": 0.15096733849035077,
    "ZIIIIZII": 0.14971116566907589,
    "IZIIZIII": 0.14971116566907589,
    "IIIIZIZI": 0.13225483741138652,
    "IIIIIZIZ": 0.13225483741138652,
    "IIIIZZII": 0.12183965614628378,
    "ZIIIZIII": 0.1175297453607661,
    "IZIIIZII": 0.1175297453607661,
    "IIIZIIZI": 0.11385026211803156,
    "IIZIIIIZ": 0.11385026211803156,
    "ZIIZIIII": 0.11148361058858236,
    "IZZIIIII": 0.11148361058858236,
    "IIZIIIZI": 0.10193286051650402,
    "IIIZIIIZ": 0.10193286051650402,
    "IIZZIIII": 0.099306903492411,
    "IZIZIIII": 0.09872370730801511,
    "ZIZIIIII": 0.09872370730801511,
    "IIZIIZII": 0.09768769686596247,
    "IIIZZIII": 0.09768769686596247,
    "XZZZXIII": -0.0948174718982456,
    "YZZZYIII": -0.0948174718982456,
    "IYZZZYII": -0.09481747189824558,
    "IXZZZXII": -0.09481747189824558,
    "IIZIZIII": 0.08452935092036933,
    "IIIZIZII": 0.08452935092036933,
    "YZZZYIIZ": 0.05923589136867663,
    "XZZZXIIZ": 0.05923589136867663,
    "IYZZZYZI": 0.05923589136867663,
    "IXZZZXZI": 0.05923589136867663,
    "ZYZZZYII": 0.05423139396190328,
    "XIZZXIII": 0.05423139396190328,
    "YIZZYIII": 0.05423139396190328,
    "ZXZZZXII": 0.05423139396190328,
    "XXIIIIYY": -0.04139619864381381,
    "YYIIIIXX": -0.04139619864381381,
    "YXIIIIXY": 0.04139619864381381,
    "XYIIIIYX": 0.04139619864381381,
    "IIIYZZIY": 0.03935604891643802,
    "IIYZZZYZ": 0.03935604891643802,
    "IIIXZZIX": 0.03935604891643802,
    "IIXZZZXZ": 0.03935604891643802,
    "IIIYZZZY": -0.03806016568513664,
    "IIIXZZZX": -0.03806016568513664,
    "IIYZZZYI": -0.038060165685136614,
    "IIXZZZXI": -0.038060165685136614,
    "IZYZZZYI": 0.035161950553701096,
    "IZXZZZXI": 0.035161950553701096,
    "ZIIYZZZY": 0.035161950553701096,
    "ZIIXZZZX": 0.035161950553701096,
    "XZZZXIZI": 0.03380617364614663,
    "YZZZYIZI": 0.03380617364614663,
    "IXZZZXIZ": 0.03380617364614663,
    "IYZZZYIZ": 0.03380617364614663,
    "YXIIXYII": 0.03218142030830978,
    "YYIIXXII": -0.03218142030830978,
    "XYIIYXII": 0.03218142030830978,
    "XXIIYYII": -0.03218142030830978,
    "IYZZIYII": 0.03070757761431939,
    "IXZZIXII": 0.03070757761431939,
    "YZZZYZII": 0.030707577614319387,
    "XZZZXZII": 0.030707577614319387,
    "IXZZYIYX": 0.02542971772253,
    "IXZZXIXX": 0.02542971772253,
    "IYZZYIYY": 0.02542971772253,
    "IYZZXIXY": 0.02542971772253,
    "XZZZZYYX": -0.025429717722529995,
    "XZZZZXYY": 0.025429717722529995,
    "YZZZZYXX": 0.025429717722529995,
    "YZZZZXXY": -0.025429717722529995,
    "IIXZIZXI": 0.02320857623757431,
    "IIYZIZYI": 0.02320857623757431,
    "IIIXZIZX": 0.02320857623757431,
    "IIIYZIZY": 0.02320857623757431,
    "IIYZZIYI": 0.019065110487623924,
    "IIIYIZZY": 0.019065110487623924,
    "IIIXIZZX": 0.019065110487623924,
    "IIXZZIXI": 0.019065110487623924,
    "IIIIYXXY": 0.018712501078964248,
    "IIIIYYXX": -0.018712501078964248,
    "IIIIXXYY": -0.018712501078964248,
    "IIIIXYYX": 0.018712501078964248,
    "ZIXZZZXI": 0.01814359493970024,
    "ZIYZZZYI": 0.01814359493970024,
    "IZIXZZZX": 0.01814359493970024,
    "IZIYZZZY": 0.01814359493970024,
    "XZIZXIII": 0.017354640624511385,
    "IXZIZXII": 0.017354640624511385,
    "IYZIZYII": 0.017354640624511385,
    "YZIZYIII": 0.017354640624511385,
    "YYXZZZZX": 0.017018355614000856,
    "YXXZZZZY": -0.017018355614000856,
    "XYIYZZXI": 0.017018355614000856,
    "XXIXZZXI": 0.017018355614000856,
    "XYYZZZZX": -0.017018355614000856,
    "YYIYZZYI": 0.017018355614000856,
    "YXIXZZYI": 0.017018355614000856,
    "XXYZZZZY": 0.017018355614000856,
    "YZXIXZYI": 0.016966495227088266,
    "IYZXIXZY": 0.016966495227088266,
    "IXZYIYZX": 0.016966495227088266,
    "XZYIYZXI": 0.016966495227088266,
    "XZZXYZZY": -0.014027750651353033,
    "XZZYYZZX": 0.014027750651353033,
    "YZZYXZZX": -0.014027750651353033,
    "YZZXXZZY": 0.014027750651353033,
    "IYXIIXYI": 0.014027750651353033,
    "IXXIIYYI": -0.014027750651353033,
    "IXYIIYXI": 0.014027750651353033,
    "IYYIIXXI": -0.014027750651353033,
    "IYZYIYZY": 0.01365438196835968,
    "YZYIYZYI": 0.01365438196835968,
    "IXZXIXZX": 0.01365438196835968,
    "XZXIXZXI": 0.01365438196835968,
    "IIYYXXII": -0.013158345945593147,
    "IIXYYXII": 0.013158345945593147,
    "IIXXYYII": -0.013158345945593147,
    "IIYXXYII": 0.013158345945593147,
    "YXXYIIII": 0.012759903280567253,
    "XYYXIIII": 0.012759903280567253,
    "XXYYIIII": -0.012759903280567253,
    "YYXXIIII": -0.012759903280567253,
    "IIXXIIYY": -0.011917401601527546,
    "IIYXIIXY": 0.011917401601527546,
    "IIYYIIXX": -0.011917401601527546,
    "IIXYIIYX": 0.011917401601527546,
    "XZXIIYZY": 0.01071563739262445,
    "XZXIIXZX": 0.01071563739262445,
    "IYZYYZYI": 0.01071563739262445,
    "IXZXXZXI": 0.01071563739262445,
    "YZYIIXZX": 0.01071563739262445,
    "YZYIIYZY": 0.01071563739262445,
    "IXZXYZYI": 0.01071563739262445,
    "IYZYXZXI": 0.01071563739262445,
    "IIZYZZZY": 0.009735864996522316,
    "IIXIZZXI": 0.009735864996522316,
    "IIZXZZZX": 0.009735864996522316,
    "IIYIZZYI": 0.009735864996522316,
    "IYYXXIII": -0.009409936425103611,
    "YZYYZYII": 0.009409936425103611,
    "YZYXZXII": 0.009409936425103611,
    "XZXYZYII": 0.009409936425103611,
    "XZXXZXII": 0.009409936425103611,
    "IXYYXIII": 0.009409936425103611,
    "IXXYYIII": -0.009409936425103611,
    "IYXXYIII": 0.009409936425103611,
    "IXIZZXII": 0.00794470419940777,
    "YZZIYIII": 0.00794470419940777,
    "XZZIXIII": 0.00794470419940777,
    "IYIZZYII": 0.00794470419940777,
    "IIYZYYZY": 0.004143465749950385,
    "IIIXYYXI": 0.004143465749950385,
    "IIYZYXZX": 0.004143465749950385,
    "IIIYYXXI": -0.004143465749950385,
    "IIIYXXYI": 0.004143465749950385,
    "IIXZXYZY": 0.004143465749950385,
    "IIXZXXZX": 0.004143465749950385,
    "IIIXXYYI": -0.004143465749950385,
    "YZYIXZXI": -0.0033121132587285813,
    "XZXIYZYI": -0.0033121132587285813,
    "IXZXIYZY": -0.0033121132587285813,
    "IYZYIXZX": -0.0033121132587285813,
    "IXYIYZZX": 0.002938744575735232,
    "YZZXIXYI": 0.002938744575735232,
    "YZZYIYYI": 0.002938744575735232,
    "XZZXIXXI": 0.002938744575735232,
    "XZZYIYXI": 0.002938744575735232,
    "IYXIXZZY": 0.002938744575735232,
    "IYYIYZZY": 0.002938744575735232,
    "IXXIXZZX": 0.002938744575735232
  },
  "data": {
    "molecule_id": "H2_singlet_Dooh",
    "qubit_encoding": "JW",
    "basis": "3-21g",
    "charge": 0,
    "multiplicity": 1,
    "geometry": "H 0.0000000000 0.0000000000 0.1853500000\nH 0.0000000000 0.0000000000 0.5560500000",
    "n_qubits": 8,
    "alpha": 0.5,
    "energies": {
      "HF": -0.8609506678404699,
      "MP2": -0.8744434704852906,
      "CISD": -0.878882204445754,
      "CCSD": -0.8788822028155908,
      "FCI": -0.8788822044458109
    },
    "converged": {
      "HF": true,
      "MP2": false,
      "CISD": true,
      "CCSD": true,
      "FCI": true
    },
    "fci_spin_matches_target": true,
    "fci_multiplicity": 0.9999999999999997,
    "hf_method_fallback": "standard",
    "generation_time_s": 0.057,
    "timestamp": "2026-02-25T23:55:54.090126+00:00"
  }
}