{
  "hamiltonian": {
    "IIIIIIII": 2.5799490123759825,
    "IIIIIIIZ": -1.1217574006077502,
    "IIIIIIZI": -1.1217574006077502,
    "IIIIIZII": -0.7888965319144876,
    "IIIIZIII": -0.7888965319144874,
    "IIZIIIII": -0.44061266999345505,
    "IIIZIIII": -0.44061266999345505,
    "ZIIIIIII": -0.2988649178150933,
    "IZIIIIII": -0.2988649178150933,
    "IIIIIIZZ": 0.18696192748264442,
    "ZIIIIIIZ": 0.16677148700654204,
    "IZIIIIZI": 0.16677148700654204,
    "ZZIIIIII": 0.16306743734109702,
    "IIIIZIIZ": 0.14651732849733617,
    "IIIIIZZI": 0.14651732849733617,
    "ZIIIIZII": 0.14015331888949817,
    "IZIIZIII": 0.14015331888949817,
    "ZIIIIIZI": 0.1339987962488275,
    "IZIIIIIZ": 0.1339987962488275,
    "IIIIZZII": 0.12674435663431483,
    "IIZIIIIZ": 0.11694226044436709,
    "IIIZIIZI": 0.11694226044436709,
    "IZZIIIII": 0.11389336900727542,
    "ZIIZIIII": 0.11389336900727542,
    "IZIIIZII": 0.11160785837781918,
    "ZIIIZIII": 0.11160785837781918,
    "IIIIZIZI": 0.11113924075155249,
    "IIIIIZIZ": 0.11113924075155249,
    "IIZZIIII": 0.10254566441371742,
    "IIZIIZII": 0.10229257413158352,
    "IIIZZIII": 0.10229257413158352,
    "IIIZIIIZ": 0.09899944638128469,
    "IIZIIIZI": 0.09899944638128469,
    "YZZZYIII": 0.09380376299959214,
    "XZZZXIII": 0.09380376299959214,
    "IYZZZYII": 0.09380376299959214,
    "IXZZZXII": 0.09380376299959214,
    "IIIZIZII": 0.09344796957580108,
    "IIZIZIII": 0.09344796957580108,
    "ZIZIIIII": 0.09161066873883003,
    "IZIZIIII": 0.09161066873883003,
    "IIXZZZXI": -0.057967385147910264,
    "IIYZZZYI": -0.057967385147910264,
    "IIIYZZZY": -0.057967385147910236,
    "IIIXZZZX": -0.057967385147910236,
    "IYZZZYZI": -0.05082457487428459,
    "YZZZYIIZ": -0.05082457487428459,
    "XZZZXIIZ": -0.05082457487428459,
    "IXZZZXZI": -0.05082457487428459,
    "IIYZZZYZ": 0.0426288152818424,
    "IIXZZZXZ": 0.0426288152818424,
    "IIIYZZIY": 0.04262881528184239,
    "IIIXZZIX": 0.04262881528184239,
    "ZXZZZXII": -0.04160969890900229,
    "XIZZXIII": -0.04160969890900229,
    "YIZZYIII": -0.04160969890900229,
    "ZYZZZYII": -0.04160969890900229,
    "ZIIYZZZY": 0.03586236660816108,
    "IZYZZZYI": 0.03586236660816108,
    "ZIIXZZZX": 0.03586236660816108,
    "IZXZZZXI": 0.03586236660816108,
    "IIIIYXXY": 0.035378087745783715,
    "IIIIYYXX": -0.035378087745783715,
    "IIIIXXYY": -0.035378087745783715,
    "IIIIXYYX": 0.035378087745783715,
    "IYZZIYII": -0.03317424234653904,
    "IXZZIXII": -0.03317424234653904,
    "YZZZYZII": -0.03317424234653904,
    "XZZZXZII": -0.03317424234653904,
    "XYIIIIYX": 0.03277269075771457,
    "YXIIIIXY": 0.03277269075771457,
    "XXIIIIYY": -0.03277269075771457,
    "YYIIIIXX": -0.03277269075771457,
    "XZZZZYYX": 0.03141738946123606,
    "IYZZXIXY": -0.03141738946123606,
    "IYZZYIYY": -0.03141738946123606,
    "IXZZXIXX": -0.03141738946123606,
    "IXZZYIYX": -0.03141738946123606,
    "XZZZZXYY": -0.03141738946123606,
    "YZZZZXXY": 0.03141738946123606,
    "YZZZZYXX": -0.03141738946123606,
    "XXIIYYII": -0.028545460511678968,
    "YYIIXXII": -0.028545460511678968,
    "YXIIXYII": 0.028545460511678968,
    "XYIIYXII": 0.028545460511678968,
    "IIXZZIXI": 0.027075563250543926,
    "IIIXIZZX": 0.027075563250543926,
    "IIIYIZZY": 0.027075563250543926,
    "IIYZZIYI": 0.027075563250543926,
    "IIIYZIZY": 0.025236950066553757,
    "IIIXZIZX": 0.025236950066553757,
    "IIYZIZYI": 0.025236950066553757,
    "IIXZIZXI": 0.025236950066553757,
    "IYZYYZYI": -0.02334935436564777,
    "IYZYXZXI": -0.02334935436564777,
    "YZYIIYZY": -0.02334935436564777,
    "YZYIIXZX": -0.02334935436564777,
    "IXZXYZYI": -0.02334935436564777,
    "XZXIIYZY": -0.02334935436564777,
    "XZXIIXZX": -0.02334935436564777,
    "IXZXXZXI": -0.02334935436564777,
    "XYYXIIII": 0.022282700268445393,
    "XXYYIIII": -0.022282700268445393,
    "YYXXIIII": -0.022282700268445393,
    "YXXYIIII": 0.022282700268445393,
    "XXYZZZZY": 0.020025172578589597,
    "YYXZZZZX": 0.020025172578589597,
    "YXIXZZYI": 0.020025172578589597,
    "XXIXZZXI": 0.020025172578589597,
    "XYIYZZXI": 0.020025172578589597,
    "YXXZZZZY": -0.020025172578589597,
    "XYYZZZZX": -0.020025172578589597,
    "YYIYZZYI": 0.020025172578589597,
    "IXZZZXIZ": -0.01940718541304853,
    "IYZZZYIZ": -0.01940718541304853,
    "YZZZYIZI": -0.01940718541304853,
    "XZZZXIZI": -0.01940718541304853,
    "IYXIIXYI": -0.019403339127070485,
    "IXYIIYXI": -0.019403339127070485,
    "IXXIIYYI": 0.019403339127070485,
    "IYYIIXXI": 0.019403339127070485,
    "YZZXXZZY": -0.019403339127070485,
    "YZZYXZZX": 0.019403339127070485,
    "XZZXYZZY": 0.019403339127070485,
    "XZZYYZZX": -0.019403339127070485,
    "IXZIZXII": -0.018084895307769428,
    "IYZIZYII": -0.018084895307769428,
    "YZIZYIII": -0.018084895307769428,
    "XZIZXIII": -0.018084895307769428,
    "IIXXIIYY": -0.017942814063082405,
    "IIXYIIYX": 0.017942814063082405,
    "IIYXIIXY": 0.017942814063082405,
    "IIYYIIXX": -0.017942814063082405,
    "YZYIYZYI": -0.01659486083779507,
    "IYZYIYZY": -0.01659486083779507,
    "XZXIXZXI": -0.01659486083779507,
    "IXZXIXZX": -0.01659486083779507,
    "ZIXZZZXI": 0.015837194029571483,
    "ZIYZZZYI": 0.015837194029571483,
    "IZIXZZZX": 0.015837194029571483,
    "IZIYZZZY": 0.015837194029571483,
    "IIXIZZXI": 0.014725579886719208,
    "IIZYZZZY": 0.014725579886719208,
    "IIZXZZZX": 0.014725579886719208,
    "IIYIZZYI": 0.014725579886719208,
    "IXIZZXII": -0.013922606768505558,
    "IYIZZYII": -0.013922606768505558,
    "YZZIYIII": -0.013922606768505558,
    "XZZIXIII": -0.013922606768505558,
    "XZYIYZXI": -0.01264884559921778,
    "IXZYIYZX": -0.01264884559921778,
    "YZXIXZYI": -0.01264884559921778,
    "IYZXIXZY": -0.01264884559921778,
    "IIYXXYII": 0.008844604555782438,
    "IIXYYXII": 0.008844604555782438,
    "IIYYXXII": -0.008844604555782438,
    "IIXXYYII": -0.008844604555782438,
    "IXXIXZZX": 0.0067544935278527046,
    "YZZXIXYI": 0.0067544935278527046,
    "YZZYIYYI": 0.0067544935278527046,
    "XZZXIXXI": 0.0067544935278527046,
    "XZZYIYXI": 0.0067544935278527046,
    "IXYIYZZX": 0.0067544935278527046,
    "IYXIXZZY": 0.0067544935278527046,
    "IYYIYZZY": 0.0067544935278527046,
    "IXXYYIII": 0.004162288539263872,
    "IYXXYIII": -0.004162288539263872,
    "IXYYXIII": -0.004162288539263872,
    "IYYXXIII": 0.004162288539263872,
    "XZXXZXII": -0.0041622885392638715,
    "XZXYZYII": -0.0041622885392638715,
    "YZYXZXII": -0.0041622885392638715,
    "YZYYZYII": -0.0041622885392638715,
    "IYZYIXZX": -0.0039460152385772905,
    "IXZXIYZY": -0.0039460152385772905,
    "XZXIYZYI": -0.0039460152385772905,
    "YZYIXZXI": -0.0039460152385772905,
    "IIIXXYYI": 0.0018386131839901697,
    "IIIYYXXI": 0.0018386131839901697,
    "IIXZXXZX": -0.0018386131839901697,
    "IIIYXXYI": -0.0018386131839901697,
    "IIYZYYZY": -0.0018386131839901697,
    "IIYZYXZX": -0.0018386131839901697,
    "IIIXYYXI": -0.0018386131839901697,
    "IIXZXYZY": -0.0018386131839901697
  },
  "data": {
    "molecule_id": "H2_singlet_Dooh",
    "qubit_encoding": "JW",
    "basis": "3-21g",
    "charge": 0,
    "multiplicity": 1,
    "geometry": "H 0.0000000000 0.0000000000 0.0000000000\nH 0.0000000000 0.0000000000 0.7414000000",
    "n_qubits": 8,
    "alpha": 1.0,
    "energies": {
      "HF": -1.1229283281271778,
      "MP2": -1.1402545258067038,
      "CISD": -1.147830318923512,
      "CCSD": -1.1478304943316915,
      "FCI": -1.1478303189235106
    },
    "converged": {
      "HF": true,
      "MP2": false,
      "CISD": true,
      "CCSD": true,
      "FCI": true
    },
    "fci_spin_matches_target": true,
    "fci_multiplicity": 1.0000000000000002,
    "hf_method_fallback": "standard",
    "generation_time_s": 0.057,
    "timestamp": "2026-02-25T23:55:53.583558+00:00"
  }
}