{
  "hamiltonian": {
    "IIIZ": -0.35475923465237996,
    "IIZI": -0.3547592346523799,
    "IIII": 0.3257234944446954,
    "IZII": 0.21013995022228604,
    "ZIII": 0.21013995022228601,
    "IIZZ": 0.18523247965873368,
    "ZZII": 0.1790725359580949,
    "ZIIZ": 0.17593434955182924,
    "IZZI": 0.17593434955182924,
    "ZIZI": 0.13349496105294437,
    "IZIZ": 0.13349496105294437,
    "YXXY": 0.04243938849888489,
    "YYXX": -0.04243938849888489,
    "XXYY": -0.04243938849888489,
    "XYYX": 0.04243938849888489
  },
  "data": {
    "molecule_id": "H2_singlet_Dooh",
    "qubit_encoding": "JW",
    "basis": "sto-3g",
    "charge": 0,
    "multiplicity": 1,
    "geometry": "H 0.0000000000 0.0000000000 0.1112100000\nH 0.0000000000 0.0000000000 0.6301900000",
    "n_qubits": 4,
    "alpha": 0.7,
    "energies": {
      "HF": -1.0586284808973558,
      "MP2": -1.0674202098028465,
      "CISD": -1.0713107383040368,
      "CCSD": -1.0713107720428874,
      "FCI": -1.0713107383040361
    },
    "converged": {
      "HF": true,
      "MP2": false,
      "CISD": true,
      "CCSD": true,
      "FCI": true
    },
    "fci_spin_matches_target": true,
    "fci_multiplicity": 1.0,
    "hf_method_fallback": "standard",
    "generation_time_s": 0.016,
    "timestamp": "2026-02-25T23:56:22.897245+00:00"
  }
}