{
  "hamiltonian": {
    "IIII": 0.8781909204906423,
    "IIZI": -0.48079199895391483,
    "IIIZ": -0.48079199895391483,
    "IZII": 0.24197001238587681,
    "ZIII": 0.2419700123858768,
    "IIZZ": 0.19283770414356535,
    "ZZII": 0.18539241628088293,
    "ZIIZ": 0.18260222472105547,
    "IZZI": 0.18260222472105547,
    "ZIZI": 0.1417632350770554,
    "IZIZ": 0.1417632350770554,
    "YXXY": 0.04083898964400006,
    "YYXX": -0.04083898964400006,
    "XXYY": -0.04083898964400006,
    "XYYX": 0.04083898964400006
  },
  "data": {
    "molecule_id": "H2_singlet_Dooh",
    "qubit_encoding": "JW",
    "basis": "sto-3g",
    "charge": 0,
    "multiplicity": 1,
    "geometry": "H 0.0000000000 0.0000000000 0.1853500000\nH 0.0000000000 0.0000000000 0.5560500000",
    "n_qubits": 4,
    "alpha": 0.5,
    "energies": {
      "HF": -0.8378339013607143,
      "MP2": -0.8445504442836644,
      "CISD": -0.8470348937083864,
      "CCSD": -0.8470349073452872,
      "FCI": -0.8470348937083871
    },
    "converged": {
      "HF": true,
      "MP2": false,
      "CISD": true,
      "CCSD": true,
      "FCI": true
    },
    "fci_spin_matches_target": true,
    "fci_multiplicity": 1.0,
    "hf_method_fallback": "standard",
    "generation_time_s": 0.016,
    "timestamp": "2026-02-25T23:56:22.913124+00:00"
  }
}