{
  "hamiltonian": {
    "IIIIIIII": 2.251319780923939,
    "IIIIIIIZ": -0.9055537734111615,
    "IIIIIIZI": -0.9055537734111615,
    "IIIIIZII": -0.8639736590934372,
    "IIIIZIII": -0.863973659093437,
    "IIIZIIII": -0.3186459699082959,
    "IIZIIIII": -0.31864596990829586,
    "IZIIIIII": -0.27588282993245977,
    "ZIIIIIII": -0.2758828299324597,
    "IIIIZZII": 0.1294377978277732,
    "IIIIIZZI": 0.12379766011284199,
    "IIIIZIIZ": 0.12379766011284199,
    "IIIIIIZZ": 0.11987432822183644,
    "IIIZZIII": 0.11065862146251751,
    "IIZIIZII": 0.11065862146251751,
    "IZIIZIII": 0.10968113505156701,
    "ZIIIIZII": 0.10968113505156701,
    "IIZIIIIZ": 0.10691512635591426,
    "IIIZIIZI": 0.10691512635591426,
    "IZIIIIZI": 0.104660750682104,
    "ZIIIIIIZ": 0.104660750682104,
    "IIZZIIII": 0.10412381950799185,
    "ZZIIIIII": 0.10340263355362861,
    "IZZIIIII": 0.10275610373232572,
    "ZIIZIIII": 0.10275610373232572,
    "IZIIIZII": 0.0913900008227992,
    "ZIIIZIII": 0.0913900008227992,
    "IIZIZIII": 0.08887183679289877,
    "IIIZIZII": 0.08887183679289877,
    "ZIIIIIZI": 0.08850346588794496,
    "IZIIIIIZ": 0.08850346588794496,
    "IIZIIIZI": 0.08723846975306222,
    "IIIZIIIZ": 0.08723846975306222,
    "IIIIYXXY": 0.06703496814890585,
    "IIIIYYXX": -0.06703496814890585,
    "IIIIXXYY": -0.06703496814890585,
    "IIIIXYYX": 0.06703496814890585,
    "XZZZXIII": 0.06264436509794548,
    "YZZZYIII": 0.06264436509794548,
    "IXZZZXII": 0.06264436509794548,
    "IYZZZYII": 0.06264436509794548,
    "IIIXZZZX": 0.06106801926526936,
    "IIYZZZYI": 0.06106801926526936,
    "IIXZZZXI": 0.06106801926526936,
    "IIIYZZZY": 0.06106801926526936,
    "IZIZIIII": 0.057700188657794214,
    "ZIZIIIII": 0.057700188657794214,
    "IIIIZIZI": 0.05676269196393614,
    "IIIIIZIZ": 0.05676269196393614,
    "IXZXYZYI": 0.050276109199822984,
    "XZXIIXZX": 0.050276109199822984,
    "XZXIIYZY": 0.050276109199822984,
    "YZYIIXZX": 0.050276109199822984,
    "YZYIIYZY": 0.050276109199822984,
    "IYZYXZXI": 0.050276109199822984,
    "IYZYYZYI": 0.050276109199822984,
    "IXZXXZXI": 0.050276109199822984,
    "XYYXIIII": 0.0450559150745315,
    "XXYYIIII": -0.0450559150745315,
    "YYXXIIII": -0.0450559150745315,
    "YXXYIIII": 0.0450559150745315,
    "IIXZZIXI": -0.03371301915688709,
    "IIIXIZZX": -0.03371301915688709,
    "IIIYIZZY": -0.03371301915688709,
    "IIYZZIYI": -0.03371301915688709,
    "IIIYXXYI": 0.033701724293812824,
    "IIXZXXZX": 0.033701724293812824,
    "IIXZXYZY": 0.033701724293812824,
    "IIYZYXZX": 0.033701724293812824,
    "IIIYYXXI": -0.033701724293812824,
    "IIYZYYZY": 0.033701724293812824,
    "IIIXYYXI": 0.033701724293812824,
    "IIIXXYYI": -0.033701724293812824,
    "IXZXIYZY": 0.03215723993737132,
    "XZXIYZYI": 0.03215723993737132,
    "YZYIXZXI": 0.03215723993737132,
    "IYZYIXZX": 0.03215723993737132,
    "IXZXIXZX": 0.03186997161189071,
    "XZXIXZXI": 0.03186997161189071,
    "YZYIYZYI": 0.03186997161189071,
    "IYZYIYZY": 0.03186997161189071,
    "IIXZZZXZ": -0.031147003851887324,
    "IIIYZZIY": -0.031147003851887324,
    "IIYZZZYZ": -0.031147003851887324,
    "IIIXZZIX": -0.031147003851887324,
    "IXZZIXII": -0.030003100054497613,
    "IYZZIYII": -0.030003100054497613,
    "YZZZYZII": -0.030003100054497613,
    "XZZZXZII": -0.030003100054497613,
    "YZZZYIIZ": -0.029014177994499464,
    "IYZZZYZI": -0.029014177994499464,
    "IXZZZXZI": -0.029014177994499464,
    "XZZZXIIZ": -0.029014177994499464,
    "YZZZZXXY": 0.026154778777374543,
    "XZZZZYYX": 0.026154778777374543,
    "IYZZXIXY": -0.026154778777374543,
    "YZZZZYXX": -0.026154778777374543,
    "IYZZYIYY": -0.026154778777374543,
    "IXZZXIXX": -0.026154778777374543,
    "IXZZYIYX": -0.026154778777374543,
    "XZZZZXYY": -0.026154778777374543,
    "IYYXXIII": -0.02281445524921699,
    "IXYYXIII": 0.02281445524921699,
    "IYXXYIII": 0.02281445524921699,
    "IXXYYIII": -0.02281445524921699,
    "YZYYZYII": 0.02281445524921699,
    "YZYXZXII": 0.02281445524921699,
    "XZXYZYII": 0.02281445524921699,
    "XZXXZXII": 0.02281445524921699,
    "IIXIZZXI": -0.022385810173333784,
    "IIZYZZZY": -0.022385810173333784,
    "IIZXZZZX": -0.022385810173333784,
    "IIYIZZYI": -0.022385810173333784,
    "IIYYXXII": -0.02178678466961873,
    "IIXYYXII": 0.02178678466961873,
    "IIXXYYII": -0.02178678466961873,
    "IIYXXYII": 0.02178678466961873,
    "IZYZZZYI": -0.021187424985648993,
    "ZIIYZZZY": -0.021187424985648993,
    "IZXZZZXI": -0.021187424985648993,
    "ZIIXZZZX": -0.021187424985648993,
    "XZZIXIII": -0.020735903316855674,
    "YZZIYIII": -0.020735903316855674,
    "IXIZZXII": -0.020735903316855674,
    "IYIZZYII": -0.020735903316855674,
    "IIYXIIXY": 0.019676656602852033,
    "IIYYIIXX": -0.019676656602852033,
    "IIXXIIYY": -0.019676656602852033,
    "IIXYIIYX": 0.019676656602852033,
    "YZZXIXYI": -0.01840613758793226,
    "YZZYIYYI": -0.01840613758793226,
    "IXYIYZZX": -0.01840613758793226,
    "XZZXIXXI": -0.01840613758793226,
    "XZZYIYXI": -0.01840613758793226,
    "IXXIXZZX": -0.01840613758793226,
    "IYYIYZZY": -0.01840613758793226,
    "IYXIXZZY": -0.01840613758793226,
    "YXIIXYII": 0.0182911342287678,
    "XYIIYXII": 0.0182911342287678,
    "XXIIYYII": -0.0182911342287678,
    "YYIIXXII": -0.0182911342287678,
    "IXXIIYYI": -0.018118869262451657,
    "IXYIIYXI": 0.018118869262451657,
    "IYYIIXXI": -0.018118869262451657,
    "YZZYXZZX": -0.018118869262451657,
    "YZZXXZZY": 0.018118869262451657,
    "IYXIIXYI": 0.018118869262451657,
    "XZZXYZZY": -0.018118869262451657,
    "XZZYYZZX": 0.018118869262451657,
    "YIZZYIII": -0.017889674972999686,
    "ZYZZZYII": -0.017889674972999686,
    "ZXZZZXII": -0.017889674972999686,
    "XIZZXIII": -0.017889674972999686,
    "XXYZZZZY": -0.016185741981783373,
    "XYYZZZZX": 0.016185741981783373,
    "YYIYZZYI": -0.016185741981783373,
    "YYXZZZZX": -0.016185741981783373,
    "XYIYZZXI": -0.016185741981783373,
    "XXIXZZXI": -0.016185741981783373,
    "YXIXZZYI": -0.016185741981783373,
    "YXXZZZZY": 0.016185741981783373,
    "XYIIIIYX": 0.016157284794159028,
    "XXIIIIYY": -0.016157284794159028,
    "YYIIIIXX": -0.016157284794159028,
    "YXIIIIXY": 0.016157284794159028,
    "IZIXZZZX": -0.00500168300386562,
    "ZIXZZZXI": -0.00500168300386562,
    "ZIYZZZYI": -0.00500168300386562,
    "IZIYZZZY": -0.00500168300386562,
    "IYZZZYIZ": -0.002859399217124914,
    "XZZZXIZI": -0.002859399217124914,
    "YZZZYIZI": -0.002859399217124914,
    "IXZZZXIZ": -0.002859399217124914,
    "XZIZXIII": 0.0020785519323613215,
    "IYZIZYII": 0.0020785519323613215,
    "IXZIZXII": 0.0020785519323613215,
    "YZIZYIII": 0.0020785519323613215,
    "YZXIXZYI": -0.00028726832548060495,
    "XZYIYZXI": -0.00028726832548060495,
    "IYZXIXZY": -0.00028726832548060495,
    "IXZYIYZX": -0.00028726832548060495,
    "IIIXZIZX": -1.1294863074263334e-05,
    "IIXZIZXI": -1.1294863074263334e-05,
    "IIYZIZYI": -1.1294863074263334e-05,
    "IIIYZIZY": -1.1294863074263334e-05
  },
  "data": {
    "molecule_id": "H2_singlet_Dooh",
    "qubit_encoding": "JW",
    "basis": "3-21g",
    "charge": 0,
    "multiplicity": 1,
    "geometry": "H 0.0000000000 0.0000000000 -0.7414000000\nH 0.0000000000 0.0000000000 1.4828000000",
    "n_qubits": 8,
    "alpha": 3.0,
    "energies": {
      "HF": -0.8773172617124287,
      "MP2": -0.9367843483348696,
      "CISD": -1.001949137891529,
      "CCSD": -1.00194913752192,
      "FCI": -1.0019491378915284
    },
    "converged": {
      "HF": true,
      "MP2": false,
      "CISD": true,
      "CCSD": true,
      "FCI": true
    },
    "fci_spin_matches_target": true,
    "fci_multiplicity": 1.0000000000000007,
    "hf_method_fallback": "standard",
    "generation_time_s": 0.057,
    "timestamp": "2026-02-25T23:55:53.865370+00:00"
  }
}