{
  "hamiltonian": {
    "IIII": -0.3850943517524692,
    "IIZZ": 0.1589120268024546,
    "ZZII": 0.15179014519805567,
    "ZIIZ": 0.1514161470149739,
    "IZZI": 0.1514161470149739,
    "ZIII": 0.12533069186503398,
    "IZII": 0.12533069186503396,
    "IIZI": -0.10204605378168825,
    "IIIZ": -0.10204605378168824,
    "ZIZI": 0.10041330267353249,
    "IZIZ": 0.10041330267353249,
    "YXXY": 0.051002844341441415,
    "YYXX": -0.051002844341441415,
    "XXYY": -0.051002844341441415,
    "XYYX": 0.051002844341441415
  },
  "data": {
    "molecule_id": "H2_singlet_Dooh",
    "qubit_encoding": "JW",
    "basis": "sto-3g",
    "charge": 0,
    "multiplicity": 1,
    "geometry": "H 0.0000000000 0.0000000000 -0.1853500000\nH 0.0000000000 0.0000000000 0.9267500000",
    "n_qubits": 4,
    "alpha": 1.5,
    "energies": {
      "HF": -1.032804570422416,
      "MP2": -1.0575591074542414,
      "CISD": -1.076469959126764,
      "CCSD": -1.076469959185272,
      "FCI": -1.0764699591267641
    },
    "converged": {
      "HF": true,
      "MP2": false,
      "CISD": true,
      "CCSD": true,
      "FCI": true
    },
    "fci_spin_matches_target": true,
    "fci_multiplicity": 1.0,
    "hf_method_fallback": "standard",
    "generation_time_s": 0.02,
    "timestamp": "2026-02-25T23:56:22.780109+00:00"
  }
}