{
  "hamiltonian": {
    "IIIIIIII": 2.401227043211856,
    "IIIIIIZI": -0.9613434827196934,
    "IIIIIIIZ": -0.9613434827196934,
    "IIIIZIII": -0.8889163746917713,
    "IIIIIZII": -0.8889163746917713,
    "IIIZIIII": -0.4072787702021265,
    "IIZIIIII": -0.40727877020212644,
    "IZIIIIII": -0.2981199468249922,
    "ZIIIIIII": -0.2981199468249921,
    "IIIIIIZZ": 0.15336671901502885,
    "IIIIZIIZ": 0.138440096707387,
    "IIIIIZZI": 0.138440096707387,
    "IZIIIIZI": 0.1377931505622887,
    "ZIIIIIIZ": 0.1377931505622887,
    "ZZIIIIII": 0.13723700941856065,
    "ZIIIIZII": 0.1289588339506519,
    "IZIIZIII": 0.1289588339506519,
    "IIIIZZII": 0.12871627326003715,
    "IIIZIIZI": 0.11701199402554993,
    "IIZIIIIZ": 0.11701199402554993,
    "IZZIIIII": 0.11418553249934868,
    "ZIIZIIII": 0.11418553249934868,
    "ZIIIIIZI": 0.11345564562225496,
    "IZIIIIIZ": 0.11345564562225496,
    "IIIZZIII": 0.1091831604478134,
    "IIZIIZII": 0.1091831604478134,
    "IZIIIZII": 0.10683057286504408,
    "ZIIIZIII": 0.10683057286504408,
    "IIZZIIII": 0.10665304676231843,
    "IIZIZIII": 0.0977682595622237,
    "IIIZIZII": 0.0977682595622237,
    "IIZIIIZI": 0.09546233630116811,
    "IIIZIIIZ": 0.09546233630116811,
    "IIIIIZIZ": 0.08762518760569456,
    "IIIIZIZI": 0.08762518760569456,
    "ZIZIIIII": 0.08326175635113067,
    "IZIZIIII": 0.08326175635113067,
    "IYZZZYII": 0.08072381814513088,
    "IXZZZXII": 0.08072381814513088,
    "YZZZYIII": 0.08072381814513088,
    "XZZZXIII": 0.08072381814513088,
    "IIXZZZXI": -0.06413122745752028,
    "IIYZZZYI": -0.06413122745752028,
    "IIIYZZZY": -0.06413122745752027,
    "IIIXZZZX": -0.06413122745752027,
    "IIIIXXYY": -0.050814909101692445,
    "IIIIXYYX": 0.050814909101692445,
    "IIIIYXXY": 0.050814909101692445,
    "IIIIYYXX": -0.050814909101692445,
    "XZZZXIIZ": -0.0397263160254945,
    "YZZZYIIZ": -0.0397263160254945,
    "IXZZZXZI": -0.0397263160254945,
    "IYZZZYZI": -0.0397263160254945,
    "IIYZZZYZ": 0.03960084431456375,
    "IIIYZZIY": 0.03960084431456375,
    "IIIXZZIX": 0.03960084431456375,
    "IIXZZZXZ": 0.03960084431456375,
    "XZXIIXZX": -0.03521764073072672,
    "XZXIIYZY": -0.03521764073072672,
    "IXZXXZXI": -0.03521764073072672,
    "IXZXYZYI": -0.03521764073072672,
    "IYZYXZXI": -0.03521764073072672,
    "IYZYYZYI": -0.03521764073072672,
    "YZYIIYZY": -0.03521764073072672,
    "YZYIIXZX": -0.03521764073072672,
    "IIXZZIXI": 0.032828330464708684,
    "IIYZZIYI": 0.032828330464708684,
    "IIIXIZZX": 0.032828330464708684,
    "IIIYIZZY": 0.032828330464708684,
    "ZIIXZZZX": 0.03243722925037047,
    "ZIIYZZZY": 0.03243722925037047,
    "IZXZZZXI": 0.03243722925037047,
    "IZYZZZYI": 0.03243722925037047,
    "XZZZZXYY": -0.031085940501527326,
    "XZZZZYYX": 0.031085940501527326,
    "YZZZZYXX": -0.031085940501527326,
    "IXZZXIXX": -0.031085940501527326,
    "IXZZYIYX": -0.031085940501527326,
    "IYZZXIXY": -0.031085940501527326,
    "YZZZZXXY": 0.031085940501527326,
    "IYZZYIYY": -0.031085940501527326,
    "XZZZXZII": -0.030972280086918602,
    "YZZZYZII": -0.030972280086918602,
    "IYZZIYII": -0.030972280086918602,
    "IXZZIXII": -0.030972280086918602,
    "YYXXIIII": -0.030923776148218007,
    "XXYYIIII": -0.030923776148218007,
    "XYYXIIII": 0.030923776148218007,
    "YXXYIIII": 0.030923776148218007,
    "YIZZYIII": -0.02968026925925121,
    "XIZZXIII": -0.02968026925925121,
    "ZYZZZYII": -0.029680269259251206,
    "ZXZZZXII": -0.029680269259251206,
    "YXIIIIXY": 0.024337504940033734,
    "XXIIIIYY": -0.024337504940033734,
    "XYIIIIYX": 0.024337504940033734,
    "YYIIIIXX": -0.024337504940033734,
    "XXIIYYII": -0.02212826108560785,
    "XYIIYXII": 0.02212826108560785,
    "YYIIXXII": -0.02212826108560785,
    "YXIIXYII": 0.02212826108560785,
    "IIYXIIXY": 0.0215496577243818,
    "IIXXIIYY": -0.0215496577243818,
    "IIYYIIXX": -0.0215496577243818,
    "IIXYIIYX": 0.0215496577243818,
    "XZZXYZZY": 0.020421662097179723,
    "IXXIIYYI": 0.020421662097179723,
    "IYXIIXYI": -0.020421662097179723,
    "IXYIIYXI": -0.020421662097179723,
    "XZZYYZZX": -0.020421662097179723,
    "YZZXXZZY": -0.020421662097179723,
    "YZZYXZZX": 0.020421662097179723,
    "IYYIIXXI": 0.020421662097179723,
    "IYZYIYZY": -0.020189231138006736,
    "YZYIYZYI": -0.020189231138006736,
    "XZXIXZXI": -0.020189231138006736,
    "IXZXIXZX": -0.020189231138006736,
    "IIYIZZYI": 0.019917741755630814,
    "IIXIZZXI": 0.019917741755630814,
    "IIZXZZZX": 0.01991774175563081,
    "IIZYZZZY": 0.01991774175563081,
    "XYYZZZZX": -0.019364019284377837,
    "XYIYZZXI": 0.019364019284377837,
    "YXIXZZYI": 0.019364019284377837,
    "YYIYZZYI": 0.019364019284377837,
    "YXXZZZZY": -0.019364019284377837,
    "XXYZZZZY": 0.019364019284377837,
    "YYXZZZZX": 0.019364019284377837,
    "XXIXZZXI": 0.019364019284377837,
    "IYIZZYII": -0.019122901732691815,
    "IXIZZXII": -0.019122901732691815,
    "YZZIYIII": -0.019122901732691815,
    "XZZIXIII": -0.019122901732691815,
    "IIYZIZYI": 0.01729475039123327,
    "IIIYZIZY": 0.01729475039123327,
    "IIIXZIZX": 0.01729475039123327,
    "IIXZIZXI": 0.01729475039123327,
    "IIXZXXZX": -0.015533580073475417,
    "IIXZXYZY": -0.015533580073475417,
    "IIYZYXZX": -0.015533580073475417,
    "IIYZYYZY": -0.015533580073475417,
    "IIIYYXXI": 0.015533580073475417,
    "IIIYXXYI": -0.015533580073475417,
    "IIIXXYYI": 0.015533580073475417,
    "IIIXYYXI": -0.015533580073475417,
    "XZZYIYXI": 0.015028409592719975,
    "IYYIYZZY": 0.015028409592719975,
    "XZZXIXXI": 0.015028409592719975,
    "YZZXIXYI": 0.015028409592719975,
    "YZZYIYYI": 0.015028409592719975,
    "IXXIXZZX": 0.015028409592719975,
    "IXYIYZZX": 0.015028409592719975,
    "IYXIXZZY": 0.015028409592719975,
    "IYZYIXZX": -0.01479597863354699,
    "XZXIYZYI": -0.01479597863354699,
    "YZYIXZXI": -0.01479597863354699,
    "IXZXIYZY": -0.01479597863354699,
    "IZIYZZZY": 0.013073209965992635,
    "IZIXZZZX": 0.013073209965992635,
    "ZIXZZZXI": 0.013073209965992635,
    "ZIYZZZYI": 0.013073209965992635,
    "XZIZXIII": -0.011942213533268272,
    "YZIZYIII": -0.011942213533268272,
    "IXZIZXII": -0.011942213533268272,
    "IYZIZYII": -0.011942213533268272,
    "IIYYXXII": -0.01141490088558969,
    "IIXXYYII": -0.01141490088558969,
    "IIXYYXII": 0.01141490088558969,
    "IIYXXYII": 0.01141490088558969,
    "YZZZYIZI": -0.008640375523967174,
    "XZZZXIZI": -0.008640375523967174,
    "IYZZZYIZ": -0.008640375523967174,
    "IXZZZXIZ": -0.008640375523967174,
    "IXXYYIII": -0.007180688199423542,
    "IYYXXIII": -0.007180688199423542,
    "XZXYZYII": 0.007180688199423542,
    "YZYXZXII": 0.007180688199423542,
    "YZYYZYII": 0.007180688199423542,
    "IXYYXIII": 0.007180688199423542,
    "IYXXYIII": 0.007180688199423542,
    "XZXXZXII": 0.007180688199423542,
    "YZXIXZYI": -0.005393252504459749,
    "XZYIYZXI": -0.005393252504459749,
    "IXZYIYZX": -0.005393252504459749,
    "IYZXIXZY": -0.005393252504459749
  },
  "data": {
    "molecule_id": "H2_singlet_Dooh",
    "qubit_encoding": "JW",
    "unit": "Angstrom",
    "basis": "3-21g",
    "charge": 0,
    "multiplicity": 1,
    "spin": 0,
    "geometry": "H 0.0000000000 0.0000000000 -0.1853500000\nH 0.0000000000 0.0000000000 0.9267500000",
    "n_qubits": 8,
    "n_particles": {
      "total": 2,
      "alpha": 1,
      "beta": 1
    },
    "hf_array": [
      1,
      1,
      0,
      0,
      0,
      0,
      0,
      0
    ],
    "hf_method": "pyscf.scf.hf_symm.SymAdaptedRHF",
    "convergence_threshold": 1e-06,
    "point_group": {
      "groupname": "Dooh",
      "topgroup": "Dooh"
    },
    "alpha": 1.5,
    "calculated_properties": {
      "HF": {
        "energy": -1.0696261843111619,
        "converged": true
      },
      "MP2": {
        "energy": -1.091441389141687,
        "converged": false
      },
      "CISD": {
        "energy": -1.105775888578175,
        "converged": true
      },