{
  "hamiltonian": {
    "IIIIIIII": 2.676521378273768,
    "IIIIIIIZ": -1.1733793614119163,
    "IIIIIIZI": -1.1733793614119161,
    "IIIIIZII": -0.7695225918181188,
    "IIIIZIII": -0.7695225918181187,
    "IIIZIIII": -0.44670256390902985,
    "IIZIIIII": -0.4467025639090298,
    "ZIIIIIII": -0.2974102658464424,
    "IZIIIIII": -0.29741026584644237,
    "IIIIIIZZ": 0.1948008207635429,
    "IZIIIIZI": 0.1740634689949622,
    "ZIIIIIIZ": 0.1740634689949622,
    "ZZIIIIII": 0.16999285111612036,
    "IIIIIZZI": 0.14807677108654627,
    "IIIIZIIZ": 0.14807677108654627,
    "ZIIIIZII": 0.14260893415276793,
    "IZIIZIII": 0.14260893415276793,
    "ZIIIIIZI": 0.13941151767087226,
    "IZIIIIIZ": 0.13941151767087226,
    "IIIIZZII": 0.12651683857932422,
    "IIZIIIIZ": 0.11640346002255192,
    "IIIZIIZI": 0.11640346002255192,
    "IIIIZIZI": 0.11631561576219951,
    "IIIIIZIZ": 0.11631561576219951,
    "ZIIZIIII": 0.11341595946517857,
    "IZZIIIII": 0.11341595946517857,
    "IZIIIZII": 0.11279875727140658,
    "ZIIIZIII": 0.11279875727140658,
    "IIZZIIII": 0.10170044358617637,
    "IIIZZIII": 0.10110883272787843,
    "IIZIIZII": 0.10110883272787843,
    "IIIZIIIZ": 0.09964676659485167,
    "IIZIIIZI": 0.09964676659485167,
    "IXZZZXII": 0.09549694838482051,
    "IYZZZYII": 0.09549694838482051,
    "YZZZYIII": 0.0954969483848205,
    "XZZZXIII": 0.0954969483848205,
    "IZIZIIII": 0.09313997177791766,
    "ZIZIIIII": 0.09313997177791766,
    "IIZIZIII": 0.09178855779202932,
    "IIIZIZII": 0.09178855779202932,
    "IIYZZZYI": -0.05491387767000269,
    "IIIXZZZX": -0.05491387767000269,
    "IIIYZZZY": -0.05491387767000269,
    "IIXZZZXI": -0.05491387767000269,
    "XZZZXIIZ": -0.05296596774741133,
    "IXZZZXZI": -0.05296596774741133,
    "YZZZYIIZ": -0.05296596774741133,
    "IYZZZYZI": -0.05296596774741133,
    "ZYZZZYII": -0.044293175141076474,
    "ZXZZZXII": -0.044293175141076474,
    "YIZZYIII": -0.04429317514107647,
    "XIZZXIII": -0.04429317514107647,
    "IIIYZZIY": 0.04247298622766851,
    "IIIXZZIX": 0.04247298622766851,
    "IIYZZZYZ": 0.04247298622766851,
    "IIXZZZXZ": 0.04247298622766851,
    "IZXZZZXI": 0.03605570497607167,
    "ZIIYZZZY": 0.03605570497607167,
    "ZIIXZZZX": 0.03605570497607167,
    "IZYZZZYI": 0.03605570497607167,
    "XXIIIIYY": -0.03465195132408993,
    "XYIIIIYX": 0.03465195132408993,
    "YXIIIIXY": 0.03465195132408993,
    "YYIIIIXX": -0.03465195132408993,
    "IXZZIXII": -0.03345265436873132,
    "IYZZIYII": -0.03345265436873132,
    "YZZZYZII": -0.03345265436873132,
    "XZZZXZII": -0.03345265436873132,
    "IIIIXYYX": 0.03176115532434675,
    "IIIIYXXY": 0.03176115532434675,
    "IIIIXXYY": -0.03176115532434675,
    "IIIIYYXX": -0.03176115532434675,
    "YZZZZYXX": -0.030710256557733386,
    "XZZZZXYY": -0.030710256557733386,
    "XZZZZYYX": 0.030710256557733386,
    "IXZZXIXX": -0.030710256557733386,
    "IXZZYIYX": -0.030710256557733386,
    "YZZZZXXY": 0.030710256557733386,
    "IYZZXIXY": -0.030710256557733386,
    "IYZZYIYY": -0.030710256557733386,
    "XYIIYXII": 0.029810176881361367,
    "XXIIYYII": -0.029810176881361367,
    "YXIIXYII": 0.029810176881361367,
    "YYIIXXII": -0.029810176881361367,
    "IIIXZIZX": 0.025722841419229356,
    "IIYZIZYI": 0.025722841419229356,
    "IIXZIZXI": 0.025722841419229356,
    "IIIYZIZY": 0.025722841419229356,
    "IIIXIZZX": 0.02556286591241155,
    "IIIYIZZY": 0.02556286591241155,
    "IIXZZIXI": 0.02556286591241155,
    "IIYZZIYI": 0.02556286591241155,
    "IYZZZYIZ": -0.022255711189677944,
    "YZZZYIZI": -0.022255711189677944,
    "XZZZXIZI": -0.022255711189677944,
    "IXZZZXIZ": -0.022255711189677944,
    "IXZXXZXI": -0.020588914168058126,
    "IYZYYZYI": -0.020588914168058126,
    "IYZYXZXI": -0.020588914168058126,
    "IXZXYZYI": -0.020588914168058126,
    "YZYIIXZX": -0.020588914168058126,
    "XZXIIYZY": -0.020588914168058126,
    "XZXIIXZX": -0.020588914168058126,
    "YZYIIYZY": -0.020588914168058126,
    "XXYYIIII": -0.02027598768726091,
    "XYYXIIII": 0.02027598768726091,
    "YXXYIIII": 0.02027598768726091,
    "YYXXIIII": -0.02027598768726091,
    "XYIYZZXI": 0.019707819306603883,
    "XXIXZZXI": 0.019707819306603883,
    "YXXZZZZY": -0.019707819306603883,
    "XXYZZZZY": 0.019707819306603883,
    "XYYZZZZX": -0.019707819306603883,
    "YYXZZZZX": 0.019707819306603883,
    "YXIXZZYI": 0.019707819306603883,
    "YYIYZZYI": 0.019707819306603883,
    "YZZYXZZX": 0.018604766200238942,
    "YZZXXZZY": -0.018604766200238942,
    "XZZYYZZX": -0.018604766200238942,
    "IXXIIYYI": 0.018604766200238942,
    "IXYIIYXI": -0.018604766200238942,
    "IYXIIXYI": -0.018604766200238942,
    "IYYIIXXI": 0.018604766200238942,
    "XZZXYZZY": 0.018604766200238942,
    "IYZIZYII": -0.018497374907082104,
    "XZIZXIII": -0.018497374907082104,
    "IXZIZXII": -0.018497374907082104,
    "YZIZYIII": -0.018497374907082104,
    "IIXYIIYX": 0.016756693427700264,
    "IIXXIIYY": -0.016756693427700264,
    "IIYYIIXX": -0.016756693427700264,
    "IIYXIIXY": 0.016756693427700264,
    "ZIYZZZYI": 0.016347885669467793,
    "ZIXZZZXI": 0.016347885669467793,
    "IZIYZZZY": 0.016347885669467793,
    "IZIXZZZX": 0.016347885669467793,
    "XZXIXZXI": -0.015927282329243925,
    "IXZXIXZX": -0.015927282329243925,
    "YZYIYZYI": -0.015927282329243925,
    "IYZYIYZY": -0.015927282329243925,
    "IYZXIXZY": -0.01394313436142474,
    "IXZYIYZX": -0.01394313436142474,
    "XZYIYZXI": -0.01394313436142474,
    "YZXIXZYI": -0.01394313436142474,
    "IIYIZZYI": 0.013558766364559143,
    "IIZYZZZY": 0.013558766364559143,
    "IIZXZZZX": 0.013558766364559143,
    "IIXIZZXI": 0.013558766364559143,
    "YZZIYIII": -0.012618424389041158,
    "IYIZZYII": -0.012618424389041158,
    "IXIZZXII": -0.012618424389041158,
    "XZZIXIII": -0.012618424389041158,
    "IIXXYYII": -0.009320274935849105,
    "IIXYYXII": 0.009320274935849105,
    "IIYXXYII": 0.009320274935849105,
    "IIYYXXII": -0.009320274935849105,
    "IYYXXIII": 0.005878950518040948,
    "XZXYZYII": -0.005878950518040948,
    "YZYYZYII": -0.005878950518040948,
    "IXYYXIII": -0.005878950518040948,
    "IXXYYIII": 0.005878950518040948,
    "XZXXZXII": -0.005878950518040948,
    "YZYXZXII": -0.005878950518040948,
    "IYXXYIII": -0.005878950518040948,
    "YZZYIYYI": 0.0046616318388142015,
    "XZZXIXXI": 0.0046616318388142015,
    "XZZYIYXI": 0.0046616318388142015,
    "YZZXIXYI": 0.0046616318388142015,
    "IXXIXZZX": 0.0046616318388142015,
    "IYYIYZZY": 0.0046616318388142015,
    "IYXIXZZY": 0.0046616318388142015,
    "IXYIYZZX": 0.0046616318388142015,
    "IYZYIXZX": -0.0019841479678191845,
    "XZXIYZYI": -0.0019841479678191845,
    "IXZXIYZY": -0.0019841479678191845,
    "YZYIXZXI": -0.0019841479678191845,
    "IIYZYXZX": 0.00015997550681780617,
    "IIIYXXYI": 0.00015997550681780617,
    "IIIXYYXI": 0.00015997550681780617,
    "IIIXXYYI": -0.00015997550681780617,
    "IIXZXXZX": 0.00015997550681780617,
    "IIXZXYZY": 0.00015997550681780617,
    "IIYZYYZY": 0.00015997550681780617,
    "IIIYYXXI": -0.00015997550681780617
  },
  "data": {
    "molecule_id": "H2_singlet_Dooh",
    "qubit_encoding": "JW",
    "unit": "Angstrom",
    "basis": "3-21g",
    "charge": 0,
    "multiplicity": 1,
    "spin": 0,
    "geometry": "H 0.0000000000 0.0000000000 0.0370700000\nH 0.0000000000 0.0000000000 0.7043300000",
    "n_qubits": 8,
    "n_particles": {
      "total": 2,
      "alpha": 1,
      "beta": 1
    },
    "hf_array": [
      1,
      1,
      0,
      0,
      0,
      0,
      0,
      0
    ],
    "hf_method": "pyscf.scf.hf_symm.SymAdaptedRHF",
    "convergence_threshold": 1e-06,
    "point_group": {
      "groupname": "Dooh",
      "topgroup": "Dooh"
    },
    "alpha": 0.9,
    "calculated_properties": {
      "HF": {
        "energy": -1.119053380960409,
        "converged": true
      },
      "MP2": {
        "energy": -1.135694508367119,
        "converged": false
      },
      "CISD": {
        "energy": -1.1424932063598592,