{
  "hamiltonian": {
    "IIIIIIII": 2.413271521205372,
    "IIIIIIZI": -0.9832572188364532,
    "IIIIIIIZ": -0.9832572188364532,
    "IIIIZIII": -0.8703059546845007,
    "IIIIIZII": -0.8703059546845007,
    "IIIZIIII": -0.41411107655626045,
    "IIZIIIII": -0.4141110765562604,
    "ZIIIIIII": -0.2987846943061229,
    "IZIIIIII": -0.29878469430612287,
    "IIIIIIZZ": 0.15912027674610799,
    "ZIIIIIIZ": 0.14259160344826766,
    "IZIIIIZI": 0.14259160344826766,
    "ZZIIIIII": 0.1413760073417797,
    "IIIIIZZI": 0.13990753114167398,
    "IIIIZIIZ": 0.13990753114167398,
    "ZIIIIZII": 0.13084457118871523,
    "IZIIZIII": 0.13084457118871523,
    "IIIIZZII": 0.12781471139498946,
    "IIIZIIZI": 0.11736760408013192,
    "IIZIIIIZ": 0.11736760408013192,
    "ZIIIIIZI": 0.11680889391834928,
    "IZIIIIIZ": 0.11680889391834928,
    "ZIIZIIII": 0.11444114767959293,
    "IZZIIIII": 0.11444114767959293,
    "IIIZZIII": 0.1078053099962607,
    "IIZIIZII": 0.1078053099962607,
    "IZIIIZII": 0.10762362502291896,
    "ZIIIZIII": 0.10762362502291896,
    "IIZZIIII": 0.1059685591555948,
    "IIZIZIII": 0.09748546860059795,
    "IIIZIZII": 0.09748546860059795,
    "IIZIIIZI": 0.09619121387745254,
    "IIIZIIIZ": 0.09619121387745254,
    "IIIIIZIZ": 0.09154247584656293,
    "IIIIZIZI": 0.09154247584656293,
    "ZIZIIIII": 0.08498610226361197,
    "IZIZIIII": 0.08498610226361197,
    "YZZZYIII": 0.0834829023167741,
    "XZZZXIII": 0.0834829023167741,
    "IYZZZYII": 0.08348290231677409,
    "IXZZZXII": 0.08348290231677409,
    "IIXZZZXI": -0.06384230573531956,
    "IIYZZZYI": -0.06384230573531956,
    "IIIYZZZY": -0.06384230573531954,
    "IIIXZZZX": -0.06384230573531954,
    "IIIIXXYY": -0.04836505529511104,
    "IIIIXYYX": 0.04836505529511104,
    "IIIIYXXY": 0.04836505529511104,
    "IIIIYYXX": -0.04836505529511104,
    "IXZZZXZI": -0.04182783122498272,
    "IYZZZYZI": -0.04182783122498272,
    "YZZZYIIZ": -0.04182783122498272,
    "XZZZXIIZ": -0.04182783122498272,
    "IIIYZZIY": 0.04055364649849573,
    "IIYZZZYZ": 0.04055364649849573,
    "IIXZZZXZ": 0.04055364649849573,
    "IIIXZZIX": 0.04055364649849573,
    "ZIIXZZZX": 0.033339054357445996,
    "ZIIYZZZY": 0.033339054357445996,
    "IZYZZZYI": 0.033339054357445996,
    "IZXZZZXI": 0.033339054357445996,
    "IXZXYZYI": -0.033275544275563285,
    "IXZXXZXI": -0.033275544275563285,
    "XZXIIYZY": -0.033275544275563285,
    "YZYIIXZX": -0.033275544275563285,
    "YZYIIYZY": -0.033275544275563285,
    "IYZYYZYI": -0.033275544275563285,
    "IYZYXZXI": -0.033275544275563285,
    "XZXIIXZX": -0.033275544275563285,
    "IIXZZIXI": 0.03193153284793559,
    "IIYZZIYI": 0.03193153284793559,
    "IIIXIZZX": 0.03193153284793559,
    "IIIYIZZY": 0.03193153284793559,
    "YIZZYIII": -0.031770729741870285,
    "XIZZXIII": -0.031770729741870285,
    "ZYZZZYII": -0.031770729741870285,
    "ZXZZZXII": -0.031770729741870285,
    "IXZZYIYX": -0.031561904089103754,
    "YZZZZXXY": 0.031561904089103754,
    "YZZZZYXX": -0.031561904089103754,
    "IYZZYIYY": -0.031561904089103754,
    "IYZZXIXY": -0.031561904089103754,
    "XZZZZXYY": -0.031561904089103754,
    "IXZZXIXX": -0.031561904089103754,
    "XZZZZYYX": 0.031561904089103754,
    "IXZZIXII": -0.031233909952695243,
    "IYZZIYII": -0.031233909952695243,
    "YZZZYZII": -0.031233909952695243,
    "XZZZXZII": -0.031233909952695243,
    "XYYXIIII": 0.029455045415980964,
    "YXXYIIII": 0.029455045415980964,
    "XXYYIIII": -0.029455045415980964,
    "YYXXIIII": -0.029455045415980964,
    "YYIIIIXX": -0.02578270952991836,
    "YXIIIIXY": 0.02578270952991836,
    "XYIIIIYX": 0.02578270952991836,
    "XXIIIIYY": -0.02578270952991836,
    "YXIIXYII": 0.023220946165796286,
    "YYIIXXII": -0.023220946165796286,
    "XYIIYXII": 0.023220946165796286,
    "XXIIYYII": -0.023220946165796286,
    "IIXYIIYX": 0.02117639020267938,
    "IIXXIIYY": -0.02117639020267938,
    "IIYXIIXY": 0.02117639020267938,
    "IIYYIIXX": -0.02117639020267938,
    "XZZXYZZY": 0.020564378612801984,
    "IXYIIYXI": -0.020564378612801984,
    "IXXIIYYI": 0.020564378612801984,
    "YZZYXZZX": 0.020564378612801984,
    "YZZXXZZY": -0.020564378612801984,
    "XZZYYZZX": -0.020564378612801984,
    "IYXIIXYI": -0.020564378612801984,
    "IYYIIXXI": 0.020564378612801984,
    "XXIXZZXI": 0.019704591763220956,
    "YXIXZZYI": 0.019704591763220956,
    "XYIYZZXI": 0.019704591763220956,
    "YYIYZZYI": 0.019704591763220956,
    "YXXZZZZY": -0.019704591763220952,
    "XYYZZZZX": -0.019704591763220952,
    "YYXZZZZX": 0.019704591763220952,
    "XXYZZZZY": 0.019704591763220952,
    "IXZXIXZX": -0.019457405579932117,
    "XZXIXZXI": -0.019457405579932117,
    "IYZYIYZY": -0.019457405579932117,
    "YZYIYZYI": -0.019457405579932117,
    "IIYZIZYI": 0.01926575748794606,
    "IIXZIZXI": 0.01926575748794606,
    "IIIYZIZY": 0.01926575748794606,
    "IIIXZIZX": 0.01926575748794606,
    "IIXIZZXI": 0.0190648856919791,
    "IIYIZZYI": 0.0190648856919791,
    "IIZYZZZY": 0.019064885691979096,
    "IIZXZZZX": 0.019064885691979096,
    "YZZIYIII": -0.018375238958563613,
    "XZZIXIII": -0.018375238958563613,
    "IYIZZYII": -0.018375238958563613,
    "IXIZZXII": -0.018375238958563613,
    "XZZYIYXI": 0.013818138695631168,
    "YZZXIXYI": 0.013818138695631168,
    "YZZYIYYI": 0.013818138695631168,
    "IXYIYZZX": 0.013818138695631168,
    "IYXIXZZY": 0.013818138695631168,
    "IYYIYZZY": 0.013818138695631168,
    "IXXIXZZX": 0.013818138695631168,
    "XZZXIXXI": 0.013818138695631168,
    "ZIXZZZXI": 0.01363446259422504,
    "IZIYZZZY": 0.01363446259422504,
    "ZIYZZZYI": 0.01363446259422504,
    "IZIXZZZX": 0.01363446259422504,
    "XZIZXIII": -0.013550725066012324,
    "IYZIZYII": -0.013550725066012324,
    "YZIZYIII": -0.013550725066012324,
    "IXZIZXII": -0.013550725066012324,
    "IXZXIYZY": -0.0127111656627613,
    "IYZYIXZX": -0.0127111656627613,
    "YZYIXZXI": -0.0127111656627613,
    "XZXIYZYI": -0.0127111656627613,
    "IIYZYYZY": -0.012665775359989528,
    "IIYZYXZX": -0.012665775359989528,
    "IIXZXYZY": -0.012665775359989528,
    "IIXZXXZX": -0.012665775359989528,
    "IIIYXXYI": -0.012665775359989528,
    "IIIYYXXI": 0.012665775359989528,
    "IIIXXYYI": 0.012665775359989528,
    "IIIXYYXI": -0.012665775359989528,
    "IIYYXXII": -0.010319841395662749,
    "IIXYYXII": 0.010319841395662749,
    "IIXXYYII": -0.010319841395662749,
    "IIYXXYII": 0.010319841395662749,
    "YZZZYIZI": -0.010265927135878969,
    "IYZZZYIZ": -0.010265927135878969,
    "IXZZZXIZ": -0.010265927135878969,
    "XZZZXIZI": -0.010265927135878969,
    "XZYIYZXI": -0.006746239917170815,
    "IYZXIXZY": -0.006746239917170815,
    "IXZYIYZX": -0.006746239917170815,
    "YZXIXZYI": -0.006746239917170815,
    "XZXXZXII": 0.004824513892551287,
    "XZXYZYII": 0.004824513892551287,
    "YZYXZXII": 0.004824513892551287,
    "YZYYZYII": 0.004824513892551287,
    "IXXYYIII": -0.004824513892551287,
    "IXYYXIII": 0.004824513892551287,
    "IYXXYIII": 0.004824513892551287,
    "IYYXXIII": -0.004824513892551287
  },
  "data": {
    "molecule_id": "H2_singlet_Dooh",
    "qubit_encoding": "JW",
    "unit": "Angstrom",
    "basis": "3-21g",
    "charge": 0,
    "multiplicity": 1,
    "spin": 0,
    "geometry": "H 0.0000000000 0.0000000000 -0.1482800000\nH 0.0000000000 0.0000000000 0.8896800000",
    "n_qubits": 8,
    "n_particles": {
      "total": 2,
      "alpha": 1,
      "beta": 1
    },
    "hf_array": [
      1,
      1,
      0,
      0,
      0,
      0,
      0,
      0
    ],
    "hf_method": "pyscf.scf.hf_symm.SymAdaptedRHF",
    "convergence_threshold": 1e-06,
    "point_group": {
      "groupname": "Dooh",
      "topgroup": "Dooh"
    },
    "alpha": 1.4,
    "calculated_properties": {
      "HF": {
        "energy": -1.0842207156558912,
        "converged": true
      },
      "MP2": {
        "energy": -1.104919025868191,
        "converged": false
      },
      "CISD": {
        "energy": -1.1174413176873432,
        "converged": true
      },