{
  "hamiltonian": {
    "IIII": -0.41471363364834307,
    "IIZZ": 0.1561709771349566,
    "ZIIZ": 0.14893666002931605,
    "IZZI": 0.14893666002931605,
    "ZZII": 0.1488056211954549,
    "ZIII": 0.11824382637161335,
    "IZII": 0.11824382637161333,
    "ZIZI": 0.09671607259943572,
    "IZIZ": 0.09671607259943572,
    "IIIZ": -0.0859799183140187,
    "IIZI": -0.08597991831401869,
    "XXYY": -0.05222058742988031,
    "XYYX": 0.05222058742988031,
    "YXXY": 0.05222058742988031,
    "YYXX": -0.05222058742988031
  },
  "data": {
    "molecule_id": "H2_singlet_Dooh",
    "qubit_encoding": "JW",
    "unit": "Angstrom",
    "basis": "sto-3g",
    "charge": 0,
    "multiplicity": 1,
    "spin": 0,
    "geometry": "H 0.0000000000 0.0000000000 -0.2224200000\nH 0.0000000000 0.0000000000 0.9638200000",
    "n_qubits": 4,
    "n_particles": {
      "total": 2,
      "alpha": 1,
      "beta": 1
    },
    "hf_array": [
      1,
      1,
      0,
      0
    ],
    "hf_method": "pyscf.scf.hf_symm.SymAdaptedRHF",
    "convergence_threshold": 1e-06,
    "point_group": {
      "groupname": "Dooh",
      "topgroup": "Dooh"
    },
    "alpha": 1.6,
    "calculated_properties": {
      "HF": {
        "energy": -1.0094899899466991,
        "converged": true
      },
      "MP2": {
        "energy": -1.0374195407466398,
        "converged": false
      },
      "CISD": {
        "energy": -1.059802991025558,
        "converged": true
      },
      "CCSD": {
        "energy": -1.0598029911857707,
        "converged": true
      },
      "FCI": {
        "energy": -1.0598029910255578,
        "converged": true,
        "spin_matches_target": true,
        "multiplicity": 1.0,
        "oscillatory_converged": false,
        "oscillation_energy_change": null
      }
    },
    "auxiliary_operators": {
      "number_operator": {
        "IIII": 2.0,
        "ZIII": -0.5,
        "IZII": -0.5,
        "IIZI": -0.5,
        "IIIZ": -0.5
      },
      "N_alpha": {
        "IIII": 1.0,
        "ZIII": -0.5,
        "IIZI": -0.5
      },
      "N_beta": {
        "IIII": 1.0,
        "IZII": -0.5,
        "IIIZ": -0.5
      },
      "S^2_operator": {
        "IIII": 0.75,
        "ZZII": -0.375,
        "IIZZ": -0.375,
        "YXYX": 0.125,
        "YXXY": -0.125,
        "XXYY": 0.125,
        "XXXX": 0.125,
        "YYYY": 0.125,
        "YYXX": 0.125,
        "XYYX": -0.125,
        "XYXY": 0.125,
        "ZIZI": 0.125,
        "ZIIZ": -0.125,
        "IZZI": -0.125,
        "IZIZ": 0.125
      },
      "UCCSD_operator": {
        "XXYX": 0.030108456570546678,
        "YYYX": -0.030108456570546678,
        "YXYY": 0.030108456570546678,
        "XYYY": 0.030108456570546678,
        "YXXX": -0.030108456570546678,
        "XYXX": -0.030108456570546678,
        "XXXY": 0.030108456570546678,
        "YYXY": -0.030108456570546678
      }
    },
    "hf_method_fallback": "standard",
    "generation_time_s": 0.019,
    "timestamp": "2026-04-03T21:43:52.219009+00:00"
  }
}