{
  "hamiltonian": {
    "IIII": -0.4755570651688319,
    "IIZZ": 0.14863854487196093,
    "ZIIZ": 0.14230695350601036,
    "IZZI": 0.14230695350601036,
    "ZZII": 0.14092923013206668,
    "IZII": 0.09989425698625733,
    "ZIII": 0.09989425698625731,
    "ZIZI": 0.08640928091322868,
    "IZIZ": 0.08640928091322868,
    "XXYY": -0.055897672592781666,
    "XYYX": 0.055897672592781666,
    "YXXY": 0.055897672592781666,
    "YYXX": -0.055897672592781666,
    "IIZI": -0.0477858479842474,
    "IIIZ": -0.047785847984247384
  },
  "data": {
    "molecule_id": "H2_singlet_Dooh",
    "qubit_encoding": "JW",
    "unit": "Angstrom",
    "basis": "sto-3g",
    "charge": 0,
    "multiplicity": 1,
    "spin": 0,
    "geometry": "H 0.0000000000 0.0000000000 -0.3336300000\nH 0.0000000000 0.0000000000 1.0750300000",
    "n_qubits": 4,
    "n_particles": {
      "total": 2,
      "alpha": 1,
      "beta": 1
    },
    "hf_array": [
      1,
      1,
      0,
      0
    ],
    "hf_method": "pyscf.scf.hf_symm.SymAdaptedRHF",
    "convergence_threshold": 1e-06,
    "point_group": {
      "groupname": "Dooh",
      "topgroup": "Dooh"
    },
    "alpha": 1.9,
    "calculated_properties": {
      "HF": {
        "energy": -0.9387819689442919,
        "converged": true
      },
      "MP2": {
        "energy": -0.9783902884364621,
        "converged": false
      },
      "CISD": {
        "energy": -1.0138680444982704,
        "converged": true
      },
      "CCSD": {
        "energy": -1.0138680445997565,
        "converged": true
      },
      "FCI": {
        "energy": -1.0138680444982704,
        "converged": true,
        "spin_matches_target": true,
        "multiplicity": 1.0,
        "oscillatory_converged": false,
        "oscillation_energy_change": null
      }
    },
    "auxiliary_operators": {
      "number_operator": {
        "IIII": 2.0,
        "ZIII": -0.5,
        "IZII": -0.5,
        "IIZI": -0.5,
        "IIIZ": -0.5
      },
      "N_alpha": {
        "IIII": 1.0,
        "ZIII": -0.5,
        "IIZI": -0.5
      },
      "N_beta": {
        "IIII": 1.0,
        "IZII": -0.5,
        "IIIZ": -0.5
      },
      "S^2_operator": {
        "IIII": 0.75,
        "ZZII": -0.375,
        "IIZZ": -0.375,
        "YXYX": 0.125,
        "YXXY": -0.125,
        "XXYY": 0.125,
        "XXXX": 0.125,
        "YYYY": 0.125,
        "YYXX": 0.125,
        "XYYX": -0.125,
        "XYXY": 0.125,
        "ZIZI": 0.125,
        "ZIIZ": -0.125,
        "IZZI": -0.125,
        "IZIZ": 0.125
      },
      "UCCSD_operator": {
        "XXYX": 0.041977416149814366,
        "YYYX": -0.041977416149814366,
        "YXYY": 0.041977416149814366,
        "XYYY": 0.041977416149814366,
        "YXXX": -0.041977416149814366,
        "XYXX": -0.041977416149814366,
        "XXXY": 0.041977416149814366,
        "YYXY": -0.041977416149814366
      }
    },
    "hf_method_fallback": "standard",
    "generation_time_s": 0.019,
    "timestamp": "2026-04-03T21:43:52.280266+00:00"
  }
}