{
  "hamiltonian": {
    "IIIIIIII": 2.997529572476052,
    "IIIIIIZI": -1.311473835292705,
    "IIIIIIIZ": -1.311473835292705,
    "IIIIZIII": -0.7311172768833755,
    "IIIIIZII": -0.7311172768833755,
    "IIZIIIII": -0.457800767317565,
    "IIIZIIII": -0.457800767317565,
    "ZIIIIIII": -0.291172066998618,
    "IZIIIIII": -0.291172066998618,
    "IIIIIIZZ": 0.21094270140498378,
    "IZIIIIZI": 0.19006288246567693,
    "ZIIIIIIZ": 0.19006288246567693,
    "ZZIIIIII": 0.1859835515297153,
    "IZIIIIIZ": 0.15179014771245225,
    "ZIIIIIZI": 0.15179014771245225,
    "IIIIZIIZ": 0.15038921985007903,
    "IIIIIZZI": 0.15038921985007903,
    "ZIIIIZII": 0.1469203407277388,
    "IZIIZIII": 0.1469203407277388,
    "IIIIIZIZ": 0.12559576005261772,
    "IIIIZIZI": 0.12559576005261772,
    "IIIIZZII": 0.1250001736925019,
    "ZIIIZIII": 0.11523670083274828,
    "IZIIIZII": 0.11523670083274828,
    "IIIZIIZI": 0.11508177568632394,
    "IIZIIIIZ": 0.11508177568632394,
    "ZIIZIIII": 0.11233878299832073,
    "IZZIIIII": 0.11233878299832073,
    "IIZIIIZI": 0.1008572170881508,
    "IIIZIIIZ": 0.1008572170881508,
    "IIZZIIII": 0.10026722047282949,
    "IIZIIZII": 0.09911653475350413,
    "IIIZZIII": 0.09911653475350413,
    "IYZZZYII": 0.09682261887674729,
    "IXZZZXII": 0.09682261887674729,
    "YZZZYIII": 0.09682261887674727,
    "XZZZXIII": 0.09682261887674727,
    "IZIZIIII": 0.09602748419836904,
    "ZIZIIIII": 0.09602748419836904,
    "IIIZIZII": 0.08810977154368206,
    "IIZIZIII": 0.08810977154368206,
    "XZZZXIIZ": -0.056722005881988516,
    "IXZZZXZI": -0.056722005881988516,
    "IYZZZYZI": -0.056722005881988516,
    "YZZZYIIZ": -0.056722005881988516,
    "ZYZZZYII": -0.04959625534250968,
    "ZXZZZXII": -0.04959625534250968,
    "XIZZXIII": -0.04959625534250967,
    "YIZZYIII": -0.04959625534250967,
    "IIXZZZXI": -0.04706643227917733,
    "IIYZZZYI": -0.04706643227917733,
    "IIIXZZZX": -0.04706643227917733,
    "IIIYZZZY": -0.04706643227917733,
    "IIIXZZIX": 0.04128839918358959,
    "IIYZZZYZ": 0.04128839918358959,
    "IIXZZZXZ": 0.04128839918358959,
    "IIIYZZIY": 0.04128839918358959,
    "YYIIIIXX": -0.03827273475322466,
    "YXIIIIXY": 0.03827273475322466,
    "XYIIIIYX": 0.03827273475322466,
    "XXIIIIYY": -0.03827273475322466,
    "IZYZZZYI": 0.03586159089358747,
    "ZIIYZZZY": 0.03586159089358747,
    "ZIIXZZZX": 0.03586159089358747,
    "IZXZZZXI": 0.03586159089358747,
    "XZZZXZII": -0.032957757396125185,
    "IYZZIYII": -0.032957757396125185,
    "IXZZIXII": -0.032957757396125185,
    "YZZZYZII": -0.032957757396125185,
    "XYIIYXII": 0.03168363989499051,
    "XXIIYYII": -0.03168363989499051,
    "YYIIXXII": -0.03168363989499051,
    "YXIIXYII": 0.03168363989499051,
    "YZZZZXXY": 0.028492321316593277,
    "YZZZZYXX": -0.028492321316593277,
    "IYZZXIXY": -0.028492321316593277,
    "IXZZYIYX": -0.028492321316593277,
    "IYZZYIYY": -0.028492321316593277,
    "XZZZZYYX": 0.028492321316593277,
    "XZZZZXYY": -0.028492321316593277,
    "IXZZXIXX": -0.028492321316593277,
    "YZZZYIZI": -0.028229684565395242,
    "IXZZZXIZ": -0.028229684565395242,
    "IYZZZYIZ": -0.028229684565395242,
    "XZZZXIZI": -0.028229684565395242,
    "IIIYZIZY": 0.025214752415047427,
    "IIXZIZXI": 0.025214752415047427,
    "IIYZIZYI": 0.025214752415047427,
    "IIIXZIZX": 0.025214752415047427,
    "IIIIXXYY": -0.024793459797461316,
    "IIIIXYYX": 0.024793459797461316,
    "IIIIYXXY": 0.024793459797461316,
    "IIIIYYXX": -0.024793459797461316,
    "IIXZZIXI": 0.022296475103728793,
    "IIIYIZZY": 0.022296475103728793,
    "IIIXIZZX": 0.022296475103728793,
    "IIYZZIYI": 0.022296475103728793,
    "YXIXZZYI": 0.018581925889254922,
    "XXYZZZZY": 0.018581925889254922,
    "XYYZZZZX": -0.018581925889254922,
    "YYIYZZYI": 0.018581925889254922,
    "XYIYZZXI": 0.018581925889254922,
    "XXIXZZXI": 0.018581925889254922,
    "YXXZZZZY": -0.018581925889254922,
    "YYXZZZZX": 0.018581925889254922,
    "IXZIZXII": -0.01840921465973371,
    "YZIZYIII": -0.01840921465973371,
    "IYZIZYII": -0.01840921465973371,
    "XZIZXIII": -0.01840921465973371,
    "ZIXZZZXI": 0.017279665004332548,
    "ZIYZZZYI": 0.017279665004332548,
    "IZIYZZZY": 0.017279665004332548,
    "IZIXZZZX": 0.017279665004332548,
    "XZZYYZZX": -0.016495862883000374,
    "YZZXXZZY": -0.016495862883000374,
    "YZZYXZZX": 0.016495862883000374,
    "IYYIIXXI": 0.016495862883000374,
    "IYXIIXYI": -0.016495862883000374,
    "XZZXYZZY": 0.016495862883000374,
    "IXYIIYXI": -0.016495862883000374,
    "IXXIIYYI": 0.016495862883000374,
    "XXYYIIII": -0.016311298799951704,
    "YYXXIIII": -0.016311298799951704,
    "YXXYIIII": 0.016311298799951704,
    "XYYXIIII": 0.016311298799951704,
    "YZXIXZYI": -0.01592650091967482,
    "IXZYIYZX": -0.01592650091967482,
    "IYZXIXZY": -0.01592650091967482,
    "XZYIYZXI": -0.01592650091967482,
    "IXZXXZXI": -0.015269312114129178,
    "IYZYYZYI": -0.015269312114129178,
    "IXZXYZYI": -0.015269312114129178,
    "YZYIIYZY": -0.015269312114129178,
    "YZYIIXZX": -0.015269312114129178,
    "XZXIIYZY": -0.015269312114129178,
    "XZXIIXZX": -0.015269312114129178,
    "IYZYXZXI": -0.015269312114129178,
    "XZXIXZXI": -0.014699950150803621,
    "IYZYIYZY": -0.014699950150803621,
    "YZYIYZYI": -0.014699950150803621,
    "IXZXIXZX": -0.014699950150803621,
    "IIXXIIYY": -0.014224558598173145,
    "IIYYIIXX": -0.014224558598173145,
    "IIYXIIXY": 0.014224558598173145,
    "IIXYIIYX": 0.014224558598173145,
    "IIXIZZXI": 0.01140804451473288,
    "IIYIZZYI": 0.01140804451473288,
    "IIZXZZZX": 0.011408044514732879,
    "IIZYZZZY": 0.011408044514732879,
    "IIYYXXII": -0.011006763209822055,
    "IIYXXYII": 0.011006763209822055,
    "IIXXYYII": -0.011006763209822055,
    "IIXYYXII": 0.011006763209822055,
    "XZZIXIII": -0.0101002292593216,
    "YZZIYIII": -0.0101002292593216,
    "IYIZZYII": -0.0101002292593216,
    "IXIZZXII": -0.0101002292593216,
    "IXXYYIII": 0.008308985400412108,
    "IXYYXIII": -0.008308985400412108,
    "IYXXYIII": -0.008308985400412108,
    "IYYXXIII": 0.008308985400412108,
    "YZYYZYII": -0.008308985400412108,
    "YZYXZXII": -0.008308985400412108,
    "XZXYZYII": -0.008308985400412108,
    "XZXXZXII": -0.008308985400412108,
    "IIIXXYYI": -0.002918277311318635,
    "IIIXYYXI": 0.002918277311318635,
    "IIIYYXXI": -0.002918277311318635,
    "IIYZYXZX": 0.002918277311318635,
    "IIXZXYZY": 0.002918277311318635,
    "IIXZXXZX": 0.002918277311318635,
    "IIIYXXYI": 0.002918277311318635,
    "IIYZYYZY": 0.002918277311318635,
    "YZYIXZXI": 0.0012265507688711975,
    "XZXIYZYI": 0.0012265507688711975,
    "IXZXIYZY": 0.0012265507688711975,
    "IYZYIXZX": 0.0012265507688711975,
    "YZZXIXYI": 0.000569361963325557,
    "IYYIYZZY": 0.000569361963325557,
    "IYXIXZZY": 0.000569361963325557,
    "IXYIYZZX": 0.000569361963325557,
    "IXXIXZZX": 0.000569361963325557,
    "YZZYIYYI": 0.000569361963325557,
    "XZZXIXXI": 0.000569361963325557,
    "XZZYIYXI": 0.000569361963325557
  },
  "data": {
    "molecule_id": "H2_singlet_Dooh",
    "qubit_encoding": "JW",
    "unit": "Angstrom",
    "basis": "3-21g",
    "charge": 0,
    "multiplicity": 1,
    "spin": 0,
    "geometry": "H 0.0000000000 0.0000000000 0.1112100000\nH 0.0000000000 0.0000000000 0.6301900000",
    "n_qubits": 8,
    "n_particles": {
      "total": 2,
      "alpha": 1,
      "beta": 1
    },
    "hf_array": [
      1,
      1,
      0,
      0,
      0,
      0,
      0,
      0
    ],
    "hf_method": "pyscf.scf.hf_symm.SymAdaptedRHF",
    "convergence_threshold": 1e-06,
    "point_group": {
      "groupname": "Dooh",
      "topgroup": "Dooh"
    },
    "alpha": 0.7,
    "calculated_properties": {
      "HF": {
        "energy": -1.0651685253358685,
        "converged": true
      },
      "MP2": {
        "energy": -1.0803845528215605,
        "converged": false
      },
      "CISD": {
        "energy": -1.085925631809672,
        "converged": true
      },