{
  "hamiltonian": {
    "IIIIIIII": 2.380438000650131,
    "IIIIIIZI": -0.9261796445258912,
    "IIIIIIIZ": -0.9261796445258912,
    "IIIIZIII": -0.9188364686949742,
    "IIIIIZII": -0.9188364686949742,
    "IIZIIIII": -0.38707691618869333,
    "IIIZIIII": -0.38707691618869333,
    "ZIIIIIII": -0.2955219698498843,
    "IZIIIIII": -0.2955219698498843,
    "IIIIZZII": 0.13940936714067295,
    "IIIIIZZI": 0.13459329921678176,
    "IIIIZIIZ": 0.13459329921678176,
    "IIIIIIZZ": 0.13223862621908136,
    "ZZIIIIII": 0.12708861870193747,
    "ZIIIIZII": 0.1260510218912294,
    "IZIIZIII": 0.1260510218912294,
    "IZIIIIZI": 0.124339280220371,
    "ZIIIIIIZ": 0.124339280220371,
    "IIZIIZII": 0.11519573384615633,
    "IIIZZIII": 0.11519573384615633,
    "IZZIIIII": 0.11269189642072135,
    "ZIIZIIII": 0.11269189642072135,
    "IIIZIIZI": 0.11254401088709759,
    "IIZIIIIZ": 0.11254401088709759,
    "IIZZIIII": 0.10795611168483138,
    "IZIIIZII": 0.10513974437331386,
    "ZIIIZIII": 0.10513974437331386,
    "ZIIIIIZI": 0.10453320209421649,
    "IZIIIIIZ": 0.10453320209421649,
    "IIZIIIZI": 0.09732188404511827,
    "IIIZIIIZ": 0.09732188404511827,
    "IIZIZIII": 0.093337913392173,
    "IIIZIZII": 0.093337913392173,
    "IIIIIZIZ": 0.07851558759636285,
    "IIIIZIZI": 0.07851558759636285,
    "ZIZIIIII": 0.0780510613241349,
    "IZIZIIII": 0.0780510613241349,
    "IXZZZZZX": 0.07346216107241625,
    "IYZZZZZY": 0.07346216107241625,
    "YZZZZZYI": 0.07346216107241625,
    "XZZZZZXI": 0.07346216107241625,
    "IIIXZXII": -0.06390887905210638,
    "IIYZYIII": -0.06390887905210638,
    "IIXZXIII": -0.06390887905210638,
    "IIIYZYII": -0.06390887905210638,
    "IIIIXXYY": -0.0560777116204189,
    "IIIIXYYX": 0.0560777116204189,
    "IIIIYXXY": 0.0560777116204189,
    "IIIIYYXX": -0.0560777116204189,
    "YZYIIYZY": -0.03971134894849042,
    "YZYIIXZX": -0.03971134894849042,
    "XZXIIYZY": -0.03971134894849042,
    "XZXIIXZX": -0.03971134894849042,
    "IYZYYZYI": -0.03971134894849042,
    "IXZXXZXI": -0.03971134894849042,
    "IXZXYZYI": -0.03971134894849042,
    "IYZYXZXI": -0.03971134894849042,
    "IIXZXZII": 0.036579817574986156,
    "IIIXIXII": 0.036579817574986156,
    "IIIYIYII": 0.036579817574986156,
    "IIYZYZII": 0.036579817574986156,
    "IIXZXIIZ": 0.03473575115749072,
    "IIYZYIIZ": 0.03473575115749072,
    "IIIYZYZI": 0.03473575115749072,
    "IIIXZXZI": 0.03473575115749072,
    "XXYYIIII": -0.03464083509658644,
    "YYXXIIII": -0.03464083509658644,
    "YXXYIIII": 0.03464083509658644,
    "XYYXIIII": 0.03464083509658644,
    "IXZZIZZX": -0.03447115857821584,
    "IYZZIZZY": -0.03447115857821584,
    "XZZZZIXI": -0.03447115857821584,
    "YZZZZIYI": -0.03447115857821584,
    "IXZZZZIX": -0.030806599981501894,
    "IYZZZZIY": -0.030806599981501894,
    "YZZZZZYZ": -0.030806599981501894,
    "XZZZZZXZ": -0.030806599981501894,
    "IZXZXIII": 0.02959758124013592,
    "IZYZYIII": 0.02959758124013592,
    "ZIIXZXII": 0.02959758124013592,
    "ZIIYZYII": 0.02959758124013592,
    "XZZZXYZY": 0.0292455526416246,
    "IYZZYXXI": -0.0292455526416246,
    "IYZZXXYI": 0.0292455526416246,
    "XZZZXXZX": 0.0292455526416246,
    "YZZZYYZY": 0.0292455526416246,
    "IXZZXYYI": -0.0292455526416246,
    "YZZZYXZX": 0.0292455526416246,
    "IXZZYYXI": 0.0292455526416246,
    "ZXZZZZZX": -0.02453063717586095,
    "ZYZZZZZY": -0.02453063717586095,
    "YIZZZZYI": -0.024530637175860945,
    "XIZZZZXI": -0.024530637175860945,
    "IIIYYIYY": 0.022943371414783545,
    "IIIYXIXY": 0.022943371414783545,
    "IIIXYIYX": 0.022943371414783545,
    "IIIXXIXX": 0.022943371414783545,
    "IIXZZYYX": -0.022943371414783545,
    "IIXZZXYY": 0.022943371414783545,
    "IIYZZYXX": 0.022943371414783545,
    "IIYZZXXY": -0.022943371414783545,
    "XZXIYZYI": -0.022407191559870032,
    "YZYIXZXI": -0.022407191559870032,
    "IXZXIYZY": -0.022407191559870032,
    "IYZYIXZX": -0.022407191559870032,
    "IIYXXYII": 0.02185782045398334,
    "IIXXYYII": -0.02185782045398334,
    "IIXYYXII": 0.02185782045398334,
    "IIYYXXII": -0.02185782045398334,
    "IIZYZYII": 0.021765939448480036,
    "IIXIXIII": 0.021765939448480036,
    "IIYIYIII": 0.021765939448480036,
    "IIZXZXII": 0.021765939448480036,
    "XXIIYYII": -0.02091127751791555,
    "XYIIYXII": 0.02091127751791555,
    "YXIIXYII": 0.02091127751791555,
    "YYIIXXII": -0.02091127751791555,
    "IXIZZZZX": -0.020429446984223318,
    "IYIZZZZY": -0.020429446984223318,
    "YZZIZZYI": -0.020429446984223318,
    "XZZIZZXI": -0.020429446984223318,
    "IYZYIYZY": -0.02017732846688499,
    "XZXIXZXI": -0.02017732846688499,
    "YZYIYZYI": -0.02017732846688499,
    "IXZXIXZX": -0.02017732846688499,
    "XYIIIIYX": 0.019806078126154508,
    "YXIIIIXY": 0.019806078126154508,
    "YYIIIIXX": -0.019806078126154508,
    "XXIIIIYY": -0.019806078126154508,
    "XZZYIYXI": 0.019534020481605425,
    "IXYIYZZX": 0.019534020481605425,
    "YZZXIXYI": 0.019534020481605425,
    "YZZYIYYI": 0.019534020481605425,
    "IXXIXZZX": 0.019534020481605425,
    "XZZXIXXI": 0.019534020481605425,
    "IYXIXZZY": 0.019534020481605425,
    "IYYIYZZY": 0.019534020481605425,
    "YYIYYIII": 0.018230154739321998,
    "XYIYXIII": 0.018230154739321998,
    "XXIXXIII": 0.018230154739321998,
    "YXIXYIII": 0.018230154739321998,
    "YYXZZXII": 0.018230154739321998,
    "YXXZZYII": -0.018230154739321998,
    "XYYZZXII": -0.018230154739321998,
    "XXYZZYII": 0.018230154739321998,
    "IXYIIYXI": -0.017304157388620386,
    "IYXIIXYI": -0.017304157388620386,
    "IYYIIXXI": 0.017304157388620386,
    "XZZXYZZY": 0.017304157388620386,
    "XZZYYZZX": -0.017304157388620386,
    "YZZXXZZY": -0.017304157388620386,
    "IXXIIYYI": 0.017304157388620386,
    "YZZYXZZX": 0.017304157388620386,
    "IIXYIIYX": 0.015222126841979319,
    "IIXXIIYY": -0.015222126841979319,
    "IIYXIIXY": 0.015222126841979319,
    "IIYYIIXX": -0.015222126841979319,
    "XZXYZZZY": 0.013369463691773966,
    "XZXXZZZX": 0.013369463691773966,
    "YZYYZZZY": 0.013369463691773966,
    "YZYXZZZX": 0.013369463691773966,
    "IYYXZZXI": -0.013369463691773966,
    "IXXYZZYI": -0.013369463691773966,
    "IXYYZZXI": 0.013369463691773966,
    "IYXXZZYI": 0.013369463691773966,
    "IIIYZYIZ": 0.011792379742707172,
    "IIIXZXIZ": 0.011792379742707172,
    "IIXZXIZI": 0.011792379742707172,
    "IIYZYIZI": 0.011792379742707172,
    "IZIYZYII": 0.011367426500813922,
    "ZIYZYIII": 0.011367426500813922,
    "ZIXZXIII": 0.011367426500813922,
    "IZIXZXII": 0.011367426500813922,
    "IXZIZZZX": -0.00705998329244935,
    "YZIZZZYI": -0.00705998329244935,
    "XZIZZZXI": -0.00705998329244935,
    "IYZIZZZY": -0.00705998329244935,
    "XZZZIZXI": -0.00522560593659124,
    "YZZZIZYI": -0.00522560593659124,
    "IXZZZIZX": -0.00522560593659124,
    "IYZZZIZY": -0.00522560593659124,
    "XZYIYZXI": 0.002229863092985042,
    "YZXIXZYI": 0.002229863092985042,
    "IYZXIXZY": 0.002229863092985042,
    "IXZYIYZX": 0.002229863092985042
  },
  "data": {
    "molecule_id": "H2_singlet_Dooh",
    "qubit_encoding": "JW",
    "unit": "Angstrom",
    "basis": "3-21g",
    "charge": 0,
    "multiplicity": 1,
    "spin": 0,
    "geometry": "H 0.0000000000 0.0000000000 -0.2965600000\nH 0.0000000000 0.0000000000 1.0379600000",
    "n_qubits": 8,
    "n_particles": {
      "total": 2,
      "alpha": 1,
      "beta": 1
    },
    "hf_array": [
      1,
      1,
      0,
      0,
      0,
      0,
      0,
      0
    ],
    "hf_method": "pyscf.scf.hf_symm.SymAdaptedRHF",
    "convergence_threshold": 1e-06,
    "point_group": {
      "groupname": "Dooh",
      "topgroup": "Dooh"
    },
    "alpha": 1.8,
    "calculated_properties": {
      "HF": {
        "energy": -1.0246069494032892,
        "converged": true
      },
      "MP2": {
        "energy": -1.0506539241254378,
        "converged": false
      },
      "CISD": {
        "energy": -1.0719917657929314,
        "converged": true
      },