{
  "hamiltonian": {
    "IIIIIIII": 2.3728675987014363,
    "IIIIIIIZ": -0.9310472460232423,
    "IIIIIIZI": -0.9310472460232422,
    "IIIIZIII": -0.911025738899032,
    "IIIIIZII": -0.911025738899032,
    "IIZIIIII": -0.3805322205080347,
    "IIIZIIII": -0.38053222050803465,
    "ZIIIIIII": -0.29441818957441135,
    "IZIIIIII": -0.29441818957441135,
    "IIIIZZII": 0.1358255536064442,
    "IIIIIZZI": 0.13344805115145783,
    "IIIIZIIZ": 0.13344805115145783,
    "IIIIIIZZ": 0.1332427095394202,
    "ZZIIIIII": 0.1242841074241123,
    "ZIIIIIIZ": 0.12302189770084171,
    "IZIIIIZI": 0.12302189770084171,
    "IZIIZIII": 0.12290439470081484,
    "ZIIIIZII": 0.12290439470081484,
    "IIZIIZII": 0.11444760021051423,
    "IIIZZIII": 0.11444760021051423,
    "IIZIIIIZ": 0.11329522820408308,
    "IIIZIIZI": 0.11329522820408308,
    "IZZIIIII": 0.11201618650733115,
    "ZIIZIIII": 0.11201618650733115,
    "IIZZIIII": 0.10813206068548872,
    "ZIIIIIZI": 0.10369486533240013,
    "IZIIIIIZ": 0.10369486533240013,
    "ZIIIZIII": 0.10286175013079459,
    "IZIIIZII": 0.10286175013079459,
    "IIZIIIZI": 0.096873844492605,
    "IIIZIIIZ": 0.096873844492605,
    "IIZIZIII": 0.09267593366204571,
    "IIIZIZII": 0.09267593366204571,
    "IZIZIIII": 0.07630650683798723,
    "ZIZIIIII": 0.07630650683798723,
    "IIIIZIZI": 0.07613111943424067,
    "IIIIIZIZ": 0.07613111943424067,
    "IXZZZZZX": 0.07149049715489866,
    "IYZZZZZY": 0.07149049715489866,
    "YZZZZZYI": 0.07149049715489866,
    "XZZZZZXI": 0.07149049715489866,
    "IIIXZXII": -0.06369884705565103,
    "IIYZYIII": -0.06369884705565103,
    "IIXZXIII": -0.06369884705565103,
    "IIIYZYII": -0.06369884705565103,
    "IIIIXXYY": -0.05731693171721716,
    "IIIIXYYX": 0.05731693171721716,
    "IIIIYXXY": 0.05731693171721716,
    "IIIIYYXX": -0.05731693171721716,
    "IXZXXZXI": -0.04087343590254367,
    "IYZYYZYI": -0.04087343590254367,
    "IYZYXZXI": -0.04087343590254367,
    "IXZXYZYI": -0.04087343590254367,
    "XZXIIXZX": -0.04087343590254367,
    "XZXIIYZY": -0.04087343590254367,
    "YZYIIXZX": -0.04087343590254367,
    "YZYIIYZY": -0.04087343590254367,
    "XXYYIIII": -0.03570967966934392,
    "YYXXIIII": -0.03570967966934392,
    "YXXYIIII": 0.03570967966934392,
    "XYYXIIII": 0.03570967966934392,
    "IIXZXZII": 0.035652944805825176,
    "IIYZYZII": 0.035652944805825176,
    "IIIXIXII": 0.035652944805825176,
    "IIIYIYII": 0.035652944805825176,
    "IIIYZYZI": 0.03511290911213594,
    "IIXZXIIZ": 0.03511290911213594,
    "IIYZYIIZ": 0.03511290911213594,
    "IIIXZXZI": 0.03511290911213594,
    "IXZZIZZX": -0.03314576602347134,
    "IYZZIZZY": -0.03314576602347134,
    "YZZZZIYI": -0.03314576602347134,
    "XZZZZIXI": -0.03314576602347134,
    "IYZZZZIY": -0.030820607388280997,
    "IXZZZZIX": -0.030820607388280997,
    "XZZZZZXZ": -0.030820607388280997,
    "YZZZZZYZ": -0.030820607388280997,
    "ZIIXZXII": 0.028666729493751715,
    "ZIIYZYII": 0.028666729493751715,
    "IZXZXIII": 0.028666729493751715,
    "IZYZYIII": 0.028666729493751715,
    "IYZZYXXI": -0.028637795970090692,
    "XZZZXYZY": 0.028637795970090692,
    "YZZZYXZX": 0.028637795970090692,
    "YZZZYYZY": 0.028637795970090692,
    "IXZZYYXI": 0.028637795970090692,
    "IYZZXXYI": 0.028637795970090692,
    "XZZZXXZX": 0.028637795970090692,
    "IXZZXYYI": -0.028637795970090692,
    "IIYZZXXY": -0.024888616544911635,
    "IIIYXIXY": 0.024888616544911635,
    "IIIXXIXX": 0.024888616544911635,
    "IIXZZXYY": 0.024888616544911635,
    "IIXZZYYX": -0.024888616544911635,
    "IIYZZYXX": 0.024888616544911635,
    "IIIXYIYX": 0.024888616544911635,
    "IIIYYIYY": 0.024888616544911635,
    "XIZZZZXI": -0.023195902023544268,
    "ZXZZZZZX": -0.023195902023544268,
    "ZYZZZZZY": -0.023195902023544268,
    "YIZZZZYI": -0.023195902023544268,
    "IXZXIYZY": -0.023164912076316997,
    "XZXIYZYI": -0.023164912076316997,
    "IYZYIXZX": -0.023164912076316997,
    "YZYIXZXI": -0.023164912076316997,
    "IIXIXIII": 0.022165099594788344,
    "IIYIYIII": 0.022165099594788344,
    "IIZXZXII": 0.02216509959478834,
    "IIZYZYII": 0.02216509959478834,
    "IIYXXYII": 0.021771666548468523,
    "IIXYYXII": 0.021771666548468523,
    "IIXXYYII": -0.021771666548468523,
    "IIYYXXII": -0.021771666548468523,
    "IYZYIYZY": -0.02166621991024896,
    "XZXIXZXI": -0.02166621991024896,
    "YZYIYZYI": -0.02166621991024896,
    "IXZXIXZX": -0.02166621991024896,
    "YZZIZZYI": -0.02062527331959437,
    "IYIZZZZY": -0.02062527331959437,
    "IXIZZZZX": -0.02062527331959437,
    "XZZIZZXI": -0.02062527331959437,
    "YYIIXXII": -0.020042644570020255,
    "YXIIXYII": 0.020042644570020255,
    "XYIIYXII": 0.020042644570020255,
    "XXIIYYII": -0.020042644570020255,
    "YYIIIIXX": -0.01932703236844159,
    "XYIIIIYX": 0.01932703236844159,
    "XXIIIIYY": -0.01932703236844159,
    "YXIIIIXY": 0.01932703236844159,
    "XZZYIYXI": 0.01920721599229471,
    "IXYIYZZX": 0.01920721599229471,
    "YZZXIXYI": 0.01920721599229471,
    "YZZYIYYI": 0.01920721599229471,
    "IXXIXZZX": 0.01920721599229471,
    "XZZXIXXI": 0.01920721599229471,
    "IYXIXZZY": 0.01920721599229471,
    "IYYIYZZY": 0.01920721599229471,
    "YYIYYIII": 0.017877060941795343,
    "XYIYXIII": 0.017877060941795343,
    "XXIXXIII": 0.017877060941795343,
    "YXIXYIII": 0.017877060941795343,
    "YYXZZXII": 0.017877060941795343,
    "YXXZZYII": -0.017877060941795343,
    "XYYZZXII": -0.017877060941795343,
    "XXYZZYII": 0.017877060941795343,
    "IXYIIYXI": -0.01770852382622667,
    "IYXIIXYI": -0.01770852382622667,
    "IYYIIXXI": 0.01770852382622667,
    "XZZXYZZY": 0.01770852382622667,
    "XZZYYZZX": -0.01770852382622667,
    "YZZXXZZY": -0.01770852382622667,
    "IXXIIYYI": 0.01770852382622667,
    "YZZYXZZX": 0.01770852382622667,
    "IIXYIIYX": 0.016421383711478076,
    "IIXXIIYY": -0.016421383711478076,
    "IIYXIIXY": 0.016421383711478076,
    "IIYYIIXX": -0.016421383711478076,
    "XZXYZZZY": 0.01503849441413488,
    "XZXXZZZX": 0.01503849441413488,
    "YZYYZZZY": 0.01503849441413488,
    "YZYXZZZX": 0.01503849441413488,
    "IYYXZZXI": -0.01503849441413488,
    "IXXYZZYI": -0.01503849441413488,
    "IXYYZZXI": 0.01503849441413488,
    "IYXXZZYI": 0.01503849441413488,
    "IZIYZYII": 0.010789668551956375,
    "ZIYZYIII": 0.010789668551956375,
    "ZIXZXIII": 0.010789668551956375,
    "IZIXZXII": 0.010789668551956375,
    "IIIYZYIZ": 0.010224292567224302,
    "IIIXZXIZ": 0.010224292567224302,
    "IIXZXIZI": 0.010224292567224302,
    "IIYZYIZI": 0.010224292567224302,
    "IXZIZZZX": -0.005586778905459489,
    "YZIZZZYI": -0.005586778905459489,
    "XZIZZZXI": -0.005586778905459489,
    "IYZIZZZY": -0.005586778905459489,
    "XZZZIZXI": -0.004507970053380647,
    "YZZZIZYI": -0.004507970053380647,
    "IXZZZIZX": -0.004507970053380647,
    "IYZZZIZY": -0.004507970053380647,
    "XZYIYZXI": 0.001498692166068039,
    "YZXIXZYI": 0.001498692166068039,
    "IYZXIXZY": 0.001498692166068039,
    "IXZYIYZX": 0.001498692166068039
  },
  "data": {
    "molecule_id": "H2_singlet_Dooh",
    "qubit_encoding": "JW",
    "unit": "Angstrom",
    "basis": "3-21g",
    "charge": 0,
    "multiplicity": 1,
    "spin": 0,
    "geometry": "H 0.0000000000 0.0000000000 -0.3336300000\nH 0.0000000000 0.0000000000 1.0750300000",
    "n_qubits": 8,
    "n_particles": {
      "total": 2,
      "alpha": 1,
      "beta": 1
    },
    "hf_array": [
      1,
      1,
      0,
      0,
      0,
      0,
      0,
      0
    ],
    "hf_method": "pyscf.scf.hf_symm.SymAdaptedRHF",
    "convergence_threshold": 1e-06,
    "point_group": {
      "groupname": "Dooh",
      "topgroup": "Dooh"
    },
    "alpha": 1.9,
    "calculated_properties": {
      "HF": {
        "energy": -1.0098896498653391,
        "converged": true
      },
      "MP2": {
        "energy": -1.0376690687750096,
        "converged": false
      },
      "CISD": {
        "energy": -1.0618782042888892,
        "converged": true
      },