{
  "hamiltonian": {
    "IIII": -0.5364971923428864,
    "IIZZ": 0.132209941178809,
    "ZIIZ": 0.12862261694305152,
    "IZZI": 0.12862261694305152,
    "ZZII": 0.12622516162277808,
    "XXYY": -0.06576933826391446,
    "XYYX": 0.06576933826391446,
    "YXXY": 0.06576933826391446,
    "YYXX": -0.06576933826391446,
    "ZIII": 0.06443441860928478,
    "IZII": 0.06443441860928478,
    "ZIZI": 0.06285327867913706,
    "IZIZ": 0.06285327867913706,
    "IIZI": 0.010576800840536749,
    "IIIZ": 0.010576800840536721
  },
  "data": {
    "molecule_id": "H2_singlet_Dooh",
    "qubit_encoding": "JW",
    "unit": "Angstrom",
    "basis": "sto-3g",
    "charge": 0,
    "multiplicity": 1,
    "spin": 0,
    "geometry": "H 0.0000000000 0.0000000000 -0.6672600000\nH 0.0000000000 0.0000000000 1.4086600000",
    "n_qubits": 4,
    "n_particles": {
      "total": 2,
      "alpha": 1,
      "beta": 1
    },
    "hf_array": [
      1,
      1,
      0,
      0
    ],
    "hf_method": "pyscf.scf.hf_symm.SymAdaptedRHF",
    "convergence_threshold": 1e-06,
    "point_group": {
      "groupname": "Dooh",
      "topgroup": "Dooh"
    },
    "alpha": 2.8,
    "calculated_properties": {
      "HF": {
        "energy": -0.7687291163231724,
        "converged": true
      },
      "MP2": {
        "energy": -0.8657297650722893,
        "converged": false
      },
      "CISD": {
        "energy": -0.9452888632545344,
        "converged": true
      },
      "CCSD": {
        "energy": -0.9452888644557615,
        "converged": true
      },
      "FCI": {
        "energy": -0.9452888632545344,
        "converged": true,
        "spin_matches_target": true,
        "multiplicity": 1.0,
        "oscillatory_converged": false,
        "oscillation_energy_change": null
      }
    },
    "auxiliary_operators": {
      "number_operator": {
        "IIII": 2.0,
        "ZIII": -0.5,
        "IZII": -0.5,
        "IIZI": -0.5,
        "IIIZ": -0.5
      },
      "N_alpha": {
        "IIII": 1.0,
        "ZIII": -0.5,
        "IIZI": -0.5
      },
      "N_beta": {
        "IIII": 1.0,
        "IZII": -0.5,
        "IIIZ": -0.5
      },
      "S^2_operator": {
        "IIII": 0.75,
        "ZZII": -0.375,
        "IIZZ": -0.375,
        "YXYX": 0.125,
        "YXXY": -0.125,
        "XXYY": 0.125,
        "XXXX": 0.125,
        "YYYY": 0.125,
        "YYXX": 0.125,
        "XYYX": -0.125,
        "XYXY": 0.125,
        "ZIZI": 0.125,
        "ZIIZ": -0.125,
        "IZZI": -0.125,
        "IZIZ": 0.125
      },
      "UCCSD_operator": {
        "XXYX": 0.08389155607744168,
        "YYYX": -0.08389155607744168,
        "YXYY": 0.08389155607744168,
        "XYYY": 0.08389155607744168,
        "YXXX": -0.08389155607744168,
        "XYXX": -0.08389155607744168,
        "XXXY": 0.08389155607744168,
        "YYXY": -0.08389155607744168
      }
    },
    "hf_method_fallback": "standard",
    "generation_time_s": 0.021,
    "timestamp": "2026-04-03T21:43:52.461919+00:00",
    "formula_latex": "$\\mathrm{H_{2}}$"
  }
}