{
  "hamiltonian": {
    "IIIIIIII": 2.464086684625885,
    "IIIIIIZI": -1.0411904154759097,
    "IIIIIIIZ": -1.0411904154759097,
    "IIIIZIII": -0.8293154251147443,
    "IIIIIZII": -0.8293154251147443,
    "IIZIIIII": -0.4276539838429678,
    "IIIZIIII": -0.42765398384296777,
    "ZIIIIIII": -0.2996058873610785,
    "IZIIIIII": -0.2996058873610785,
    "IIIIIIZZ": 0.1721858614983887,
    "IZIIIIZI": 0.15367498169775445,
    "ZIIIIIIZ": 0.15367498169775445,
    "ZZIIIIII": 0.15110888166961145,
    "IIIIIZZI": 0.14313555930042177,
    "IIIIZIIZ": 0.14313555930042177,
    "IZIIZIII": 0.13522489873376842,
    "ZIIIIZII": 0.13522489873376842,
    "IIIIZZII": 0.1269157266233482,
    "IZIIIIIZ": 0.12458074695730426,
    "ZIIIIIZI": 0.12458074695730426,
    "IIIZIIZI": 0.11753747180802068,
    "IIZIIIIZ": 0.11753747180802068,
    "IZZIIIII": 0.11448333278847828,
    "ZIIZIIII": 0.11448333278847828,
    "IZIIIZII": 0.10943372166850629,
    "ZIIIZIII": 0.10943372166850629,
    "IIIZZIII": 0.10495551637672795,
    "IIZIIZII": 0.10495551637672795,
    "IIZZIIII": 0.1043257974024563,
    "IIIIZIZI": 0.10076216933078608,
    "IIIIIZIZ": 0.10076216933078608,
    "IIZIIIZI": 0.09763035963285475,
    "IIIZIIIZ": 0.09763035963285475,
    "IIZIZIII": 0.09605448941763356,
    "IIIZIZII": 0.09605448941763356,
    "IYZZZYII": 0.08904779294442476,
    "XZZZXIII": 0.08904779294442476,
    "IXZZZXII": 0.08904779294442476,
    "YZZZYIII": 0.08904779294442476,
    "ZIZIIIII": 0.08837848554244032,
    "IZIZIIII": 0.08837848554244032,
    "IIIXZZZX": -0.062064775268758886,
    "IIYZZZYI": -0.062064775268758886,
    "IIXZZZXI": -0.062064775268758886,
    "IIIYZZZY": -0.062064775268758886,
    "XZZZXIIZ": -0.04630959480371254,
    "IYZZZYZI": -0.04630959480371254,
    "IXZZZXZI": -0.04630959480371254,
    "YZZZYIIZ": -0.04630959480371254,
    "IIIIXYYX": 0.042373389969635675,
    "IIIIXXYY": -0.042373389969635675,
    "IIIIYXXY": 0.042373389969635675,
    "IIIIYYXX": -0.042373389969635675,
    "IIIXZZIX": 0.0420517532775663,
    "IIIYZZIY": 0.0420517532775663,
    "IIYZZZYZ": 0.0420517532775663,
    "IIXZZZXZ": 0.0420517532775663,
    "XIZZXIII": -0.036442856849865826,
    "YIZZYIII": -0.036442856849865826,
    "ZYZZZYII": -0.03644285684986582,
    "ZXZZZXII": -0.03644285684986582,
    "ZIIXZZZX": 0.03489354212449425,
    "IZYZZZYI": 0.03489354212449425,
    "IZXZZZXI": 0.03489354212449425,
    "ZIIYZZZY": 0.03489354212449425,
    "IXZZIXII": -0.03214683652163062,
    "XZZZXZII": -0.03214683652163062,
    "YZZZYZII": -0.03214683652163062,
    "IYZZIYII": -0.03214683652163062,
    "YZZZZXXY": 0.03198696817037369,
    "YZZZZYXX": -0.03198696817037369,
    "IXZZXIXX": -0.03198696817037369,
    "IXZZYIYX": -0.03198696817037369,
    "IYZZXIXY": -0.03198696817037369,
    "IYZZYIYY": -0.03198696817037369,
    "XZZZZYYX": 0.03198696817037369,
    "XZZZZXYY": -0.03198696817037369,
    "IIYZZIYI": 0.029752620425820824,
    "IIIXIZZX": 0.029752620425820824,
    "IIIYIZZY": 0.029752620425820824,
    "IIXZZIXI": 0.029752620425820824,
    "XYIIIIYX": 0.02909423474045019,
    "YXIIIIXY": 0.02909423474045019,
    "YYIIIIXX": -0.02909423474045019,
    "XXIIIIYY": -0.02909423474045019,
    "YZYIIYZY": -0.028669746503664606,
    "YZYIIXZX": -0.028669746503664606,
    "XZXIIXZX": -0.028669746503664606,
    "IYZYYZYI": -0.028669746503664606,
    "XZXIIYZY": -0.028669746503664606,
    "IXZXYZYI": -0.028669746503664606,
    "IXZXXZXI": -0.028669746503664606,
    "IYZYXZXI": -0.028669746503664606,
    "YXXYIIII": 0.026104847246037968,
    "XYYXIIII": 0.026104847246037968,
    "XXYYIIII": -0.026104847246037968,
    "YYXXIIII": -0.026104847246037968,
    "YXIIXYII": 0.02579117706526214,
    "XYIIYXII": 0.02579117706526214,
    "YYIIXXII": -0.02579117706526214,
    "XXIIYYII": -0.02579117706526214,
    "IIXZIZXI": 0.02287250293628769,
    "IIIYZIZY": 0.02287250293628769,
    "IIYZIZYI": 0.02287250293628769,
    "IIIXZIZX": 0.02287250293628769,
    "IYYIIXXI": 0.020380838137486965,
    "YZZYXZZX": 0.020380838137486965,
    "YZZXXZZY": -0.020380838137486965,
    "XZZYYZZX": -0.020380838137486965,
    "XZZXYZZY": 0.020380838137486965,
    "IXYIIYXI": -0.020380838137486965,
    "IYXIIXYI": -0.020380838137486965,
    "IXXIIYYI": 0.020380838137486965,
    "XXYZZZZY": 0.02014209959329905,
    "XYIYZZXI": 0.02014209959329905,
    "XYYZZZZX": -0.02014209959329905,
    "YXXZZZZY": -0.02014209959329905,
    "YYXZZZZX": 0.02014209959329905,
    "XXIXZZXI": 0.02014209959329905,
    "YXIXZZYI": 0.02014209959329905,
    "YYIYZZYI": 0.02014209959329905,
    "IIYYIIXX": -0.01990711217516592,
    "IIYXIIXY": 0.01990711217516592,
    "IIXYIIYX": 0.01990711217516592,
    "IIXXIIYY": -0.01990711217516592,
    "YZYIYZYI": -0.018002887805798257,
    "XZXIXZXI": -0.018002887805798257,
    "IYZYIYZY": -0.018002887805798257,
    "IXZXIXZX": -0.018002887805798257,
    "IIYIZZYI": 0.017032881269281222,
    "IIXIZZXI": 0.017032881269281222,
    "IIZXZZZX": 0.017032881269281222,
    "IIZYZZZY": 0.017032881269281222,
    "IXIZZXII": -0.016387901705860825,
    "XZZIXIII": -0.016387901705860825,
    "YZZIYIII": -0.016387901705860825,
    "IYIZZYII": -0.016387901705860825,
    "IYZIZYII": -0.016323692893624585,
    "IXZIZXII": -0.016323692893624585,
    "YZIZYIII": -0.016323692893624585,
    "XZIZXIII": -0.016323692893624585,
    "ZIYZZZYI": 0.0147514425311952,
    "ZIXZZZXI": 0.0147514425311952,
    "IZIYZZZY": 0.0147514425311952,
    "IZIXZZZX": 0.0147514425311952,
    "IXZZZXIZ": -0.014322626633338848,
    "XZZZXIZI": -0.014322626633338848,
    "YZZZYIZI": -0.014322626633338848,
    "IYZZZYIZ": -0.014322626633338848,
    "IXYIYZZX": 0.01066685869786635,
    "XZZYIYXI": 0.01066685869786635,
    "XZZXIXXI": 0.01066685869786635,
    "YZZXIXYI": 0.01066685869786635,
    "YZZYIYYI": 0.01066685869786635,
    "IXXIXZZX": 0.01066685869786635,
    "IYYIYZZY": 0.01066685869786635,
    "IYXIXZZY": 0.01066685869786635,
    "XZYIYZXI": -0.009713979439620615,
    "YZXIXZYI": -0.009713979439620615,
    "IYZXIXZY": -0.009713979439620615,
    "IXZYIYZX": -0.009713979439620615,
    "IIYXXYII": 0.00890102695909439,
    "IIYYXXII": -0.00890102695909439,
    "IIXXYYII": -0.00890102695909439,
    "IIXYYXII": 0.00890102695909439,
    "IXZXIYZY": -0.008288908366177641,
    "IYZYIXZX": -0.008288908366177641,
    "YZYIXZXI": -0.008288908366177641,
    "XZXIYZYI": -0.008288908366177641,
    "IIIYYXXI": 0.006880117489533132,
    "IIYZYXZX": -0.006880117489533132,
    "IIXZXYZY": -0.006880117489533132,
    "IIXZXXZX": -0.006880117489533132,
    "IIIXXYYI": 0.006880117489533132,
    "IIIXYYXI": -0.006880117489533132,
    "IIIYXXYI": -0.006880117489533132,
    "IIYZYYZY": -0.006880117489533132,
    "IYYXXIII": -6.42088122362385e-05,
    "YZYXZXII": 6.42088122362385e-05,
    "XZXYZYII": 6.42088122362385e-05,
    "YZYYZYII": 6.42088122362385e-05,
    "IXYYXIII": 6.42088122362385e-05,
    "IYXXYIII": 6.42088122362385e-05,
    "XZXXZXII": 6.42088122362385e-05,
    "IXXYYIII": -6.42088122362385e-05
  },
  "data": {
    "molecule_id": "H2_singlet_Dooh",
    "qubit_encoding": "JW",
    "unit": "Angstrom",
    "basis": "3-21g",
    "charge": 0,
    "multiplicity": 1,
    "spin": 0,
    "geometry": "H 0.0000000000 0.0000000000 -0.0741400000\nH 0.0000000000 0.0000000000 0.8155400000",
    "n_qubits": 8,
    "n_particles": {
      "total": 2,
      "alpha": 1,
      "beta": 1
    },
    "hf_array": [
      1,
      1,
      0,
      0,
      0,
      0,
      0,
      0
    ],
    "hf_method": "pyscf.scf.hf_symm.SymAdaptedRHF",
    "convergence_threshold": 1e-06,
    "point_group": {
      "groupname": "Dooh",
      "topgroup": "Dooh"
    },
    "alpha": 1.2,
    "calculated_properties": {
      "HF": {
        "energy": -1.1098861253690127,
        "converged": true
      },
      "MP2": {
        "energy": -1.1287177063041274,
        "converged": false
      },
      "CISD": {
        "energy": -1.1383419936038224,
        "converged": true
      },