{
  "hamiltonian": {
    "IIIIIIII": 2.2965803930275595,
    "IIIIIIIZ": -0.9035715183164483,
    "IIIIIIZI": -0.9035715183164482,
    "IIIIZIII": -0.8957643907963831,
    "IIIIIZII": -0.895764390796383,
    "IIZIIIII": -0.33880044865441605,
    "IIIZIIII": -0.33880044865441605,
    "ZIIIIIII": -0.28330826059531317,
    "IZIIIIII": -0.28330826059531317,
    "IIIIZZII": 0.1330483219525935,
    "IIIIIZZI": 0.12671684767607927,
    "IIIIZIIZ": 0.12671684767607927,
    "IIIIIIZZ": 0.12239152554418586,
    "IZIIZIII": 0.11437334759531861,
    "ZIIIIZII": 0.11437334759531861,
    "IIIZZIII": 0.11326415209763571,
    "IIZIIZII": 0.11326415209763571,
    "ZZIIIIII": 0.10934972558341631,
    "IIIZIIZI": 0.10932929144371192,
    "IIZIIIIZ": 0.10932929144371192,
    "ZIIIIIIZ": 0.10869037400564441,
    "IZIIIIZI": 0.10869037400564441,
    "IIZZIIII": 0.10647598614874781,
    "ZIIZIIII": 0.10618604317768099,
    "IZZIIIII": 0.10618604317768099,
    "IZIIIZII": 0.09611859072035059,
    "ZIIIZIII": 0.09611859072035059,
    "IZIIIIIZ": 0.09204045790720045,
    "ZIIIIIZI": 0.09204045790720045,
    "IIZIZIII": 0.09199074350465128,
    "IIIZIZII": 0.09199074350465128,
    "IIIZIIIZ": 0.08895707599244881,
    "IIZIIIZI": 0.08895707599244881,
    "IZIZIIII": 0.06418234507799676,
    "ZIZIIIII": 0.06418234507799676,
    "IXZZZXII": 0.06382109495898816,
    "YZZZYIII": 0.06382109495898816,
    "IYZZZYII": 0.06382109495898816,
    "XZZZXIII": 0.06382109495898816,
    "IIIIXXYY": -0.06378409123902423,
    "IIIIXYYX": 0.06378409123902423,
    "IIIIYXXY": 0.06378409123902423,
    "IIIIYYXX": -0.06378409123902423,
    "IIIIIZIZ": 0.06293275643705504,
    "IIIIZIZI": 0.06293275643705504,
    "IIXZZZXI": 0.06204614481301533,
    "IIYZZZYI": 0.06204614481301533,
    "IIIXZZZX": 0.06204614481301533,
    "IIIYZZZY": 0.06204614481301533,
    "YZYIIXZX": 0.04719381343186578,
    "XZXIIYZY": 0.04719381343186578,
    "XZXIIXZX": 0.04719381343186578,
    "YZYIIYZY": 0.04719381343186578,
    "IXZXYZYI": 0.04719381343186578,
    "IXZXXZXI": 0.04719381343186578,
    "IYZYXZXI": 0.04719381343186578,
    "IYZYYZYI": 0.04719381343186578,
    "YXXYIIII": 0.042003698099684204,
    "XYYXIIII": 0.042003698099684204,
    "XXYYIIII": -0.042003698099684204,
    "YYXXIIII": -0.042003698099684204,
    "IIIYIZZY": -0.034908827971832306,
    "IIIXIZZX": -0.034908827971832306,
    "IIYZZIYI": -0.034908827971832306,
    "IIXZZIXI": -0.034908827971832306,
    "IIXZXXZX": 0.03240211982768747,
    "IIYZYYZY": 0.03240211982768747,
    "IIYZYXZX": 0.03240211982768747,
    "IIIXXYYI": -0.03240211982768747,
    "IIIXYYXI": 0.03240211982768747,
    "IIIYXXYI": 0.03240211982768747,
    "IIIYYXXI": -0.03240211982768747,
    "IIXZXYZY": 0.03240211982768747,
    "IIXZZZXZ": -0.03179807498960973,
    "IIYZZZYZ": -0.03179807498960973,
    "IIIXZZIX": -0.03179807498960973,
    "IIIYZZIY": -0.03179807498960973,
    "YZZZYZII": -0.03026170727666487,
    "XZZZXZII": -0.03026170727666487,
    "IXZZIXII": -0.03026170727666487,
    "IYZZIYII": -0.03026170727666487,
    "IXZXIYZY": 0.02914008110829486,
    "IYZYIXZX": 0.02914008110829486,
    "YZYIXZXI": 0.02914008110829486,
    "XZXIYZYI": 0.02914008110829486,
    "YZZZYIIZ": -0.029102826663905942,
    "XZZZXIIZ": -0.029102826663905942,
    "IXZZZXZI": -0.029102826663905942,
    "IYZZZYZI": -0.029102826663905942,
    "YZYIYZYI": 0.028766962586281256,
    "IYZYIYZY": 0.028766962586281256,
    "XZXIXZXI": 0.028766962586281256,
    "IXZXIXZX": 0.028766962586281256,
    "YZZZZYXX": -0.026215092416868264,
    "YZZZZXXY": 0.026215092416868264,
    "XZZZZYYX": 0.026215092416868264,
    "XZZZZXYY": -0.026215092416868264,
    "IXZZYIYX": -0.026215092416868264,
    "IYZZYIYY": -0.026215092416868264,
    "IYZZXIXY": -0.026215092416868264,
    "IXZZXIXX": -0.026215092416868264,
    "IZYZZZYI": -0.023183674135819097,
    "ZIIXZZZX": -0.023183674135819097,
    "ZIIYZZZY": -0.023183674135819097,
    "IZXZZZXI": -0.023183674135819097,
    "IIZYZZZY": -0.02288055241686473,
    "IIXIZZXI": -0.02288055241686473,
    "IIYIZZYI": -0.02288055241686473,
    "IIZXZZZX": -0.02288055241686473,
    "IYYXXIII": -0.021678824406902688,
    "IYXXYIII": 0.021678824406902688,
    "IXYYXIII": 0.021678824406902688,
    "IXXYYIII": -0.021678824406902688,
    "YZYYZYII": 0.021678824406902688,
    "YZYXZXII": 0.021678824406902688,
    "XZXYZYII": 0.021678824406902688,
    "XZXXZXII": 0.021678824406902688,
    "IIXXYYII": -0.021273408592984426,
    "IIYYXXII": -0.021273408592984426,
    "IIYXXYII": 0.021273408592984426,
    "IIXYYXII": 0.021273408592984426,
    "XZZIXIII": -0.020793212612231285,
    "IXIZZXII": -0.020793212612231285,
    "YZZIYIII": -0.020793212612231285,
    "IYIZZYII": -0.020793212612231285,
    "IIXXIIYY": -0.020372215451263102,
    "IIXYIIYX": 0.020372215451263102,
    "IIYXIIXY": 0.020372215451263102,
    "IIYYIIXX": -0.020372215451263102,
    "XZZXIXXI": -0.018426850845584517,
    "XZZYIYXI": -0.018426850845584517,
    "IXXIXZZX": -0.018426850845584517,
    "YZZYIYYI": -0.018426850845584517,
    "YZZXIXYI": -0.018426850845584517,
    "IXYIYZZX": -0.018426850845584517,
    "IYXIXZZY": -0.018426850845584517,
    "IYYIYZZY": -0.018426850845584517,
    "ZXZZZXII": -0.0183387756857503,
    "ZYZZZYII": -0.0183387756857503,
    "XIZZXIII": -0.0183387756857503,
    "YIZZYIII": -0.0183387756857503,
    "YXIIXYII": 0.01825475687496802,
    "YYIIXXII": -0.01825475687496802,
    "XYIIYXII": 0.01825475687496802,
    "XXIIYYII": -0.01825475687496802,
    "IYYIIXXI": -0.018053732323570913,
    "XZZYYZZX": 0.018053732323570913,
    "XZZXYZZY": -0.018053732323570913,
    "IXYIIYXI": 0.018053732323570913,
    "IYXIIXYI": 0.018053732323570913,
    "YZZYXZZX": -0.018053732323570913,
    "YZZXXZZY": 0.018053732323570913,
    "IXXIIYYI": -0.018053732323570913,
    "XYIIIIYX": 0.016649916098443955,
    "XXIIIIYY": -0.016649916098443955,
    "YYIIIIXX": -0.016649916098443955,
    "YXIIIIXY": 0.016649916098443955,
    "XXYZZZZY": -0.016319329743579636,
    "YYXZZZZX": -0.016319329743579636,
    "YXXZZZZY": 0.016319329743579636,
    "XXIXZZXI": -0.016319329743579636,
    "XYIYZZXI": -0.016319329743579636,
    "YXIXZZYI": -0.016319329743579636,
    "YYIYZZYI": -0.016319329743579636,
    "XYYZZZZX": 0.016319329743579636,
    "IZIYZZZY": -0.006864344392239461,
    "ZIXZZZXI": -0.006864344392239461,
    "IZIXZZZX": -0.006864344392239461,
    "ZIYZZZYI": -0.006864344392239461,
    "IYZZZYIZ": -0.002887734247037677,
    "YZZZYIZI": -0.002887734247037677,
    "XZZZXIZI": -0.002887734247037677,
    "IXZZZXIZ": -0.002887734247037677,
    "IIXZIZXI": -0.0025067081441448383,
    "IIIXZIZX": -0.0025067081441448383,
    "IIIYZIZY": -0.0025067081441448383,
    "IIYZIZYI": -0.0025067081441448383,
    "XZIZXIII": 0.000885611794671403,
    "YZIZYIII": 0.000885611794671403,
    "IXZIZXII": 0.000885611794671403,
    "IYZIZYII": 0.000885611794671403,
    "XZYIYZXI": -0.0003731185220136081,
    "YZXIXZYI": -0.0003731185220136081,
    "IYZXIXZY": -0.0003731185220136081,
    "IXZYIYZX": -0.0003731185220136081
  },
  "data": {
    "molecule_id": "H2_singlet_Dooh",
    "qubit_encoding": "JW",
    "unit": "Angstrom",
    "basis": "3-21g",
    "charge": 0,
    "multiplicity": 1,
    "spin": 0,
    "geometry": "H 0.0000000000 0.0000000000 -0.5931200000\nH 0.0000000000 0.0000000000 1.3345200000",
    "n_qubits": 8,
    "n_particles": {
      "total": 2,
      "alpha": 1,
      "beta": 1
    },
    "hf_array": [
      1,
      1,
      0,
      0,
      0,
      0,
      0,
      0
    ],
    "hf_method": "pyscf.scf.hf_symm.SymAdaptedRHF",
    "convergence_threshold": 1e-06,
    "point_group": {
      "groupname": "Dooh",
      "topgroup": "Dooh"
    },
    "alpha": 2.6,
    "calculated_properties": {
      "HF": {
        "energy": -0.9186108247525845,
        "converged": true
      },
      "MP2": {
        "energy": -0.9636745476403509,
        "converged": false
      },
      "CISD": {
        "energy": -1.0138121543707754,