{
  "hamiltonian": {
    "IIII": -0.5000396056725801,
    "IIZZ": 0.1442120233004951,
    "ZIIZ": 0.13852697979935047,
    "IZZI": 0.13852697979935047,
    "ZZII": 0.13659632181794928,
    "ZIII": 0.08973212361515792,
    "IZII": 0.08973212361515791,
    "ZIZI": 0.08023154060860639,
    "IZIZ": 0.08023154060860639,
    "XXYY": -0.058295439190744085,
    "XYYX": 0.058295439190744085,
    "YXXY": 0.058295439190744085,
    "YYXX": -0.058295439190744085,
    "IIIZ": -0.02893358667756636,
    "IIZI": -0.028933586677566348
  },
  "data": {
    "molecule_id": "H2_singlet_Dooh",
    "qubit_encoding": "JW",
    "unit": "Angstrom",
    "basis": "sto-3g",
    "charge": 0,
    "multiplicity": 1,
    "spin": 0,
    "geometry": "H 0.0000000000 0.0000000000 -0.4077700000\nH 0.0000000000 0.0000000000 1.1491700000",
    "n_qubits": 4,
    "n_particles": {
      "total": 2,
      "alpha": 1,
      "beta": 1
    },
    "hf_array": [
      1,
      1,
      0,
      0
    ],
    "hf_method": "pyscf.scf.hf_symm.SymAdaptedRHF",
    "convergence_threshold": 1e-06,
    "point_group": {
      "groupname": "Dooh",
      "topgroup": "Dooh"
    },
    "alpha": 2.1,
    "calculated_properties": {
      "HF": {
        "energy": -0.8940797219554981,
        "converged": true
      },
      "MP2": {
        "energy": -0.9434431799460387,
        "converged": false
      },
      "CISD": {
        "energy": -0.9894642987073807,
        "converged": true
      },
      "CCSD": {
        "energy": -0.9894642990627416,
        "converged": true,
        "t1_diagnostic": 3.305944826445177e-16
      },
      "FCI": {
        "energy": -0.9894642987073807,
        "converged": true,
        "spin_matches_target": true,
        "multiplicity": 1.0,
        "oscillatory_converged": false,
        "oscillation_energy_change": null
      }
    },
    "auxiliary_operators": {
      "number_operator": {
        "IIII": 2.0,
        "ZIII": -0.5,
        "IZII": -0.5,
        "IIZI": -0.5,
        "IIIZ": -0.5
      },
      "N_alpha": {
        "IIII": 1.0,
        "ZIII": -0.5,
        "IIZI": -0.5
      },
      "N_beta": {
        "IIII": 1.0,
        "IZII": -0.5,
        "IIIZ": -0.5
      },
      "S^2_operator": {
        "IIII": 0.75,
        "ZZII": -0.375,
        "IIZZ": -0.375,
        "YXYX": 0.125,
        "YXXY": -0.125,
        "XXYY": 0.125,
        "XXXX": 0.125,
        "YYYY": 0.125,
        "YYXX": 0.125,
        "XYYX": -0.125,
        "XYXY": 0.125,
        "ZIZI": 0.125,
        "ZIIZ": -0.125,
        "IZZI": -0.125,
        "IZIZ": 0.125
      },
      "UCCSD_operator": {
        "XXYX": 0.051132096712544046,
        "YYYX": -0.051132096712544046,
        "YXYY": 0.051132096712544046,
        "XYYY": 0.051132096712544046,
        "YXXX": -0.051132096712544046,
        "XYXX": -0.051132096712544046,
        "XXXY": 0.051132096712544046,
        "YYXY": -0.051132096712544046
      }
    },
    "hf_method_fallback": "standard",
    "generation_time_s": 0.019,
    "timestamp": "2026-04-03T21:43:52.317661+00:00",
    "formula_latex": "$\\mathrm{H_{2}}$"
  }
}