{
  "hamiltonian": {
    "IIII": -0.5222388266708272,
    "IIZZ": 0.13844721510745242,
    "ZIIZ": 0.13371233972320262,
    "IZZI": 0.13371233972320262,
    "ZZII": 0.1313467950318635,
    "IZII": 0.07711435886799191,
    "ZIII": 0.0771143588679919,
    "ZIZI": 0.0720098336870476,
    "IZIZ": 0.0720098336870476,
    "XXYY": -0.06170250603615504,
    "XYYX": 0.06170250603615504,
    "YXXY": 0.06170250603615504,
    "YYXX": -0.06170250603615504,
    "IIZI": -0.007915375327566171,
    "IIIZ": -0.007915375327566171
  },
  "data": {
    "molecule_id": "H2_singlet_Dooh",
    "qubit_encoding": "JW",
    "unit": "Angstrom",
    "basis": "sto-3g",
    "charge": 0,
    "multiplicity": 1,
    "spin": 0,
    "geometry": "H 0.0000000000 0.0000000000 -0.5189800000\nH 0.0000000000 0.0000000000 1.2603800000",
    "n_qubits": 4,
    "n_particles": {
      "total": 2,
      "alpha": 1,
      "beta": 1
    },
    "hf_array": [
      1,
      1,
      0,
      0
    ],
    "hf_method": "pyscf.scf.hf_symm.SymAdaptedRHF",
    "convergence_threshold": 1e-06,
    "point_group": {
      "groupname": "Dooh",
      "topgroup": "Dooh"
    },
    "alpha": 2.4,
    "calculated_properties": {
      "HF": {
        "energy": -0.8339486317431276,
        "converged": true
      },
      "MP2": {
        "energy": -0.9011305279974642,
        "converged": false
      },
      "CISD": {
        "energy": -0.9636147225019396,
        "converged": true
      },
      "CCSD": {
        "energy": -0.9636147237233466,
        "converged": true
      },
      "FCI": {
        "energy": -0.9636147225019399,
        "converged": true,
        "spin_matches_target": true,
        "multiplicity": 1.0,
        "oscillatory_converged": false,
        "oscillation_energy_change": null
      }
    },
    "auxiliary_operators": {
      "number_operator": {
        "IIII": 2.0,
        "ZIII": -0.5,
        "IZII": -0.5,
        "IIZI": -0.5,
        "IIIZ": -0.5
      },
      "N_alpha": {
        "IIII": 1.0,
        "ZIII": -0.5,
        "IIZI": -0.5
      },
      "N_beta": {
        "IIII": 1.0,
        "IZII": -0.5,
        "IIIZ": -0.5
      },
      "S^2_operator": {
        "IIII": 0.75,
        "ZZII": -0.375,
        "IIZZ": -0.375,
        "YXYX": 0.125,
        "YXXY": -0.125,
        "XXYY": 0.125,
        "XXXX": 0.125,
        "YYYY": 0.125,
        "YYXX": 0.125,
        "XYYX": -0.125,
        "XYXY": 0.125,
        "ZIZI": 0.125,
        "ZIIZ": -0.125,
        "IZZI": -0.125,
        "IZIZ": 0.125
      },
      "UCCSD_operator": {
        "XXYX": 0.06567100162848333,
        "YYYX": -0.06567100162848333,
        "YXYY": 0.06567100162848333,
        "XYYY": 0.06567100162848333,
        "YXXX": -0.06567100162848333,
        "XYXX": -0.06567100162848333,
        "XXXY": 0.06567100162848333,
        "YYXY": -0.06567100162848333
      }
    },
    "hf_method_fallback": "standard",
    "generation_time_s": 0.022,
    "timestamp": "2026-04-03T21:43:52.379574+00:00"
  }
}