{
  "hamiltonian": {
    "IIIIIIII": 2.319960196102083,
    "IIIIIIZI": -0.9125762241182785,
    "IIIIIIIZ": -0.9125762241182785,
    "IIIIZIII": -0.9012065732140457,
    "IIIIIZII": -0.9012065732140457,
    "IIZIIIII": -0.34990702113660505,
    "IIIZIIII": -0.34990702113660505,
    "ZIIIIIII": -0.2869252210419948,
    "IZIIIIII": -0.2869252210419948,
    "IIIIIIZZ": 0.13423745715867796,
    "IIIIIZZI": 0.12841317327658375,
    "IIIIZIIZ": 0.12841317327658375,
    "IIIIZZII": 0.1245955658940864,
    "ZIIIIIIZ": 0.11682594793246127,
    "IZIIIIZI": 0.11682594793246127,
    "IIZIIIIZ": 0.11406295581419484,
    "IIIZIIZI": 0.11406295581419484,
    "ZZIIIIII": 0.1129580205467581,
    "IZIIZIII": 0.1115966645859447,
    "ZIIIIZII": 0.1115966645859447,
    "IIZIIZII": 0.11067382169965273,
    "IIIZZIII": 0.11067382169965273,
    "IZZIIIII": 0.10794742605923405,
    "ZIIZIIII": 0.10794742605923405,
    "IIZZIIII": 0.10736756895506397,
    "ZIIIIIZI": 0.09850812939535579,
    "IZIIIIIZ": 0.09850812939535579,
    "ZIIIZIII": 0.09437120622644629,
    "IZIIIZII": 0.09437120622644629,
    "IIZIIIZI": 0.09355150745550472,
    "IIIZIIIZ": 0.09355150745550472,
    "IIZIZIII": 0.08987489017112676,
    "IIIZIZII": 0.08987489017112676,
    "IZIZIIII": 0.06759276736669359,
    "ZIZIIIII": 0.06759276736669359,
    "IIIIZIZI": 0.06633589388431148,
    "IIIIIZIZ": 0.06633589388431148,
    "IXZZZZZX": 0.0650699356543334,
    "IYZZZZZY": 0.0650699356543334,
    "YZZZZZYI": 0.0650699356543334,
    "XZZZZZXI": 0.0650699356543334,
    "IIIXZXII": -0.06253675155228476,
    "IIIYZYII": -0.06253675155228476,
    "IIYZYIII": -0.06253675155228475,
    "IIXZXIII": -0.06253675155228475,
    "IIIIXXYY": -0.062077279392272255,
    "IIIIXYYX": 0.062077279392272255,
    "IIIIYXXY": 0.062077279392272255,
    "IIIIYYXX": -0.062077279392272255,
    "IXZXYZYI": -0.04555209779949092,
    "YZYIIXZX": -0.04555209779949092,
    "XZXIIYZY": -0.04555209779949092,
    "XZXIIXZX": -0.04555209779949092,
    "IXZXXZXI": -0.04555209779949092,
    "YZYIIYZY": -0.04555209779949092,
    "IYZYYZYI": -0.04555209779949092,
    "IYZYXZXI": -0.04555209779949092,
    "XXYYIIII": -0.04035465869254044,
    "YYXXIIII": -0.04035465869254044,
    "YXXYIIII": 0.04035465869254044,
    "XYYXIIII": 0.04035465869254044,
    "IIIYZYZI": 0.035349279318908855,
    "IIYZYIIZ": 0.035349279318908855,
    "IIXZXIIZ": 0.035349279318908855,
    "IIIXZXZI": 0.035349279318908855,
    "IIXZXZII": 0.032439689423648006,
    "IIYZYZII": 0.032439689423648006,
    "IIIXIXII": 0.032439689423648006,
    "IIIYIYII": 0.032439689423648006,
    "IIXZZYYX": -0.0311139795423302,
    "IIIYYIYY": 0.0311139795423302,
    "IIIYXIXY": 0.0311139795423302,
    "IIIXYIYX": 0.0311139795423302,
    "IIIXXIXX": 0.0311139795423302,
    "IIYZZXXY": -0.0311139795423302,
    "IIYZZYXX": 0.0311139795423302,
    "IIXZZXYY": 0.0311139795423302,
    "IYZZZZIY": -0.030489781634857428,
    "IXZZZZIX": -0.030489781634857428,
    "XZZZZZXZ": -0.030489781634857428,
    "YZZZZZYZ": -0.030489781634857428,
    "YZZZZIYI": -0.0295355630405916,
    "IXZZIZZX": -0.0295355630405916,
    "XZZZZIXI": -0.0295355630405916,
    "IYZZIZZY": -0.0295355630405916,
    "IYZYIYZY": -0.027386608545437348,
    "IXZXIXZX": -0.027386608545437348,
    "XZXIXZXI": -0.027386608545437348,
    "YZYIYZYI": -0.027386608545437348,
    "IYZYIXZX": -0.02714393225702799,
    "IXZXIYZY": -0.02714393225702799,
    "XZXIYZYI": -0.02714393225702799,
    "YZYIXZXI": -0.02714393225702799,
    "IYZZYXXI": -0.026556099521203275,
    "YZZZYYZY": 0.026556099521203275,
    "YZZZYXZX": 0.026556099521203275,
    "XZZZXYZY": 0.026556099521203275,
    "XZZZXXZX": 0.026556099521203275,
    "IYZZXXYI": 0.026556099521203275,
    "IXZZXYYI": -0.026556099521203275,
    "IXZZYYXI": 0.026556099521203275,
    "ZIIYZYII": 0.024517275597863705,
    "IZYZYIII": 0.024517275597863705,
    "IZXZXIII": 0.024517275597863705,
    "ZIIXZXII": 0.024517275597863705,
    "IIZXZXII": 0.022958226025982676,
    "IIZYZYII": 0.022958226025982676,
    "IIXIXIII": 0.022958226025982673,
    "IIYIYIII": 0.022958226025982673,
    "XZZIZZXI": -0.020827073347649723,
    "YZZIZZYI": -0.020827073347649723,
    "IXIZZZZX": -0.020827073347649723,
    "IYIZZZZY": -0.020827073347649723,
    "IIYXXYII": 0.02079893152852596,
    "IIYYXXII": -0.02079893152852596,
    "IIXXYYII": -0.02079893152852596,
    "IIXYYXII": 0.02079893152852596,
    "IYYXZZXI": -0.020531388687374443,
    "YZYYZZZY": 0.020531388687374443,
    "XZXYZZZY": 0.020531388687374443,
    "XZXXZZZX": 0.020531388687374443,
    "IXXYZZYI": -0.020531388687374443,
    "IXYYZZXI": 0.020531388687374443,
    "YZYXZZZX": 0.020531388687374443,
    "IYXXZZYI": 0.020531388687374443,
    "IIXXIIYY": -0.020511448358690135,
    "IIXYIIYX": 0.020511448358690135,
    "IIYYIIXX": -0.020511448358690135,
    "IIYXIIXY": 0.020511448358690135,
    "YIZZZZYI": -0.019057632713873084,
    "ZYZZZZZY": -0.019057632713873084,
    "XIZZZZXI": -0.019057632713873084,
    "ZXZZZZZX": -0.019057632713873084,
    "IYYIIXXI": 0.018408165542462933,
    "IYXIIXYI": -0.018408165542462933,
    "IXYIIYXI": -0.018408165542462933,
    "IXXIIYYI": 0.018408165542462933,
    "YZZYXZZX": 0.018408165542462933,
    "YZZXXZZY": -0.018408165542462933,
    "XZZYYZZX": -0.018408165542462933,
    "XZZXYZZY": 0.018408165542462933,
    "YXIIIIXY": 0.018317818537105485,
    "XYIIIIYX": 0.018317818537105485,
    "XXIIIIYY": -0.018317818537105485,
    "YYIIIIXX": -0.018317818537105485,
    "IXXIXZZX": 0.018165489254053573,
    "IXYIYZZX": 0.018165489254053573,
    "XZZYIYXI": 0.018165489254053573,
    "XZZXIXXI": 0.018165489254053573,
    "YZZXIXYI": 0.018165489254053573,
    "YZZYIYYI": 0.018165489254053573,
    "IYXIXZZY": 0.018165489254053573,
    "IYYIYZZY": 0.018165489254053573,
    "YXIIXYII": 0.017225458359498395,
    "XXIIYYII": -0.017225458359498395,
    "XYIIYXII": 0.017225458359498395,
    "YYIIXXII": -0.017225458359498395,
    "YYXZZXII": 0.016588808507440315,
    "XYYZZXII": -0.016588808507440315,
    "YXXZZYII": -0.016588808507440315,
    "XXYZZYII": 0.016588808507440315,
    "YYIYYIII": 0.016588808507440312,
    "XXIXXIII": 0.016588808507440312,
    "XYIYXIII": 0.016588808507440312,
    "YXIXYIII": 0.016588808507440312,
    "IZIYZYII": 0.007928467090423393,
    "IZIXZXII": 0.007928467090423393,
    "ZIXZXIII": 0.007928467090423393,
    "ZIYZYIII": 0.007928467090423393,
    "IIIXZXIZ": 0.004235299776578657,
    "IIXZXIZI": 0.004235299776578657,
    "IIYZYIZI": 0.004235299776578657,
    "IIIYZYIZ": 0.004235299776578657,
    "IXZZZIZX": -0.002979463519388329,
    "YZZZIZYI": -0.002979463519388329,
    "XZZZIZXI": -0.002979463519388329,
    "IYZZZIZY": -0.002979463519388329,
    "IXZIZZZX": -0.0002956846602752798,
    "IYZIZZZY": -0.0002956846602752798,
    "XZIZZZXI": -0.0002956846602752798,
    "YZIZZZYI": -0.0002956846602752798,
    "IXZYIYZX": -0.0002426762884093648,
    "IYZXIXZY": -0.0002426762884093648,
    "XZYIYZXI": -0.0002426762884093648,
    "YZXIXZYI": -0.0002426762884093648
  },
  "data": {
    "molecule_id": "H2_singlet_Dooh",
    "qubit_encoding": "JW",
    "unit": "Angstrom",
    "basis": "3-21g",
    "charge": 0,
    "multiplicity": 1,
    "spin": 0,
    "geometry": "H 0.0000000000 0.0000000000 -0.5189800000\nH 0.0000000000 0.0000000000 1.2603800000",
    "n_qubits": 8,
    "n_particles": {
      "total": 2,
      "alpha": 1,
      "beta": 1
    },
    "hf_array": [
      1,
      1,
      0,
      0,
      0,
      0,
      0,
      0
    ],
    "hf_method": "pyscf.scf.hf_symm.SymAdaptedRHF",
    "convergence_threshold": 1e-06,
    "point_group": {
      "groupname": "Dooh",
      "topgroup": "Dooh"
    },
    "alpha": 2.4,
    "calculated_properties": {
      "HF": {
        "energy": -0.9422701847267226,
        "converged": true
      },
      "MP2": {
        "energy": -0.9814162768525746,
        "converged": false
      },
      "CISD": {
        "energy": -1.0234883390970122,
        "converged": true
      },