{
  "hamiltonian": {
    "IIIIIIII": 2.285037499462212,
    "IIIIIIZI": -0.9047254020045055,
    "IIIIIIIZ": -0.9047254020045055,
    "IIIIZIII": -0.887208367724843,
    "IIIIIZII": -0.887208367724843,
    "IIZIIIII": -0.33350668102816,
    "IIIZIIII": -0.33350668102816,
    "ZIIIIIII": -0.2814508505781661,
    "IZIIIIII": -0.2814508505781661,
    "IIIIZZII": 0.1322546657931496,
    "IIIIZIIZ": 0.12593360238004453,
    "IIIIIZZI": 0.12593360238004453,
    "IIIIIIZZ": 0.12158521408659961,
    "IZIIZIII": 0.11316283517039522,
    "ZIIIIZII": 0.11316283517039522,
    "IIIZZIII": 0.11271087892201845,
    "IIZIIZII": 0.11271087892201845,
    "IIZIIIIZ": 0.10869697278555301,
    "IIIZIIZI": 0.10869697278555301,
    "ZZIIIIII": 0.10770907555147949,
    "ZIIIIIIZ": 0.10749181333349364,
    "IZIIIIZI": 0.10749181333349364,
    "IIZZIIII": 0.10594544971386487,
    "ZIIZIIII": 0.10530851091975384,
    "IZZIIIII": 0.10530851091975384,
    "ZIIIZIII": 0.0949109878837035,
    "IZIIIZII": 0.0949109878837035,
    "IIIZIZII": 0.09120101385242621,
    "IIZIZIII": 0.09120101385242621,
    "ZIIIIIZI": 0.09103857961832462,
    "IZIIIIIZ": 0.09103857961832462,
    "IIIZIIIZ": 0.08852130851335051,
    "IIZIIIZI": 0.08852130851335051,
    "IIIIXXYY": -0.06462080085961161,
    "IIIIYXXY": 0.06462080085961161,
    "IIIIXYYX": 0.06462080085961161,
    "IIIIYYXX": -0.06462080085961161,
    "XZZZXIII": 0.06339325551860582,
    "IXZZZXII": 0.06339325551860582,
    "IYZZZYII": 0.06339325551860582,
    "YZZZYIII": 0.06339325551860582,
    "IZIZIIII": 0.06251270963023216,
    "ZIZIIIII": 0.06251270963023216,
    "IIXZZZXI": 0.06179700145234667,
    "IIYZZZYI": 0.06179700145234667,
    "IIIXZZZX": 0.061797001452346664,
    "IIIYZZZY": 0.061797001452346664,
    "IIIIIZIZ": 0.06131280152043293,
    "IIIIZIZI": 0.06131280152043293,
    "IXZXXZXI": 0.047989172094591824,
    "IXZXYZYI": 0.047989172094591824,
    "YZYIIXZX": 0.047989172094591824,
    "XZXIIYZY": 0.047989172094591824,
    "YZYIIYZY": 0.047989172094591824,
    "XZXIIXZX": 0.047989172094591824,
    "IYZYXZXI": 0.047989172094591824,
    "IYZYYZYI": 0.047989172094591824,
    "YXXYIIII": 0.04279580128952167,
    "YYXXIIII": -0.04279580128952167,
    "XYYXIIII": 0.04279580128952167,
    "XXYYIIII": -0.04279580128952167,
    "IIIXIZZX": -0.03463112964417534,
    "IIYZZIYI": -0.03463112964417534,
    "IIXZZIXI": -0.03463112964417534,
    "IIIYIZZY": -0.03463112964417534,
    "IIXZXXZX": 0.03286662630908413,
    "IIYZYYZY": 0.03286662630908413,
    "IIYZYXZX": 0.03286662630908413,
    "IIIYYXXI": -0.03286662630908413,
    "IIIYXXYI": 0.03286662630908413,
    "IIIXXYYI": -0.03286662630908413,
    "IIXZXYZY": 0.03286662630908413,
    "IIIXYYXI": 0.03286662630908413,
    "IIIYZZIY": -0.03157447573921114,
    "IIXZZZXZ": -0.03157447573921114,
    "IIYZZZYZ": -0.03157447573921114,
    "IIIXZZIX": -0.03157447573921114,
    "YZZZYZII": -0.03016563389138293,
    "XZZZXZII": -0.03016563389138293,
    "IXZZIXII": -0.03016563389138293,
    "IYZZIYII": -0.03016563389138293,
    "IXZXIYZY": 0.02994586129583745,
    "YZYIXZXI": 0.02994586129583745,
    "XZXIYZYI": 0.02994586129583745,
    "IYZYIXZX": 0.02994586129583745,
    "XZXIXZXI": 0.02956636060269687,
    "IYZYIYZY": 0.02956636060269687,
    "IXZXIXZX": 0.02956636060269687,
    "YZYIYZYI": 0.02956636060269687,
    "YZZZYIIZ": -0.02900952196871108,
    "IYZZZYZI": -0.02900952196871108,
    "IXZZZXZI": -0.02900952196871108,
    "XZZZXIIZ": -0.02900952196871108,
    "IXZZYIYX": -0.026131800179900393,
    "IYZZXIXY": -0.026131800179900393,
    "IYZZYIYY": -0.026131800179900393,
    "YZZZZYXX": -0.026131800179900393,
    "XZZZZXYY": -0.026131800179900393,
    "XZZZZYYX": 0.026131800179900393,
    "YZZZZXXY": 0.026131800179900393,
    "IXZZXIXX": -0.026131800179900393,
    "IIZXZZZX": -0.022789201512490843,
    "IIZYZZZY": -0.022789201512490843,
    "IIXIZZXI": -0.022789201512490843,
    "IIYIZZYI": -0.022789201512490843,
    "IZXZZZXI": -0.022599552520860818,
    "IZYZZZYI": -0.022599552520860818,
    "ZIIYZZZY": -0.022599552520860818,
    "ZIIXZZZX": -0.022599552520860818,
    "YZYYZYII": 0.022089282744251024,
    "YZYXZXII": 0.022089282744251024,
    "XZXYZYII": 0.022089282744251024,
    "XZXXZXII": 0.022089282744251024,
    "IXXYYIII": -0.022089282744251024,
    "IXYYXIII": 0.022089282744251024,
    "IYXXYIII": 0.022089282744251024,
    "IYYXXIII": -0.022089282744251024,
    "IIXXYYII": -0.021509865069592238,
    "IIYYXXII": -0.021509865069592238,
    "IIYXXYII": 0.021509865069592238,
    "IIXYYXII": 0.021509865069592238,
    "YZZIYIII": -0.020776062172643012,
    "IYIZZYII": -0.020776062172643012,
    "IXIZZXII": -0.020776062172643012,
    "XZZIXIII": -0.020776062172643012,
    "IIXYIIYX": 0.020175664272202513,
    "IIYXIIXY": 0.020175664272202513,
    "IIYYIIXX": -0.020175664272202513,
    "IIXXIIYY": -0.020175664272202513,
    "XZZYIYXI": -0.018422811491894946,
    "YZZYIYYI": -0.018422811491894946,
    "IYYIYZZY": -0.018422811491894946,
    "IYXIXZZY": -0.018422811491894946,
    "IXYIYZZX": -0.018422811491894946,
    "IXXIXZZX": -0.018422811491894946,
    "XZZXIXXI": -0.018422811491894946,
    "YZZXIXYI": -0.018422811491894946,
    "XXIIYYII": -0.018251847286691703,
    "YYIIXXII": -0.018251847286691703,
    "YXIIXYII": 0.018251847286691703,
    "XYIIYXII": 0.018251847286691703,
    "ZXZZZXII": -0.01812246514345211,
    "ZYZZZYII": -0.01812246514345211,
    "YIZZYIII": -0.01812246514345211,
    "XIZZXIII": -0.01812246514345211,
    "IXXIIYYI": -0.018043310798754368,
    "YZZYXZZX": -0.018043310798754368,
    "YZZXXZZY": 0.018043310798754368,
    "IYYIIXXI": -0.018043310798754368,
    "XZZYYZZX": 0.018043310798754368,
    "IXYIIYXI": 0.018043310798754368,
    "IYXIIXYI": 0.018043310798754368,
    "XZZXYZZY": -0.018043310798754368,
    "YYIIIIXX": -0.016453233715169005,
    "YXIIIIXY": 0.016453233715169005,
    "XXIIIIYY": -0.016453233715169005,
    "XYIIIIYX": 0.016453233715169005,
    "YYXZZZZX": -0.016236796402390154,
    "YXXZZZZY": 0.016236796402390154,
    "XYYZZZZX": 0.016236796402390154,
    "XXYZZZZY": -0.016236796402390154,
    "YYIYZZYI": -0.01623679640239015,
    "XYIYZZXI": -0.01623679640239015,
    "XXIXZZXI": -0.01623679640239015,
    "YXIXZZYI": -0.01623679640239015,
    "IZIYZZZY": -0.006362756118470667,
    "IZIXZZZX": -0.006362756118470667,
    "ZIXZZZXI": -0.006362756118470667,
    "ZIYZZZYI": -0.006362756118470667,
    "XZZZXIZI": -0.002877721788810686,
    "IYZZZYIZ": -0.002877721788810686,
    "IXZZZXIZ": -0.002877721788810686,
    "YZZZYIZI": -0.002877721788810686,
    "IIXZIZXI": -0.0017645033350912158,
    "IIIXZIZX": -0.0017645033350912158,
    "IIIYZIZY": -0.0017645033350912158,
    "IIYZIZYI": -0.0017645033350912158,
    "XZIZXIII": 0.0013132205716080095,
    "IYZIZYII": 0.0013132205716080095,
    "IXZIZXII": 0.0013132205716080095,
    "YZIZYIII": 0.0013132205716080095,
    "XZYIYZXI": -0.00037950069314057755,
    "YZXIXZYI": -0.00037950069314057755,
    "IYZXIXZY": -0.00037950069314057755,
    "IXZYIYZX": -0.00037950069314057755
  },
  "data": {
    "molecule_id": "H2_singlet_Dooh",
    "qubit_encoding": "JW",
    "unit": "Angstrom",
    "basis": "3-21g",
    "charge": 0,
    "multiplicity": 1,
    "spin": 0,
    "geometry": "H 0.0000000000 0.0000000000 -0.6301900000\nH 0.0000000000 0.0000000000 1.3715900000",
    "n_qubits": 8,
    "n_particles": {
      "total": 2,
      "alpha": 1,
      "beta": 1
    },
    "hf_array": [
      1,
      1,
      0,
      0,
      0,
      0,
      0,
      0
    ],
    "hf_method": "pyscf.scf.hf_symm.SymAdaptedRHF",
    "convergence_threshold": 1e-06,
    "point_group": {
      "groupname": "Dooh",
      "topgroup": "Dooh"
    },
    "alpha": 2.7,
    "calculated_properties": {
      "HF": {
        "energy": -0.9075450129155334,
        "converged": true
      },
      "MP2": {
        "energy": -0.955882530694455,
        "converged": false
      },
      "CISD": {
        "energy": -1.010016138998378,