{
  "hamiltonian": {
    "IIIIIIII": 2.2623874300572333,
    "IIIIIIZI": -0.9058480186023454,
    "IIIIIIIZ": -0.9058480186023454,
    "IIIIZIII": -0.8711492219125684,
    "IIIIIZII": -0.8711492219125684,
    "IIZIIIII": -0.32343184626325394,
    "IIIZIIII": -0.32343184626325394,
    "IZIIIIII": -0.27772427423446855,
    "ZIIIIIII": -0.27772427423446844,
    "IIIIZZII": 0.13042495179586674,
    "IIIIZIIZ": 0.12447851504391194,
    "IIIIIZZI": 0.12447851504391194,
    "IIIIIIZZ": 0.12035848656460602,
    "IIIZZIII": 0.11139204509458708,
    "IIZIIZII": 0.11139204509458708,
    "IZIIZIII": 0.11080962774958297,
    "ZIIIIZII": 0.11080962774958297,
    "IIZIIIIZ": 0.10749390418240977,
    "IIIZIIZI": 0.10749390418240977,
    "ZIIIIIIZ": 0.1054961818581596,
    "IZIIIIZI": 0.1054961818581596,
    "IIZZIIII": 0.10476126000669253,
    "ZZIIIIII": 0.1047380026430435,
    "ZIIZIIII": 0.10358897578790886,
    "IZZIIIII": 0.10358897578790886,
    "ZIIIZIII": 0.09253587548558029,
    "IZIIIZII": 0.09253587548558029,
    "IIIZIZII": 0.089636488651105,
    "IIZIZIII": 0.089636488651105,
    "ZIIIIIZI": 0.0892836829504908,
    "IZIIIIIZ": 0.0892836829504908,
    "IIIZIIIZ": 0.08766678581105615,
    "IIZIIIZI": 0.08766678581105615,
    "IIIIXXYY": -0.06624898890993003,
    "IIIIYXXY": 0.06624898890993003,
    "IIIIXYYX": 0.06624898890993003,
    "IIIIYYXX": -0.06624898890993003,
    "XZZZXIII": 0.06282334539235462,
    "YZZZYIII": 0.06282334539235462,
    "IXZZZXII": 0.06282334539235462,
    "IYZZZYII": 0.06282334539235462,
    "IIIXZZZX": 0.061304119751656234,
    "IIIYZZZY": 0.061304119751656234,
    "IIXZZZXI": 0.061304119751656234,
    "IIYZZZYI": 0.061304119751656234,
    "IZIZIIII": 0.05926772012455757,
    "ZIZIIIII": 0.05926772012455757,
    "IIIIIZIZ": 0.05822952613398191,
    "IIIIZIZI": 0.05822952613398191,
    "YZYIIYZY": 0.04953082683685677,
    "IYZYXZXI": 0.04953082683685677,
    "IXZXYZYI": 0.04953082683685677,
    "XZXIIXZX": 0.04953082683685677,
    "XZXIIYZY": 0.04953082683685677,
    "YZYIIXZX": 0.04953082683685677,
    "IYZYYZYI": 0.04953082683685677,
    "IXZXXZXI": 0.04953082683685677,
    "XXYYIIII": -0.0443212556633513,
    "XYYXIIII": 0.0443212556633513,
    "YXXYIIII": 0.0443212556633513,
    "YYXXIIII": -0.0443212556633513,
    "IIIYIZZY": -0.03402321218184101,
    "IIIXIZZX": -0.03402321218184101,
    "IIXZZIXI": -0.03402321218184101,
    "IIYZZIYI": -0.03402321218184101,
    "IIYZYYZY": 0.03350520955722192,
    "IIIXYYXI": 0.03350520955722192,
    "IIIXXYYI": -0.03350520955722192,
    "IIIYYXXI": -0.03350520955722192,
    "IIXZXXZX": 0.03350520955722192,
    "IIXZXYZY": 0.03350520955722192,
    "IIYZYXZX": 0.03350520955722192,
    "IIIYXXYI": 0.03350520955722192,
    "IXZXIYZY": 0.0314494885053912,
    "IYZYIXZX": 0.0314494885053912,
    "XZXIYZYI": 0.0314494885053912,
    "YZYIXZXI": 0.0314494885053912,
    "IIYZZZYZ": -0.031259307126455034,
    "IIIXZZIX": -0.031259307126455034,
    "IIIYZZIY": -0.031259307126455034,
    "IIXZZZXZ": -0.031259307126455034,
    "IXZXIXZX": 0.031120718456613874,
    "YZYIYZYI": 0.031120718456613874,
    "XZXIXZXI": 0.031120718456613874,
    "IYZYIYZY": 0.031120718456613874,
    "YZZZYZII": -0.030034920405476378,
    "XZZZXZII": -0.030034920405476378,
    "IYZZIYII": -0.030034920405476378,
    "IXZZIXII": -0.030034920405476378,
    "YZZZYIIZ": -0.028978553681794753,
    "XZZZXIIZ": -0.028978553681794753,
    "IXZZZXZI": -0.028978553681794753,
    "IYZZZYZI": -0.028978553681794753,
    "IXZZXIXX": -0.02610740946521952,
    "IXZZYIYX": -0.02610740946521952,
    "IYZZXIXY": -0.02610740946521952,
    "IYZZYIYY": -0.02610740946521952,
    "XZZZZXYY": -0.02610740946521952,
    "YZZZZXXY": 0.02610740946521952,
    "YZZZZYXX": -0.02610740946521952,
    "XZZZZYYX": 0.02610740946521952,
    "IXXYYIII": -0.022646524685067143,
    "IXYYXIII": 0.022646524685067143,
    "IYYXXIII": -0.022646524685067143,
    "YZYXZXII": 0.022646524685067143,
    "XZXYZYII": 0.022646524685067143,
    "XZXXZXII": 0.022646524685067143,
    "IYXXYIII": 0.022646524685067143,
    "YZYYZYII": 0.022646524685067143,
    "IIZYZZZY": -0.02253586735418145,
    "IIXIZZXI": -0.02253586735418145,
    "IIYIZZYI": -0.02253586735418145,
    "IIZXZZZX": -0.02253586735418145,
    "IIXXYYII": -0.021755556443482076,
    "IIXYYXII": 0.021755556443482076,
    "IIYXXYII": 0.021755556443482076,
    "IIYYXXII": -0.021755556443482076,
    "IZYZZZYI": -0.021601818100622353,
    "ZIIXZZZX": -0.021601818100622353,
    "ZIIYZZZY": -0.021601818100622353,
    "IZXZZZXI": -0.021601818100622353,
    "XZZIXIII": -0.02074750505881009,
    "YZZIYIII": -0.02074750505881009,
    "IYIZZYII": -0.02074750505881009,
    "IXIZZXII": -0.02074750505881009,
    "IIYYIIXX": -0.019827118371353626,
    "IIYXIIXY": 0.019827118371353626,
    "IIXYIIYX": 0.019827118371353626,
    "IIXXIIYY": -0.019827118371353626,
    "IXYIYZZX": -0.0184101083802429,
    "IXXIXZZX": -0.0184101083802429,
    "XZZXIXXI": -0.0184101083802429,
    "YZZXIXYI": -0.0184101083802429,
    "YZZYIYYI": -0.0184101083802429,
    "XZZYIYXI": -0.0184101083802429,
    "IYYIYZZY": -0.0184101083802429,
    "IYXIXZZY": -0.0184101083802429,
    "YXIIXYII": 0.018273752264002685,
    "YYIIXXII": -0.018273752264002685,
    "XYIIYXII": 0.018273752264002685,
    "XXIIYYII": -0.018273752264002685,
    "XZZYYZZX": 0.01808133833146557,
    "IXXIIYYI": -0.01808133833146557,
    "IXYIIYXI": 0.01808133833146557,
    "YZZXXZZY": 0.01808133833146557,
    "YZZYXZZX": -0.01808133833146557,
    "IYXIIXYI": 0.01808133833146557,
    "IYYIIXXI": -0.01808133833146557,
    "XZZXYZZY": -0.01808133833146557,
    "YIZZYIII": -0.017909759366241836,
    "ZXZZZXII": -0.017909759366241836,
    "ZYZZZYII": -0.017909759366241836,
    "XIZZXIII": -0.017909759366241836,
    "XXIIIIYY": -0.016212498907668793,
    "XYIIIIYX": 0.016212498907668793,
    "YYIIIIXX": -0.016212498907668793,
    "YXIIIIXY": 0.016212498907668793,
    "YYIYZZYI": -0.01617136674585204,
    "YXIXZZYI": -0.01617136674585204,
    "XXYZZZZY": -0.01617136674585204,
    "XXIXZZXI": -0.01617136674585204,
    "YYXZZZZX": -0.01617136674585204,
    "YXXZZZZY": 0.01617136674585204,
    "XYYZZZZX": 0.01617136674585204,
    "XYIYZZXI": -0.01617136674585204,
    "IZIYZZZY": -0.005430451354770314,
    "ZIYZZZYI": -0.005430451354770314,
    "IZIXZZZX": -0.005430451354770314,
    "ZIXZZZXI": -0.005430451354770314,
    "XZZZXIZI": -0.002871144216575229,
    "YZZZYIZI": -0.002871144216575229,
    "IYZZZYIZ": -0.002871144216575229,
    "IXZZZXIZ": -0.002871144216575229,
    "XZIZXIII": 0.0018990196262570515,
    "IXZIZXII": 0.0018990196262570515,
    "IYZIZYII": 0.0018990196262570515,
    "YZIZYIII": 0.0018990196262570515,
    "IIXZIZXI": -0.0005180026246190891,
    "IIIXZIZX": -0.0005180026246190891,
    "IIIYZIZY": -0.0005180026246190891,
    "IIYZIZYI": -0.0005180026246190891,
    "XZYIYZXI": -0.000328770048777325,
    "YZXIXZYI": -0.000328770048777325,
    "IXZYIYZX": -0.000328770048777325,
    "IYZXIXZY": -0.000328770048777325
  },
  "data": {
    "molecule_id": "H2_singlet_Dooh",
    "qubit_encoding": "JW",
    "unit": "Angstrom",
    "basis": "3-21g",
    "charge": 0,
    "multiplicity": 1,
    "spin": 0,
    "geometry": "H 0.0000000000 0.0000000000 -0.7043300000\nH 0.0000000000 0.0000000000 1.4457300000",
    "n_qubits": 8,
    "n_particles": {
      "total": 2,
      "alpha": 1,
      "beta": 1
    },
    "hf_array": [
      1,
      1,
      0,
      0,
      0,
      0,
      0,
      0
    ],
    "hf_method": "pyscf.scf.hf_symm.SymAdaptedRHF",
    "convergence_threshold": 1e-06,
    "point_group": {
      "groupname": "Dooh",
      "topgroup": "Dooh"
    },
    "alpha": 2.9,
    "calculated_properties": {
      "HF": {
        "energy": -0.8869090920984126,
        "converged": true
      },
      "MP2": {
        "energy": -0.942445149712461,
        "converged": false
      },
      "CISD": {
        "energy": -1.0041567024192908,
        "converged": true
      },