{
  "hamiltonian": {
    "IIIIIIII": 2.25131978092394,
    "IIIIIIZI": -0.9055537732424979,
    "IIIIIIIZ": -0.9055537732424979,
    "IIIIZIII": -0.8639736612236574,
    "IIIIIZII": -0.8639736612236574,
    "IIZIIIII": -0.31864597007695955,
    "IIIZIIII": -0.31864597007695955,
    "ZIIIIIII": -0.2758828278022394,
    "IZIIIIII": -0.2758828278022394,
    "IIIIZZII": 0.12943779986828302,
    "IIIIZIIZ": 0.12379766100635661,
    "IIIIIZZI": 0.12379766100635661,
    "IIIIIIZZ": 0.11987432804978662,
    "IIIZZIII": 0.11065862226075351,
    "IIZIIZII": 0.11065862226075351,
    "IZIIZIII": 0.10968113463965017,
    "ZIIIIZII": 0.10968113463965017,
    "IIZIIIIZ": 0.10691512638011176,
    "IIIZIIZI": 0.10691512638011176,
    "ZIIIIIIZ": 0.10466074963695984,
    "IZIIIIZI": 0.10466074963695984,
    "IIZZIIII": 0.10412381963164657,
    "ZZIIIIII": 0.10340263233695246,
    "ZIIZIIII": 0.10275610308571924,
    "IZZIIIII": 0.10275610308571924,
    "ZIIIZIII": 0.0913900008227992,
    "IZIIIZII": 0.0913900008227992,
    "IIIZIZII": 0.08887183672224881,
    "IIZIZIII": 0.08887183672224881,
    "ZIIIIIZI": 0.08850346577689698,
    "IZIIIIIZ": 0.08850346577689698,
    "IIIZIIIZ": 0.08723846975306217,
    "IIZIIIZI": 0.08723846975306217,
    "IIIIXXYY": -0.06703496894521778,
    "IIIIYXXY": 0.06703496894521778,
    "IIIIXYYX": 0.06703496894521778,
    "IIIIYYXX": -0.06703496894521778,
    "XZZZXIII": 0.0626443550989362,
    "IXZZZXII": 0.0626443550989362,
    "IYZZZYII": 0.0626443550989362,
    "YZZZYIII": 0.0626443550989362,
    "IIXZZZXI": 0.06106802007575986,
    "IIYZZZYI": 0.06106802007575986,
    "IIIXZZZX": 0.06106802007575986,
    "IIIYZZZY": 0.06106802007575986,
    "IZIZIIII": 0.05770018874228948,
    "ZIZIIIII": 0.05770018874228948,
    "IIIIIZIZ": 0.05676269206113884,
    "IIIIZIZI": 0.05676269206113884,
    "YZYIIYZY": 0.05027610890662043,
    "YZYIIXZX": 0.05027610890662043,
    "XZXIIXZX": 0.05027610890662043,
    "XZXIIYZY": 0.05027610890662043,
    "IXZXYZYI": 0.05027610890662043,
    "IYZYXZXI": 0.05027610890662043,
    "IXZXXZXI": 0.05027610890662043,
    "IYZYYZYI": 0.05027610890662043,
    "XXYYIIII": -0.04505591434342975,
    "YXXYIIII": 0.04505591434342975,
    "XYYXIIII": 0.04505591434342975,
    "YYXXIIII": -0.04505591434342975,
    "IIXZZIXI": -0.03371301979116329,
    "IIIYIZZY": -0.03371301979116329,
    "IIIXIZZX": -0.03371301979116329,
    "IIYZZIYI": -0.03371301979116329,
    "IIYZYYZY": 0.03370172552406762,
    "IIYZYXZX": 0.03370172552406762,
    "IIXZXYZY": 0.03370172552406762,
    "IIXZXXZX": 0.03370172552406762,
    "IIIXXYYI": -0.03370172552406762,
    "IIIXYYXI": 0.03370172552406762,
    "IIIYXXYI": 0.03370172552406762,
    "IIIYYXXI": -0.03370172552406762,
    "IXZXIYZY": 0.032157239845703206,
    "IYZYIXZX": 0.032157239845703206,
    "XZXIYZYI": 0.032157239845703206,
    "YZYIXZXI": 0.032157239845703206,
    "IYZYIYZY": 0.0318699716118907,
    "IXZXIXZX": 0.0318699716118907,
    "XZXIXZXI": 0.0318699716118907,
    "YZYIYZYI": 0.0318699716118907,
    "IIIYZZIY": -0.031147003815438404,
    "IIIXZZIX": -0.031147003815438404,
    "IIYZZZYZ": -0.031147003815438404,
    "IIXZZZXZ": -0.031147003815438404,
    "IXZZIXII": -0.03000310034057479,
    "YZZZYZII": -0.03000310034057479,
    "XZZZXZII": -0.03000310034057479,
    "IYZZIYII": -0.03000310034057479,
    "IYZZZYZI": -0.0290141776190818,
    "YZZZYIIZ": -0.0290141776190818,
    "XZZZXIIZ": -0.0290141776190818,
    "IXZZZXZI": -0.0290141776190818,
    "IXZZYIYX": -0.026154777817480428,
    "IYZZXIXY": -0.026154777817480428,
    "XZZZZXYY": -0.026154777817480428,
    "IYZZYIYY": -0.026154777817480428,
    "YZZZZXXY": 0.026154777817480428,
    "YZZZZYXX": -0.026154777817480428,
    "IXZZXIXX": -0.026154777817480428,
    "XZZZZYYX": 0.026154777817480428,
    "IXXYYIII": -0.022814455739696923,
    "IXYYXIII": 0.022814455739696923,
    "IYYXXIII": -0.022814455739696923,
    "YZYXZXII": 0.022814455739696923,
    "XZXYZYII": 0.022814455739696923,
    "XZXXZXII": 0.022814455739696923,
    "IYXXYIII": 0.022814455739696923,
    "YZYYZYII": 0.022814455739696923,
    "IIZYZZZY": -0.02238581023153343,
    "IIXIZZXI": -0.02238581023153343,
    "IIYIZZYI": -0.02238581023153343,
    "IIZXZZZX": -0.02238581023153343,
    "IIXXYYII": -0.0217867855385047,
    "IIXYYXII": 0.0217867855385047,
    "IIYXXYII": 0.0217867855385047,
    "IIYYXXII": -0.0217867855385047,
    "IZYZZZYI": -0.02118742437214739,
    "ZIIXZZZX": -0.02118742437214739,
    "ZIIYZZZY": -0.02118742437214739,
    "IZXZZZXI": -0.02118742437214739,
    "XZZIXIII": -0.020735903232535675,
    "YZZIYIII": -0.020735903232535675,
    "IYIZZYII": -0.020735903232535675,
    "IXIZZXII": -0.020735903232535675,
    "IIYYIIXX": -0.019676656627049597,
    "IIYXIIXY": 0.019676656627049597,
    "IIXYIIYX": 0.019676656627049597,
    "IIXXIIYY": -0.019676656627049597,
    "IXYIYZZX": -0.01840613729472973,
    "IXXIXZZX": -0.01840613729472973,
    "XZZXIXXI": -0.01840613729472973,
    "YZZXIXYI": -0.01840613729472973,
    "YZZYIYYI": -0.01840613729472973,
    "XZZYIYXI": -0.01840613729472973,
    "IYYIYZZY": -0.01840613729472973,
    "IYXIXZZY": -0.01840613729472973,
    "YXIIXYII": 0.018291133816850966,
    "YYIIXXII": -0.018291133816850966,
    "XYIIYXII": 0.018291133816850966,
    "XXIIYYII": -0.018291133816850966,
    "XZZYYZZX": 0.018118869060917225,
    "IXXIIYYI": -0.018118869060917225,
    "IXYIIYXI": 0.018118869060917225,
    "YZZXXZZY": 0.018118869060917225,
    "YZZYXZZX": -0.018118869060917225,
    "IYXIIXYI": 0.018118869060917225,
    "XZZXYZZY": -0.018118869060917225,
    "IYYIIXXI": -0.018118869060917225,
    "YIZZYIII": -0.017889674244259808,
    "ZXZZZXII": -0.017889674244259808,
    "ZYZZZYII": -0.017889674244259808,
    "XIZZXIII": -0.017889674244259808,
    "YYIYZZYI": -0.016185740774106512,
    "YXIXZZYI": -0.016185740774106512,
    "XYIYZZXI": -0.016185740774106512,
    "XXYZZZZY": -0.016185740774106512,
    "XXIXZZXI": -0.016185740774106512,
    "YYXZZZZX": -0.016185740774106512,
    "YXXZZZZY": 0.016185740774106512,
    "XYYZZZZX": 0.016185740774106512,
    "YYIIIIXX": -0.01615728386006285,
    "XYIIIIYX": 0.01615728386006285,
    "XXIIIIYY": -0.01615728386006285,
    "YXIIIIXY": 0.01615728386006285,
    "IZIYZZZY": -0.00500168359804088,
    "ZIYZZZYI": -0.00500168359804088,
    "IZIXZZZX": -0.00500168359804088,
    "ZIXZZZXI": -0.00500168359804088,
    "XZZZXIZI": -0.0028593998016013707,
    "YZZZYIZI": -0.0028593998016013707,
    "IYZZZYIZ": -0.0028593998016013707,
    "IXZZZXIZ": -0.0028593998016013707,
    "XZIZXIII": 0.002078552507161246,
    "IXZIZXII": 0.002078552507161246,
    "IYZIZYII": 0.002078552507161246,
    "YZIZYIII": 0.002078552507161246,
    "XZYIYZXI": -0.0002872682338125043,
    "YZXIXZYI": -0.0002872682338125043,
    "IXZYIYZX": -0.0002872682338125043,
    "IYZXIXZY": -0.0002872682338125043,
    "IIXZIZXI": -1.1294267095677407e-05,
    "IIIXZIZX": -1.1294267095677407e-05,
    "IIIYZIZY": -1.1294267095677407e-05,
    "IIYZIZYI": -1.1294267095677407e-05
  },
  "data": {
    "molecule_id": "H2_singlet_Dooh",
    "qubit_encoding": "JW",
    "unit": "Angstrom",
    "basis": "3-21g",
    "charge": 0,
    "multiplicity": 1,
    "spin": 0,
    "geometry": "H 0.0000000000 0.0000000000 -0.7414000000\nH 0.0000000000 0.0000000000 1.4828000000",
    "n_qubits": 8,
    "n_particles": {
      "total": 2,
      "alpha": 1,
      "beta": 1
    },
    "hf_array": [
      1,
      1,
      0,
      0,
      0,
      0,
      0,
      0
    ],
    "hf_method": "pyscf.scf.hf_symm.SymAdaptedRHF",
    "convergence_threshold": 1e-06,
    "point_group": {
      "groupname": "Dooh",
      "topgroup": "Dooh"
    },
    "alpha": 3.0,
    "calculated_properties": {
      "HF": {
        "energy": -0.8773172617124299,
        "converged": true
      },
      "MP2": {
        "energy": -0.9367843459194817,
        "converged": false
      },
      "CISD": {
        "energy": -1.0019491378915293,
        "converged": true
      },